faq_id,question_date,atomic_id,question,answer,category
22911,2010-01-01,22911_A01,《中國圖書分類法》增訂版本的分類表可在何處檢獲？,本館已公布於【國家圖書館編目園地全球資訊網（http://catweb.ncl.edu.tw/）】上，分刊載於【中文編目規範標準／增訂中國圖書分類法】項下。,其他
22911,2010-01-01,22911_A02,《中國圖書分類法》修訂版本的分類表可在何處檢獲？,本館已公布於【國家圖書館編目園地全球資訊網（http://catweb.ncl.edu.tw/）】上，分刊載於【中文編目規範標準／中國圖書分類法新增類目及類號】項下。,其他
22912,2010-01-01,22912_A01,原為一種資料類型的文獻，後來改為另一種資料類型，已入藏同一種文獻是否需改變「館藏地」註記？,為管理上（主要是典藏及出納）方便起見，通常會採集中典藏方式，將同一題名但後改發行為另一種資料類型的文獻集中一處，此時自需改變「館藏地」註記，以反映實際情況。,其他
22912,2010-01-01,22912_A02,針對具有兩種類型的同一文獻，應採集中典藏方式，還是採分散典藏方式？,為求典藏及出納方便起見，建議可另建一筆新的書目記錄，註明該刊先前發行狀況，同時將原來之書目記錄刪除，唯將原書目中之館藏記錄及館藏註記移至新的書目記錄，以畢其功於一役。,編目法
22913,2010-01-01,22913_A01,《中國編目規則 第三版》是否可公布於「國家圖書館編目園地」網頁上線檢閱？,《中國編目規則 第三版》，係中華民國圖書館學會編印出版，發售本，定價為NT$300。因此，本館無法公布上網，以便線上檢閱。,其他
22913,2010-01-01,22913_A02,《中文主題詞表 2005年修訂版》是否可公布於「國家圖書館編目園地」網頁上線檢閱？,《中文主題詞表 2005年修訂版》，係國家圖書館編印出版，定價NT$500。本詞表已建有PDF檔，至於是否公布上網，目前尚在規劃中。,其他
22914,2010-01-01,22914_A01,圖書館在訂定契約書時，應如何訂定控管編目品質的條文？,針對本提問，擬提出建議條款如下，用供 臺端卓參。惟下述建議條款中如有涉及數據部分，概係『示例』敘述，並非『定量』敘述，請 貴館斟酌自身需求及條件然後訂定之，勿拘泥以下之數據，並認為不可加以調整。 1 訂定編目成品錯誤率認定標準（或文獻編目品質檢查標準）、抽查方法、罰則及改進辦法，作為編目品質檢查的依據。 2 編目成品錯誤之認定標的，主要以著錄項目（或機讀編目格式欄位）、書目資料及其他有關作業內容為主。範圍涉及記述編目、主題編目、權威控制、權威紀錄、機讀編目格式、書目整檔、目錄組織、資料加工、資料整併等作業及其所產生之書目與卡片、書標等。 3 編目成品之錯誤，主要包括建檔時字符鍵入錯誤（包括錯字、別字、脫字、衍字、字碼選錯等），編目作業著錄、標引的錯誤，以及與編目相關作業之錯誤而言。後二者錯誤之具體內容，包括記述編目錯誤（內容項目缺漏，欄位或分欄輸入錯誤，以及著者號、館藏區別號、年代部冊號、複本號錯誤等）、主題編目錯誤（分類號、標題或主題錯誤）、權威控制錯誤、權威紀錄錯誤、書目紀錄連結錯誤、書命紀錄整併錯誤、重複編目等。 4 編目成品之抽查，以單項作業項目為準，每月由機關就該項作業總筆數中抽查之，然後記錄其錯誤情形。 5 編目成品之錯誤率以書目紀錄之分欄為計量單位。凡同一筆書目紀錄中錯一分欄者，列計為一分，同一筆錯誤達五分者，則該筆即視為錯誤。 6 訂定成品錯誤率的抽查方式與錯誤率，例如錯誤率為百分之三，即設有一百筆書目紀錄當中，其錯誤率不得超過三筆。如經抽查綜合評分後，當月廠商該項作業之錯誤率達百分之三，即依當月該作業項目價款千分之十科罰之。 7 外包作業人員每人每月編目作業，其錯誤率亦不得超過該員當月作業總筆數的百分之三。如同一人超過百分之三，承包廠商須負再訓練之責，並以十個工作日為限，要求該員剋期改進。 8 同一作業人員錯誤率改進以兩次為限，若仍無法降低錯誤率至機關規定之比率（例如百分之三）者，則機關可提出更換適當人員之要求，承包廠商必須於十個工作日內遞補適當之其他編目人員。遞補人員之資格，必須符合契約書或招標規範之相關規定。 以上『條文6』，係針對外包廠商所為之科罰；『條文7』及『條文8』則係針對特定個人（即外包編目作業人員）促其改進作業之辦法，二者對象及處理方式並不相同，請特別注意之。,編目政策與管理
22915,2010-01-01,22915_A01,DVD-ROM國圖是否有統一的中譯名稱？,DVD-ROM一詞，通常譯為數位影音光碟（唯讀記憶體），本館因非譯名之權責機關，故並無統一的中譯名稱。,其他
22916,2010-01-01,22916_A01,「分置式目錄」是否等同於「分立式目錄」？,不知臺端所提之『分置式目錄』是否就是『分立式目錄』？若確是，僅就本人所知簡述如下,其他
22916,2010-01-01,22916_A02,什麼是「分立式目錄」？,傳統圖書館目錄常依款目之性質分為題名目錄（書名目錄）、著者目錄（作者目錄）、主題目錄（標題目錄）及分類目錄4種。其中，前3種基本上都是依字詞為準加以組織的，惟組織時有兩種方式：一為分立式目錄，另一為混合式目錄。前者係將題名目錄（書名目錄）、著者目錄（作者目錄）、主題目錄（標題目錄）三者分別加以組織，並分別設目錄屝以庋藏之；後者則將三種目錄混合編排，並依某一特定之檢字方式（例如筆畫、音序、號碼等）組織之，因其編排方式類似於一般字典，故又稱字典式目錄。,編目法
22917,2010-01-01,22917_A01,原來6個分別獨立不同屬性單位的圖書館（室），有幾個分別位於不同地方（其他縣市），其中只有一個單位進行正規的編目作業，其餘的並無正式的編目人員，部分館室請義工簡編，部分館室由職員自建清單式Excel檔。今擬共同使用一個書目資料庫（即同一筆書目紀錄下分別掛館藏），是否可行？,答案應是肯定的。,編目政策與管理
22917,2010-01-01,22917_A02,進行書目整合之際及其往後的維護作業，須注意哪些地方？,須注意資料格式轉換與標準化，例如需使用符合ISO 2709格式的系統進行處理。,機讀編目格式
22917,2010-01-01,22917_A03,國內是否有相同案例可資參考指引？,本人並不了解具體案例，惟據知寶慶公司研發之天梭編目系統，具有將文字檔或Excel檔之編目紀錄轉成符合ISO 2709格式的功能，請貴館或可向該公司或相關民間企業諮詢。,其他
22918,2010-01-01,22918_A01,條碼的貼法位置是什麼？,因橫排本（左揭書）及直排本（右揭書）而有不同黏貼的位置。本館通常是，橫排本貼於封面左上角靠近書背的右側；直排本貼於封底左上角也是靠近書背的右側。但在此特別指出的是，黏貼條碼時應注意應避免遮掉文字。,編目政策與管理
22918,2010-01-01,22918_A02,書標的貼法位置是什麼？,通常黏貼於書背下端距書緣3公分，本館之做法為2.5公分。,編目政策與管理
22919,2010-01-01,22919_A01,「書目的書目」的意義為何？,書目的書目係指收錄各種書目、索引等二次文獻的目錄，又稱書目指南或書目總錄，是一種典型的三次文獻。其意義在於收錄對象為目錄書，可視為目錄書的書名清單，作為查檢各種目錄書的工具。,編目法
22919,2010-01-01,22919_A02,「書目的書目」有哪些歷史編纂例子？,"歷史編纂例子包括周星詔之《書目考》、周貞亮與李之鼎之《書目舉要》、邵瑞彭與閻樹善之《書目長編》，以及現代梁子涵編之《中國歷代書目總錄》（收錄1,600多種目錄書）。",編目法
22920,2010-01-01,22920_A01,期刊之CODEN號該去何處查獲？,請進入google搜尋網站（http://www.google.com.tw）首頁，在搜尋框內鍵入『CODEN』，後再按搜尋按鈕，即可查到International CODEN service網頁。進入該網頁，或可提供您所需之資料。,其他
22921,2010-01-01,22921_A01,圖書館分編工作採外包方式時，雙方簽約應注意之事項為何？,僅就個人所知，針對分編工作採外包方式，簽約時應注意之事項，簡述如下： 1 契約必載事項： 1.1 契約書必須載明『契約標的、作業期限、交貨與驗收、作業費用與付款方式、罰則、得標廠商（乙方）人員資格及管理、履約保證金』等事項。 1.2 除上述必載項目外，有關契約之履約、違約、爭議等問題以及著作權之聲明，亦須在契約書載明之。訂約時，可就『著作權聲明、契約範圍、適用法律、管轄範圍、契約收執』等事項，加以規範。 2 書寫注意事項： 2.1 訂約時，雙方可簡稱為『甲』『乙』方。通常訂約圖書館（本館）為甲方，得標廠商為乙方。 2.2 第一次提及『年月日』時，其前註明『民國』或『中華民國』字樣；第二次及其後提及，可省略之。 2.3 書寫金額時，請以中文大寫數字書寫，末尾加一『整』或『正』字，其前註明『新臺幣』字樣。 3 不必記載事項： 3.1 有關『公司必備條件』事項，因係簽約前參加招標必備之條件，故簽約時公司已是合格廠商，故契約書自無須註明。 3.2 有關『編目規範工具』及『書目著錄要求』事項，牽涉到編目作業細節問題，不必規定於契約書內，以免過於瑣碎，可另規定於『作業規格需求書』或『招標規範』中。 4 文書認證事項：雙方所訂之契約書，最好應請律師過目，俾使內容文字及格式符合法律文書之要求；必要時可請律師認證或向地方法院公證處聲請公證，以確保契約履行之效力。,編目政策與管理
22922,2010-01-01,22922_A01,"是否有以xml或txt, excel, xls格式建置之表格檔可供下載？","非常抱歉，目前電子網路上《中國圖書分類法》只提供pdf和word格式，並無xml或txt, excel, xls等格式提供下載。",其他
22923,2010-01-01,22923_A01,國圖編目工作是否為外包？,近些年來由於臺灣地區出版事業的蓬勃發展，另方面也由於本館採訪徵集量年有所增，顯已超出國家圖書館目前編目人力之負荷，故本館基於迅速提供讀者文獻服務，特將其中一部分之文獻編目作業，委由編目外包公司處理。,編目政策與管理
22923,2010-01-01,22923_A02,徐四金的著者號為何是『4448』？,非常抱歉！由於 臺端未註明作者取號所使用之編目規範工具為何？故無法知曉徐四金的著者號為何是『4448』。臺端如願意提供更詳細的訊息，個人樂於解惑釋疑。,作者號及輔助區分號
22924,2010-01-01,22924_A01,文獻內容語文為英文，但書名為中文時，應依何種語文編目規則著錄？,本館已編訂「國家圖書館書目記錄編目語文認定原則」，提供編目業務參考。請上網連線至「國家圖書館編目園地全球資訊網」（http://catweb.ncl.edu.tw）之「編目規範標準／國內／其他／國家圖書館編目規範解釋及分編要點／國家圖書館書目記錄編目語文認定原則」參閱。,編目政策與管理
22925,2010-01-01,22925_A01,一個稱職的圖書館編目人員，應具備那些基本素養？,1 專業背景：應具備圖書資訊學、文獻學、編目知能、文獻檢索、利用工具書、利用電腦及網路等專業知能。另外，最好略具各科基本知識。 2 語文能力：大部分文獻是用文字以紀錄其知識的，故只有在具備某種語文能力基礎上，才具有某種語文編目之能力。建議除具備本國語文能力外，最好能略通一二種外國語文，以備文獻分編實務之需。 3 專攻領域：除圖書館學專業外，最好再專攻諸如人文學（或文史哲學）、社會科學、自然科學、應用科學等學科群下之某一專科知識領域，如此或可形成某一專科文獻學，對於文獻分編工作自然有很大的助益。 4 人格特質：除具備一般職業倫理外，尤其特別要求『四心』：細心、耐心、熱心、愛心。另外，最好具備知識探索的精神。,編目政策與管理
22926,2010-01-01,22926_A01,圖書館編目工作包含哪些內容？,主要包括記述編目（又稱描述編目、文獻著錄）、主題編目（又稱文獻標引，包括分類標引及主題標引）、權威控制、目錄組織（包括目錄維護）、圖書加工（又稱技術加工、輔助加工）、目錄改編（又稱圖書改編）等環節。,編目政策與管理
22926,2010-01-01,22926_A02,圖書館編目工作是否有文獻可提供參考查閱？,建議請查閱編目相關文獻。,編目政策與管理
22927,2010-01-01,22927_A01,像《iRead全民英檢初級仿真試題解析》（晨曦版）第一回光碟（另附iRead閱讀器）這種類型的文獻，應如何編目？,貴館最近入藏之《iRead全民英檢初級仿真試題解析》（晨曦版）第一回光碟（另附iRead閱讀器），係屬於電子資源大家族中的一個成員，其編目規範可適用《中國編目規則》（第3版）『第13章 電子資源』相關條文。,編目法
22928,2010-01-01,22928_A01,視聽資料中外文的界定原則為何？,"視聽資料的語文界定原則與圖書資料大致相同，不過因資料的結構不同，其認定方式稍有差異，茲說明如下： 1 依據『國家圖書館書目紀錄編目語文認定原則』（90年5月28日修訂，93年7月28日第一次修正，http://catweb.ncl.edu.tw/2-1-13-7.htm）為視聽資料及語文學習作品之編目語文認定規範。茲條列其中與視聽資料有關者： 1.1 視聽資料作品內容包含發音及字幕。 1.2 純畫面錄影資料及無曲目之錄音資料(如默劇、大自然或人為聲音、舞蹈表演等) 比照上列1之原則，如下表中英並列""欄2、欄3、欄4所列內容認定之。",編目法
22928,2010-01-01,22928_A02,演奏性質的純音樂該歸為中文或外文？,純演奏錄音資料作品內容按以下原則判斷語文： 3.1 中國國樂（含民族音樂）及中文流行音樂作品內容視為中文。 3.2 外國古典音樂、民族音樂及流行音樂之作品內容視為西文（日、韓文除外）。 3.3 無法決定者，再依曲目文字判斷之。,其他
22929,2010-01-01,22929_A01,特藏的定義是什麼？,特藏是一種專門藏書。它們是為了收集、保存和利用某一形式的文獻（如縮微資料、聲像資料、線裝古籍、專利文獻、學位論文等）、某一專題領域的文獻（如東亞文獻）、某一時代的文獻（如唐代文獻）、某一地域的文獻（如江蘇文獻）、有關某一個人的文獻（如梁啟超研究文獻）、珍貴文獻（如善本）、易損壞的文獻、有某種價值的文獻等，而專門建立起來的藏書。以國家圖書館為例，所謂特藏是指善本、古籍、拓片、年畫、古文書等有關古代文獻及文物而言。,編目法
22929,2010-01-01,22929_A02,特藏是不是指機關團體自己編撰之圖書或印行之出版品？,臺端所提「是不是指機關團體自己編撰之圖書或印行之出版品」，答案既是肯定的也是否定的。根據上述定義，機關出版品的確可以成為特藏之對象，但要視圖書館館藏政策而定。例如國家圖書館就收藏有政府出版品，唯並未列入特藏範圍。,其他
22930,2010-01-01,22930_A01,進行中文書編目時，有哪些編目資源可提供抄錄編目？,臺端如果進行中文文獻編目，有下列編目資源可提供抄錄編目之用： 網路資源 ‧NBINet（全國圖書書目資訊網）http://nbinet.ncl.edu.tw/screens/mainmenu_chi.html ‧ISBN-net（全國新書資訊網）http://lib.ncl.edu.tw/isbn/index.htm ‧中文名稱權威資料庫http://192.83.186.103/nclach/ ‧佛教著者人名權威資料庫http://www.gaya.org.tw/library/author/index.asp ‧各圖書館書目系統或館藏目錄 光碟資源 ‧SinoCat（中華民國出版圖書目錄光碟系統） ‧SinoBook（中華民國出版圖書目錄彙編電子書光碟系統） ‧SinoCIP（中華民國預行編目書目光碟系統),編目法
22931,2010-01-01,22931_A01,國家圖書館已利用電腦程式合併相同作品的書目資料，為何查詢時仍會出現多筆書目資料？,1 對於同一作品的多筆書目紀錄，國家圖書館電腦程式確實已合併並處理了部分資料，但仍然存有下列各種問題或原因，致使對同一作品識讀為兩筆書目紀錄，這時則必須依人工加以判斷和處理。 2 文獻著錄或編目建檔時，所謂「相同的作品」是指「題名、著者、出版地及出版者、出版年及版次」四者均相同的文獻而言。其中如有一項不同時，即視為不同的作品，分別建為兩筆書目紀錄。 3 同一作品如以不同MARC所建立之書目紀錄，例如一館以C MAR建檔，另一館以US MARC建檔，電腦判讀則視為兩筆書目紀錄。 4 各館在文獻編目建檔時，因編目人員的學養及判斷的差異，對於同一著錄項目可能會選用不同欄位，以致使得原本是同一筆書目資料，在電腦判讀辨識時，會被視為兩筆書目紀錄。 5 書目紀錄建檔時，其所選用之字形或字碼不同，亦會影響書目紀錄識別問題，將原是同一作品視為兩筆書目紀錄。,編目法
22932,2010-01-01,22932_A01,是否所有入藏文獻皆需分類編目？,臺端所問圖書館是否為每一種入藏文獻編製目錄，答案應是肯定的，茲申論理由如下： 我們到圖書館借閱文獻，通常方式有二：其一、從開架式書架上直接取閱，其二、也許更多的方式，是從查檢目錄開始來借閱文獻的。因為，目錄具有四大作用，即「記錄、識別、組織和檢索」文獻之作用。由於具有這些作用，因此目錄便具有替代原文獻的作用。由此可知，凡圖書館入藏的文獻，都應為其編製相應的款目，然後再依某種順序組成目錄。,編目法
22932,2010-01-01,22932_A02,所有入藏文獻是否有一定的標準？,目錄因為具有多種排列組織和檢索的方式，因而避免了文獻實體只能限定一個位置的弊病，讓讀者從各種途徑和方式均可查檢。,其他
22932,2010-01-01,22932_A03,假如不擬分編，請問文獻應如何處理？,圖書館目錄是圖書館展開採訪、分編、閱覽、典藏等工作的基礎。,其他
22933,2013-04-23,22933_A01,處理DVD-ROM的編目與CD-ROM有何區別?,CD-ROM分為音樂CD（稱「雷射唱片」，館藏代碼AP）及一般資料CD（稱「光碟片」，館藏代碼DR）；DVD-ROM屬影音光碟（館藏代碼VD），用於儲存電腦資料、影像、音樂等，且容量與規格均與CD不同。,機讀編目格式
22933,2013-04-23,22933_A02,DVD-ROM與CD-ROM特藏號是否一樣?,不同。CD-ROM的特藏號為AP（音樂CD）或DR（資料CD），而DVD-ROM的特藏號為VD。MP3、MP4音檔格式的光碟片則使用AP代碼。,編目法
22934,2013-04-23,22934_A01,餐旅管理類的書籍，內容包含旅館業和餐飲業之經營，應歸入哪一類？,一、餐旅管理類的書籍，若內容包含旅館業和餐飲業之經營，建議歸入483.8或489.2，視書的內容比重而定。 1. 書的內容以旅館業為主兼談旅館之餐飲管理入489.2旅行業 (旅館業)。 2. 書的內容明顯分餐飲業與旅館業兩大塊時： (1)看內容比重及作者意旨較偏向何者，歸入比重較重或作者寫作較偏向的一方。 (2)若兩部分的比重齊鼓相當時，歸入內容在前者。如書的章節內容先講旅館業的經營管理後講餐飲業的經營管理，則歸入489.2旅館業。 分類要熟記分類原則─ ─ 圖書內容涉及兩個以上主題時，原則上依內容所側重者分類(兩個主題屬並列關係得依篇幅多者或在前之主題分類。(中國圖書分類法 增訂七版 p. VI  圖書分類簡則；增訂八版 p.6),編目法
22934,2013-04-23,22934_A02,992.61 觀光旅館 是要放哪些內容？,"二、992.61指旅館設施，如一本書介紹旅館有哪些設施，但並未談及如何經營或管理，可歸入此類。 例1：最值得體驗的18家極致旅館 : 越南法式旅館.印度皇宮旅館.京都老舖旅館 / 郭燕如, 王思佳主編 例2：100個旅店的享樂冒險 = Once-in-a-lifetime hotels / MOOK編輯室作 ※當我們編目遇到相似類名時，一定要看類名的「上一位」所屬的類，才不致偏離主題或造成困擾。489.2的上位是489 各種營業，489的上位是480，此類是有關工商業的經營與產品販售；992.61 觀光旅館的上位是992.6 觀光設施，兩者的區別應該是可以理解的。",編目法
22935,2010-01-01,22935_A01,可否在館外使用 telnet系統查詢國家圖書館的書目紀錄？,答案應該是肯定的。在館外使用telnet系統查詢國家圖書館之書目紀錄，只須備有家用電腦即可。茲將使用步驟簡述如後：開啟電腦後，以滑鼠點選開始按紐，再點選執行，即出現一小對話框，先鍵入『Telnet』，空一格再鍵入IP Adress即可連上telnet系統，然後依提示文字鍵入帳號及密碼，即進入所欲查詢之系統。 1 進入國家圖書館資訊網系統／本館各系統／本館館藏目錄查詢系統 IP Adress：Telnet 192.83.186.10 帳號（Login）：鍵入小寫字母『ncl』 密碼（Password）：鍵入小寫字母『ncl』 2 進入全國圖書資訊網系統（NBInet） 2.1 直接進入 ◇IP Adress：Telnet 192.83.186.100 ◇帳號（Login）：有下列三種鍵入方式 ‧鍵入小寫字母『chinese』：中文Big-5字碼模式 ‧鍵入小寫字母『cccii』：中文CCCII字碼模式 ‧鍵入小寫字母『library』：英文模式 ◇密碼（Login）：無須鍵入任何字符 2.2 間接進入：依『1』先進入『國家圖書館資訊網系統』，然後選『全國圖書資訊網系統』（NBInet） 3 附記：本解答內容，係依據本館林昭君及許靜芬兩位同事提供之資料編寫，特此誌謝！,其他
22936,2010-01-01,22936_A01,ERROR DATA該如何處理？,由於筆者並未親眼目睹，也未實地深入了瞭貴館實際問題廃狀況。因此，未便作答，敬請見諒。,其他
22936,2010-01-01,22936_A02,一本書不是只有一個ISBN嗎？若有多筆書目同一ISBN，請問是何原因？,一般而論，ISBN是一種便於庫存管理的號碼，通常一書一號以達到識別每一種、每一版、每一冊之獨一無二的號碼。但有時也有例外之處，例外原因主要有二：其一、文獻本身因素：即出版機構申請ISBN時，是以套書為單位只申請一個號碼，亦即多卷書共用一個ISBN。假若編目時，系統未設有自動檢查機制，就有可能出現多筆書目資料同用一個ISBN之現象。其二、作業人員疏忽：編目人員以某一筆書目資料為基礎，以拷貝（Copy）方式編製其他相關書之書目資料，事後又未將原先書目資料之ISBN刪除或更改，因而造成多筆書目資料同用一個ISBN。,其他
22937,2010-01-01,22937_A01,大陸地區是否已經建立類似臺灣地區圖書館NBINet的聯合目錄？,目前，中國大陸建有類似臺灣地區圖書館NBINet聯合目錄的機制，其名稱為全國圖書館聯合編目中心'(OLCC)，1997年10月正式成立並啟用，經營形態比較接近美國的OCLC。,其他
22937,2010-01-01,22937_A02,大陸地區若建有類似臺灣地區圖書館NBINet的聯合目錄，請問從何處進行查詢？,"請上網至中國國家圖書館全球資訊網(http://www.nlc.gov.cn)，點選""中文版""即進入中文版首頁；然後點選首頁左下區""合作項目""欄目之""全國圖書館聯合編目中心""，即進入該中心網頁。",其他
22938,2010-01-01,22938_A01,《中國機讀編目格式》中文音譯符號採用「韋傑式羅馬拼音」系統，現教育部通過「通用拼音方案」，對一般大專圖書館編目或其他作業是否有影響？,圖書館部門應可根據本身之特色及需求，在「漢語拼音方案」、「威翟式羅馬拼音」、「通用拼音方案」數種方式中選擇一種。政府並未強制推行政策，因此對一般大專圖書館編目或其他作業影響較小。,編目政策與管理
22938,2010-01-01,22938_A02,對於抄編國家圖書館書目記錄，是否受「通用拼音方案」影響？,譯音符號對於圖書館界衝擊基本上應該是比較小。雖然我國目前通過譯音符號採「通用拼音方案」，但政府明說不採強制方式的推行政策，因此抄編國家圖書館書目記錄應仍可依原有規範執行。,其他
22939,2010-01-01,22939_A01,「合作編目」是什麼意思？,合作編目：又稱分擔編目。指由若干圖書館分擔編目工作，共享編目成果的活動。通常由一個中心圖書館負責組織和協調，其他圖書館或按地區或按專業分工獨立進行。合作編目可加快編目速度，互通有無，有利於發展館際合作和落實文獻資源的共建共享。自從電腦應用於文獻編目工作之後，出現了現代化的合作編目形式 ─ 線上合作編目（聯機合作編目）。它利用圖書館自動化網路，由多個文獻資訊機構結合建構成線上目錄資料庫。成員圖書館可根據文獻的某一特徵，例如根據國際標準書號進行文獻檢索，假如資料庫中已有該筆文獻的書目記錄，就不必進行編目；否則，由該圖書館進行編目，並新增一筆書目記錄。,編目政策與管理
22939,2010-01-01,22939_A02,「集中編目」是什麼意思？,集中編目：由一個中心機構負責編目，眾多文獻資訊機構共享其成果的活動。集中編目可避免重複勞動，提高目錄質量，統一著錄格式，有利於文獻資源的共享。集中編目主要的特點：通常由國家圖書館或地區的大中型圖書館作為國家編目中心或地區編目中心，向全國或地區的圖書館發行印刷目錄卡片、機讀目錄，並負責解答文獻編目業務的諮詢問題；編目方法力求做到規範化、標準化，以實現書目資訊交流；著錄項目齊全，便於各類文獻工作機構根據實際需要，選擇不同詳簡程度的目錄款目或書目記錄。,編目政策與管理
22940,2010-01-01,22940_A01,附有不同媒體形制之書籍，典藏時應將非書資料與書分開，還是隨書典藏較為適當？,從保存維護及方便讀者利用而論，不論純粹之非書資料，或以非書資料為主體之媒體，或以圖書為主體之不同媒體附件，典藏時以與圖書分開典藏為原則。,其他
22940,2010-01-01,22940_A02,若將非書資料與書典藏在一起，其優缺點為何？,優點：現實情況下可節省空間與資源；缺點：書與非書資料之典藏條件不同，長期下來對非書資料之保存與利用比較不利。,其他
22940,2010-01-01,22940_A03,若將非書資料與書分開典藏，其優缺點為何？,優點：可依媒體類型調節保存條件（如溫度、溼度等），維護媒體材質並延長使用年限；缺點：需具備專屬空間與設備，涉及圖書館的空間、設備、人力、財力等限制。,其他
22941,2010-01-01,22941_A01,非書資料目錄是否應與一般圖書目錄分開排列，抑或混合排列？,目錄是文獻實體的替代品，為了配合文獻閱覽的需求及庋藏空間，目錄與文獻通常設於同一處。由於非書資料的載體與圖書資料不盡相同，其相應的相關設備、空間規劃、閱覽措施、保存條件等也就不相同，以致於目錄的貯存空間也跟著不一樣。多數圖書館將非書資料與圖書資料分開貯藏，其非書資料目錄與圖書目錄自也分開排列，俾便針對不同文獻類型需求提供不同的查檢服務。不過，圖書館又為了方便一般讀者，提高服務職能，通常又在總閱覽區設有各種文獻類型的總目錄。總目錄可按文獻類型分開排列，也可按文獻類型混合排列。如此作法，讀者可檢一處而掌全局，不必到處翻檢目錄，徒然浪費時間與精力。假如圖書館財力、人力許可的話，同時設置總目錄和部門目錄，應是周全而完善的措施。,其他
22942,2010-01-01,22942_A01,有無現成且免費的編目軟體，提供圖書館編目之用？,"臺灣地區似乎未聽說有那一所圖書館或學術文化機構提供免費的編目軟體。至於有關現成的編目軟體，就個人所知簡答如下：1. 國出版圖書目錄光碟系統(Sinocat)及電子書光碟系統(Sinobook)：由國家圖書館與飛資得資訊公司共同開發製作，具備查詢、轉錄及原始編目功能(前者具備線上編目功能)。2. 全國圖書資訊網路系統：採參與圖書館合作編目形式，由國家圖書館統籌。3. UriCA/SPYDUS、 INNOPAC、TOTALS2(傳技)、 DYNIX(Windows版：TORICA)、虹橋、三邊等系統。其中，URICA, INNOPAC, DYNIX及傳技等系統使用較為普及，三邊系統多為中小學圖書館所採用。",其他
22943,2010-01-01,22943_A01,對於初學者該如何建立圖書館學的基本知識？,如同新聞、律師等行職業，圖書館工作也具有很明顯的“二元性”，它一方面要求工作者具備本職的專業知識，同時也要求工作者具備某方面的專攻學科領域。美國許多學校的圖書館學課程大都設在研究所階段，其原因在此。有關初學者應如何建立圖書館學的基本知識，這裡無法詳細作答，僅略舉一些書目，也許對圖書館學的認識或進修有一些幫助。 1. 圖書館學要旨 臺3版 臺灣中華書局編輯部編 臺北 臺灣中華書局 1979 ＊撰者實為劉國鈞 2. 圖書館學通論 第4版 俞爽迷撰 臺北 正中書局 1971 3. 圖書資料運用 王振鵠等撰 臺北蘆洲 國立空中大學 1992 4. 圖書館使用實務 薛理桂 顧力仁等撰 臺北蘆洲 國立空中大學 1995 5. 圖書館資源利用 王錫璋撰 臺北 臺灣書店 1998 6. 圖書館學導論 黃宗忠撰 臺北 天肯文化事業公司 1995 7. 圖書館學導論 胡述兆 吳祖善撰 臺北 漢美圖書公司 1991 8. 圖書館學概論 沈寶寰等撰 臺北蘆洲 國立空中大學 1992 9. 圖書館學概論 吳慰慈 邵巍編著 北京 書目文獻出版社 1985 10. 理論圖書館學教程 倪波 荀昌榮主編 天津 南開大學出版社 1981 11. 圖書館學基礎 修訂本 北京大學圖書館學情報學系 武漢大學圖書情報學院編 北京 商務印書館 1991 12. 圖書館學基礎知識 譚迪昭主編 廣州 中山大學 1986 13. 目錄學概論 武漢大學、北京大學《目錄學概論》編寫組編著 北京 中華書局 1982 14. 古籍知識手冊 高振鋒主編 濟南 山東教育出版社 1988 15. 圖書學大辭典 臺1版 盧震京撰 臺北 臺灣商務印書館 1971 16. 中國大百科全書. 圖書館學‧情報學‧檔案學卷 北京 中國大百科全書出版社 1993 17. 圖書館學百科全書 《圖書館學百科全書》編委會編 北京 中國大百科全書出版社 1993 18. 圖書館學‧情報學‧檔案學簡明詞典 來新夏主編 天津 南開大學出版社 1991 19. 圖書館學情報學詞典 周文駿主編 北京 書目文獻出版社 1991 20. 圖書情報詞典 王紹平等編著 上海 漢語大辭典出版社 1990,其他
22944,2010-01-01,22944_A01,工作輪調或新手編目需要訓練多久才可獨立從事分編工作？,目前我國大學圖書館相關學系有關分類編目課程，必修通常是兩學期4學分，一年下來學習時間約三十餘週；另外，還有選修課程大致與必修課程相彷彿。如此訓練出來的編目人員從事編目工作，尚需三、五個月的適應期，至於工作輪調或新手編目，需要訓練多久才可獨立從事分編工作？這問題不易回答；但假如換為相關的問題，譬如問新手編目須具備那些基礎知識？也許更具有意義性。這裡就以試擬之問題，略舉一些書目，或許對分編知識的進修或入門有一些幫助吧！ 1. 中文圖書分類編目學∕ 黃淵泉撰。臺北：臺灣學生書局，1986。 2. 圖書分類編目∕陳和琴等編著。臺北蘆洲：國立空中大學，1996。 3. 圖書分類法導論∕王省吾撰。臺北：中國文化大學出版社，1982。 4. 圖書分類學：圖書分類理論與實踐∕白國應撰。北京：書目文獻出版社，1981。 5. 圖書分類∕北京大學圖書館學系《圖書分類》編寫組編著。北京：書目文獻出版社，1983。 6. 圖書館目錄∕李紀有、沈迪飛編著。北京：書目文獻出版社，1986。 7. 圖書館目錄∕李紀有、赫彥生、劉維英主編。北京：學苑出版社，1989。 8. 文獻編目概論∕謝宗昭主編。南京：南京大學出版社，1990。 9. 新編圖書館目錄∕黃俊貴、羅健雄編著。北京：書目文獻出版社，1986。 10. 圖書館目錄∕李紀有、沈迪飛、余惠芳編著。北京：書目文獻出版社，1982。 11. 圖書館文獻編目∕傅椿徽主編。武漢：武漢大學出版社，1989。 分編知識尤其是分類知識，最好對各科都具備一些基本而概括的知識。要取得這方面知識可以涉獵各科概論或各科史，再不然可置備些詞典、百科全書、手冊等綜合性和專科性工具書，如： 1. 分卷本辭海。臺北：臺灣東華書局，1993。 ＊包括教育文藝辭海、中外歷史辭海、中外地理辭海等10卷。 2. 辭海∕夏征農主編。臺北：臺灣東華書局，1992。 ＊大陸版三卷本。 3. 中國大百科全書∕《中國大百科全書》編輯委員會編。臺北：錦繡出版事業公司，1992。 4. 簡明大英百科全書。臺北：中華書局，1988。 5. 大美百科全書。臺北：光復書局，1990。 6. 大辭典。臺北：三民書局，1985。 7. 中文百科詞典∕《中文百科詞典》編審部編。臺北：百科文化事業公司，1987。 8. 環華百科全書。臺北：環華出版社，1982。 至於本館對新手編目人員之訓練步驟，簡述如後，提供參考： 1. 熟悉規範工具書； 2. 介紹規範工具及參考工具的使用法； 3. 教機讀編目格式（MARC）； 4. 編目系統模組詳細說明； 5. 由資深編目人員選書、逐筆審核，指導新人分類編目實作，為時約一至三個月； 6. 依新人個別狀況調整指導方式。,編目政策與管理
22945,2010-01-01,22945_A01,外包編目建檔時，同類書和同一著者之分類號及著者號難以一致，應如何改進？,首先，需編訂外包建檔注意事項或本館目單位工作手冊，詳細記錄編目政策、工作流程及注意事項。其次，要求外包單位來館或透過電腦連線查檢館藏書目記錄，參考現有分類號、著者號及輔助區分號。第三，採訪部門應嚴格查對館藏資料，避免重複購入複本及增訂本，並注意多卷書、套書等是否齊全。第四，對已編書目之錯誤索書號碼，可考量人力物力進行更正；因換用新分類法導致的類號衝突，建議編訂「目錄改編」要點作為規範。,編目政策與管理
22946,2010-01-01,22946_A01,若要採西編，是否須回溯舊書？,若西文書數量很多，回溯工作可以外包處理；若數量不多，則可自行改編。,其他
22946,2010-01-01,22946_A02,採西編時是否只需處理新書？,原則上新舊書應保持一致，但若西文書數量不多，可選擇自行改編新書。,其他
22947,2010-01-01,22947_A01,貴館已啟用《中文圖書分類法》（2007年版）並停用《中國圖書分類法》（增訂7版），其他各館是否需要跟進此分類法？,其他各館是否要跟進，各館可斟酌本身之人力、財力及條件，通盤考慮後再做決定。,其他
22947,2010-01-01,22947_A02,本館依新類號標引的目錄，應如何與依舊類號標引的目錄相銜接？,本館於啟用新版分類法之際，採用『斷限改進法』，並編訂有『臺灣相關類目新舊版類號對照表』、『分類號從新及從舊原則』等相關文件，以作為進行目錄銜接作業之輔助，俾減少新舊類號間銜接所帶來之衝擊。如欲知其詳，請上網連線至國家圖書館編目園地（http://catweb.ncl.edu.tw/）檢閱相關內容。,其他
22948,2010-01-01,22948_A01,作者簽名本應如何於編目時標註其類型?,有關作者簽名本（簡稱簽名本）共有作者簽名、作者蓋章、作者簽名並蓋章三種情況。,編目法
22948,2010-01-01,22948_A02,館藏為複本情況時，應如何著錄簽名本?,欄位300 __ $a本書c.2（or c.3）為簽名本,編目法
22948,2010-01-01,22948_A03,館藏為單一本且為簽名本時，應如何著錄?,欄位300 __ $a本書正本為簽名本,編目法
22949,2010-01-01,22949_A01,有關人名權威標目，是否只有《中國機讀編目格式》書上所列之‘$2cst’、‘$a’、‘$b’、‘$c’等分欄可用？,答案應是肯定的，‘$f’亦可使用。只是習慣上多用於西洋人名，即著錄其生卒年代；至於中國人名，則依據《中國編目規則》多予以省略。（提醒注意：並非表示本分欄不可使用）,編目法
22950,2010-01-01,22950_A01,CMARK第三版「附錄8 語文代碼」中「fin – Finnish」是否翻譯有誤？,非常感謝 臺端的細心和指教。有關《中國機讀編目格式》（第3版）「附錄8 語文代碼」，或許出於編印時的誤植吧？將「fin – Finnish」（頁129）之中譯誤為「荷蘭語」，確有疏失之處。,機讀編目格式
22950,2010-01-01,22950_A02,「fin – Finnish」一詞是否已進行勘誤？,我們會依 臺端的建議，加以訂正（語文代碼「fin – Finnish」正確應為「芬蘭語」）。,其他
22951,2010-01-01,22951_A01,《中國機讀編目格式》第三版與第四版的差別是什麼？,"非常抱歉，在此不能詳述《中國機讀編目格式》第三版與第四版二者之異同，茲僅就主要差異之處，歸納為四點，簡述如下： 1. 主要參考藍本之不同：第三版以UNIMARC為參考藍本編輯而成，第四版部分欄位間採USMARC特性，並參考TEI header等電子資源組織標準。 2. 有無相關款目段之不同：第四版刪除4__段並散入各有關欄位，因電腦及網路科技進步使全文檢索成為可能，為節省編目流程並符合時代潮流而刪除。 3. 有無欄位856之不同：第四版因電子資源興盛而新增欄位856以記錄相關資訊。 4. 附註段（300段）是否詳分之不同：第三版可依內容性質細分欄位，第四版僅保留327, 328, 330等欄位，其餘內容均記錄於300段。",機讀編目格式
22951,2010-01-01,22951_A02,許多著錄內容的欄號都改變了，例如相關附註從3__段變更至5__段，連接欄從4__段變更至5__段，這麼做是於什麼原因？,"4__段刪除並散入各有關欄位，因電腦及網路科技進步使全文檢索成為可能，為節省編目作業流程並符合時代潮流而刪除。欄位856新增係因電子資源興盛，需記錄尋取電子資源所需資訊。附註段（300段）不再細分係因第四版僅保留327, 328, 330等欄位，其餘內容均記錄於300段。",機讀編目格式
22952,2010-01-01,22952_A01,版權頁上若出現「First published 2008」，是否在欄位205須敘明「1st ed.」或可省略？編目規則有特別說明嗎？,編目規則並無特別規定，惟依一般編目習慣，版次項對於「第1版」，通常省略不著錄。故如本題「第1版」，可不必著錄。,編目法
22952,2010-01-01,22952_A02,每次編目時，請問6xx段（主題分析段）660欄位是否須加以記錄？例如Opening markets for trade in services : countries and sectors in bilateral and WTO negotiations乙書是否有合適之地區代碼，提供選用？,欄位660係針對文獻內容涉及地區時，著錄其地區代碼。本題WTO並未涉及具體的地區，故本欄位可不必著錄。,編目法
22953,2010-01-01,22953_A01,目前《中國機讀編目格式》最新的版本是哪一種版本？,《中國機讀編目格式》前後已出版過5個版本，如連同其前身《中文圖書機讀編目格式》2個版本在內，已有7個版本之多。最新之版本應為『民國90年版』。,機讀編目格式
22953,2010-01-01,22953_A02,其中『4__』段（連接款目段）目前是否還在使用？,目前圖資界採用之《中國機讀編目格式》版本仍以第3版為主，故『4__』段（連接款目段）也仍在使用，並未取消不用。,編目法
22954,2010-01-01,22954_A01,《中國機讀編目格式》是否有第四版？有無相關且可聯結之訊息？,《中國機讀編目格式》確曾於民國86年6月出版第4版，該版內容有較大的改變，整個4__段刪除，並依性質分別散入2__、3__、5__、7__等相關各段。另外，又增加了欄位856，以記錄『電子資源位址及取得方法』。目前本館編目園地上只有《中國機讀編目格式》民國90年版（91年11月出版）及第3版，並無第4版。,機讀編目格式
22954,2010-01-01,22954_A02,《中國編目規則》第三版和第二版有何不同？,"第2版出版於民國73年，係中國機讀編目格式工作小組依據國際圖書館協會聯盟編訂之UNIMARC Handbook（1983），並參考美國國會圖書館之MARC Formats for Bibliographic Data（1980），針對《中國機讀編目格式》第1版加以修訂，分訂2冊。第3版出版於78年10月，係以《國際機讀編目格式手冊》（UNIMARC Manual, ed.）為藍本，並參考國際機讀編目計畫、美國國會圖書館書目服務部之修訂建議書，再加上中央圖書館歷來編目實務經驗，加以修訂而成。增附『中國機讀編目格式簡編』（MINIMARC），提供中小型圖書館簡略編目參考。第2版與第3版二者內容基本上差異不大，惟第3版較偏重編目實務，例如所舉實例中除附有卡片目錄格式外，另附有機讀編目格式；附錄中又增附了『中國機讀編目格式簡編』（MINIMARC），都是具體的例證。",機讀編目格式
22955,2010-01-01,22955_A01,MARC欄位042和欄位801兩者有何不同？,"欄位042（審查機構），通常用於記錄聯合目錄中的審查機構；欄位801（出處欄），則用以記錄建置該筆書目紀錄的建置機構，二者性質並不相同。 例如有A, B, C三所圖書館擬合作建置聯合目錄，並以A圖書館為審查機構。有關欄位042及801 書目紀錄記錄方式如下：欄位801記錄建置書目紀錄的來源圖書館或出處圖書館（即A, B, C三所圖書館），欄位042則只記錄審查機構A圖書館。",機讀編目格式
22955,2010-01-01,22955_A02,MARC欄位661之『年代代碼』是否一定要記錄，Marc 21 or AACR-II有無特殊規定？,欄位661之『年代代碼』，不一定須記錄，端視圖書館本身的編目政策而定。Marc 21 or AACR-II對此並無特殊的規定。,編目法
22955,2010-01-01,22955_A03,年代若為『To 231 B.C.』應如何記錄？,檢閱：《中國機讀編目格式》第3版，頁106-108：『附錄6，年代代碼』部分，欄位661可記錄為『d7』。,機讀編目格式
22956,2010-01-01,22956_A01,西文多卷書整套著錄時，是否可直接利用MARC 21 Tag505 $t檢索單冊題名，以取代Tag740 Analytical title？,MARC 21 Tag505性質即相當於CMARC欄位327（內容註），記錄之作用，主要是為了進一步揭示叢書、多卷書、彙編書或論文集等文獻，它們有那些內容，以幫助讀者認識並選擇某一特定文獻。MARC 21 Tag740主要用來記錄內容分析附加款目，假如附加款目另編製有書目紀錄，即具有連接二筆書目紀錄間的功能。其性質及功能與欄位505並不相同，故若非基於人力、財力不足的考慮，自不宜偏廢其中之任一者。,機讀編目格式
22956,2010-01-01,22956_A02,若圖書館編目系統設計讓欄位505具備檢索功能，是否可省略記錄欄位740？,若圖書館編目系統在設計時，就讓欄位505具備檢索功能，若僅需達到服務讀者查詢其內容之功能，欄位740自可省略記錄。惟為了方便書目紀錄間之連接起見，詳言之，即為了方便連接多卷書本身及其多卷書內容分析所編製之附加款目，兩者書目紀錄之間的連接，建議欄位505及欄位740二者應同時加以記錄為宜。,其他
22957,2010-01-01,22957_A01,欄位100與欄位801的日期，分別代表何日期？,欄位100之1「輸入日期」為必備資料，由程式控制產生，其後該筆記錄如有修正，此日期不變。欄位801（出處欄）為可重複欄位，包括原始編目單位（指標2為「0」）和輸入電腦單位（指標2為「1」）。一般情況下，欄位100輸入日期與欄位「801 _0 $c」原始編目單位之建檔日期相同，但與欄位「801 _1 $c」輸入電腦單位之日期則不儘相同。,機讀編目格式
22957,2010-01-01,22957_A02,欄位801有兩個不同日期，各代表何種意義，兩者之間差異又安在？,欄位801（出處欄）為可重複欄位，下面所舉實例第一行為記錄原始編目單位相關數據，第二行為記錄輸入電腦單位相關數據。茲述之如下：801 _0 $a國家代碼 $b單位簡稱或代碼 $c處理日期 $d編目規則代碼 801 _1 $a國家代碼 $b單位簡稱或代碼 $c處理日期 $d編目規則代碼,機讀編目格式
22957,2010-01-01,22957_A03,可否100與欄位801的日期看出該書之收件日、編目日與總校日？,由欄位801$c僅能知其編目處理日期，至於從採訪部門移至編目部門的「收件日期」，以及書目紀錄處理並校對完畢之「總校日期」，是無法從上述數據中知悉的。,機讀編目格式
22958,2010-01-01,22958_A01,Marc 21欄位246第一個指標所指的「有附註」與「無附註」究竟為何意？,"0 Note, no added entry：加附註，但不加編附加款目；1 Note, added entry：加附註，也加編附加款目；2 No note, no added entry：不加附註，也不加編附加款目；3 No note, added entry：不加附註，但加編附加款目",機讀編目格式
22958,2010-01-01,22958_A02,Marc 21欄位246第一個指標所稱之「附註」，究竟所指的對象為何？,「附註」指標的內容涉及是否加註注釋（Note）及附加款目（added entry controller），其對象為標示該欄位是否包含注釋或附加款目之編目資訊,機讀編目格式
22959,2010-01-01,22959_A01,文獻編目時採用CMARC或USMARC為規範工具，其認定之標準為何？,為解決有關文獻編目時採取中文抑或西文編目規則，本館訂定有『編目語文認定原則』，請上網連線至『國家圖書館編目園地全球資訊網』（http://catweb.ncl.edu.tw/）上之『編目規範標準／中文編目規範標準／其他／語文認定原則』。,編目法
22960,2010-01-01,22960_A01,以USMARC為規範工具，欄位504若已記錄了「參考書目」字樣，欄位008「內容形式代碼」是否還需記錄「b」（Bibliographies）？,當待編文獻含參考書目而記錄MARC21欄位504時，欄位008「內容形式代碼」可同時記載為「n」。（待編文獻本身或大部分為書目時，008「內容形式代碼」方為「b」),機讀編目格式
22960,2010-01-01,22960_A02,當文獻含有參考書目（欄位 504）時，中文機讀編目格式（CMARC）與西文機讀編目格式（MARC21）在定長欄位內容形式代碼的記錄方式上是否相同？,MARC21欄位008為定長欄位址24-27「內容形式代碼」，類似CMARC欄位100，其功能在於記錄固定長度之代碼或資料，便利日後系統進行書目記錄之篩選，定長欄和附註段功能不同，使用上並不互相違背。,機讀編目格式
22961,2010-01-01,22961_A01,在同一種自動化編目系統內，二種MARC是否可同時並存？例如中文書用CMARC編目，西文書用USMARC編目？,答案應該是肯定的。固然，通常一種自動化編目系統內，其主檔多數只採一種固定的MARC，但也有例外同時採兩種以上的MARC。實際查詢時，如採一種MARC建檔，其查詢系統是集中的，即讀者可同時查詢中、西文文獻。但如採兩種不同的MARC建檔，其查詢系統是分開的，例如用CMARC建檔的書目記錄，只能查中文文獻；用USMARC建檔的書目記錄，只能查西文文獻。,機讀編目格式
22962,2010-01-01,22962_A01,中華民國出版之出版品，《中國機讀編目格式》欄位102（出版國別或地區）代碼應填「cw」還是「tw」？,《中國機讀編目格式》欄位102（出版國別或地區）代碼填「cw」、「tw」，其涵意略有不同。,機讀編目格式
22962,2010-01-01,22962_A02,《中國機讀編目格式》欄位102（出版國別或地區）代碼「tw」是否為最新做法？,填寫「tw」是最新的做法。,編目法
22963,2010-01-01,22963_A01,MARC 21欄位246與740在轉C Marc時均轉至欄位517，二者究竟有何區別？,Marc 21欄位246主要功能是記錄不同形式題名，而Marc 21欄位740主要功能是記錄多卷書之內容分析附加款目。,機讀編目格式
22963,2010-01-01,22963_A02,Marc 21欄位740轉至C Marc時，轉至哪一欄位？,"Marc 21轉C Marc時，其欄位740宜視其實際情況轉入C Marc欄位463, 464或欄位517。",機讀編目格式
22964,2010-01-01,22964_A01,MARC21欄位100，當記錄翻譯作品時，是否一定要將原著者姓名記錄於此欄位？,主要款目的觀念，可說是西洋編目的重要傳統之一，唯我國之《中國編目規則》並無此等觀念。話雖如此，吾人於使用MARC21之際，建議仍應將主要貢獻之個人著者，記載於MARC21欄位100，以符合西洋著錄的習慣。,編目法
22965,2010-01-01,22965_A01,MARC21欄位700兩個指標的用法為何？,"1 marc21欄位700有兩個指標，即指標1及指標2，其用法說明如後：【指標1】有3個值，""0 以名字著錄""、""1 以姓名著錄""、""3 家族名稱""；【指標2】有兩個值，""b 未定""（此處""b""表示空格）、""2 分析款目之相關人名""。 2 【實例】 Tag700 0b $a杏林居士（以筆名著錄） Tag700 1b $a林良（以姓名著錄，注意與中國機讀編目格式記錄的欄位不同） Tag700 12 $a徐庸. $t兒童圖書館（《小學生文庫》採整套著錄法，對於所屬單元之著者及題名，得立為著者題名款目） 3 在此必須特別指出的是，""Tag700""之""$a""及""$t""二者之間的圓點，卡片目錄印製時不會自動產生，故必須由編目建檔者將其視同資料鍵入之。",機讀編目格式
22966,2010-01-01,22966_A01,MARC21欄位091的指標代碼有哪些？,MARC21欄位09_保留予記載各地區之分類號，然而近日來發現上傳至OCLC之書目記錄，無法接受欄位091的資料。基於此，因此建議使用MARC21之圖書館，將《中國圖書分類法》的號碼記載於欄位092，指標1及指標2的內容為『空格』。,機讀編目格式
22967,2010-01-01,22967_A01,《中國機讀編目格式》3__段（附註段）是否還有其他欄位，例如322、323等欄位？,《中國機讀編目格式》（第3版）3__段（附註段）設有「欄位300；欄位301-308、310-312、314-316；欄位320-324；欄位326-328；欄位330、333、336、337、[339]、345」等，共計29個欄位。,機讀編目格式
22968,2010-01-01,22968_A01,《中國機讀編目格式》（民國90年修訂版）欄位「856」的指標應如何記錄？,《中國機讀編目格式》（民國90年修訂版）在Tag856指標1及指標2各有增訂，內容與CMARC 4ed. 略有不同。請先上網至「全國博碩士論文資訊網」點選系統公告，然後安裝Adobe PDF Reader最新版後，如再連至「編目園地資訊網」即可閱覽《中國機讀編目格式》（民國90年修訂版）Tag856之最新修訂內容。,機讀編目格式
22969,2010-01-01,22969_A01,MARC21有那幾種格式？,MARC21主要有5種格式：即機讀書目紀錄格式（Bibliographic Format）、機讀權威格式（Authority Format）、機讀館藏紀錄格式（Holdings Format）、機讀分類格式（Classification Format）、機讀社區資訊格式（Community Information Format／有關社區活動、展覽、表演、演講等訊息之紀錄）。另外，還有簡明版MARC格式（MARC Concise Format）。,機讀編目格式
22970,2010-01-01,22970_A01,機讀編目格式欄位001前的「Leader」字樣是何意義？,書目紀錄的機讀編目格式欄位001之前「Leader」字樣，係指該筆「記錄」標識的意思，亦即以一特定號碼來表示某一特定的書目記錄。,機讀編目格式
22971,2010-01-01,22971_A01,CMARC欄位410（集叢項），除了「$1」與「$a」外，是否還有其他分欄？,CMARC欄位410（集叢項），除了「$1」與「$a」外，沒有其他分欄。,機讀編目格式
22971,2010-01-01,22971_A02,「$1」內容是否是記錄相關資料欄位之欄號及指標？,「$1」內容確實是記錄相關資料欄位之欄號及指標。,編目法
22972,2010-01-01,22972_A01,本館之政府出版品排架方式為何？,本館之政府出版品排架方式是以出版機關作為標引索書號的依據，即凡屬同一機關之出版品，就排列在一處。,編目政策與管理
22972,2010-01-01,22972_A02,有關「圖書館排架方式」之說明文字，可否記錄於中文機讀編目格式欄位300（附註項）的位置？,附註項可著錄「圖書館作業」之說明文字，但若為一條通則性說明文字則不相宜。建議將此等說明文字記錄於本館「內部編目工作手冊」。,機讀編目格式
22973,2010-01-01,22973_A02,如何查閱《中國機讀編目格式》（增訂4版）及PDF檔中欄位「856」的修訂資料？,請先上網至「全國博碩士論文資訊網」點選系統公告，然後安裝Adobe PDF Reader最新版後，如再連至「編目園地資訊網」即可閱覽《中國機讀編目格式》（民國90年修訂版）Tag856之最新修訂內容。,機讀編目格式
22974,2010-01-01,22974_A01,MARC21欄位440與490有何區別？,檢閱MARC21，Tag440為「Series Statement／Added Entry - Title」，Tag490為「Series Statement」。茲詳細說明如後：1 Tag440所記錄之叢書註，除具有記錄功能外，還具有檢索功能；同時該欄位又指明記錄時及檢索時，二者的叢書名稱是相同的。故該其性質相當於《中國機讀編目格式》欄位為225，指標為「2_」時的情況。換言之，即Tag440相當於《中國機讀編目格式》欄位225再加欄位410二者之綜合。,機讀編目格式
22974,2010-01-01,22974_A02,Tag490所記錄之叢書名有何不同情況？,Tag490所記錄之叢書名，指明了兩種記錄情況：其一、叢書名必須編製檢索款目：當叢書註與叢書名檢索款目不同時，除於Tag490記錄叢書名外，另須於Tag830編製叢書名檢索款目。此時相當於《中國機讀編目格式》欄位225指標為「0_」的情況。其二、叢書名不必編製檢索款目，相當於《中國機讀編目格式》欄位225指標為「1_」時的情況。,編目法
22975,2010-01-01,22975_A01,考試機構提供的答案「2」是否正確？,考試機構所提供之答案完全正確無訛，未設有資料特殊細節項之資料類型確實只有「錄影資料」。,編目法
22975,2010-01-01,22975_A02,根據《中國編目規則》哪些資料類型未設資料特殊細節項？,根據《中國編目規則》（修訂2版），未設有資料特殊細節項之資料類型只有「錄影資料」。,編目法
22976,2010-01-01,22976_A01,《中國機讀編目格式》第四版刪除了4__段，如有「譯自」需著錄時，可記錄於欄號527。請問讀者是否可檢索到此筆書目紀錄？,記錄時，只要指標1填「1」（本指標指明是否提供檢索），即具提供檢索功能。,編目法
22976,2010-01-01,22976_A02,《中國機讀編目格式》欄號527指標2「產生附註」是何意，有何功用？,其用意是說明該筆書目記錄會自動產生以「譯自：」為前導用語的附註，其記錄格式為：「譯自： xx 」，功用指明產生卡片目錄題名檢索款目。,編目法
22977,2010-01-01,22977_A01,請問「title main entry」和「title added entry」之異同為何？,傳統著錄法是先確立一個主要標目，繼而對文獻特徵進行描述，以此編製之款目稱主要款目。中文文獻習慣上以題名為主要款目，西文文獻則以作者為主要款目。與題名主要款目（title main entry）相對應的款目，便是題名附加款目（title added entry）。題名主要款目：指著錄時首先確立的題名標目，例如一般題名、劃一題名等，然後依此標目繼而描述而成的款目，便是題名主要款目。題名附加款目：指題名主要款目以外所有其他附加之題名款目，例如具有檢索意義的副題名、除去標榜品題詞（或稱「冠詞」）以外的題名、劃一題名以外的題名、分析款目之題名、又題名等。,編目法
22977,2010-01-01,22977_A02,MARC-21 Bibliographic Format欄號「245」（原提問文字為「杜威分類法這一區」），在何種情況下指標1選用「245 0」，又在何種情況下指標1選用「245 1」？,MARC-21 Bibliographic Format（Library of Congress/National Library of Canada）欄號245（題名敘述Title statement）指標1（First Indicator），說明是否產生題名附加款目（Title added entry），如果指標1填「0」即不產生題名附加款目（No added entry），如果指標1填「1」即產生題名附加款目（added entry）。,機讀編目格式
22978,2010-01-01,22978_A01,《中國機讀編目格式 民國90年版》中，欄位200分欄b資料類型是否只能記錄一種資料類型？,民國90年版《中國機讀編目格式》已將記錄資料類型之欄位204刪除，同時改至欄位「200」分欄b。依《機讀編目格式》規定，「$b」可以重複。因此，欄位「200 1_$b」可同時記錄兩種不同形式之資料類型，其記錄格式為「200 1_ $a題名 $b影音光碟（VCD） $b數位影音光碟（DVD）」。,機讀編目格式
22979,2010-01-01,22979_A01,若採用《中文主題詞表》中的詞目，該詞目後註明「new」或「現代」，請問CMARC欄位「606 $2」該如何記錄？是否需記錄「$2 new」、「$2 現代」或「$2」不必記錄？《中文主題詞表》是否有代碼可資利用，俾便記錄於欄位606以註明該詞目係來自《中文主題詞表》？,《中文主題詞表》屬後組式主題法，其標引結果為「手語教學」、「歷史」、「美國」三個主題詞，或「手語教學 ─ 美國 ─ 歷史」（或「手語教學 ─ 歷史 ─ 美國」）一個主題詞。,編目法
22979,2010-01-01,22979_A02,未來主題標引作業，《中文主題詞表》是否有取代《中國圖書標題表》的可能？,從目前跡象觀察，還看不出《中文主題詞表》有取代《中國圖書標題表》的可能，至於將來如何發展更是個未定數。,主題法
22980,2010-01-01,22980_A01,《中國機讀編目格式》欄位「801 $m」應如何記錄「民國90年版」？,1 機讀編目欄位「801 $m」係純粹為記錄編目規範工具書之「版次」而設，觀其實例，其版次似以序數形式之版次或可轉為數序表示之版次（例如初版、再版）者為主，至於以年代表示之版次，則不便記錄於此。 2 《中國機讀編目格式》（民國90年版），其中「民國90年版」字樣，是題名一部分，又不便轉為以序數表示之版次，故不便記錄於欄位「801 $m」。變通作法可將「民國90年版」記錄於「副題名及題名說明文字」位置，即欄位「200 $e」。,機讀編目格式
22981,2010-01-01,22981_A01,《中國機讀編目格式》欄位670所指的「PRECIS前後關係索引法」是什麼樣的檢索語言？,PRECIS係由組成PREserved Context Index System一詞之各個詞素首字母縮寫而成的，國內多譯為「保留上下文索引系統」或「前後關係索引法」，也有音譯為「普列式索引法」。該索引法是20世紀60年代末70年代初產生於英國的一種新型字順主題索引系統，由英國分類法研究小組奧斯汀主持，並為《英國國家書目》正式採用。,其他
22981,2010-01-01,22981_A02,「PRECIS前後關係索引法」用於什麼情況？,PRECIS是敘詞法中的一種，最初為英國機讀目錄計畫專門設計的，能為機讀目錄數據庫中的每一篇文獻提供專指性的主題索引款目，適合於計算機操作。使用時機主要為綜合性大型的國家書目，以及注重時效性的科技書目等索引款目的編製。,編目法
22983,2010-01-01,22983_A01,什麼是USMARC？,USMARC為美國國會圖書館於1964-1966年研訂之「MARC-I」，後於1968年推出適於圖書館使用之「MARC-II」。1994年12月美國國會圖書館、加拿大國家圖書館、大英圖書館推動USMARC、CAN/MARC、UKMARC的MARC Harmonization，並於1999年出版整合後的MARC21。,機讀編目格式
22983,2010-01-01,22983_A02,什麼是MARC21？,MARC21是1994年12月由美國國會圖書館、加拿大國家圖書館、大英圖書館推動整合後的機讀編目格式，並於1999年出版。大英圖書館於2001年8月宣佈全面採用MARC21。,機讀編目格式
22983,2010-01-01,22983_A03,什麼是CMARC？,CMARC係中國機讀編目格式（Chinese Machine Readable Catalogue Format）之英文縮寫，參考國際機讀編目格式（UNIMARC-1980）、美國國會圖書館書機讀編目格式（MARC Formats for Bibliographic Data-1980）、ISO-2709標準及ISBD英美編目規則第2版（AACR 2）編訂。內容分為正文與附錄兩部分，最新版本為「民國90年版」，由國家圖書館印行。,機讀編目格式
22984,2010-01-01,22984_A01,國內是否有MARC 21與C MARC之對照表可供參考,目前未聞有更新版本之MARC 21與C MARC對照表。民國八十年代曾就US MARC與C MARC 3rd ed.編訂對照表，但US MARC版本為1992年以前（含1992年）之更新版，C MARC第3版係民國78年修訂本。,機讀編目格式
22985,2010-01-01,22985_A01,MARC21欄位773 Host item entry，應對應至CMARC90年修訂版哪個欄位？,目前國內並無marc21與Cmarc90年修訂版對照表之編製，所以確切對應欄位為何，並無資料作為對照之依據標準。根據國內已有之MARC對照表：《美國機讀編目格式轉至第三版中國機讀編目格式對照表》（中國圖書館學會圖書館自動化規劃委員會研訂，臺北市：教育部，民國82年6月），US MARC「欄位773」（Host item entry）對應《中國機讀編目格式》（第三版，民國78年12月）之欄位為「欄位461」。《中國機讀編目格式》（第3版）已分別於民國86年6月及91年12月經過修訂，先後出版第4版及民國90年修訂版。欄位4__段（連結款目段）業已取消，並已併入欄位5__段（相關題名段），其中「欄位461」已併入「欄位505」。總括起來，marc21「欄位773」（Host item entry）對應《中國機讀編目格式》（民國90年版）之欄位為「欄位505」。,機讀編目格式
22986,2010-01-01,22986_A01,幻燈片應如何以中國機讀編目格式（MARC）加以記錄？,一、幻燈片係靜畫資料的一種，有幻燈捲片和幻燈單片之分，唯其著錄及機讀編目格式大致相同。二、應從編目規則著手，參考《中國編目規則》修訂版（1995.06）第1章總則及第9章靜畫資料；《中國編目規則》修訂2版（2000.09）第1章總則及第9章靜畫資料；《中國編目規則修訂2版使用手冊》（2000.12）總則著錄及靜畫資料之著錄。三、機讀編目格式填寫方法應熟悉編目規則著錄法，並參考《中國機讀編目格式》第3版（1989.10）、第4版（1997.06）及《視聽資料機讀編目手冊》（1995.06）第6章靜畫資料。四、特別注意欄位：1) 欄位115資料代碼欄（投影資料含透明圖片、幻燈片等）；2) 欄位215稽核項（計量單位／幻燈捲片：捲–幅，幻燈單片：張–幅）。,機讀編目格式
22987,2010-01-01,22987_A01,《中國機讀編目格式》Tag102（出版國別）「$a」是否需改為「cn」（中國）？,"1 1997年及1999年，香港和澳門兩地，分別由英國和葡萄牙政府手中收回。與此相應的，《中國圖書分類法》增訂8版編者賴永祥先生也原編集於「世界分國表」中之香港及澳門改至「中國省區表／華南地方」表，分別編配省區複分號碼「38」和「39」。 2 至於《中國機讀編目格式》之地區代碼仍然用「hk」及「mo」分別代表港澳地區，並未同步加以改訂，主因在於《中國機讀編目格式》以UNIMARC, US-MARC等規範工具為參考藍本。 3 《中國機讀編目格式》是否一定與《中圖法》增訂8版同步加以改訂，其實也大可不必。因為，即使港澳改隸中國，其出版地區代碼也不必改用「cn」，仍可使用「hk」及「mo」以代表港澳地區。",編目法
22988,2010-01-01,22988_A01,多個文獻名同時出現於題名頁且無共同題名時，應如何著錄？,如為二種或三種文獻之集合，則依題名頁上所題文獻名順序著錄於題名及著者敘述項，其中國機讀編目格式欄位為『200 $a』。另外，在欄位423記錄第二種及第三種之文獻名。如為四種以上文獻之集合，則以題名頁上所題第一種文獻名著錄於題名及著者敘述項，其欄位為『200 $a』。其餘第二種以後之文獻名，則記錄於欄位423。,編目法
22988,2010-01-01,22988_A02,多個文獻名僅出現於目次頁或內文輯封時，應如何著錄？,依合刊或合訂題名著錄法，將第一種文獻名著錄於題名及著者敘述項，其欄位為『200 $a』。其餘第二種以後之文獻名，則記錄於欄位423。,編目法
22988,2010-01-01,22988_A03,題名頁有共同題名時，應如何著錄？,以共同題名著錄於題名及著者敘述項，其欄位為『200 $a』。共同題名之下所包括之各個文獻名，視為組成共同題名之子目，著錄於附註項之內容註，其欄位為『327 $a』。子目或內容註如需檢索，則填寫欄位『464』。,編目法
22989,2010-01-01,22989_A01,根據中國機讀編目格式，主要著者與其他著者應分別鍵於哪個段落？,主要著者應鍵於700段，其他著者敘述應鍵於702段。,編目法
22989,2010-01-01,22989_A02,若將編者錯誤鍵於700段會有什麼影響？,會導致由該著者產生的檢索款目被歸類為主要款目，而實際應為輔助款目，可能影響文獻檢索功能。,編目法
22990,2010-01-01,22990_A01,是否可將文獻之副題名視為其它題名，並將其記錄於機讀編目格式欄位517其它題名？,有關貴方所提副題名著錄於機讀編目格式欄位517「問題，答案應是肯定的。唯尚須進一步條析之，俾暢其要旨。茲釋之如後，敬請參考。(一)副題名之作用：副題名主要有兩種作用，其一為針對正題名所作之解釋，可視為正題名外之另一題名。例如題名為《江南文化散步：江南才子佳人探訪錄》、《秋天的情話：徐志摩詩歌精選集》，其中副題名《江南才子佳人探訪錄》、《徐志摩詩歌精選集》即具有解釋正題名之作用。其二為針對題名所作之限定或進一步的解說、補充，主要包括標明文獻之內容性質、資料年代、研究方法、研究範圍等。例如題名為《雅舍小品補遺：1928-1948》、《現代投資學：分析與管理》等，其中「1928-1948」、「分析與管理」即具有題名說明文字之作用。(二)副題名之類型：根據以上之分析，可以歸納出副題名主要有兩種類型：其一、「解釋題名」之副題名，正題名如係「文學性之題名」，通常不具有直接且顯豁揭示文獻內容性質或學科主題之功能，必須借助副題名始足以揭示之。因此，此一類型之副題名，在揭示文獻內容主題或文獻檢索標識均有其重要的價值。此亦即必須為此類型副題名編製檢索款目之緣由所在。其二、「題名說明文字」之副題名，係針對文獻學科主題、研究範圍所作之限制，或針對文獻內容性質作進一步的說明或補充。由於該類型之副題名未具有直接識別文獻的功能，因此不能作為檢索文獻的標識，至多只對文獻內容性質、文獻檢索起限定或補充之作用。此亦即不必為此類副題名編製檢索款目之緣由所在。(三)由上分析可得知，針對副題名編製檢索款目時，是以具有「解釋題名」作用之副題名，即具有檢索意義之副題名為限，至於屬於「題名說明文字」性質之副題名，則不必為之編製檢索款目，以收簡省之效。為副題名編製檢索款目之主要目的，在於增加文獻檢索的途徑。換句話說，即讀者不論以正題名或副題名檢索，均可直接查獲該文獻，從而實現增進文獻檢索之功能,編目法
22991,2010-01-01,22991_A01,以《中國機讀編目格式》（C-MARC）為編目規範工具，對於大陸出版品「在版編目」（CIP）主題詞的欄位6__「段之」$2「標題系統代碼」該如何記錄？,以《中國機讀編目格式》（C-MARC）為編目規範工具，由於大陸出版品「在版編目」（CIP）主題詞的標引規範工具為《漢語主題詞表》，因此《中國機讀編目格式》欄位6__「段之」$2「標題系統代碼」記錄為「cth」。,機讀編目格式
22992,2010-01-01,22992_A01,美國機讀編目格式與中國機讀編目格式是否有對照表可供參考？,"臺灣地區確有美國機讀編目格式(US-MARC)與中國機讀編目格式(C-MARC)對照的規範工具。茲為明瞭起見，略述該書之編訂緣起及其有關內容如後，藉以提供參考。臺灣地區圖書館所使用之機讀編目格式，主要有中國機讀編目格式、美國機讀編目格式兩種。為了方便書目資訊交換，教育部曾委請中國圖書館學會研訂中國與美國兩種機讀編目格式之對照表，以供圖書館界參考並利界面之開發。此即《中國機讀編目格式第三版轉至美國機讀編目格式對照表》(中國圖書館學會圖書館自動化規劃委員會研訂，臺北：教育部，1993.12)編訂之緣起。《對照表》內容主體係採對照表形式編排，分左、右兩欄，左右欄並各自劃分欄號、位址、位數、資料單元名稱""4個小欄，分別記錄""中國機讀編目格式""和""美國機讀編目格式""相關欄位資料。表欄另設有""備註""欄。欄位對照資料，自""記錄標示""資料起，迄於""1__""段至""8__""段為止。書末另有6種附錄資料。",機讀編目格式
22993,2010-01-01,22993_A01,“ISO-2709”機讀編目格式之分隔符號是否有新舊之分？,“ISO-2709”機讀編目格式之分隔符號並無新舊之分，但存有現實考量的問題。,機讀編目格式
22993,2010-01-01,22993_A02,“ISO-2709”機讀編目格式之詳細資料如何取得？,可參考《中國機讀編目格式》（第4版）附錄中提及的國際標準符號，或查閱「ISO-2709」機讀編目格式之書目記錄相關符號彙解，其中說明了「1D」（記錄分隔）對應「←→」（雙箭頭）等標準符號。,機讀編目格式
22994,2010-01-01,22994_A01,將輔助著者誤記於欄位700會產生什麼結果？,對於著者檢索款目及人名權威記錄之建立基本上無影響。,編目法
22994,2010-01-01,22994_A02,為何會產生這樣的結果？,主要著者與輔助著者的觀念係來自西洋的編目傳統(《英美編目規則》即為代表)，而此一傳統與西洋人尊重個人創作及智慧財產權有關。,編目法
22995,2010-01-01,22995_A01,從NBINet下載的書目記錄數據中，欄位801「出處欄」記錄之「原始編目單位代碼」等數據，是否宜改為「抄錄編目單位代號」？或是原始編目單位代碼保留不刪除，以便查知該筆書目記錄的數據抄自何處？,《中國機讀編目格式》欄位801(出處欄)，主要是為了記錄「原始編目，輸入電子計算機、修改或發行記錄之單位及處理日期，以及所採用之《中國機讀編目格式》版本」而設計的。抄錄編目時，既要記錄書目數據的「原始來源單位」(即「原始編目單位」)，也要記錄「後繼來源單位」(即「抄錄編目單位」)。其中，「原始編目單位」用代碼「0」，「抄錄編目單位」用代碼「2」。,機讀編目格式
22995,2010-01-01,22995_A02,設計「出處欄」的用意何在？目的是為了抄錄編目時，記錄書目數據的「原始來源單位」(即原始編目單位)，還是「後繼來源單位」(即抄錄編目單位)？,欄位801之「指標」有二，指標1：「未定，以空格表示」。指標2：「說明該單位執行的事項」，以阿拉伯數字「0-3」表示之。例如「0」表示「原始編目單位」，「1」表示「輸入電子計算機單位」，「2」表示「修改記錄單位」，「3」表示「發行記錄單位」。從上述可知，「指標2」的執行事項，可能涉及4個單位，此即「原始編目單位、輸入電子計算機單位、修改記錄單位、發行記錄單位」。,機讀編目格式
22996,2010-01-01,22996_A01,《中國機讀編目格式》(第4版)欄位102及欄位801中，臺灣地區代碼應為何？,臺灣之地區代碼應為「tw」。《中國機讀編目格式》(第4版)修訂時已採用「ISO - 3166 - 1993」制定之「tw」為臺灣之地區代碼，此即該書「附錄7」所列者。,機讀編目格式
22996,2010-01-01,22996_A02,為何《中國機讀編目格式》(第4版)正文實例使用「cw」而附錄7使用「tw」？,「cw」係當時參與修訂者特別為臺灣擬訂的代碼，並非採「ISO - 3166 - 1981」所制定，此在該書第2冊(即附錄部分)，頁77有相關說明文字可稽。後因修訂時採用「ISO - 3166 - 1993」制定之「tw」，導致正文實例未同步更正，產生分歧現象。,其他
22996,2010-01-01,22996_A03,《NBINet合作編目書目資料處理原則》對臺灣地區代碼有何建議？,《NBINet合作編目書目資料處理原則》建議各合作館宜將臺灣之地區代碼「cw」改為「tw」，間接說明臺灣地區正確代碼應為「tw」。,其他
22997,2010-01-01,22997_A01,會議論文集編目時，機讀編目格式‘Tag200之$f’和‘Tag712之$a’是否都是記錄主辦單位？,不管會議論文集的主辦者與主編者是否相同，將「主辦者」記錄於機讀編目格式Tag200之$f及Tag712之$a，基本上是正確的。,編目法
22998,2010-01-01,22998_A01,會議屆次應記錄於那一欄號？,"有關會議之屆次，如採分散著錄方式，應記錄於Tag200""之""$h""；如採整套著錄方式，則應記錄於""Tag327""。",編目法
22998,2010-01-01,22998_A02,會議時間應記錄於那一欄號？,"有關會議之時間、地點等事項，應記載於""Tag327""。",權威控制
22998,2010-01-01,22998_A03,會議地點應記錄於那一欄號？,"有關會議之時間、地點等事項，應記載於""Tag327""。",權威控制
22999,2010-01-01,22999_A01,《中國機讀編目格式》（第3版）欄位610是否用來記錄標題規範工具未收而由編目人員自行編訂的檢索詞？,《中國機讀編目格式》（第3版）設欄位610之作用，是用來記錄標題系統之外「非控制主題詞彙」。以臺灣地區圖書館為例，應指《中文圖書標題表》以外其他非控制的檢索詞彙而言。依其意，編目人員自行補訂的非控制檢索詞彙自然包括在內，唯依《中文圖書標題表》編前「使用說明」，則以該表提及之「自由詞」為限。,其他
23000,2010-01-01,23000_A01,「記錄類型」填寫後是否需填寫相應的「定長欄」資料？,"資料單元「記錄類型」中之樂譜、地圖資料、縮影資料、錄音資料、電腦檔、善本書、拓片等，與欄位105-135「資料代碼欄」的填寫有相應的關係。例如「記錄類型」填的如為e""（地圖資料），相應的其資料代碼欄位應為120-124；""記錄類型""填的如為h""（縮影資），相應的其資料代碼欄位應為130。",機讀編目格式
23000,2010-01-01,23000_A02,「書目性質」填寫後是否需填寫相應的「定長欄」資料？,"資料單元「書目性質」中4種情況:""a = 分析款目""、""c = 合集""、""m = 單行本""、""s = 連續性出版品""，與欄位100之出版情況和出版年、欄位105、欄位110等有關。例如""書目性質""填的如為m""，欄位100之出版情況應填d""（或""f"",""g""），同時填欄位110；""書目性質""填的如為s""，欄位100之出版情況應填a""（或""b"",""c""），同時填欄位110。",編目法
23001,2010-01-01,23001_A01,機讀格式填寫「記錄標示」時，「記錄類型」及「書目性質」是否有資料類型上的限制？,"「記錄類型」必須就「a, b, c…」等資料類型中選填一種相符的代碼，書目性質必須就「a, c, m, s」4種情況選填一種相符的情況。",編目法
23001,2010-01-01,23001_A02,欄位「206」是否屬於「記錄標示」部分的資料類型限制範疇？,欄位「206」係地圖資料之特殊細節項，是為填入有關地圖資料之比例尺、投影法、經緯度、晝夜平分點等製圖細節項資料而設的，與記錄標示部分之記錄類型似無直接關係，或許是誤解所致。,編目法
23002,2010-01-01,23002_A01,附註項是否可做全文檢索？,附註項是否可作全文檢索，端視自動化系統是否提供此項功能，所以是系統的設計問題。例如本館「博碩士論文資訊網」便提供附註項的全文檢索；而URICA系統也提供附註項全文檢索，只是本館未購買這部份功能。,其他
23003,2010-01-01,23003_A01,自動化廠商要如何因應這過渡時期的資料轉換？,目前大部分的圖書館仍採用第三版，一來是唯恐轉換有問題，二來是唯恐拷貝編目來源受限，故而大多抱持觀望態度，不太敢貿然改用第四版。 有些自動化廠商已採用彈性設計，將三版與四版之欄位均予以建立，資料的轉出轉入均可接受三版與四版。,其他
23004,2010-01-01,23004_A01,中國機讀編目格式三版與四版如何混用，或只取其一？,由於目前網路資源的普遍運用，加以中國機讀編目格式第四版有增加處理網路資源文獻的欄位（856），有些單位如國家圖書館編目組、書目資訊中心、臺灣大學圖書館、中原大學圖書館等已使用該欄位來加註電子資源位址。建議在避免三版與四版欄位衝突狀況下，可酌予採用部分欄位以擴增機讀編目格式的使用效益。,機讀編目格式
23005,2010-01-01,23005_A01,以《中國機讀編目格式》（CMARC）為編目規範工具，作者索甲仁波切的「tag200 $a」應如何記錄？,"CMARC題名及著者敘述項應記錄為""Tag200 1_ $a 索甲撰""。",編目法
23005,2010-01-01,23005_A02,"以《中國機讀編目格式》（CMARC）為編目規範工具，作者索甲仁波切的「tag700 $a, $b」應如何記錄？","著者檢索標目應記錄為""Tag700 _0 $a 索甲""。",編目法
23006,2010-01-01,23006_A01,"當館藏只有平裝本時，文獻著錄時其Usmarc欄位008, 260, 500以及索書號之年代號應如何著錄及標引？",Usmarc欄位著錄：Tag008（基本上無差異，可依該書提供之數據著錄）Tag260 $a出版地 $b出版者 $c2008 Tag500 $aOriginally published: 1971. Tag500 $aPaper ed. digitally printed version 2008. 索書號標引：精平裝之分類號及作者號基本相同，不同之處為年代號，故該書2008年版其索書號可標引為『分類號／作者號／2008』。,機讀編目格式
23006,2010-01-01,23006_A02,平裝本版權頁註明『This digitally printed version 2008...』時，索書號應如何標引？,索書號中之斜撇號（／）係表示分行書寫或排印之意，並非是索書號之一部分。該書2008年版其索書號可標引為『分類號／作者號／2008』，其中『分類號／作者號』係表示該書之前身，即原書第1版之索書號，年代號則是該書新版之年代號。,作者號及輔助區分號
23007,2010-01-01,23007_A01,本館中文書原來依《中國編目規則》編目，西文書依《AACR-2》編目，編目系統原採CMARC格式建檔。今因汰換系統的關係，擬改採MARC 21格式，同時中文書擬改依《AACR-2》編目，不知是否可行？若確實可行，須注意哪些地方？,貴館因汰換系統關係而改採MARC 21格式建檔，同時將中文書改依《AACR-2》編目，基本上應是可行的。因為，當年《中國編目規則》編訂之際，曾參考了《AACR-2》等編目規範，同時這兩種規則間的著錄項目大多數也具有對應的關係。必須特別指出，以CMARC格式建檔，其標點符號係由系統自動產生的，如改採MARC 21格式建檔，則此後須由編目人員自行鍵入，此應特別注意。另外，由CMARC格式轉檔為MARC 21格式時，其標點符號應如何呈現補入，應事先加以規劃。,編目法
23007,2010-01-01,23007_A02,市面上是否有依MARC 21格式建檔的中文範例書或手冊？,本地及中國大陸未見有關MARC21（本文）譯本，但北京圖書館出版社倒編印了2種《使用手冊》。茲簡列2種書目紀錄如下：MARC21書目數據格式使用手冊 國家圖書館MARC21格式使用手冊課題組編著 北京市 北京圖書館出版社 2005.09 （MARC21格式使用手冊之一）；MARC21規範數據格式使用手冊 國家圖書館MARC21格式使用手冊課題組編著 北京市 北京圖書館出版社 2005.09 （MARC21格式使用手冊之二）,機讀編目格式
23008,2010-01-01,23008_A01,tag 215 $c 中的 'plate' 所指的是什麼？,1 plate：圖版。通常選用比內文用紙紙質較好、較厚的紙，以印製圖像、畫作等。（表現畫素或像素較優，且容易上色）單面或雙面印製。,編目法
23008,2010-01-01,23008_A02,tag 215 $c 中的 'port' 所指的是什麼？,2 port：像。通常無背景，純粹以表現人物為主。,其他
23008,2010-01-01,23008_A03,tag 215 $c 中的 'table' 所指的是什麼？,3 table：表格。以線條來表達統計數據或文字內容者。其中，文字內容必須具有可分析的項目或具可比較的項目。,編目法
23008,2010-01-01,23008_A04,tag 215 $c 中的 'facsimile' 所指的是什麼？,"4 facsimile：書影。英文""facsimile""一詞有二義，即影抄或書影。但作為圖的一種，其義只能是""書影""，而不會是""影抄""，蓋後者是圖書製作方法之一。",編目法
23009,2010-01-01,23009_A01,文獻編目時，13碼的 ISBN是否需要記錄？,如果出版品同時編有10碼及13碼編制的ISBN，圖書館電腦系統功能又允許的話，請將13碼編制的ISBN重複記錄於CMarc欄位010。,機讀編目格式
23009,2010-01-01,23009_A02,13碼的ISBN記錄方式是否與10碼的ISBN相同？,記錄之順序，10碼編制的ISBN在前，13碼編制的ISBN在後。目前，美國國會圖書館及OCLC均採此種作法，如欲知其詳，進一步可檢閱前二者相關資料。,其他
23010,2010-01-01,23010_A01,現今多數圖書館的書目記錄是否都不註明圖書價格？,文獻上如有價格，建議書目記錄應時以著錄為宜。至少對於文獻如有遺失或污損情事時，可作為賠償資參考的依據之一。不過，如書目記錄建檔時，由於某種因素，未曾記錄價格；而目前之人力、財力又無法支援時，亦不必刻意加以補上，以免產生排擠效應而影響及其他作業之優先順序。,編目法
23010,2010-01-01,23010_A02,若為『非賣品』之圖書，書目記錄中『價格欄』應如何填寫？,如為『非賣品』，可於價格欄即以『非賣品』字樣著錄之。,編目法
23011,2010-01-01,23011_A01,日文書目紀錄中日文假名應如何在電腦螢光幕上顯示？,日文假名之顯示主要繫於系統是否具備支援此項功能；若不具備，可加裝相關軟體（例如櫻花輸入法軟體）以資補救。,權威控制
23011,2010-01-01,23011_A02,日文書目紀錄中日文漢字應如何在電腦螢光幕上顯示？,顯示日文漢字之功能並非國內所有日文字形軟體都具備，需確認軟體是否支援此功能。,其他
23012,2010-01-01,23012_A01,若一期刊刊名的主要部份相同，只有次要部份變動，是否需要為新刊名另建一筆書目記錄？,根據貴館所提之問題性質，建議不妨酌採『沿用原有書目記錄』的作法，即不必另建一筆新的書目記錄，以求簡便省力。,編目法
23012,2010-01-01,23012_A02,如不需另建書目記錄，則原書目記錄應如何修改？,只需在原有書目記錄附註項加註新刊名的附註文字即可。必要時，可在欄位517增加刊名的檢索款目。,編目法
23013,2010-01-01,23013_A01,以國內環境而言，對於大陸出版品的編目，是否需要採簡字體建檔？,大陸出版品以簡體本排印，編目時如按「照錄原則」，理應以簡體字照錄。但衡諸實際，以簡體字著錄或建檔有它困難或不便的地方。首先，就照錄原則來說，它應只是一條「因事制宜」的原則，而不是一成不變的條文，其實字體若超出常用範圍（例如篆字）或鍵盤未置備之字體（例如藏文、俄文、阿拉伯文等字母），通常只能改用相應的字體或字母著錄。準此而論，如以繁體字著錄或建檔，基本上應無照錄原則不適用之理。其次，就電腦鍵入、顯示、查檢功能來說，這數項功能未必是相應具備的，鍵入沒問題，並不表示顯示或查檢沒問題，因此若用簡體字著錄或建檔，反而造成某些不必要的不便與困擾。第三，就使用者查找習慣來說，多數使用者較不習慣使用簡體字檢索；同時，現在電腦軟體功能強大，只要置備繁簡字體對照的軟體，即使以繁體字著錄或建檔，經由轉換過程均可顯示或查檢。最後，就電腦系統來說，對大陸出版品是否採用不同的著錄或建檔方式，需視各館所使用的系統是否支援中文環境而定，不論一概而論（例如傳技系統V.S INNOPAC系統）。就我們所知，國立清華大學圖書館所採之系統為Big-5碼環境，所以採繁體字著錄或建檔；國立臺灣大學圖書館及國立政治大學圖書館，因系統可以處理簡體字體，所以採照錄原則。至於本館對大陸出版品著錄與建檔的經驗，略述如後，提供參考：(1)民國82年10月以前，以繁體字著錄建檔；(2)82年11月至88年4月，集叢項之前著錄主體及題名檢索以簡體字著錄，其餘項目以繁體字著錄；(3)88年5月迄今，以繁體字著錄。之所以又恢復以繁體字著錄，其原因有三：(1)檢索困難；(2)因選用之輸入法不同而影響到字形，致使複本比對不易；(3)利用大陸國家書目光盤拷貝書目資料（原書目資料為GB碼，轉出後為繁體字）,編目法
23014,2010-01-01,23014_A01,若圖書館內書籍欄位格式有誤且屬個別欄位，應如何處理？,應一筆一筆檢查更正。,機讀編目格式
23014,2010-01-01,23014_A02,若圖書館內書籍欄位格式有誤且屬固定位置欄位，應如何處理？,可用程式進行全盤修正。,機讀編目格式
23015,2010-01-01,23015_A01,"為何97年版《中國編目規則》（第三版）乙書所附《編目規則》與《機讀格式》欄位之對照，300段出現欄位301-337等多個欄位，而《中國機讀編目格式》（第四版）僅有欄位300, 327, 328, 330等4個欄位？",臺端提問中出現之‘97年版《中國編目規則》（第三版）乙書所附《編目規則》與《機讀格式》欄位之對照’之敘述文字，不知出自何處？我們查過相關書籍，似未見《中國編目規則》（第三版）有附《編目規則》與《機讀格式》欄位之對照這份資料？是否請 臺端再查證一次並補述之，以利解答作業之進行。,機讀編目格式
23015,2010-01-01,23015_A02,目前最新版《中國機讀編目格式》是第幾版？《中國機讀編目格式》300段包含多少個欄位？,"目前最新版《中國機讀編目格式》民國90年版，國家圖書館91年12月印行。90年版之前一版為《中國機讀編目格式》第4版，國立中央圖書館86年6月印行。不過，圖書館界較為通行之版本，則是《中國機讀編目格式》第3版，國立中央圖書館78年10月年印行。《中國機讀編目格式》300段欄位數因版次不同而異，第3版有29個欄位，第4版及民國90年版均為4個（欄位300, 327, 328, 330）。",機讀編目格式
23016,2010-01-01,23016_A01,《中國機讀編目格式》欄位101作品語言能否區分繁體中文字或簡體中文字？,廣義的語言雖然包括了文字，但狹義的語言則不包括文字在內，把語言與文字視為兩種不同概念的詞彙也未嘗不可。由前述觀點出發，《中國機讀編目格式》欄位101作品語言，著錄的是『作品語言』而不是『作品文字』（即漢語的形體部分），自然也就不會涉及中文的簡繁字體了。,機讀編目格式
23018,2010-01-01,23018_A01,Marc 21欄位246指標1所謂「有附註」、「無附註」，究竟是何意？,"Marc 21欄位246「Varying Form of Title」指標1：First Indicator，係指明是否產生附註及是否編製檢索款目（Note/added entry controller）之意。指標1有4種情況：‧0 Note, no added entry（產生附註，但不編製檢索款目）‧1 Note, added entry（產生附註，同時也編製檢索款目）‧2 No note, no added entry（不產生附註，也不編製檢索款目）‧3 No note, added entry（不產生附註，但編製檢索款目）",機讀編目格式
23018,2010-01-01,23018_A02,Marc 21欄位246指標1所謂之「附註」，所指的對象到底為何？,「附註」所指之對象，主要為欄位246之內容，包含主要題名（Title proper/short title）、副題名（Remainder of title）、編次（Number of part）、編次名稱（Name of part）、前導用語（Display text）等。,機讀編目格式
23018,2010-01-01,23018_A03,在 MARC 21 欄位 246（不同形式題名）中，第一指標設定的「有附註」和「無附註」具體含意與實際作用為何？,「有附註」應係指產生附註之意；「無附註」應指不產生附註之意。是否編製檢索款目也有兩種情況，即編製檢索款目和不編製檢索款目。如以是否產生附註和是否編製檢索款目二者加以組配，即產生上列「指標1」的4種情況。,機讀編目格式
23019,2010-01-01,23019_A01,USMARC欄位440與490之集叢敘述，兩者紀錄的差異為何？,US MARC欄位440相當於C MARC欄位225（指標為「2_」）及410，表示此叢書名係規範形式叢書名，可直接作為檢索款目；US MARC欄位490相當於C MARC欄位225，其指標為「0_」時為不規範形式叢書名，需於欄位830著錄規範形式叢書名，指標為「1_」時則不作檢索款目。,機讀編目格式
23019,2010-01-01,23019_A02,進行文獻著錄時，何種情況適用於欄位440，何種情況適用於欄位490？,當叢書名為規範形式且可直接作為檢索款目時，適用欄位440；當叢書名為不規範形式且需配合欄位830著錄規範形式叢書名時，適用欄位490（指標為「0_」），或當叢書名不作檢索款目時（指標為「1_」）也適用欄位490。,編目法
23020,2010-01-01,23020_A01,「塞爾維亞」出版國別代碼為何？,「塞爾維亞」無獨立國別代碼，應使用南斯拉夫之國別代碼「YU」（實際鍵檔時應為「yu」）。因南斯拉夫聯邦除塞爾維亞外，其餘成員邦已獨立，故現行標準僅保留「YU」代碼，建議依此記錄。,其他
23021,2010-01-01,23021_A01,西文機讀編目格式Tag500劃一題名，具有何種功能？,劃一題名可以針對同書不同名稱之版本、同書不同媒體取不同題名、同書不同譯本，以及經典性文學作品、經典性宗教作品、法律文本、音樂作品等文獻，具有彙集且便於研閱的功能。詳細內容，請參閱AACR-2第25章。,編目法
23022,2010-01-01,23022_A01,欄位311附註項相關題名附註,本館有關欄位311附註項相關題名附註，以前有“另一譯（題）名： xx ”、“另二譯（題）名： xx ” 、“另有譯（題）名： xx ”、“另有中譯名： xx ”等不同著錄格式。茲為著錄上簡省及一致起見，擬自即日起統一著錄格式如下： 311 __ $a另有譯（題）名： xx … … 只有一種不同譯（題）名 311 __ $a另有譯（題）名： xx；xx … … 有兩種以上不同譯（題）名,編目法
23023,2010-01-01,23023_A01,欄位102‘出版國別代碼’之填寫作法,有關欄位102‘出版國別代碼’之填寫，統一作法如下： ※1949年以前（含）中國出版者，出版國別代碼填‘cw’ ※1950年以後（含）中國出版者，出版國別代碼填‘cn’ ※1949年以前（含）臺灣出版者，出版國別代碼填‘tw’ ※1950年以後（含）臺灣（中華民國）出版者，出版國別代碼填‘tw’,編目法
23024,2010-01-01,23024_A01,訪談錄、口述歷史等文獻的傳記類型如何歸類？,訪談錄、口述歷史等文獻，其傳記類型視為自傳。,權威控制
23024,2010-01-01,23024_A02,欄位105代碼資料應如何填寫？,欄位105代碼資料填『a』（自傳）。※【注意】作者號仍取兩行號碼，第一行為被傳者號碼，第二行為該傳記之作者號碼。,編目法
23025,2010-01-01,23025_A01,待編文獻有主編者且主編者與首著者為不同兩個人時，應如何處理？,著者及主編者分別依序著錄於欄位200分欄f及分欄g，主編者須編製檢索款目（欄位702），惟著者不必編製檢索款目，同時著者號依主編者取號。,編目法
23025,2010-01-01,23025_A02,待編文獻有主編者且主編者與首著者為同一個人時，應如何處理？,欄位200只著錄主編者即可，著者則省略不必著錄。,編目法
23026,2010-01-01,23026_A01,語文代碼訂正,《中國機讀編目格式》（第三版）附錄第129頁，有關語文代碼「Finnish」誤譯為荷蘭語乙節，茲訂正如下： 【訂正前】 fin – Finnish 荷蘭語 【訂正後】 fin – Finnish 芬蘭語,機讀編目格式
23027,2010-01-01,23027_A01,有關《中國機讀編目格式》欄位215，著錄時對於『部分有圖』之情況，是否統一著錄如下圖？,對於機讀編目格式中215『圖』的著錄情況，區分為兩部分：其一、從色彩看，檢視『圖』是否為黑白圖（全部黑白圖）、彩圖（全部彩圖）或部分彩圖（即間有彩圖及黑白圖）；其二從形制看，檢視是否為摺頁，即將書頁分為一般書頁及摺頁兩種形制。其著錄格式整理如下表： 一般書頁 部分彩圖 黑白圖 彩圖 無插圖 摺頁部分 部分彩圖 215 0_ $c 215 0_ $c 215 0_ $c 215 0_ $c 部分彩圖，部分摺圖 部分彩圖，部分摺圖 部分彩圖，部分摺圖 部分彩摺圖 黑 白 圖 215 0_ $c 215 0_ $c 215 0_ $c 215 0_ $c 部分彩圖，部分摺圖 部分摺圖 部分彩圖，部分摺圖 摺圖 彩    圖 215 0_ $c 215 0_ $c 215 0_ $c 215 0_ $c 部分彩圖，部分摺圖 部分彩圖，部分摺圖 彩圖，部分摺圖 彩摺圖,編目法
23028,2010-01-01,23028_A01,圖書館若數年前已收藏了精裝本，現在再添購平裝本，可否將精、平裝本同時著錄於同一筆書目紀錄中，將平裝本視為複本書？,西文書精裝本出版數年後，再出版平裝本，如兩種版式內容不同有變動，應視為兩種不同版本，分別記錄為兩筆書目紀錄。如兩種版式內容無任何變動，可視為同一書，記錄於同一筆書目紀錄，惟應於附註項註明精平裝之不同出版年代，以明二者之差別。,編目法
23028,2010-01-01,23028_A02,書目紀錄中的年代號是否須同時訂正？,索書號中之出版年，通常不標引，如須標引應標引與先前已著錄過之較早年代（即2005），最新年代（即2008）於附註項註明即可。,作者號及輔助區分號
23028,2010-01-01,23028_A03,平裝本的分類索書號之年代號又應如何標引，是2005還是2008？,索書號中之出版年，通常不標引，如須標引應標引與先前已著錄過之較早年代（即2005），最新年代（即2008）於附註項註明即可。,作者號及輔助區分號
23029,2010-01-01,23029_A01,《民國珍稀短刊斷刊》套書是否屬於期刊性質？,貴館所購套書《民國珍稀短刊斷刊》，依臺端所提供之書目訊息，係據各種期刊複印的匯編本。就此而言，它應該是圖書而非期刊。,其他
23029,2010-01-01,23029_A02,該套書應採用何種編目方式處理？,建議改採套書編目方式處理，必要時並於附註項加註相關說明文字，以明該套書相關資訊及其原委。,編目政策與管理
23030,2010-01-01,23030_A01,在有書名頁的情況下，若「著者」資訊來自版權頁，是否需要加方括號？,照錄之不必加方括號，惟須將著錄來源記於附註項。,作者號及輔助區分號
23030,2010-01-01,23030_A02,在無書名頁的情況下，版權頁的著錄內容是否也不需加方括號？,版權頁之著錄內容已替代了主要著錄來源，自也不必加方括號，惟應於附註項註明著者之著錄來源。,編目法
23030,2010-01-01,23030_A03,不論書名頁有無，凡得自版權頁或封面的著錄資訊，是否均不必加方括號且需於附註項註明？,是的，不論書名頁有無，凡得自版權頁或封面的著錄資訊，均不必加方括號，但都要在附註項註明。,作者號及輔助區分號
23031,2010-01-01,23031_A01,在有書名頁的情況下，若「著者」係得自版權頁，著錄時「著者敘述」是否須加方括弧？,在有書名頁情況之下，假如「著者」係得自版權頁，照錄之不必加方括號，惟須將其著錄來源記於附註項。,作者號及輔助區分號
23031,2010-01-01,23031_A02,在沒有書名頁的情況下，「著者敘述」是否須加方括弧？,在沒有書名頁的情況下，則版權頁之著錄內容已替代了主要著錄來源，自也不必加方括號，惟應於附註項註明著者之著錄來源。,作者號及輔助區分號
23032,2010-01-01,23032_A01,版本項應如何著錄？,各分卷版次如有變動情形，主要指第2版以後之各個版次，則著錄於附註項。,編目法
23032,2010-01-01,23032_A02,出版年應如何著錄？,著文獻各分卷最早及最晚之初（出）版年代。,編目法
23033,2010-01-01,23033_A01,一書沒有作者，但有主編（或總編輯）、編輯、執行主編、執行編輯等資料，依《中國機讀編目格式》規範，欄位200 $f著錄之順序應為何？,1 題名及著者敘述項所著錄之『著作方式』，係廣義用法，除了『著』、『撰』、『編著』、『編撰』外，其餘著作方式如編、主編、譯、注、繪、刻、攝、製作、錄等也包括在內。 2 一書未有著者（狹義用法），則可著錄主編者或編者。著錄時除非確知不同著作方式，在文獻中所負職責之輕重、主次，由編目人員依其著作職責之大小，以調整其著錄順序；否則，通常依版權頁所載之著作方式順序著錄之。著錄時著錄文字，也以版權頁所載為準，並完全照錄之。茲舉示如下： 【A文獻版權頁】 xx 總編輯 xx 編輯 【A文獻書目紀錄】 200 $f xx 總編輯 $g xx 編輯 【B文獻版權頁】 xx 執行主編 xx 執行編輯 【B文獻書目紀錄】 200 $f xx 執行主編 $g xx 執行編輯,編目法
23034,2010-01-01,23034_A01,舊版《中國編目規則》對於出版年為西元年的著錄方式為何？,舊版《中國編目規則》規定先著錄西元年，其後再以方括弧加註民國年。,編目法
23034,2010-01-01,23034_A02,新版《中國編目規則》對於出版年為西元年的著錄方式為何？,新版《中國編目規則》規定以照錄西元年為準，其後不必加註民國年。,編目法
23035,2010-01-01,23035_A01,書名頁上「出版者」之後印有年代（如「National xx Publisher‧2006」），是否可作為MARC欄位260「出版年」的來源依據？,依編目規則「出版年」的著錄來源依據，仍以版權頁所載為準，如無版頁才考慮選用文獻其他位置上之數據為著錄來源之依據。,編目法
23035,2010-01-01,23035_A02,著錄西文書「出版年」時，是否仍以版權頁上出版年（或版權年）為準？,是的，應先以版權頁之出版年（或版權年）為準，無版權頁時再考慮以書名頁之出版年為著錄來源依據。,編目法
23036,2010-01-01,23036_A01,單篇文獻應依什麼規範進行著錄？,單篇文獻應檢閱《中國編目規則》並無直接規範單篇文獻的著錄規則可資適用，惟仍可參考《中國編目規則》『第14章 分析』之『14.5 在分析』加以變通之。,編目法
23036,2010-01-01,23036_A02,單篇文獻著錄應如何處理？,在實用採用之際，應多加斟酌並進一步參考相關資料或做法為宜。因『14.5 在分析』之著錄格式主要係針對卡片目錄加以設計，至於機讀目錄應如何記錄，應記錄於什麼欄位，使用起來不無疑義。,機讀編目格式
23037,2010-01-01,23037_A01,若是書籍所附插圖為較優質紙張精印，且列入正文頁碼之「圖版」，是否可直接著錄「20面，圖版，25公分」？,「圖版」一詞，係指用較優紙張精印的圖像，通常頁碼不與正文頁碼合計。因為在圖書編輯過程中，通常是與文字版相對的一道編輯工序，頁碼通常另計。,編目法
23037,2010-01-01,23037_A02,插圖同時出現「像」、「地圖」及「圖版」時，「圖版」之著錄順序排於何者之後？,根據上述，對於文獻著錄來說，有兩項涵意：其一、未計入正文之圖版，$a除記錄其面頁數外，$c也應記錄其圖表種類，例如記錄為「圖」、「彩圖」（但不應記錄為「圖版」）；其二、若其頁碼已計入正文者，$a不必記錄，只須於$c記錄其圖表種類即可。,編目法
23037,2010-01-01,23037_A03,插圖敘述用語中並無「照片」一詞，但《中國編目機讀格式》卻有含照片之插圖代碼。請問著錄插圖時，是否可逕以「照片」著錄之？,至於記錄為「照片」，《中國編目規則》雖未有規定，但衡之於實務，應是可接受的。,編目法
23038,2010-01-01,23038_A01,機讀編目格式欄位210 $d記錄民國年份時，是否應使用方括號而非問號？,著錄上加註方括號，即表示該項之著錄內容為編目人員所加，不必再加問號，故並非如臺端所舉示之『[民48？]』。,機讀編目格式
23038,2010-01-01,23038_A02,在方括號民國年代後加註西元年代應如何記錄？,加註方括號之民國年代，其後再加註西元年代應無問題。其著錄格式為『[民48]（1959）』。,編目法
23039,2010-01-01,23039_A01,課文朗讀CD與MP3應歸類為錄音資料或電子資源著錄？,課文朗讀CD或「課文朗讀 + 廣播內容講解之MP3」為雷射唱片，因非互動式的，故以錄音資料著錄；但如為互動式的課文朗讀資料，則視為電子資源著錄加以著錄。,編目法
23039,2010-01-01,23039_A02,如何區分錄音資料與電子資源的著錄方式？,易言之，凡以電子資源著錄者，其載體為互動式；凡以錄音資料著錄者，其載體為非互動。,編目法
23040,2010-01-01,23040_A01,《中國編目規則》（第3版，94年）頁10-11資料類型標示「多媒體組」是否有印刷上的錯誤？,謝謝妳的細心和發現，使吾人有校訂錯誤的機會。或許當時校對疏忽所致，故將「多媒體組件」誤為「多媒體組」，將來修訂時自當依 臺端意見加以校改。,其他
23040,2010-01-01,23040_A02,「多媒體組」究竟是印刷錯誤，抑或新版改名所致？,謝謝妳的細心和發現，使吾人有校訂錯誤的機會。或許當時校對疏忽所致，故將「多媒體組件」誤為「多媒體組」，將來修訂時自當依 臺端意見加以校改。,其他
23041,2010-01-01,23041_A01,視聽資料編目時，若有總代理公司（或送審公司）與公播總代理公司，其出版者應如何著錄？,視聽資料之標籤，有碟片標籤、片盒標籤以及片盒上黏貼標籤之分。作為著錄來源之依據，此數處標籤之數據，在著錄時其重要性位階是不同的。大體來說，重要性位階最高者為碟片標籤，次為片盒標籤，再次為片盒上黏貼標籤。實際著錄時，如前述三處均有出版發行數據，應將碟片標籤所提供之數據記錄於出版項或欄位210$c，其他二處之數據則記錄於附註項或欄位306。（編目規範工具為《中國編目規則》《中國機讀編目格式》）,編目法
23042,2010-01-01,23042_A01,教科書索書號之年代號是否可用學年度代替？,答案應是肯定的。本人認為 臺端實可以學年度來標引年代號，庶幾可免讀者不必要之困擾。,其他
23042,2010-01-01,23042_A02,為何教科書索書號之年代號可用學年度代替？,在編目實務中，分類索書號中之年代號，不一定就是出版年。例如有年代編號之出版品（年代往往比出版年晚或早一年），通常會以年代編號來標引年代號。原因是年代編號一經編定，即不會隨意變化；但出版年則往往隨文獻再版而改變，故標引年代號時，採年代編號常常優於採出版年。,作者號及輔助區分號
23043,2010-01-01,23043_A01,一套書共有8冊但館藏不全時，稽核項（欄位215）冊數應如何著錄？,稽核項（欄位215）應記錄為「8冊」，反映文獻出版情況。,編目法
23043,2010-01-01,23043_A02,是否需要於附註項註明實際收藏情況？,必要時可於附註項（欄位300或欄位333）註明實際收藏情況。,編目法
23044,2010-01-01,23044_A01,團體作者為「國立大學」，文獻著錄時團體標目「國立」兩字是否可省略？私立大學的「私立」兩字是否也可省略？,依《中國編目規則》相關規定，「國立」兩字不可省略，「私立」兩字亦不可省略。,其他
23044,2010-01-01,23044_A02,為何不同圖書館對「國立」與「私立」的處理方式存在差異？,因《中國編目規則》未明確規定「國立」與「私立」是否可省略，導致各圖書館依據實際需求或歷史慣例進行不同處理。,其他
23044,2010-01-01,23044_A03,學系是否應著錄於團體標目之「副標目」？,學系應著錄於團體標目之「副標目」，以明確標示該團體之屬性與範疇。,編目法
23045,2010-01-01,23045_A01,「版本」之定義為何，版本名稱有哪些，與「版次」之差異又何在？,版本的名稱，正式出現於宋初。原來是專指由雕版印刷而成圖書，與當時寫本書對舉。後來，範圍逐漸擴大，便泛指雕版印刷以前的簡策、縑帛和寫本，以及雕版印刷以後的拓本、石印本、影印本、活字本等形式印製的圖書，於是版本一詞便成為一切形式圖書的總稱。圖書版本之所以有許多變化，主要是因為編輯、傳抄、刻版、排版、字體或裝訂形式不同而產生。古代圖書在刻印過程中，由於具體條件不同，例如刻字風格，印刷方式的差別，用料的精粗，校勘的精劣，製版的時期，印刷地點，裝訂的形式以及內容的增減等不同情況，產生不同印本之間的差異，進而產生古代圖書多種版本問世的現象。現在圖書由於機器印刷技術的廣泛應用，一般不存在傳抄謬誤、刻寫不同等現象，其版本變化主要是因內容變更而引起。2 版本名稱 有關版本名稱，換另一種說法，實際上也指版本種類的意思。版本按照刻書的情況和圖書本身形態的不同來分，有許多習慣的名稱（術語），一般歸納起來，可區分為13類，每類之下還可進一步細分為若干小類，舉例如下：2.1 依刻書時代分：有宋本、元本、明本、清本等，或稱宋版、宋刊本 … 2.2 依刻書單位分：有官本、家刻本、坊刻本等 2.3 依刻書地點分：有浙本、閩本、蜀本等 2.4 依刻印先後分：有初刻本（原刻本）、重刻本、翻刻本、仿刻本、影刻本、初印本、後印本等 2.5 依刻書質量情況分：有單刻本、寫刻本、通行本、三朝本等 2.6 依內容增刪評點分：有增訂本、刪本、節本、足本、殘本、批點本、評本、配本等 2.7 依裝幀形式分：簡策本、卷子本、梵夾本（經折裝）、旋風裝本、蝴蝶裝本、包背裝本、線裝本、平裝本、精裝本等 2.8 依非雕版印刷分：有寫本、抄本、稿本、拓本、石印本、鉛印本、影印本、珂羅版、油印本等 3 版次 主要指圖書內容改變之次數，與版本泛指各種不同形式的本子，在範圍上實有很大的不同。茲為明瞭起見，分述版次相關概念如下：3.1 凡圖書第一次出版者，稱第1版或初版；第1版出版後，內容如有變動（至少占全書1/3以上），且重新排版者，稱第2版或再版；針對第2版書，內容如有重大修訂或增補者，則稱修訂版（本）、增訂版（本）。3.2 版次與印次：凡某一版次圖書分幾次印刷，雖然在開本、版式、字體、裝訂或封面等形式有所變化，但內容並沒有變動或變動不超過1/3，都不是版本的變更，而只是印刷次數的變化，只能稱為第幾印（次）或第幾刷（次）。3.3 新一版：一出版物如經作者或其他版權所有者同意而轉讓到另一出版單位出版，不論原來出過幾版，該出版單位出版的都稱為新1版，即某一出版社第一次由另一出版單位轉移而來己出版圖書所形成的新版本。,編目法
23045,2010-01-01,23045_A02,《中國編目規則》附錄「編目用語解說」是否可從網路上查閱？,據聞《中國編目規則》附錄「編目用語解說」似未編輯，故無法上網提供用戶查閱。,其他
23046,2010-01-01,23046_A01,若圖書含光碟附件出版，本館未採購光碟，請問欄位215$e應如何記錄？（欄位215 $e是否無需記錄「 + …」）,圖書出版時包含光碟，唯圖書館未同時採購光碟片，文獻著錄時欄位215$e仍記錄為「一張光碟片」。同時，最好應於欄位300註明「本館未同時採購光碟片」之附註文字，以明文獻實際收藏情況，並知文獻組成之原委。,其他
23046,2010-01-01,23046_A02,若圖書預編時有光碟附件，但圖書出版後光碟並未同時出版，請問預編之書目紀錄欄位215$e是否可刪除？,若圖書預編時有光碟附件，但圖書出版後光碟並未同時出版，預編之書目紀錄欄位215$e應予刪除，最好同時在欄位300註明「本書並未出版光碟片」之附註文字，以明文獻出版實際情況，並減少日後的紛擾。,其他
23047,2010-01-01,23047_A01,依編目規則1.1.1.1，若正題名標點符號有特殊意義但與規則指定標點符號相同時，是否可直接照錄而無需改用替代符號？,為敘述方便起見，在此將著錄用標點符號稱為著錄符號。《中國編目規則》規定文獻著錄以『照錄』為原則，因此凡標點符號與著錄符號相同且有礙辨識時，可以將標點符號改為其他適當符號著錄之。,編目法
23047,2010-01-01,23047_A02,日文書集叢名如『ワンポイント= 建築技術』，其標點符號『＝』是否可直接照錄？,觀日文書集叢名《ワンポイント= 建築技術》，兩者實為一集叢題名之兩種語言的書寫形式，故著錄時實可以並列集叢名視之，同時將名稱中之標點符號等號『＝』看作並列集叢著錄用之前導符號。,編目法
23048,2010-01-01,23048_A01,書名頁上作者排印為『Len and Nancy Maar』，這兩個作者是否都姓『Maar』，還是只有第二個作者姓『Maar』？,"根據一般習慣，作者是以『Maar』為姓氏的一對夫婦。故文獻著錄時，題名及著者敘述項無妨照錄之，但編製作者檢索款目時應分別為『Maar, Len』和『Maar, Nancy』兩位作者編製相應的檢索款目。",編目法
23049,2010-01-01,23049_A01,《物理之美：費曼與你談物理》一書之書目紀錄附註項註有「著者改譯費因曼」，此「費因曼」是從何而來？,此「費因曼」係圖書館所建立之人名權威記錄，與原文獻所題作者名稱不同，故於附註項註明，以連接題名及著者敘述項（欄位200）與作者檢索款目（欄位7__），使檢索者不會有突兀感。,其他
23049,2010-01-01,23049_A02,圖書館編目時如未對作者進行權威控制，可否將作者異名記錄於《中國機讀編目格式》欄位702？,不可行。原因包括：1. 除非館員或讀者知悉所有異名，否則無法檢索到全部館藏文獻；2. 無法將同一作者不同異名的館藏文獻匯集；3. 《中國機讀編目格式》無相應欄位設計；4. 實際著錄內容及花費時間未減少，不符節約原則。,權威控制
23050,2010-01-01,23050_A01,版權頁印有「出版者」時，應如何著錄？,文獻編目時，若版權頁印有「出版者」，應以「出版者名稱」著錄之（不論全稱或簡稱），唯「出版」字樣可省略。例如：版權頁出版者：臺灣商務印書館，機讀格式210 __ $a臺北市 $c臺灣商務 $d 2005。,編目法
23050,2010-01-01,23050_A02,版權頁同時印有「出版者」與「發行者」時，應如何著錄？,版權頁同時印有「出版者、發行者」（或「出版者、經銷者」），編目時應同時著錄之，唯為區分職責起見，分別註明「出版」、「發行」或「經銷」等字樣。例如：版權頁出版者：東大圖書公司（臺北市） 發行者：三民書局（臺北市），機讀格式210 __ $a臺北市 $c東大圖書出版 $c三民發行 $d 2005。,編目法
23050,2010-01-01,23050_A03,版權頁未印「出版者」時，應如何著錄？,版權頁未印「出版者」，應以「發行者名稱」或「印行者名稱」著錄之（不論全稱或簡稱），唯「發行」或「印行」字樣可省略。例如：版權頁印行者：漢湘文化事業公司，機讀格式210 __ $a臺北縣中和市 $c漢湘文化 $d 2001。,編目法
23050,2010-01-01,23050_A04,版權頁未印「出版者」與「發行者」時，應如何著錄？,版權頁未印「出版者」、「發行者」，應視版權頁實際情況，以「經銷者」（或製作者、印刷者）著錄之，唯「經銷」字樣（或製作、印刷）必須著錄。例如：210 __ $a臺北市 $c xx 印刷公司印刷 $d 2002。,編目法
23050,2010-01-01,23050_A05,版權頁同時印有「出版者」與「發行者」且位於異縣市時，應如何著錄？,同縣市之「出版者」與「發行者」（印行者），“發行地”可省略；異縣市之「出版者」與「發行者」，“發行地”不可省略，必須著錄。其餘，“經銷者”、“印刷者”所在地之著錄法仿此。例如：版權頁臺灣培生教育出版公司出版（臺北市） 創智文化公司總經銷（臺北縣中和市），機讀格式210 __ $a臺北市 $c臺灣培生教育出版公司出版 $a臺北縣中和市 $c創智文化公司總經銷 $d 2002。,編目法
23050,2010-01-01,23050_A06,版權頁印有「出版者」為「生活人文委託華文網股份有限公司全權代理印務及發行」時，應如何著錄？,建議欄位210以「華文網」記錄之，如需必要則將「生活人文委託」字樣記錄於欄位300。例如：210 __ $a xx市 $c華文網 $d 民94，300 __ $a生活人文委託。,編目法
23051,2010-01-01,23051_A01,條碼標識法：光碟給予附件條碼，手冊給予圖書條碼是否恰當？若手冊僅是數頁之小冊子，又該如何處理？,建議依不同資料類型給予不同的條碼。唯印刷資料給條碼以面頁數為準，凡50面以上者給條碼，49面以內者視為小冊子不必給條碼。,其他
23051,2010-01-01,23051_A02,書標標引法：索書號如何標引比較適當？例如標引為『acc.1』（accompany）、『acc.2』，以分別表示『附件1』、『附件2』。,建議依附件之不同資料類型標引不同代碼及編號，有關其標識法請參閱『國家圖書館編目組文獻編目有關規範 編2005-004』：『國家圖書館館藏紀錄MARC欄位985附件代碼標識法一覽表』一文。,作者號及輔助區分號
23051,2010-01-01,23051_A03,附件典藏地：光碟與手冊依資料類型不同而置於不同地點，手冊與圖書同置一般書架上。但若是不適於陳列的小冊子，又該如何處理？同樣是手冊，結果因厚薄關係...,組合文獻如以圖書為主，光碟為附件，兩者通常分開庋藏。組合文獻如以光碟為主，圖書為附件，二者如裝於匣子或盒子內，通常視為一個組件，庋藏於視聽資料部門；反之，如無匣子或盒子提供裝置，則分別庋藏於視聽資料及圖書部門。,其他
23052,2010-01-01,23052_A01,《臺灣殖墾時代臺灣攝影紀事》（ISBN 9573512475）一書，版權頁記載「2003年再版三刷」，各館「出版年」著錄方式有「加三刷」與「加印刷」兩種，何種方式較恰當？,各館「出版年」著錄的內容皆為正確，貴館可選擇一種加以拷貝編目。,編目法
23053,2010-01-01,23053_A01,《女性常春》月刊版權頁題名為「Woman's」，封面為「Woman's女性常春」，著錄時應選擇哪一個為正題名？,《女性常春》月刊之刊名應以「Woman's」著錄之。,編目法
23053,2010-01-01,23053_A02,著錄時應依讀者熟悉的題名選用「女性常春」，或依著錄規則依序選用書名頁、版權頁、封面的題名？,應依著錄規則依次依據書名頁、版權頁及其他位置之著錄項目加以著錄。一般刊物未具刊名頁，故應以版權頁上所有著錄項目為優先選擇依據。封面所題「Woman's女性常春」可著錄於附註項或記錄於欄位512。,編目法
23054,2010-01-01,23054_A01,《中國編目規則》正題名採照錄原則，請問多卷書之卷次著錄是否也如此？,文獻題名之著錄，所以採照錄原則，主要之考量是為了方便讀者可按圖索驥來檢索文獻；反之，如不採照錄原則，就不易達到這個目的。所謂「題名照錄原則」，即指題名之字形、字體，以及題名中包含之字母、數字、標點符號及特殊符號等，一概以文獻本身所提供之信息為準，加以著錄之。,編目法
23054,2010-01-01,23054_A02,例如書名頁記載為「鹿鼎記 II」、「史記（一）」，著錄時是否可權宜著錄為「鹿鼎記. 二」與「史記. 一」？,至於「編次」部分，是否也採本照錄原則，實有討論之餘地。一般來說，「編次」與文獻檢索的功能關聯不大，即使採變通著錄方式，也不會妨礙文獻的查檢功能。今以 臺端提問文字及所舉之文獻實例來看，對於編次部分顯然已採權宜著錄法，實未「刻舟求劍」式地絕對依照錄原則來進行編目。否則，書名頁既記載為「鹿鼎記 II」、「史記（一）」，為什麼編目時卻著錄成「鹿鼎記. 二」與「史記. 一」？,編目法
23055,2010-01-01,23055_A01,連續性出版品、地圖資料、樂譜、電腦檔各章節為何不仿CCL「第2章 圖書」例，註明本條文適用或不適用某某資料類型？,資料特殊細節項是個概括的名稱，包括連續性出版品之卷期項、地圖資料之製圖細節項、樂譜形式敘述項、電子資源檔之檔案特性四者在內而言的。但在《中國編目規則》（CCL）資料特殊細節項之相應章節，就必然以該章節資料類型本身特點為準，起一個適於表達該資料類型特點的名稱，不可能以「資料特殊細節項」這樣朧統的名稱來命名了。,編目法
23055,2010-01-01,23055_A02,「出版者」著錄單元中，政府機關是否可以簡稱著錄？,根據中國編目規則的規定，政府機關名稱是可以簡稱著錄的，唯應根據有關機構所定之機關團體簡稱原則來著錄，最好不要隨意取簡稱，以免書目紀錄資料比對或交換時產生不必要的困擾。,編目法
23055,2010-01-01,23055_A03,"CCL 條文「2.5.1.1」例4之面頁數：「32, 366面」，兩組數字如何計算？","「面頁數：「32, 366面」，引號內是兩組數字不是一組數字，分開兩組數字的符號是「逗號」並不是表位數的「撇節」。基於此，兩組數字中居前一組表示正文之前有「32面」，在後一組表示正文本身有「366面」。至於「圖版8面」，表示圖版部分的頁碼有8面，以與其前「32, 366面」文字版頁碼相區別。文獻著錄時，文字版與圖版的面頁數多半分開計算和著錄的。文字版面頁數只記面頁數即可，勿須著錄「文字版」字樣，至於圖版面頁數除記面頁數外，則必須著錄「圖版」字樣，以與前一組文字版面頁數區別。",編目法
23056,2010-01-01,23056_A01,文獻著錄時如遇到有次方的文數字，例如10之6次方，應如何著錄？,文獻著錄時如遇到有次方的文數字，例如10之6次方，可著錄為「10^6」。（符號「^」，位於鍵盤英數字區6之上方，鍵入時先按住「Shift」鍵不放，然後再按數字「6」鍵，即可打出符號「^」。),編目法
23057,2010-01-01,23057_A01,"後列參考文獻格式所代表之意義為何？其中 ""卷"" 和 ""冊"" 應如何區分？",「文後參考文獻」的著錄有固定格式及順序，例如以數字和標點符號表示年代、卷期及頁碼。以「2003，44(5)：300-302」為例，第1組數字係表示西元年代，逗號之後第2組數字表示「卷次」，加註圓括號的數字是第3組表示「期數」，冒號之後第4組數字則表示頁碼。總括起來，其意義為：表示該刊係2003年出刊，出處為44卷5期第300-302頁。,機讀編目格式
23057,2010-01-01,23057_A02,「2003，44(5)：300-302」中之「44(5)」是否表示卷（冊）？,「44(5)」並非表示卷（冊），而是表示「卷」和「期」。其中第2組數字「44」表示「卷次」，加註圓括號的數字「5」表示「期數」。圓括號用於區分期數，避免與民國年代或單獨期數混淆。,其他
23058,2010-01-01,23058_A01,《中華民國九十年年鑑》、《中華民國九十一年年鑑》、《第八屆府城文學獎得獎作品專集》、《第九屆府城文學獎得獎作品專集》等，以及類似前述每年皆出版之統計資料、研討會以及作品集等文獻，編目時應採用分散著錄方式或整套著錄方式？,年度出版品著錄方式有分散著錄及整套著錄兩種：1. 分散著錄以各分卷為單位，每卷為一筆紀錄，年代記錄於欄位「200 $h」；2. 整套著錄以整套為單位，年代記錄於館藏註位置（欄位805），各分卷特殊情況可記錄於附註項（欄位300）。選擇時可考量圖書館人力與編目傳統，若以省事省力為優先，整套著錄較為合適。,編目法
23059,2010-01-01,23059_A01,以影印方式複製並裝訂成冊之圖書，書上除記載書名外，並未記載出版地、出版者及出版年等著錄數據，文獻著錄時應如何記載著錄項目？,1.1 以『照錄』為原則：凡影印本已有之著錄項目，照錄之；其餘未備之著錄項目，則不妨闕如不著錄。唯有關『出版年代』部分，即或影印本闕如，也應查考有關資料加以推定著錄之，同時在附註項（欄位300）註明『據 xx 年 xx 出版社 xx 版複印』之字樣；如有內容資料年代，宜一併在附註項（欄位300）加以著錄。 1.2 變通作法：可將該影印本視為由館方影印複製者，著錄時補上相關著錄項目，必要時加註中括號（[ ]）標識，以資識別。例如『出版項』可著錄為『$a[臺北市 $c xx 圖書館複印 $d2001年]』。同時，應在附註項（欄位300）註明『據 xx 年 xx 出版社 xx 版複印』之字樣。 2 必須特別指出，文獻之有關年代，除『出版年代』（或印製年代，下同）外，另有『資料年代、編次年代』二種樣態。此三種年代樣態中，資料年代尤其重要。例如像法規資料、統計資料、年度性出版品等文獻，其資料年代往往與文獻內容具有密切之關連，對文獻是否新穎具有決定性之影響。文獻著錄時，如遇前述數種文獻，宜同時將『資料年代』或『編次年代』一併著錄於附註項。 3 文獻如同時具有『資料年代、編次年代、出版年代』三者中之二者或全部，宜將相關年代數據一併著錄於附錄項，例如文獻之資料年代比出版年代（或印製年代）早若干年，則宜在附註項註明該書之資料年代，俾避免產生資料或年代謬引現象。,編目法
23060,2010-01-01,23060_A01,大陸出版品之出版年部份，是否只須著錄西元年，無須再加註『[民xx]』？,臺端所提有關大陸出版品『出版年』之著錄，著錄西元年代即可，至於民國年代可省略不必著錄。,編目法
23060,2010-01-01,23060_A02,各館對於大陸出版品出版年是否加註『[民xx]』是否有自主決定權？,依《中國編目規則》有關『出版年』著錄的規定，是以民國紀年為準。出版年代如係西元紀年、佛教紀年、日本紀年等，其後加註民國年代，並以方括號（[ ]）識別之。唯目前本館多採較簡便之作法，如係西元紀年，則直接著錄之，勿須加註民國年代；至於西元以外之年代，仍以加註民國年代為妥。,編目法
23061,2010-01-01,23061_A01,依《中國編目規則》（修訂二版）之規定，分析著錄有幾種？,依《中國編目規則》（修訂二版）規定，分析著錄法有下列6種方式：1. 分析款目法；2. 叢書註法；3. 附註法；4. 「在」分析法；5. 部分「在」分析法；6. 多層次著錄法。至於各種分析法之意義與實例，請參閱該書「第14章 分析」（《中國編目規則》頁211-214）,編目法
23062,2010-01-01,23062_A01,待編文獻主要著錄來源載明作者敘述為‘佚名編’，著錄時是否需編製‘佚名檢索款目’？,1 一般情況下，善本古籍凡著者題為‘佚名’或‘不著撰人’，大都是無法查考的著者，文獻編目時可不必為其編製‘佚名檢索標目’。因為，彙集許多不同佚名檢索標目，並無識別其著者時代及其名字，其檢索利用價值自然降低。 2 如可正確考訂出佚名之著者，可以為其編製人名檢索標目，以增加檢索利用作用。 3 如附有時代名稱之佚名著者，例如‘明．佚名撰’、‘清．佚名撰’等，雖無法考訂出佚名著者，但如為了編製時代檢索標目或為了統計時代著述量，亦可編製佚名時代檢索標目，以提供實際應用。,編目法
23063,2010-01-01,23063_A01,《中國編目規則修訂二版使用手冊》p.93「說明2」末行脫字部分的完整內容為何？,基於「傳統樂器洞簫曲譜，單一樂器」樂譜稽核項之著錄在表單中無適宜名詞可供選錄，故合理推知脫字部分應為「以『樂譜』著錄」等字樣。,編目法
23064,2010-01-01,23064_A01,《中國機讀編目格式》欄位10 $b中，對於僅有二、三頁以騎馬釘裝訂之樂譜，編目時其裝訂欄應如何記錄？,目錄著錄時，裝訂項(欄位010)可一律記錄為平裝，以求簡省，不必細分記錄為「騎馬裝」。,機讀編目格式
23064,2010-01-01,23064_A02,《中國機讀編目格式》欄位10 $b中，對於未裝訂之散裝資料，編目時其裝訂欄應如何記錄？,散裝資料可記錄為「散裝」。,機讀編目格式
23065,2010-01-01,23065_A01,一本書若同時有出版年及重印年，而兩者年代相差甚遠。著錄出版項時，其出版年應以原出版年或重印年為準？,"(一)一書版權頁有兩個出版年代，其一為原出版年，另一為新出版年(重印年或影印本年代)，但兩個年代與前後接續之跨年出版年不同。其狀況有下列兩種： (1)版權頁同時載有原出版年及重印年(或新出版年，下同)； (2)同時具有雙版權頁，其一載原出版年，另一載重印年。 (二)對於具有兩個出版年之文獻，著錄時出版項(欄位210)之出版年應以出版年較晚者即重印年為準；至於原出版年必要時可記錄於附註項之版本歷史註(欄位305)，其紀錄格式為""據 xx 年某地某書局(或出版社)本重印(影印)""，其中"" xx ""即為原出版年。 (三)茲以《臺灣采訪冊》為例，舉釋如後。本書先後有民國48年臺灣銀行本及82年臺灣省文獻委員會本兩種。其中，""文獻會""本即據""臺銀""本加以重印(影印)。檢覈該書即具有兩個版權頁：出版年較早者(即民國48年)為原出版年，出版年較晚者(即民國82年)為重印年。著錄出版項時，應以重印年(即民國82年)為準，其記錄格式為""Tag210 $d民82""；至於原出版年(即民國48年)應記錄於附註項，其記錄格式為""Tag305 $a據民48年臺灣銀行《臺灣文獻叢刊》本第55種該書影印""。",編目法
23066,2010-01-01,23066_A01,"《服裝社會心理學》一套書共有6冊，編目時採分散著錄、集中分類方式，正題名著錄《服裝社會心理學》，其所屬6冊子題名是否即為從屬題名，以中文機讀編目格式（C-MARC）來講，是否即為其中之""$i""？稽核項是否須記錄單冊書之書目數據（資料）？例如面頁數、圖表等。","欄位200 記錄要點如下：(1)子題如具有檢索意義，即子題具有獨立性，以子題名為正題名，記錄於欄位200；以總題名為集叢名，記錄於欄位""225""。(2)子題如不具檢索意義，即子題不具獨立性，以總題名：《服裝社會心理學》為正題名，記錄於欄位200；以子題名為""編次名稱""，記錄於""$i""。(3)不論以前述那一種方式著錄，其稽核項均記錄各子書本身之書目數據(資料)，例如面頁數、圖表、高廣等。",編目法
23066,2010-01-01,23066_A02,上一書之索書號，是否除了分類號及書號外，尚須要標引冊次號？抑或還有別種形式之標引法？,"編目時既然採""分散著錄，集中分類""方式，其索書號自然應包括冊次號在內。具體來說，即除了須標引分類號及書號(同類書區分號)之外，還需進一步標引冊次號。如此，才構成完整之分類索書號，也才能區分該套叢書中之每一冊子書，達到""一書一號""識別的要求。",作者號及輔助區分號
23067,2010-01-01,23067_A01,匣式錄影帶和卡式錄影帶之差異何在？,卡式錄影帶有一層塑膠外殼作為保護，使用較方便，在外觀形制上比較小；匣式錄影帶一般在外觀形制上比較大。其次，盤式錄影帶需要特定的播放系統，使用較不普遍，故漸為VHS卡式錄影帶所取代；而卡式錄影帶播放並無特定的限制。,權威控制
23067,2010-01-01,23067_A02,編目時應如何分辨匣式與卡式錄影帶？,在產品外觀上通常會註明其形制。,編目法
23068,2010-01-01,23068_A01,MARC21欄位245分欄h資料型態中，motion picture與videorecording有何差異？,根據《英美編目規則第二版》(1998年修訂版)定義：motion picture為具連續影像產生運動幻覺的電影膠片，可能含聲音；videorecording為可透過電視機或電腦播放的視覺影像記錄，通常包含動作與聲音。根據《中國編目規則修訂二版使用手冊》說明：電影片為長條膠片的連續靜態畫面，錄影資料為可播放的視覺影像媒體。兩者均屬資料媒體型式。,權威控制
23068,2010-01-01,23068_A02,motion picture與videorecording的差異是媒體還是內容？,兩者均指資料的媒體型式，而非內容主題。《英美編目規則第二版》將其列為資料類型標示(General material designation)，顯示其屬媒體型式區分。,編目法
23069,2010-01-01,23069_A01,"西文期刊刊名包含學會名稱時，是否須將學會名稱提前，例如刊名為'Journal of the ACM'，著錄時是否可改為'ACM, Journal of the'？",一般而論，目前文獻著錄法以照錄為原則，對於題名前之冠詞（例如'The'、'a' ）不必後移。易言之，即對於構成題名之詞序應儘量依原題詞序著錄之，以避免著錄的'隨意性'。至於，如本題題名之'Journal of …'，著錄時似尚無後移之作法，通常以不改變詞序為原則。筆者建議應如實地依刊名原來詞序著錄，不必更動刊名的任何詞序。,編目法
23069,2010-01-01,23069_A02,西文期刊刊名包含學會名稱時，其著錄原則的依據是各館自訂之編目作業細則，還是一般之編目規則？,其根據是各館自訂之編目作業細則。不過，為了方便讀者檢閱，著錄時可在CMARC欄位601或USMARC欄位610增加團體名稱之主題檢索標目；在CMARC欄位710或欄位712、USMARC欄位110或欄位710增加團體檢索標目，俾從不同標目均可檢索。,編目法
23070,2010-01-01,23070_A01,對於多卷冊之樂譜，各卷分譜套數不同時，稽核項應如何著錄？例如有兩冊樂譜，一冊含8套分譜，另一冊含9套分譜，是否應記錄為『1套總譜(2冊) + 8套分譜(1冊) + 9套分譜(1冊)』？,樂譜資料之稽核項，可分為兩部分：其一、物理部分，記其卷冊數；其二、譜數部分，記其總譜及分譜之數量。兩部分宜分兩單位分別記錄之，如混合為一，就會產生貴館所提問之問題；如分為兩個單位各自統合記錄之，眉目則一清二楚矣。,編目法
23070,2010-01-01,23070_A02,《中國編目規則》6.5.1.3及《使用手冊》未提及相關說明及實例，是否請惠予解說？,依前述原則，該筆樂譜資料其稽核項應記錄為1套總譜及17套分譜（2冊）,編目法
23071,2010-01-01,23071_A01,文獻著錄時，對於「錄影帶」、「VCD」、「DVD」等錄影資料，其「資料類型」應如何著錄？,依照《中國編目規則》（中國圖書館學會分類編目委員會修訂，修訂2版，臺北：中國圖書館學會，2000.09）1.1.2條規定：有關「錄影帶」、「VCD」、「DVD」等錄影資料，欄位204資料類型應記錄為「[錄影資料]」。,編目法
23071,2010-01-01,23071_A02,是否可著錄為「[錄影資料 錄影帶]、[錄影資料 DVD]、[錄影資料 VCD]」，以資區別它們不同的形制？,至於各個不同形制之錄影資料細節，可記錄於欄位215（稽核項）及欄位307（稽核項附註）。例如欄位215依序可記錄為「1捲卡式帶」、「1張影音光碟」、「1張數位影音光碟」。,編目法
23072,2010-01-01,23072_A01,內容相同但裝釘不同的兩部書，裝訂冊數相同時，應如何處理？,當裝訂冊數相同時，一般將第2部依「複本書」處理。,編目法
23072,2010-01-01,23072_A02,內容相同但裝釘不同的兩部書，裝訂冊數不同時，應如何處理？,當裝訂冊數不同時，例如平裝為8冊，精裝為4冊，為了避免冊次號標引的困擾，第2部依「另一書」處理，較為簡便省事。第2部書的分類索書號宜加「年代號」，以資與第1部書區別。,其他
23073,2010-01-01,23073_A01,敝單位有個小型的圖書室，藏書多為中英日文教科書。由於藏書不多，所以想請教您是否有較簡便的編目方式，提供利用,不知您所謂之「簡便的編目方式」，其意何指？僅就筆者所知提供下列兩種方法，不知能否解您的困惑？ 1. 抄錄編目，又稱「拷貝編目」（Copy Cataloging）。即從其他圖書館已編目之書目記錄，經由「拷貝」的步驟，將其書目記錄轉為本館所有，並加入或修改為本館「Local」的數據。 2. 採簡略著錄方式，即「第一層次著錄方式」。所謂「簡略著錄方式」，依《中國編目規則》的規定，是指文獻著錄時只著錄「正題名、第一著者敘述、版本敘述、資料特殊細節、出版者、出版年、稽核項、附註、標準號碼」等著錄項目，其餘則省略不著錄。,編目政策與管理
23074,2010-01-01,23074_A01,西文編目規則有關著者敘述，如經查證已知書名頁之著者敘述拼寫有誤（應屬印刷上的錯誤），到底應依‘照錄原則’以書上原題之著者敘述著錄呢，還是依‘考訂原則’以正確之著者敘述著錄？,傳統著錄法通常採‘考訂原則’，即經由查證相關參考文獻，將正確的著者著錄於作者項。但新的著錄法則採‘照錄原則’，即按文獻所題之著者及其拼寫字形著錄，而將考訂所得之正確資料著錄於附註項。,編目法
23074,2010-01-01,23074_A02,有關‘附註文字’又應如何著錄？,附註項著錄格式為‘書名頁誤題著者為 xx 實為 xx’。其中‘書名頁’為示例性文字，應依誤題所在之實際位置，替換成適當的文字。,編目法
23075,2010-01-01,23075_A01,目前本校各系搜集學生分組撰著之「專題製作報告書」，編目時應以「系」為編目單元採「整套著錄∕整套分類」方式，或以「篇」為編目單元採「分散著錄∕分散分類」方式？,有關貴校各系搜集學生分組撰著之「專題製作報告書」，編目應採之方式，可依是否具備「收藏價值」、「便於排架」、「叢書註及其順序」3個因素而定[附註]。如答案是肯定的話，可採「分散著錄∕分散分類」方式；否則，以採「整套著錄∕整套分類」方式為便。分散著錄及分類方式：按「專題製作報告書」各自的題名及著者，分別記錄為相應筆數的書目記錄（記錄於欄位200）；分類時依各自題名的內容性質標引分類號。整套著錄及分類方式：匯集若干內容性質相近的「報告書」，給予一個總的題名，總記為一筆書目記錄（記錄於欄位200），然後再將組成「總題名」的各子書及其作者，記錄於附註項的「內容」單元（欄位327）；分類時按「總題名」的內容性質標引分類號。如有必要，可編製子書題名檢索款目（欄位46_），子書作者也可編製著者檢索款目（欄位7__）。【附註】所謂「便於排架」，是指書背必須印有題名，或排架時整本書不致淹沒於「書海」中；否則，視為不便排架，此時可採「整套著錄」以濟其窮。所謂「叢書順序」，是指具備下列因素之一者，即視為有順序：叢書編號、序跋提及叢書之組成子書、備有叢書目錄、其他依義可知的順序（例如按時代、按月份等）。有叢書順序者，可採整套著錄及分類；否則，以採分散著錄及分類為便。,編目法
23076,2010-01-01,23076_A01,每年持續寄送之補編文獻，應如何編目？,文獻之本編與補編係相對的一對概念，有補編文獻，必有本編文獻。編目時必須將兩者之間的關係加以註明，俾便文獻檢索時能連類而及，全面且完整地掌握文獻。有關補編文獻之著錄法，主要有簡式和詳式兩種。 簡式著錄法：以『本編』文獻之書目記錄為準，將後來收到之補編文獻之題名、主編者、出版年等著錄項目，著錄於附註項內容『著錄單元』，即記錄於欄位300或欄位327，必要時可加編題名及著者檢索款目。 詳式著錄法：將補編視為與本編有關但不同的兩種文獻，並為其另行著錄一筆新的書目記錄。假如補編文獻題名與本編文獻不同，須將本編與補編兩者的關係，分別註明於新舊兩筆書目記錄的附註項，即記錄於欄位421∕或欄位422，俾便讀者檢閱。 假如補編文獻係『年度性資料』，只須準用複本書處理即可，各年度之主編者、面頁數或冊數、出版年等著錄單元，可不必著錄。,編目法
23077,2010-01-01,23077_A01,同一書之國際標準書號（ISBN），版權頁與封底記載不同，但非精平裝之別，著錄時應如何取捨？,"最好電話詢問國家圖書館標準書號中心（ISBN中心），以確定正確的號碼，然後將正確的ISBN記載於欄位10 $a""，將不正確的ISBN記載於欄位""010 $z""。 如無從查詢，則以版權頁之ISBN為準，將其號碼記載於欄位""010 $a""；並將封底之ISBN記載於附註項，以備日後查證。 請參閱中國圖書館學會分類編目委員會修訂《中國編目規則》第37頁，條文""1.8.1.4""（修訂二版，臺北:中國圖書館學會，民國89年）。 詳式著錄法：將補編視為與本編有關但不同的兩種文獻，並為其另行著錄一筆新的書目記錄。假如補編文獻題名與本編文獻不同，須將本編與補編兩者的關係，分別註明於新舊兩筆書目記錄的附註項，即記錄於欄位421∕或欄位422，俾便讀者檢閱。 假如補編文獻係""年度性資料""，只須準用複本書處理即可，各年度之主編者、面頁數或冊數、出版年等著錄單元，可不必著錄。",編目法
23078,2010-01-01,23078_A01,叢書與多卷書的著錄原則，應採整套著錄抑或分散著錄？,大體來說，叢書多採分散著錄，多卷書多採整套著錄。,編目法
23078,2010-01-01,23078_A02,若採整套著錄時，對於未進館的分卷圖書，應如何著錄？,"多卷書若採整套著錄，對於未到齊的分卷部分，一般採待續著錄""或""空缺著錄""方式，即將出版年代、分卷名稱及著者、冊數等著錄項目空缺之，待收齊後再補著錄。凡採待續著錄的文獻，對於日後進館的分卷部分，只需以""準複本""處理方式，補上著錄項目及加卷次號即可。",編目法
23079,2010-01-01,23079_A01,題名目錄中對於「二十一世紀」「廿一世紀」「21世紀」等不同數字表示法，以及圓括弧、大括弧、方括弧等符號，在查檢時應如何統一處理？,題名目錄中如有圓括弧、大括弧、方括弧等符號，排列時通常視為不存在，逕按括弧之後的文字排列。題名中含有漢字數字者，排在文字排檢區；含有阿拉伯數字者，排在非文字排檢區。漢字數字依筆畫順序排列，阿拉伯數字可按數位逐位排列或自然數大小順序排列。,編目法
23079,2010-01-01,23079_A02,對於同一種文獻但分卷採用不同數字表示法（如「1998年」與「一九九八年」），是否可以透過欄位「510」劃一題名來控制複本查詢？,對於同一種文獻但各分卷採用不同數字表示法者，應設法以劃一題名統一著錄之，對於未選用之題名，則加製題名檢索款目以補救之。,編目法
23080,2010-01-01,23080_A01,圖書的高廣經度量後為23.5公分，請問稽核項應如何著錄？,"圖書的高廣，經度量後，凡零數在.1-0.2.""以內，捨去零數只著錄整數部分；凡零數在""0.3""以上，則進至下一位，即以原整數加一著錄之。依此，則貴單位所提該書之高廣，應著錄為""24公分""。",編目法
23081,2010-01-01,23081_A01,題名後及版權頁同時載有版本說明文字時，版本項應如何著錄？,"題名後及版權頁同時載有版本說明文字，因是否為翻譯書而有不同的作法，茲分述如後： 翻譯書： 題名之後的版本說明文字，多半是原文書的版本事項；版權頁上的版本說明文字則是中譯本的版本事項。版本項（欄位205）著錄時，以中譯本之版本說明文字為準，有關中譯所依之母本，即原書之版本說明文字著錄於欄位454，其著錄形式為譯自：原題名, 原文書版本, 原文書出版年。實例：計算機概論∕J. Glenn Brookshear著；林國平譯. --三版. --臺北：臺灣東華書局，2000 *譯自Computer science: an overview, 6th ed., 1999。",編目法
23081,2010-01-01,23081_A02,非翻譯書在題名後及版權頁同時載有版本說明文字時，版本項應如何著錄？,"則兩處的版本說明文字可合併為一條著錄之。例如，""修訂本2版""，或""增訂本（第3版）""。唯前二者的含意略有不同，其中前者表示修訂本的第2版，即""修訂本""為針對原版書加以增刪訂補（幅度較大），而""修訂本第2版""則是針對修訂本再加以刪補改訂的意思。後者表示""增訂本""就是""第3版""，而""第3版""也就是""增訂本""之意。",編目法
23082,2010-01-01,23082_A01,對於面頁數相同，但出版年不同的兩種書，應如何處理？,"對於面頁數相同，但出版年不同的兩本書，其處理方式如下：依據《中國編目規則》修訂二版條文1.2.1.3規定：若作品中雖載明為新版本，但確知其與舊版本並無不同，則仍以原版本敘述著錄之。因此，針對面頁數相同但出版年不同的兩本書，不論版次是否相同，如經查核兩書內容確實相同，可視為複本書，逕加複本號即可。複本號通常以拉丁字母""c""加縮寫圓點表示（""c.""），號碼通常從數字""2""編起。如經查核兩書內容不同，即有增減刪補等情形，視為不同的版本，分別著錄為兩筆書目記錄。不過，多數圖書館認為查核手續較費時費事，通常省略查核步驟而改採變通作法，將出版年及版次不同的兩本書，視為不同的版本，分別著錄為兩筆書目記錄。其著錄內容基本相同，只是後出書之分類索書號，多加了""年代號""而已。這樣處理手續較簡便，但書目記錄及卡片目錄之數量會增加。對於內容及版次相同，但印刷年代不同的兩本書，視為同一版本，依複本書處理即可。",編目法
23083,2010-01-01,23083_A01,西文期刊刊名更改後，是否需要另外著錄一筆新刊名書目記錄？,圖書館對於先後收藏改刊名之同一刊物，通常會為新舊刊名編製兩筆書目記錄。即除原刊名之書目記錄外，另為更名後之刊名編一筆新的書目記錄。,編目法
23083,2010-01-01,23083_A02,西文期刊刊名更改後，是否僅需在原刊名書目記錄欄位540著錄更改的刊名？,"若刊名中識別名稱不變，只是刊期改變或刊期是否為刊名一部分等，例如原來為月刊後改為季刊，或者""month""為原刊名一部分，後來改為刊期的附註，只需在原刊名書目記錄附註項註明刊名變化情況即可，不必另建一筆新的書目記錄。",編目法
23084,2010-01-01,23084_A01,高僧之法號或尊號在Tag200與Tag700段記錄時，正確且簡明的作法應如何？,"高僧有法名、法號、尊稱等不同，記錄時Tag200通常採照錄原則，即文獻出現怎樣的名稱，就以怎樣樣的名稱記錄。比較有問題之處是有關尊稱的記錄法。目前多數圖書館受《中國編目規則》修訂二版1.1.5.5條例4及例5錯誤的影響，Tag200多將高僧之尊稱部分（""上人""、""大士""、""喇嘛""）隨同法名一併記錄之，而Tag700則只記錄其法名部分。其實這種作法並不正確，因為《中國編目規則》條文1.1.5.5即明白指出""著者之頭銜、學位、職位等均不必著錄。""但其所舉的例子及說明文字，反而與條文原意相背，寧非怪事？其實正確的作法，應該是不論Tag200和Tag700均應只記錄法名部分，其尊稱部分則應省略，如此才真正符合本條的意旨。",編目法
23084,2010-01-01,23084_A02,以星雲大師為例，正確的Tag200與Tag700記錄法應為何？,"以本題星雲大師為例，正確的記錄法應分別為""Tag200 1b $f星雲著""和""Tag700 b1 $a釋 $b星雲""；如係佛教專業圖書館，其姓氏""釋""可以省略，逕記為""Tag700 b0 $a星雲""即可。這裡指標""b""表示空格之意。需特別指出，對於含有尊稱的著者名稱（例如法師、居士、大師等），必須辨別其尊稱是否是字號的一部分，答案若是肯定的，例如""了無居士""、""瀟湘居士""、""慧心齋主""等，其""居士""和""齋主""是字號的一部分，著錄時不能省略。",編目法
23085,2010-01-01,23085_A01,《中國編目規則修訂二版》與《中國編目規則》（修訂版）在圖書指定著錄來源的規定有何不同？,《中國編目規則》（修訂版）的「題名及著者敘述項」指定著錄來源為「書名頁、版權頁」，而《中國編目規則修訂二版》的指定著錄來源為「書名頁」而已。《規則使用手冊》僅就條文意義作一般性釋例，基本精神與前二書相同。,編目法
23085,2010-01-01,23085_A02,文獻著錄時應適用哪一版本的規定為準？,文獻著錄時應視各館採用《中國編目規則》的版次而定，以求先後編目的一致性。如採用《修訂版規則》則以修訂版為準，採用《修訂二版規則》則以修訂二版為準，《規則使用手冊》僅作為參考用。,編目法
23086,2010-01-01,23086_A01,同書名、同作者、同版本，但刷次不同且為館藏第一部，應如何著錄？,按新書處理，將『初版』著錄於『出版項』，將『刷次』著錄於附註項，其欄位為306,編目法
23086,2010-01-01,23086_A02,同書名、同作者、同版本，但刷次不同且為已收藏圖書之複本，應如何著錄？,視為前一筆書目之複本記錄，只需將最新刷次及其年代著錄於附註項，其欄位為306,編目法
23087,2010-01-01,23087_A01,如何處理小冊子,所謂『小冊子』通常指49頁以內的文獻而言。這類文獻因無形式上的書背，所以無法依一般書粘貼書標。本館作法，是把書標平貼於小冊子封面右側邊（直排本右揭書）或封面左側邊（橫排本左揭書）。這類文獻庋藏時，以平置於書架為宜。另提供小冊子『另類』的處理方法及思考方向，提供參考並請賜教。小冊子在管理上，通常會考慮下列三個因素：第一，小冊子多不能直立插架，書背又不能印製題名，如與一般圖書同架庋藏，易受擠壓而迷失於書海『中，查找困難。第二，由於小冊子的內容多有時效性問題，文獻半衰期較短，文獻老化快速，在處理時有『處理成本』考慮問題。第三，小冊子上載錄的文章，通常會被後來正式出版的著作收錄，亦即產生『文獻替代』及文獻淘汰的現象。基於前述理由，圖書館為了方便出納管理，常採『分組著錄法』以處理之。所謂『分組著錄法』是將內容相同或相近的小冊子，依主題別予以分『組』並著錄的一種文獻處理法。文獻經分組著錄後，再以『組』為單位，將彙集在一起的資料裝訂成資料夾，然後在資料夾的背部印製主題名稱並粘貼書標，集中庋藏於『小冊子資料區』。這樣，經由分組著錄法的作法，大大簡化了資料的編目作業；同時由於以『組』為集藏單位，因此在外形上產生了類似書背的樣式，可解決書標無處粘貼的困擾。,編目政策與管理
23088,2010-01-01,23088_A01,如何查知某書為盜版或有版權爭議？,1. 透過圖書本身判斷：a. 翻版書常不印版權頁以逃避版權責任；b. 序跋、附錄、參考文獻、索引等資料多被刪除；c. 會竄改書名或作者姓名，甚至不印作者姓名；d. 印製粗劣、字跡模糊、裝訂簡陋、紙張粗糙且無裝幀設計。 2. 經由購置來源考察：翻版書多透過地攤、流動攤販等非書局管道銷售。 3. 查考相關書目或書評，尤其是專科書目和名家書評。 4. 檢閱圖書、出版、目錄等相關刊物及資訊，以充實圖書版本知識。,編目法
23089,2010-01-01,23089_A01,VCD、DVD是否比照電腦檔編目？,VCD(Video Compact Disk，影音光碟)、DVD(Digital Video Disk，數位影音光碟)兩者都是錄影資料，並不屬於電腦檔範圍，故其編目方式不宜比照電腦檔。電腦檔指電腦程式及電腦資料庫(或電腦資料檔)而言，請參閱中國圖書館學會分類編目委員會修訂《中國編目規則》，修訂版，臺北：中國圖書館學會，1995年，頁181，第13.0.1條。,編目法
23089,2010-01-01,23089_A02,VCD、DVD如何編目？,VCD、DVD編目規範工具：《中國編目規則》和《中國機讀編目格式》（第三版，臺北：國立中央圖書館，1989年）。適用章節：《中國編目規則》第8章：電影片及錄影資料及第1章：總則兩部份相關條文。概括來說，VCD和DVD編目與一般圖書大同小異，唯差異較大之處為著錄來源(8.0.2)、資料類型標示(8.1.2)、著者敘述(8.1.5)、稽核項(8.5)等。有關著者敘述(8.1.5)及稽核項(8.5)兩者未述及之項目，可記錄於附註項。機讀編目格式：1. 記錄標示∕執行代碼∕記錄類型，填寫『g』；2. 1__代碼資料段∕115代碼資料欄：投影資料、錄影資料、影片，必須填寫。3. 次及年代，新印次及其年代著錄於附註項(欄位306)。,編目法
23090,2010-01-01,23090_A01,西文非書資料編目規則需到何處尋找？,"西文非書資料編目規則請參考英美編目規則第二版1988年修訂版(Anglo-American Cataloguing Rules, 2nd ed., 1988 rev.)，本書第一章為西文編目規則的通則，適用於各類型資料，第二章至第十三章則為各類型資料編目規則的細則，其中第六章錄音資料(Sound Recordings)、第七章電影片及錄影資料(Motion Pictures and Videorecordings)、第九章電腦檔(Computer Files)、第十章立體藝術品及實物(Three-Dimensional Artefacts and Realia)、第十一章微縮資料(Microforms)等，均屬非書資料編目範疇。",編目法
23090,2010-01-01,23090_A02,西文非書資料編目相關資訊需到何處尋找？,西文非書資料編目相關文獻可連至國家圖書館或其他國內外圖書館，以美國國會圖書館標題法(LCSH)所訂之標題Cataloging of audio-visual materials、Cataloging of computer programs、Cataloging of motion pictures、Cataloging of nonbook materials、Cataloging of sound recordings、Cataloging of video recordings……等進行查詢，或以主題關鍵字(例如：non-book、nonprint、AV、motion pictures、sound recordings……等)結合Cataloging一字於題(篇)名、關鍵字詞等欄位進行檢索，另亦可利用一些搜尋引擎(search engine)來查找網路上的相關資源。,其他
23091,2010-01-01,23091_A01,版權頁中著錄2-3個出版者時，應如何著錄編目？,談到出版者，就應該連出版地一併考慮，當主要著錄來源（如書名頁、版權頁等）上出現2-3個出版者時，可根據下列三種情況分別著錄： 1.4.1.3　若作品載有二個以上之出版地、出版者及經銷地、經銷者，擇其排列最前者著錄之。但編目機構所在國家之出版地及出版者，雖載於主要著錄之次要位置，仍須著錄。 1.4.2.4　作品若載有二處以上出版地或經銷地，以其排列在最前者著錄之。其餘地名中，若有編目機構所在國家，或印刷字體較顯著者，亦須加以著錄。如：香港；台北市：道聲出版社。 1.4.3.5　若作品主要來源載有二個以上出版者、經銷者時，以其排列在前者著錄之。其餘機構若印刷字體顯著者，亦一併著錄。,編目法
23092,2010-01-01,23092_A01,有關《中國編目規則》條文1.4.5出版年，著錄時應以該書首版發行年代為準，抑或以首版之後之新版年代為準？,首先應辨明「版次」與「印次」（或「刷次」）的不同。所謂「版次」是指製版次數而言，所謂「印次」（ 或「刷次」）是指某一「版」之下的印刷次數而言。 一書版權頁若只載有第一版（或初版）年代，編目時當然著錄第一版版次及年代。 一書版權頁若同時載有第一版及新版年代，編目時只著錄新版版次及年代即可，第一版版次及年代可不必著錄。 一書版權頁若同時載有第一版年代，又載有新印次年代，編目時著錄第一版。,編目法
23093,2010-01-01,23093_A01,編目格式著錄是否採最完整著錄？,根據中國編目規則1.0.4著錄詳簡層次之規定，書目資料之著錄可分為簡略、標準及詳細三種著錄層次。各館可依讀者的需要及不同的資料類型，於編目政策或編目工作手冊中分別訂定所採取的著錄層次。,編目法
23093,2010-01-01,23093_A02,是否有固定欄位格式才算標準？,標準著錄係指一般資料之著錄，其是否採用固定欄位格式需依各館編目政策或編目工作手冊之訂定，中國編目規則未明確規定需固定欄位格式方為標準。,編目法
23094,2010-01-01,23094_A01,貴館善本書號為『03005』的《黃氏會通譜》序跋者著錄是否有誤？,謝謝 臺端所提有關本館《黃氏會通譜》（善本書號為『03005』）一書著錄上的錯誤，本館已遵 臺端建議予以更正，謝謝！,其他
23095,2010-01-01,23095_A01,著錄文獻時，版次項出現「BOD」字樣時，「BOD」指的是什麼？,「BOD」是英文「Books on Demand」一詞的縮寫，BOD是一種可提供作者個人依某些特殊需求而出版的一種文獻製作方式。它具有作者自行設計、編輯、印製，以及少量出版、零庫存、隨時修訂等優點。,編目法
23095,2010-01-01,23095_A02,文獻著錄時，版次項出現「BOD」應如何處理？,文獻著錄時，仍採「照錄」原則，以忠實客觀反映文獻版本及版次情況。就臺端所提問題，欄位205即著錄為「$a BOD一版」，欄位210即著錄為「$c2004」。,編目法
23096,2010-01-01,23096_A01,書本與非書資料分開典藏比較好，還是將非書資料當做附件處理比較好？,從保存維護及方便讀者利用而論，不論純粹之非書資料，或以非書資料為主體之媒體，或以圖書為主體之不同媒體附件，典藏時以與圖書分開典藏為原則。,其他
23096,2010-01-01,23096_A02,若將兩者一起典藏在同一處，可能會產生什麼情況（好的或壞的）？,若圖書館只收藏有少量非書資料，無專屬之典藏空間、設備，又無足夠的人力與財力，囿於現實條件就只能採隨書典藏方式了。唯書與非書資料之典藏條件並不相同，適合於書籍的典藏未必適合於非書資料的典藏，如此經年累月下來，對於非書資料之保存與利用比較不利。,其他
23096,2010-01-01,23096_A03,若將兩者分開來典藏，可能會產生什麼情況（好的或壞的）？,對於附有非書資料之書籍，可以考慮分開典藏，以便維護非書資料品質，提高非書資料使用壽命，增進非書資料之流通與利用。唯編目時須於書目記錄適當欄位注明典藏地及其他相關之附注文字，以便將書與非書聯結起來，方便讀者配套使用。,其他
23096,2010-01-01,23096_A04,國圖目前對隨附資料的處理，是使用(2)或是(3)的方式？,目前，國家圖書館設有視聽資料室、相關設備及器材，並有專人負責規劃、典藏及流通工作。對於書與非書資料之典藏，以採分開典藏為原則。,其他
23097,2010-01-01,23097_A01,內容是中文的期刊，出版年卻使用日本紀年，卷期項中的年代是否直接照錄日本紀年？,期刊卷期項（《中國機讀編目格式》欄位207）中有關年代的著錄，並無嚴格的規定或提供標準的格式。故實際著錄時，以忠實客觀反應實際情況即可。,機讀編目格式
23097,2010-01-01,23097_A02,若照錄日本紀年，是否須換算為西元？,本人建議除著錄日本紀年外，最好同時著錄西元年代（不論期刊上有無出現西元年代）。,編目法
23097,2010-01-01,23097_A03,若同時有西元及日本紀年，應著錄西元還是日本紀年？,建議同時著錄西元年代及日本紀年，如此作法有兩個好處：其一、使讀者容易明白期刊年代與現實中年代的遠近關係；其二、可使目錄著錄達到完備的要求。,編目法
23098,2010-01-01,23098_A01,書名、ISBN、GPN、出版日期及版次均為初版，但頁數與內容存在差異時，應如何著錄？,視為同一書著錄為一筆書目紀錄：可選任一本為準（即不論登錄號或流水號之先後）著錄之，而將另一本差異之處著錄於附註項。例如可附註為『登錄號為 xxxxxx 者，頁碼多（少）xx 頁』，或附註為『登錄號為 xxxxxx 者，內容多（少）了 xx 章節』等。,編目法
23098,2010-01-01,23098_A02,書名、ISBN、GPN、出版日期及版次均為初版，但頁數與內容存在差異時，是否應分別著錄為兩筆書目紀錄？,視為不同書分別著錄為二筆書目紀錄：兩筆書目紀錄基本相同，惟可將內容或篇幅較多的一筆視為內容增補本，於分類索書號欄位加年代號，以資區別。,編目法
23099,2010-01-01,23099_A01,部分參加Net library電子書聯盟之大學，如為了方便讀者檢閱電子書，試問對這類入藏之文獻，究竟應如何編目？,電子資源之編目主要根據《中國編目規則》「第13章 電子資源」有關條文，該章未規定者則參考第1章及其他相關敘述。電子資源指各種可直接存取或遠端存取之電子資料檔及程式檔，包括軟體、書目及全文資料、互動式多媒體、即時性數據資料、地理資訊系統等。載體形式有磁片、光碟等，通常不包括雷射唱片（CD）、影音光碟（VCD）、數位影音光碟（DVD）。電子資源如以存取方式劃分，可分為直接存取及遠端存取兩種。後者指電子資源無實體載體，使用時須連上網路，例如電子期刊、電子書、線上資料庫及網站等。電子資源內容為連續性資源、地圖、樂譜、錄音資料、錄影資料時，除依本章描述外，另應參考相關資料類型之章節編目。其餘著錄問題可參考《中國編目規則》著錄部分「第1章 總則」。,編目法
23099,2010-01-01,23099_A02,透過網路取得之免費電子書，如要入藏，那又該如何編目？,透過網路取得之免費電子書，如要入藏，即成為館藏之一部分（不論是直接存取抑或遠端存取），其編目方法與一般電子資源之編目相同，請詳閱前述文字。,編目政策與管理
23099,2010-01-01,23099_A03,電子書是否有稽核項？,根據《中國編目規則》（第3版）「第13章 電子資源」相關敘述，直接存取之電子資源應記其稽核項，遠端存取之電子資源可省略其稽核項，如有必要亦可著錄其稽核項。由此可證知，電子資源應有稽核項的存在。電子書既是電子資源之一種，自應有稽核項的存在。,編目法
23100,2010-01-01,23100_A01,採分散編目時，補篇題名大小寫應如何著錄？例如「Criminal justice administration」之補篇「2007 supplement」，題名中「Criminal」是否應大寫？,補編文獻著錄時，不論採整套或分散著錄方式，其補編（supplement）乙詞之前既是年代，故應無首詞首字母大小寫的問題。,編目法
23100,2010-01-01,23100_A02,補編文獻著錄時，標點符號應如何使用？,編次之著錄符號，本人使用的是逗號，如使用冒號或圓點亦可。,作者號及輔助區分號
23101,2010-01-01,23101_A01,同書名、同作者、同出版者，但不同版本的文獻，可否以年代號區分並記錄於同一筆書目紀錄？,同書名、同作者、同出版者，但不同版本的文獻，是否可以年代號區分並記錄於同一筆書目紀錄，本應視文獻實際情況而定。其一、同書名、同作者、同出版者，但有不同版次或出版年之文獻，若其內容未增刪變動，頁碼也完全相同，可視為同一種文獻，著錄於同一筆書目紀錄。必要時，可於附註項註明本館收藏各複本之不同版次或出版年即可。其二、同書名、同作者、同出版者，但內容已增刪變動，頁碼也增減之文獻，通常視為同書不同版本，以著錄為兩筆書目紀錄為宜。總上所述，並顧及目前大多數圖書館的實際做法，通常將同書不同版次或不同出版年之文獻，視為不同版本之文獻，分別著錄為兩筆書目紀錄，以減少編目作業的查證時間。,編目法
23102,2010-01-01,23102_A01,"特藏符號以“VB”標示影碟，“VD”標示影音光碟（VCD, DVD），兩者應如何分辨，差異何在？","特藏符號「VB」係影碟（Laser Disc, LD），直徑為8吋；特藏符號「VD」係影音光碟，直徑為4 3/4吋，又分VCD（Video Compact Disc，即影音光碟）和 DVD（Digital Versatile Disc，即數位影音光碟）兩種。",機讀編目格式
23102,2010-01-01,23102_A02,將舊籍複製為影像檔，並以光碟儲存之，應如何標識其特藏符號？,編目時應依新載體為準加以著錄之，至於原始載體之著錄數據則著錄於附註項。,編目法
23103,2010-01-01,23103_A01,西文書編目時，版本項若為第1版（「1st ed.」），欄位250 $a是否應著錄為「250 $a1st ed.」？,西文書編目時，版本項若為第1版（「1st ed.」），通常欄位250 $a不必著錄（以USMARC為著錄規範工具）,編目法
23103,2010-01-01,23103_A02,若貴館一定須著錄版本項，是否允許在欄位250 $a著錄「1st ed.」？,惟 臺端或 貴館如一定須著錄，也無妨。,編目法
23104,2010-01-01,23104_A01,英文書編目中，「再版」情況下版本項應著錄為「1st」或「2nd ed」嗎？,依西文著錄規則，應以第1版著錄，Reissued只是再發行而已。,編目法
23104,2010-01-01,23104_A02,英文書編目中，是否有更適當的「再版」著錄方式？,Reissued只是再發行而已，無更適當之著錄法。,其他
23105,2010-01-01,23105_A01,是否可行以書背題名作為著錄來源？,貴館擬依書背題名為著錄來源，就出納實務的便利性來說，本無可厚非，但若深究起來，卻有商榷之處。題名頁上的題名通常是作者本人命名，最能反映文獻內容性質，是識別文獻的重依據。版權頁、封面、書背等處之題名為後起產生，因此文獻著錄時應以題名頁為主要來源。,編目法
23105,2010-01-01,23105_A02,若以書背題名著錄，有何建議措施？,"建議貴館仍以題名頁為主要著錄來源，符合編目規則標準，便於書目記錄交流。為方便讀者檢閱，可增加編製題名附加款目（由311, 312, 510, 512, 516, 517等欄位產生），使讀者從不同題名均可檢索。",編目法
23106,2010-01-01,23106_A01,近來收到之光碟內容為e等公務園學習網課程，讀取時呈現網頁形式，入藏時應如何編目？,貴館最近所入藏之『e等公務園學習網課程』（光碟），資料讀取時，出現網頁形式，應屬電子資源類型，可以《中國編目規則》『第13章 電子資源』來編目。,編目政策與管理
23106,2010-01-01,23106_A02,本館入藏網頁形式的光碟時，資料類型應如何標示？,由於貴館館藏資料類型只劃分『參考書、中西文圖書、技術報告、視聽資料』4種，故貴館如所收藏之電子資源不多，將來不也擬往這方面發展，建議可歸入『視聽資料』類型中（當然不是非常恰當）。唯貴館將來如擬增加電子資源館藏，或擬建立電子資源特色館藏，自也可新增『電子資源』為第5種資料類型。,其他
23107,2010-01-01,23107_A01,VCD、DVD及電子資源三種資料類型的層級關係為何？,電子資源的載體型式一般有磁碟片、光碟片、網路資源等數種。以光碟片為載體的電子資源，其外形雖與VCD及DVD相同。但後二者之讀取，既可利用電腦設備，也可利用家用光碟機，故不屬電子資源範圍，此由《中國編目規則》將二者編列「錄影資料」章節亦可證知。,編目法
23107,2010-01-01,23107_A02,電子資源的範圍是否涵蓋其他兩者？,必須在此特別指出，目前電子資源有愈來愈多使用數位多功能光碟（DVD）為載體的趨勢。這種數位多功能光碟也簡稱DVD，但它仍屬電子資源之一，請勿與一般DVD相混淆。,其他
23108,2010-01-01,23108_A01,書名頁所提供之作者名字是錯誤的，但版權頁所提供之作者名字卻是正確的。請問文獻著錄時欄位200 $f是否仍以書名頁的數據為準著錄之，然後再將正確的數據註明於欄位300。,依《中國編目規則》規定，應以書名頁之數據為準著錄之，唯本館內部編目作業略有出入。本館目前的作法，係統合書名頁及版權頁二者之數據為依據加以著錄。依此，則應以版權頁正確之數據為準著錄之，同時並於附註項（欄位300）註明『著者依版權頁著錄，書名頁著者題 xx 誤』的附註文字，以求編目作業簡明化。,編目法
23108,2010-01-01,23108_A02,中國機讀編目格式7__段的檢索款目，應以正確的抑或錯誤的作者名字為準，編製檢索款目？有關作者正誤名字的標引，是否有一定可依循的標準？,中國機讀編目格式7__段的檢索款目，應以正確的作者名字為準，以編製其檢索款目。,編目法
23109,2010-01-01,23109_A01,以MP3為錄音格式的雷射唱片，稽核項（欄位215）記錄時，應如何著錄？,提問文字中『以MP3為錄音格式』係指其記錄格式，『雷射唱片』係指其記錄之載體。文獻著錄時，主要以記錄載體而著錄之。依《中國機讀編目格式》（中國機讀編目格式修訂小組編訂，第4版，臺北市：國家圖書館，199_）為編目規範工具，欄位215 $a應記錄為『x 張光碟片』。,編目法
23110,2010-01-01,23110_A01,Metadata是什麼？,Metadata係由詞根『Meta』和『data』組成的，其中Meta一詞源自希臘文，原義係指更高或更基礎的本質，data是資料的意思。兩個詞組合起來，其義即是『data about data』，也就是用資料來描述資料的意思，譯成中文即為『有關資料的資料』，國內又譯為『元資料、超資料、詮釋資料、後設資料』等。Metadata依據不同社群多樣性的需求，有多種不同的資料格式，目前在各學科領域中至少有20種以上國際標準或漸成標準的Metadata格式。Lorcan Dempsey和Rachel Heery二氏依據Metadata的特性及其結構，將它分為3種類型：即單一格式（simple formats）、結構化格式（structured formats）、豐富格式（rich formats）3種。,編目法
23110,2010-01-01,23110_A02,Metadata與編目有何不同？,大致來說，編目一詞涉及的範圍較廣，它除了包括狹義的編目（或文獻著錄）外，還包括文獻分類、文獻主題、權威控制等內容。Metadata只是廣義編目中文獻著錄時所採用的一種格式而已。假如我們持狹義的觀點來看編目，則一般所謂之編目，其實也可視為一種Metadata，即『關於資料的資料』（data about data）。,編目法
23111,2010-01-01,23111_A01,中文書的定價若標註基價5.8元，要如何換算成現在的價錢？,基價計算公式為「基價 x 50」，即得出新臺幣的價格。以本題為例，將數據代入公式：「5.8 x 50 = 290元」，則該書定價應為新臺幣290元。,編目法
23112,2010-01-01,23112_A01,編目的對象是‘文獻’還是‘圖書資料’？,‘文獻編目’在圖書館界多簡稱‘編目’，編目（臺端原提問文字為‘編目工作’）的對象‘文獻’、‘圖書資料’及‘圖書’三者之涵意，基本上應無區別。易言之，在此我們將此三詞視為同義詞，不細加區別以免產生困擾。茲為明瞭起見，簡釋如下，提供參考： 1 文獻：原指具有歷史價值的圖書文物資料而言。但現今己擴大涵意，指記錄有知識、信息的一切載體在內。分析言之，包括印刷型資料、視聽資料、微縮資料、電子資源等類型。 2 圖書：傳統用法原指用文字、圖畫、符號手寫或印刷於紙張等形式的載體上並具有相當篇幅的文獻，有時則泛指一切印刷型資料（或書型資料），包括書籍、期刊、小冊子、圖片等。但自從非書資料興起之後，該詞有了廣義用法，不但包括印刷型資料，同時還包括非書資料，其涵意基本上與‘文獻’相同。 3 圖書資料：‘圖書’一詞既有一般用法，又有廣義和最廣義用法，為了避免混用，因此另造‘圖書資料’這個新詞，以用來指稱所有文獻類型。,編目法
23113,2010-01-01,23113_A01,版本相同，但內容不同的同一書，其書目紀錄應如何處理？,視為兩種不同之版本，著錄為兩筆書目紀錄：其一、將內容不同之同一書，不論版本或版次是否相同，均視為兩種不同之書或兩種不同版本，分別著錄為兩筆書目紀錄。其二、為了進一步識別兩者不同之處，應在附註項分別加以附註說明。其三、後處理之書，其索書號可加標引年代號，以資與前處理之書區別之。,編目法
23113,2010-01-01,23113_A02,版本相同，但內容不同的同一書，是否可以以複本書處理之？,視為同一書，著錄為一筆書目紀錄：以文獻題名為準，將內容不同之同一書著錄為一筆書目紀錄，對於後入館之另一本，則以複本書處理之。唯為了方便讀者進一步識別起見，應將後處之另一本（通常以該書之登錄號以為區別）之不同特徵附註於附註項。,編目法
23114,2010-01-01,23114_A01,有3冊正文和1冊地圖集之西文套書，稽核項著錄時是否應將地圖集冊數併入正文著錄為『4 v.』？,就提問文意觀之，本套套書之冊數應視為包括地圖集在內，總共有4冊。其中第1-3冊為正文，第4冊為地圖集。故著錄時稽核項應著錄為『4 v.』，但不可將其視為附件著錄於稽核項之後。,編目法
23114,2010-01-01,23114_A02,有3冊正文和1冊地圖集之西文套書之書標冊次號及書內碼冊次號是否應標引為『v. 4』？,至於地圖集之書標冊次號及書內碼冊次號，可標引為『v. 4』。,編目法
23114,2010-01-01,23114_A03,有3冊正文和1冊地圖集之西文套書之書標冊次號及書內碼冊次號是否有其他較合適之標引法？,無其他較合適之標引法，仍可標引為『v. 4』。,其他
23115,2010-01-01,23115_A01,中文書基價5.8元換算成現在幣制的價格是多少？,基價計算公式為基價 x 50，即得出新臺幣的價格。以本題為例，將基價代入公式：5.8 x 50 = 290元，則該書定價應為新臺幣290元。,編目法
23116,2010-01-01,23116_A01,叢書既已採整套著錄並分類，那麼各子書的分析號碼（即分類分析款目之號碼）應記錄於何處？,分析號碼可記錄於傳統目錄的適當位置，因此不成問題；至於電腦書目記錄檔，除非自行增設欄位以應所需，否則因未有相應的欄位，尚無法解決記錄的問題。,編目法
23117,2010-01-01,23117_A01,期刊的「卷」與「期」的意義為何？,「卷期」是期刊的一種編號制度，也是反映期刊特徵之一。期刊的「卷期」編號方式有「年月日、年期、年號、卷期、期、號」等等的不同，其中以「卷期」和「年期」兩者為最多。,機讀編目格式
23117,2010-01-01,23117_A02,現在一般期刊是否仍有分卷期？,「卷期」之編制法，通常以「年」為單位，一年編為一卷，卷下分期，依刊期性質而有不同的期數。月刊1卷有12期，雙月刊1卷有6期，季刊1卷有4期，依此類推之。,編目法
23117,2010-01-01,23117_A03,進行期刊編目時，其卷期應如何著錄？,期刊之「卷期」事項，應著錄於資料特殊細節項（欄位207）。刊名中如未出現刊期性質如「月刊」、「週刊」「季刊」等字樣，應另須於附註項（欄位300）註明刊期性質之文字。,編目法
23118,2010-01-01,23118_A01,內容為英文，但書名頁列有中英文題名與出版者，編目時應以中文編目還是英文編目？,本館以中文加以編目，主要係依據『國家圖書館書目紀錄編目語文認定原則』所致，但並非表示不能有其他不同之著錄法。,編目政策與管理
23118,2010-01-01,23118_A02,"貴館所藏《笑話、幽默與中國人》（Jokes, Humor and Chinese People）乙書為何以中文編目？",本館所藏該書內容為英文，書名頁及版權頁列有中英文題名及出版項，本館以中文加以編目，主要係依據『國家圖書館書目紀錄編目語文認定原則』所致。,編目政策與管理
23119,2010-01-01,23119_A01,像《臺灣省自來水事業統計年報》等期刊或年報，是否屬於連續性出版品？,像《臺灣省自來水事業統計年報》等期刊或年報，確實是屬於連續性出版品範圍。,其他
23119,2010-01-01,23119_A02,連續性出版品又應如何識別呢？,連續性出版品之識別，則凡以編號方式（例如年期、卷期、期或年月日、年月等）準備無限期出版下去的一種文獻，通常每期刊有多個作者和多篇文章者，均可視為連續性出版品，包括期刊、報紙、年刊、會議錄等。,作者號及輔助區分號
23120,2010-01-01,23120_A01,《中國編目規則》相關條文中所謂之『標籤』，是否包括代理商所貼之中文標籤？,中文標籤當然也是著錄來源之一，唯其優先順序較低。文獻編目時，如影片帶本身或影片帶不可分離之盛裝物及標籤，有可資利用之著錄來源，自以此二者為準著錄之；如無前二者，才以中文標簽的著錄來源為準著錄之。,編目法
23120,2010-01-01,23120_A02,視聽資料主體與外盒等說明皆是英文，是否就以西文文獻來編目，即使國內代理商代理發行之電影片，也不例外？,視聽資料內容如為多種語文時，則以發行地為編目語文之主要認定依據。至於視聽資料如有中文字幕或中文標簽，各館可依本身的編目政策，決定是否以中文還是西文編目。,編目政策與管理
23121,2010-01-01,23121_A01,圖書館同時入藏光碟版（會議論文pdf）與紙本（論文摘要、會議手冊等）兩種形式時，應以何種形式進行編目？,編目時應以收錄會議論文的光碟為主，以收論文摘要、會議手冊的紙本為附件，附件著錄稽核項之後以加號（+）連接，或著錄於附註項。此作法適用於光碟版主要收錄會議論文、紙本僅收錄論文摘要、會議議程、會議手冊等資料的情況。,編目法
23121,2010-01-01,23121_A02,圖書館不收藏論文摘要與會議手冊時，是否可將紙本資料視為附件處理？,可將紙本資料視為附件處理，並以光碟版為主進行編目，此作法符合貴館不收論文摘要及會議手冊之典藏政策，且能簡化著錄與分類標引流程。,編目政策與管理
23122,2010-01-01,23122_A01,在資料類型上圖書大致可分那些類型？,圖書資料類型或文獻類型常見的分類方式包括：1. 印刷型、微縮型（縮微型）、視聽型（聲像型）、數位型（電子資源、網路資源）四種類型，其中視聽型包含錄音資料、錄影資料，細分為幻燈片、電影片、唱片、錄音帶、錄影帶、影碟等小類型。2. 以是否使用紙張為載體分為紙張型文獻（書刊資料，包含圖書、期刊、報紙）與非紙張型文獻（非書資料，包含地圖、錄音資料、錄影資料、縮微資料等）。,編目法
23123,2010-01-01,23123_A01,本館如採整套編目，對於套書本身的「出版年及版次」應如何著錄，才能除去上述困擾的問題？,貴館將複本的套書，轉贈其他圖書館，一來可紓解藏書空間的壓力，二來又可充實其他圖書館的館藏，一舉兩得，值得肯定也值得借鏡，也不會造成編目作業的困擾。 所謂「套書」，指的是叢書、多卷書、連續性出版品等類型的文獻而言。這些出版品通常都具有一個總的題名，並由許多子書組成，而組成的子書又各具本身的特徵，例如有時有自己的題名、編次名稱、編次、卷期編號等，以及本身的作者、出版年、版次、面頁數等。 有關套書之著錄法，主要有「分散著錄」和「整套著錄」兩種。分散著錄較沒有問題，茲不贅述。以下所論，以整套著錄為主。 所謂「整套著錄」，即俗稱之「整套編目」。它是以整套書（例如叢書、多卷書、連續性出版品）為著錄對象，所反映的文獻特徵，是以整套書為單位。如需反映子書的各自特徵，例如子書的版次及出版年，則應著錄於「附註項」（欄位300）或「內容註」（欄位327）。 與「整套著錄」相對舉的，即所謂「分散著錄」（俗稱「單本編目」。它是以組成套書的各個子書為著錄對象，所反映的文獻特徵，是以各子書的本身為單位，其「叢書特徵」只是著錄項目之一（通常著錄於「集叢項」）。 整套著錄以整套書為著錄單位，其反映的特徵自以整套或共同具有的為對象；至於子書的各自特徵，則不可闌入「著錄正文」，以免造成著錄文字的混淆不清。,編目法
23124,2010-01-01,23124_A01,小片光碟尺寸,光碟片尺寸有大小之別，大者已明訂為4 3/4吋，小者每一位編目人員量測之尺寸，則略有差異。茲為簡省編目作業起見，小片光碟尺寸（即8公分）統一訂為3 1/5吋。,其他
23125,2010-01-01,23125_A01,叢書本身為影印本時，其著錄及標引方式為何？,叢書整套著錄 須著錄影印本 須標引年代號 必須標引年代號（各個子書之書標及書內碼：年代號在前，冊次居後）,編目法
23125,2010-01-01,23125_A02,組成叢書之子書為影印本時，其著錄及標引方式為何？,叢書整套著錄 不著錄影印本 不標引年代號 不必標引年代號 單本著錄但標引叢書號（叢書號單本編目） 須著錄影印本 1. 集中標引叢書之分類號 1. 集中標引叢書之分類號 2. 年代號標引於冊次號之後 2. 年代號標引於冊次號之後 叢書分散著錄 須著錄影印本 1. 各個子書各自標引本身之類號 1. 各個子書各自標引本身之類號 2. 同時必須標引年代號 2. 同時必須標引年代號 ※【註】 中國機讀編目格式欄位805，即Aleph系統編目表單之852,編目法
23126,2010-01-01,23126_A01,當一筆書目資料出現人名標題（欄位600）、團體名稱標題（欄位610）或會議名稱標題（欄位611），是否以前述標題為依據，來標引杜威法或國會法之類號？,機讀編目有關主題標目欄位之編排順序，通常依主題內容性質區分為若干類型，並據之以編製為若干不同欄位。例如US MARC即分為人名標題（欄位600）、機關團體標題（欄位610）、會議名稱標題（欄位611）、主題標題（欄位650）、地名標題（欄位651）等類型（或欄位）；C MARC分為人名標題（欄位600）、機關團體標題（欄位610）、家族名稱標題（欄位602）、普通標題（欄位606）、地理標 titles（欄位607）等類型（或欄位）。,機讀編目格式
23126,2010-01-01,23126_A02,"若書目資料中同時出現欄位600, 606, 610；或欄位600, 606 , 611時, 請問要以何者作為類號標引的主要依據？",只有在一種情況下，即同一標題類型例如主題標題（欄位650）欄位重複紀錄時，才會選居前之標題，作為類號標引之依據。否則，必須以文獻實際內容主題作為類號標引之依據。,編目法
23127,2010-01-01,23127_A01,國家圖書館全球資訊網網頁提供之‘學位論文學校系所一覽表’是否會持續增訂？,本館全球資訊網上所提供之‘學位論文學校系所一覽表’，擬持續增補新資料，以維持學校系所一覽表的新穎性及適用性。,其他
23127,2010-01-01,23127_A02,跨領域之研究所，例如科技法律研究所以及資訊方面研究所，其學校系所類號應歸入何類為宜？,有關跨領域之研究所，例如科技法律研究所，其學校系所歸類原則，與一般文獻之分類相同，可視圖書館編目政策，以及圖書館類型與宗旨、藏書特色、讀者知識結構等因素加以考量、選擇。例如圖書館本身若是科技圖書館自以分入‘科技法律’類（302.3）為宜，圖書館本身若是法律圖書館則可分入‘法律’類（580）為佳。至於資訊方面研究所，《中國圖書分類法》尚無明確的類目可資利用，權且與電腦科技組為一類：‘312.9 資訊及電腦’類，即可解決無類可歸之窘境。,其他
23128,2010-01-01,23128_A01,有關‘物業管理’之文獻，應分入《中文圖書分類法》（2007年版）何類目？,依據2003年行政院核定《服務業發展綱領及行動方案》，‘物業管理’之性質應為經濟學探討之對象，故建議分入《中文圖書分類法》‘554.89 房地產業’類較為合適。,主題法
23128,2010-01-01,23128_A02,有關‘物業管理法規’之文獻，應分入何類目？,為顧及法規宜採相對集中之原則，如將‘物業管理法規’分入土地法規類（554.1），或許更方便讀者參考利用。,編目法
23129,2010-01-01,23129_A01,使用《中文圖書分類法》（2007年版）類目「529.9 各學校出版品」時，學校名稱號碼之取碼規範工具為何？,學校名稱號碼之取碼規範工具主要有兩種，一為《中文目錄檢字表》（採首尾五筆檢字法），另一為《四角號碼檢字法》。,編目法
23129,2010-01-01,23129_A02,使用《中文圖書分類法》（2007年版）類目「529.9 各學校出版品」時，學校名稱號碼之取碼方法為何？,取碼法主要以名稱中具識別作用的字為準或以習用簡稱來取號碼。例如國立臺灣師範大學，即以「臺灣師範大學」或以簡稱「臺灣師大」（或「臺師大」）來取碼。如以《中文目錄檢字表》為工具，則其號碼為「8447」（依「臺灣師範大學」前三字取碼，再加時代碼「8」）；如以《四角號碼檢字法》為工具，則其號碼為「4324」（依簡稱「臺灣師大」取碼）。,機讀編目格式
23130,2010-01-01,23130_A01,醫學圖書館委員會所編訂之《中國圖書分類法醫學類類號表》，從民80年修訂後，是否還有修訂的版本？,迄至目前為止，據知只出過一次修訂本，即民國80年修訂版，此外別無更新之版本矣。,其他
23130,2010-01-01,23130_A02,哪些圖書館使用醫學類號表？,學圖書館委員會所編訂之《中國圖書分類法醫學類類號表》，係就《中國圖書分類法》（增訂7版）“410 醫學類”為藍本，加以增補修訂而成，部分類目特別重視新舊類號之銜接問題。,其他
23131,2010-01-01,23131_A01,嘉義大學新成立之生物事業管理研究所，其學科屬性是否為跨學門？,有關 貴校新成立之生物事業管理研究所，係一所跨生物學與管理學兩學門之研究所。,其他
23131,2010-01-01,23131_A02,該研究所研究生論文應如何標引類號？,以目前《中文圖書分類法》（2007年版）相關內容來看，並無適當之類目可資標引，不得已，建議可分入『469.5 生物技術工業』類（比較：『368 生物技術』類），惟不知是否妥適。,其他
23132,2010-01-01,23132_A01,依據《中國圖書分類法》，《企業財經法律導引：企業經營必知的法律思維》乙書給予分類號587.19（社會科學類--法律--商法）是否可行？抑或一定入494.023（應用科學類--商學--企業管理）？,《企業財經法律導引》乙書如仍維持原類號（587.19），建議針對法律類通盤加以調整或修訂，俾使法律類子目及類名與法律實況相符。貴館如仍使用本類目，有兩點疑惑之處：其一、本類之買賣、交互計算、承攬、經理人、合夥等內容，幾與民法類相關子目相同，似應注意二者之關係。其二、本類之上位類「商人通例」（587.1），係已過時之舊法律，類名自不合時宜，似應加以改訂。,其他
23132,2010-01-01,23132_A02,請問《銀貨兩訖談買賣》乙書，本館基於分編詳盡，依據書名頁，增列副題名《消費紛爭新解讀--與您切身相關的法律問題》，並依據《中國圖書分類法》增訂七版，將分類號584.381複分022—問題集，是否可行？,《銀貨兩訖談買賣：消費紛爭新解讀 ─ 與您切身相關的法律問題》乙書之副題名，對於揭示內容主題幫助不大，似可省略；至於類號方面，由於案例式與問題集形式固近似而實不相同，建議複分「022」（問題集）可省略。本書係以「案例式」為寫作格式，形式上較近似於「Q & A」（問答）形式，惟細繹該書編排格式，分成「Q、案例、解說、案例研究、重點提示、參考法條」等單元，其中「Q」部分可視為有關案例之提示，故其形制仍屬「案例式」，而與「Q & A」（問答或問題集）有異。案採「案例式」寫作之法律書，理應以「案例」複分之，惟《中文圖書分類法》並無相應複分類號，故通例以分入相應類目即可，不必以「0.22」（問題集）複分之。,編目法
23132,2010-01-01,23132_A03,依據AACR2，英文圖書目錄著錄格式，題名第一個字母大寫...,依英美編目規則，著錄題名時，規定首詞之首字母大寫，其餘各詞之首字母均小寫，惟專有名詞除外，即專有名詞首字母仍然大寫。貴館之著錄方式完全正確無誤，請放心採用。,編目法
23133,2010-01-01,23133_A01,"《中文圖書分類法》（2007年版）類號""782.886""是否改為""783.3886""即可？若一書分入後一類號，是否表示延用增訂7版的中國時代表？2007年版中國時代複分表是否有所變動？","《中文圖書分類法》（2007年版）於類目""782.88 中國現代人物別傳""之外，另編制類目""783.38 臺灣人物別傳""以類分臺灣人物。有關中國與臺灣人物傳之區分及其標引法，請參閱本館編目園地""編目規範標準／中文編目規範標準／其他／國家圖書館編目規範解釋及分編要點／國家圖書館編目規範討論會會議摘要（96年9月）""有關說明。",其他
23133,2010-01-01,23133_A02,若以四角號碼為作者號取碼規範工具，《香水》一書作者徐四金，其作者號是如何形成的？,"以四角號碼為作者號取碼規範工具，《香水》一書作者徐四金之作者號為""2868""。作者號之標引法，略述如下：2.1 取碼數之規定 不論個人著抑或機關團體著者，著者號碼以取足4碼為原則。個人著者因姓名制度的不同，其取碼方式略有差別。茲為明瞭起見，製表解說如下：a. 單姓雙名：姓取2碼／左上角、右上角，名各取1碼／左上角，梁／33，啟超／34，啟字依楷書取碼，其首筆為點（、），故號碼為3 b. 單姓單名：姓取2碼／左上角、右上角，名取2碼／左上角、右上角，呂／60，澂／38 c. 複姓單名：姓各取1碼／左上角，姓各取1碼／左上角，司馬／17，遷／31，橫折筆如為長橫折筆，取碼時可析為前後兩筆段取碼 d. 複姓雙名：姓名各取1碼／左上角，歐陽／77，競无／01 2.2 團體著者取碼 機關團體著者其取碼法可仿個人著者。機關團體如有習用簡稱依簡稱取碼，兩個的簡稱，每字各取2碼；三個字的簡稱，首字取2碼，其餘兩字每字各取1碼；四個字以上的簡稱，依前四字取碼每字各取1碼。機關團體如無習用簡稱則依全稱前四字取碼，全稱起始部分如有""中華民國""、""臺閩地區""、""臺灣地區""、""臺灣省""、""財團法人""、""社團法人""、""有限責任""等字樣，取碼時則不計入，從其後的前四字取碼。 2.3 羅馬字母號碼 有關西洋著者號碼取碼，四角號碼法另訂有""羅馬字母號碼表""1種，以為著者取碼之依據。至於西洋作者號之標引法，大致與中國作者號標引相同，不贅述。茲將羅馬字母號碼表，表列如下：A, H, O（0） B, P（1） C, K（2） D, T（3） E, I, J, Y（4） F, U, V, W（5） G, Q（6） L, R（7） M, N（8） S, X, Z（9） 2.4 欲知其詳，請檢閱《圖書館學與資訊科學大辭典》上冊""中外作者統一排列法""條及《佛教圖書分類法 1996年版》附錄等有關資料。",作者號及輔助區分號
23134,2010-01-01,23134_A01,文獻分類標引時，如在《中國圖書分類法》（增訂8版）未能查獲相應之類號，應如何新增？是否有可依循之規則？,至於類目新增之方法，非常抱歉，在此不能詳說，僅擇要述之如下：4.1 首先，參考有關之《杜威十進分類法》、《美國國會圖書館分類法》、《中國圖書館分類法》、《日本十進分類法》等綜合分類表或專科分類表，於適當類號下擬定新增類目，然後提交分編小組討論。4.2 其次，如必要可參閱相關參考資源，例如參考工具書、網路資源等或請教專家學者，檢視擬新增之類目是否須完備、正確，是否須再加以調整、修改或增刪。4.3 第三，依最後決定的定稿重新繕正新增類目，然後公布周知（公布於布告欄或網頁），以供各界參考。,其他
23134,2010-01-01,23134_A02,貴館將水生植物分入類號『435.481』、食蟲植物分入類號『435.489』，這些類號是如何產生的？,本館曾於2004年2月23日在增訂7版『435.48 其他花卉』類下新增子目如下：435.48 其他花卉 .481 水生植物 .482 仙人掌類及多漿植物 .483 觀葉植物 .484 蕨類植物 .489 其他,其他
23135,2010-01-01,23135_A01,LC的文學作品是如何取分類號？,"1 先以文學作品作者國籍為分類標準，分入該國文學類號。 2 查擬分類之作者是否有作者專號，若有作者專號即分入該專號，例如 臺端所舉實例：『.E8877』，應是國會圖書館給Levi , Jan Heller的作者專號。 3 有作者專號之作品，以題名取同類書區分號（即俗所謂之『作者號』），即 臺端所舉實例：『O53』。 4 查擬分類之作者若無作者專號，則選用已有相關之作者專號，然後再比較待分類作者與表上作者姓氏字母順，給予在前或居後之數字號碼。惟標引數字號碼時，宜注意號碼之控制問題。例如圖書館擬標引Leo.之文學作品，查分類表並無該作者專號，因此選用相關作者專號Levi之號碼：『.E8877』，然後比較兩位作者姓氏字母順，因而標引為『.E72xx』（此編號固可隨意編訂，但必須是有原則、有控制的）。作者專號之編製（即文獻排列號碼）由各館自行編配、控管、維護。",作者號及輔助區分號
23135,2010-01-01,23135_A02,需要給標題嗎？,文學文獻標引標題者，只限於文學論述（例如文學概論、文學理論、文學史、文學參考工具書等），文學作品依慣例不標引標題。,作者號及輔助區分號
23136,2010-01-01,23136_A01,圖書館研習或研討會之手冊（或紀錄）在分類時，是否應集中標引為類號027.9，或依研討會主題分別標引相應主題之類號？,有關圖書館研習或研討會之手冊（或紀錄），在分類時標引時（以《中國圖書分類法》增訂7版為分類標引工具），最好依研討會主題分別標引相應之類號，例如有關分類編目研討會分入類號023.3，有關參考諮詢研討會分入類號023.6等。,其他
23137,2010-01-01,23137_A01,待編文獻題名中出現「密笈」（或「密技」）字樣，例如「楓之谷電玩密技」，分類時可否將題名中凡出現該等字樣之文獻匯集於一處？,1 文獻分類最主要標準是文獻所探討的內容主題，分析言之，即文獻中所探討、所研究、所論述的對象、事物、問題、事件、概念等。文獻標引時，首先依內容主題所論述的學科領域歸類，其次才依其他標準做為歸類時的參考，例如時間、空間、形式、語言、版本等因素或特徵。 2 文獻題名中出現「密笈」（或「密技」）字樣，並無揭示該文獻內容主旨的作用，故不可將題名中出現該等字樣之文獻匯集於一處，仍應依該文獻所探討的主題歸類。以 臺端所舉文獻為例，似應分入「電玩」類或「漫畫」類為妥。,編目法
23138,2010-01-01,23138_A01,再生能源中涉及經濟、政策、法令等層面的探討文獻，應分入《中國圖書分類法》哪一類號？,應分入《中國圖書分類法》『554.68 能源』類。,編目法
23138,2010-01-01,23138_A02,再生能源中涉及工程、技術等層面的探討文獻，應分入《中國圖書分類法》哪一類號？,應分入《中國圖書分類法》『400.15 能源技術』類。,編目法
23139,2010-01-01,23139_A01,除了常見的圖書館之外，哪裡還可以查獲採用國會法的相關書目紀錄？,可連至大英圖書館、加拿大圖書館等相關網頁試試看，或暫時將待編文獻擱置，等過段時再上網查查看，或有意外的驚喜！,其他
23139,2010-01-01,23139_A02,有無杜威法與國會法對照的分類表可供參考？,可連至大英圖書館、加拿大圖書館等相關網頁試試看，或暫時將待編文獻擱置，等過段時再上網查查看，或有意外的驚喜！,其他
23140,2010-01-01,23140_A01,有關原文書之整序法，是否仍依內容主題別各入其類？,一般而言，藏書體系應依文獻之內容主題為準，然後分門別類加以整序，使成有序的集合體。因此，對於西文書自然也應依內容主題，分入圖書館所採用之分類規範工具之相應類號。,編目法
23140,2010-01-01,23140_A02,有關原文書之整序法，是否將原文書集中一起，然後再按題名或撰者字母順排列？,圖書館藏書組織畢竟要以方便讀者借閱為依歸。因此，除了依類別加以組織藏書外，尚有依題名字順或著者字順組織藏書的作法。但是這些權變作法是有一定前提、條件和範圍的，不是適用於所有情況的。西文書可依著者字母順加以組織藏書，但似乎未曾聽聞有依題名字順母排列藏書的作法。,編目法
23141,2010-01-01,23141_A01,有什麼網站收錄杜威分類法「0-9」類的中譯簡表嗎？,網站上似未檢獲有關《杜威十進分類法》基本類目之中譯簡表。,其他
23141,2010-01-01,23141_A02,有哪些書籍收錄杜威分類法「0-9」類的中譯簡表？,紙本文獻方面有兩書可參考：1. 《杜威法》與《中圖法》、《國會法》基本類目對照表／／圖書館分類工作手冊／侯漢清、王榮授主編，北京市：中國科學技術出版社，1992年，頁427-459；2. 杜威十進分類法：科技類類目／中國圖書館學會分類編目委員會編譯，臺北市：臺灣學生書局，1978年（根據18版中譯，英漢對照）。,其他
23142,2010-01-01,23142_A01,賴永祥編訂之《中國圖書分類法》的英文書名是什麼？,New classification scheme for Chinese libraries,其他
23143,2010-01-01,23143_A01,除了OCLC、美國俄亥俄大學圖書館、英國牛津大學圖書館外，還可透過哪些管道獲得德文兒童書的書目資料？,可透過下列兩個網站檢閱或獲得德文兒童書編目相關資料：1 Bayerische StaatsBibliothek www.bsb_muenchen.de/opac.htm 2 www.bsz_bw.de/wwwroot/opac.html 3 Die Deutsche Bibliothek www.ddb.de/index_e.htm 4 另外，亦可透過西文書商或代理商之網站，取得德文兒童書有關編目資料,其他
23143,2010-01-01,23143_A02,巴伐利亞州立圖書館（BSB）、德意志圖書館（DNB）等德文圖書館目錄與西文書商網站中是否包含分類號及主題詞？,下列三者皆未標引分類號及主題詞：1 Bayerische StaatsBibliothek 2 www.bsz_bw.de/wwwroot/opac.html 3 Die Deutsche Bibliothek www.ddb.de/index_e.htm；西文書商或代理商之網站可能包含相關資訊,其他
23144,2010-01-01,23144_A01,同時發行中英文兩種版本之年鑑，採用集中存放方式時，書標上分類索書號（主要是輔助區分號）應如何標引？,採集中方式時，需為第二種語文版本書標上的分類索書號標引其他輔助區分號，以達到識別每一種文獻的「個別化」作用。目前的作法有二：其一、槓號法，即於第二種語文版本年代號之右先標引槓號再標引數字（通常由「2」起編的流水號），第一種文版本可省略之，例如以「90」表示2001年中文版，以「90-2」表示2001英文版；其二、字母法，即於第二種語文版本年代號之右標引不同語文版本之大寫英文首字母，第一種語文版本可省略之，例如以「90」表示2001年中文版，以「90E」或「90Eng.」表示2001年英文版。,作者號及輔助區分號
23145,2010-01-01,23145_A01,《中國圖書分類法》增訂8版是否已改為兼具數字與字母之標記符號？,圖書分類法的標記制度有單純制和混合制的分別，所用的符號主要有數字和字母兩種。《中國圖書分類法》創制以來，本採單純的數字制度，但到了增訂8版出版，為了反應新時代的科秓文化的進展，在『312.9 電腦科學』類目下採用了『拉丁字母』（即羅馬字母）作為補輔助的標記符號，以解決類目數量及類號長度問題，唯並未全面改用數字與字母混合式之標記符號，故如以標記符號主體來看，《中圖法》的標記制度應仍然是單純的數字制。,機讀編目格式
23146,2010-01-01,23146_A01,當書籍內容包含動植物圖片與自然生態知識介紹時，分類應優先以文獻形式因素「圖片」或主題因素「生態」為準？,1 文獻內容有學科主題因素、有文獻形式因素。分類時通常以主題因素為主，以形式因素為輔。易言之，即先依主題因素分類，必要時再依形式因素複分之。 臺端認為「圖片」（形式因素）與「生態」（主題因素）兩者在分類時會有衝突之處，其實不必過慮，基本上是不會發生的。準此， 臺端所提之問題，應分生物學類下之生態學目，必要時再以圖片複分之。 2 只有當文獻內容同時涉及許多學科，而形式因素成為文獻最主要特徵時，才會考慮以形式因素為分類主要標準，分入總類中相應之綜合性形式類目。,編目法
23147,2010-01-01,23147_A01,《國際十進分類法》（UDC）與《中國圖書分類法》的特性為何？,1 《國際十進分類法》（UDC）是歐洲第一部文獻分類表，也是世界上規模最大的一部分類法。它最早提出概念分析和組配原則，是分面組配式分類法的先驅。由於UDC多語種、多版本、類目詳細、組配靈活、標引能力強，不僅適用於成冊文獻的分類和排架，也能滿足單篇文獻的分類要求，不僅適用於手工檢索，也成功地應用機器檢索，是一部國際通用的檢索語言之一。 2 《中國圖書分類法》是中國近代編製較成功，當時較通用的一部分類法，即使目前仍然是臺灣地區採用最多的重要分類法之一。《中圖法》的大綱雖本於杜威法，唯對於中國書籍分類綦詳，適合標引本國文獻，可以說是專為中國圖書館而編製的分類法。,分類法
23147,2010-01-01,23147_A02,社區圖書館應如何選擇適用的分類法？,圖書館選用分類規範工具，應以圖書館本身之宗旨任務、藏書規模、專業特色、社區及讀者需求為出發點，同時還需顧及書目紀錄資料間的傳遞、交換、拷貝、下載等問題。針對國內社區圖書館而言，建議以選用《中國圖書分類法》為宜。因為《中圖法》專為中國圖書而編製，同時又方便各圖書館書目資料間之傳遞、交換、拷貝、下載。貴館藏書既以中文書為主，外文書僅有少量的收藏，自然比較適合選擇《中國圖書分類法》。再者，選用《中圖法》還有兩個好處，其一、由於臺閩地區大多數圖書館採用《中圖法》，因此對於書目紀錄資料的傳遞、拷貝、下載和交換，頗為方便；其二、可以參考或選用國家圖書館出版品預行編目（CIP）上之分類號碼，方便分類作業，省時又省力。,分類法
23148,2010-01-01,23148_A01,中國作家時代號碼標引之標準為何？,依《中國圖書分類法》『附表10：中國作家時代區分例』有關說明文字，應以作家卒年為準。,作者號及輔助區分號
23148,2010-01-01,23148_A02,跨時代之作家時代號碼標引時應如何處理？,時代號碼標引時應取後一個時代。,作者號及輔助區分號
23148,2010-01-01,23148_A03,少數不願仕二朝之作家時代號碼標引時應如何處理？,仍以作家本身所認定之時代為準。,作者號及輔助區分號
23149,2010-01-01,23149_A01,是否有中國圖書分類法與杜威十進分類法或國會分類法的對照表？,國內未聽聞有所謂《中國圖書分類法》與《杜威十進分類法》對照表，或《中國圖書分類法》與《美國國會圖書館分類法》對照表之編輯或出版的訊息。,其他
23149,2010-01-01,23149_A02,是否有中國圖書分類法與杜威十進分類法或國會分類法的資料庫？,美國圖書館界倒出版了紙本之《杜威十進分類法》與《美國國會圖書館分類法》對照表，至於資料庫形態之對照資料則未曾聽聞過。,其他
23150,2010-01-01,23150_A01,一般有關論文的書籍應如何編目？,"論文集之分類：論文集是一種文獻之形式因素，分類標引時除綜合性論文集外，一般不單獨用來標引文獻的，通常須附麗於專題性文獻。因此，有關論文集之分類問題可分下列兩方面來敘述： ※※以下分類標引之規範工具為《中國圖書分類法》。 1. 綜合性論文集之分類：綜合性論文集之特徵，是內容主題涉及多方面。因此，分類時以分入《中圖法》總類為宜，其類目為70 普通論叢""類；如有必要，再依編著者時代細分之。 2. 專科性論文集之分類：有關專門性論文集，分類時宜先依文獻之內容主題分入相應之類目，然後再依總論複分""07 論文集""複分之。複分方法，可依總論複分之規定進行之。",編目法
23151,2010-01-01,23151_A01,在知識管理中如何做知識分類？,"非常抱歉，由於本問題涉及之內容範圍甚為廣泛，不能詳為解答，僅就個人所知擇要簡答如下，不週之處，敬請見諒。 （一）規範工具：可選用一種類目較詳盡完善之分類法為規範工具，也可根據資料本身之特性及要求自行編訂分類表。 （二）分類標準：編製類表時，必須先要訂定分類標準，然後才能展開編製類表的工作。若採用之分類標準不同，其編製出來的類目便不一樣。例如以""國家""作為文學的分類標準，可將文學分為中國文學、美國文學、法國文學等；但如以""文體""為分類標準，則可分為詩歌、散文、小說、劇本等。唯分類標準最好每一次只以一種為標準，如此所分出之同級類目或並列類目才具有""互斥性""。 （三）分類深度：即有關分類級次問題，可依據被分類事物之性質或目的要求，然後決定分類的深度。一般而言，分類級次以編制至四、五級為度，並非分類深度愈深愈好。 （四）一物二分：對於分類時是否允許""一物二分""，即對於具有雙主題之事物或涉及兩類之事物，是否可分入兩個類目？這對於類表之編製及實際分類標引都有影響，必須事先加以規定，以免前後不一致。允許""一物二分""之優點是方便檢索利用，即檢索者不論從那一類目檢索，均可查獲；但其缺點是不便於定位查檢、數量稽核及控管。 （五）應備知識：做好知識分類管理，最好須儲備下列各類知識，例如邏輯、語言學（尤以語義學為重要）、目錄學、文獻學、文獻分類學等。若具備某類學科背景及某種語文能力則更好。 （六）應備辭書：簡明大英百科全書、大美百科全書、中國大百科全書、分卷本辭海等。",其他
23152,2010-01-01,23152_A01,從何處可查獲日本年代與西元年代的對照表，以便日文文獻年代著錄時參考之需,有關日本紀年與西元年代對照之參考資料，可查閱：中西對照歷代紀年圖表∕萬國鼎編（臺北：臺灣商務印書館，1963）、年代對照表：中、日、韓、西曆、干支、佛曆、回曆∕王學穎編（桃園中壢：編者，1974）、七國年號索引∕衛聚賢編（臺北永和：石室出版公司，1975）、中日韓年代對照表（臺北：弘道文化事業公司，19__）、遠流活用歷史手冊∕楊碧川、石文傑編（臺北：遠流出版事業公司，1981）、歷史學手冊∕張存武、陶晉生編（臺北：食貨月刊出版社1977),其他
23153,2010-01-01,23153_A01,西文期刊合訂本是否應該分類？,圖書館收藏之文獻，通常須經由分類過程，俾將文獻組織成有倫有脊的藏書體系，發揮『依類求書，因書究學』的功能。唯對於期刊等文獻類型，未嘗不可採某種變通方式,其他
23153,2010-01-01,23153_A02,若要分類，其作者號該如何取？,可取刊名的首字字母，首字如『The』等冠詞，可不必計入，而改取次一字的首字母,作者號及輔助區分號
23153,2010-01-01,23153_A03,若不分類，其資料又該如何處理？,依刊名字母順序以作為組織及排列的依據，如此可以省卻許多繁雜問題,其他
23154,2010-01-01,23154_A01,"《美國國會圖書館分類法》P306.A1A-Z、P306.A2A-Z、P306.A3-Z中之""A-Z""、""A3-Z""意義為何？","A1：凡有關該類之期刊、會社、叢書（Periodicals, Societies, Serials）入此，其下另按題名字母順（A-Z）排序。 A2：凡有關該類之名錄、指南（Directories）入此，其下另按題名字母順（A-Z）排序。 A3-Z：凡有關該類之一般性作品（General works）入此，其下按著者字母順排列；假如著者字母為""A1""或 ""A2""，仍應改按本條規定，以""A3-Z""取著者號碼。 【註】[1] 比較偏重歷史及比較方面之研究； 　　　[2] 比較偏重結構分析方面之研究。",其他
23154,2010-01-01,23154_A02,《美國國會圖書館分類法》P306.A1A-Z、P306.A2A-Z、P306.A3-Z如何使用？,"分類號排列法：以小數點為界，先將""P306.A1A-Z""、""P306.A2A-Z""、""P306.A3-Z""等分類號各為兩部分，則小數點之前號碼按拉丁字母順及自然數大小排列；小數點之後號碼先分"".A1 ─ .A2 ─ .A3-Z""三區，同區內再逐位按字母及數字順序排列。",機讀編目格式
23155,2010-01-01,23155_A01,非圖書館學科系出身者如何進行圖書分類及排架？,圖書分類有4個要素：分類對象（文獻）、分類標準（學科屬性）、分類工具（圖書分類表）、分類目的（揭示內容和組織文獻）。分類工作最重要的整備事項為選擇分類工具，目前臺灣最通用分類法為賴永祥編訂之《中國圖書分類法》（增訂7版）。賴氏類表採十進制展開子目，基本大類共10類：總類（0）、哲學（1）、宗教（2）、自然科學（3）、應用科學（4）、社會科學（5）、史地（6-7）、語言及文學（8）、藝術（9）。圖書分類後需附加書碼（書次號）以區分同類書籍，組成索書號碼（Call number）作為藏書位置代碼。藏書排列以索書號為基準，先按分類號排列，相同時再按著者號排列，著者號相同時按輔助區分號排列。標記特藏符號者表示不同藏書場所。,作者號及輔助區分號
23155,2010-01-01,23155_A02,是否有相關書籍可供參閱？,相關書籍：（1）圖書分類法導論∕王省吾編著，新訂1版，臺北：中國文化大學出版部，1982年。（2）文化中心圖書館工作手冊. 分類編目∕國立中央圖書館文化中心圖書館工作手冊編輯小組編，臺北：國立中央圖書館，1990年。,其他
23156,2010-01-01,23156_A01,當一書的內容主題可以分入兩個類號時，在圖書館有複本情況下，同一筆書目記錄是否可各給一個分類號，抑或堅持一書不能兩分？,（一）有關雙主題文獻，尤其是並列關係的雙主題文獻，是否可分別標引兩個類號（以下稱「一書兩分」）？在一般觀念裡，答案大多傾向於否定的。尤有進者，學校老師或許一再告誡學生，一書不可兩分，否則便是錯誤的作法。實際是否就如此呢？分析起來，恐怕未必。其實，就文獻檢索與利用觀點而論，一書兩分恰恰可以滿足讀者從不同的主題或類號都能檢索到該文獻，反而提高並促進了文獻的利用價值。清‧章學誠（實齋）在《校讎通義》就曾謂「至理有互通，一書有兩用」。對於雙主題文獻未嘗不重複著錄，以求其詳備，並不將「互著」視為一種缺失或弊病。換句話說，為了更完整揭示一書的內容主題，對於雙主題文獻都可運用「互著法」予以反映，俾使讀者從不同途徑均可檢索，以提高文獻的檢索效能。此我國古代目錄「互著」之所以產生，同時也是現代編目、分類重視「互著法」、「參照法」的原因之所在了。有關「一書兩分」之理論與實踐，我國自古以來即積累了豐富的理論及實例，足供當今編目參考、借鑑與援引。以下擬敘述「一書兩分」有關之具體作法，同時對於與「一書兩分」有關之相關類目間參照問題，也一併探討之。 （二）「一書兩分」的基本條件或基本前提是文獻內容主題必須是雙主題文獻，但與是否為複本無關。所謂「雙主題文獻」，係指文獻的內容同時涉及兩個主題，主要有並列、隸屬、影響、應用、因果、比較等關係之主題。其次配合條件有二，一是圖書館分類工作須具備「一書兩分」相應的措施，二是圖書館工作人員須具備「一書兩分」的觀念。 （三）「一書兩分」的具體作法：凡雙主題文獻分類標引時，可分別標引兩個類號，其一為「主要類號」，另一為「附加類號」（或稱「重出類號」）。附加類號通常加註識別符（例如星號、劍號、括號等），以資區別。同時，分類目錄必須分別編製主要及附加兩種款目。這兩種款目之主要差異，在於主要款目上有詳細之館藏記錄（即登錄號、冊次號及複本號等記錄），同時具有組織文獻排架及分類目錄的功能；而附加款目上無館藏記錄，只具有組織分類目錄的功能。 （四）「一書兩分」的分類目錄有主要款目及附加款目兩種，分別依其類號排入相應位置。如此一來，不論讀者從分類主要款目抑或分類附加款目，均可直接或間接查到所要查檢的文獻。 （五）藏書之排架目錄，依分類主要款目加以編製並組織之，如此即可保證文獻「一書一號」，將文獻集中一處而不致分散各處，同時也方便複本的處理。 （六）以上5點係就文獻與標引間關係加以解說的，最後順便討論與「一書兩分」有關聯的另一概念，即相關類目間或類目與類目間的參照問題。大家知道，類目間的關係多種多樣，其中交替關係和相關關係是常見的兩種類型。所謂「交替關係」，係指同一子目可分屬於兩個不同上位類的關係而言。依交替關係而設立的類目，便是「交替類目」，又稱「選擇類目」。例如保險法規，既是「保險學」類的下位類，又是「商事法」類的下位類，便是交替類目之適例。所謂「相關關係」，係指兩類目間除從屬關係、並列關係及交替關係之外其餘的關係而言。依相關關係而設立的類目，便是「相關類目」。例如「中國文字形體」與「中國書法書體」兩類即為相關類目的適例。現代分類編製法對此等類目，通常視其相關程度及類目性質以「宜入」、「參見」等「參照說明」加以聯結，俾有助於文獻相互參閱及觸類旁通。因與「一書兩分」在觀念及作法上有相通之處，故借此一併敘述之，幸勿見怪。 （七）「一書兩分」理論上雖是可行，但實務上則較少採用。這是因為需要付出較多的人力、物力，同時也需分編政策配合的緣故，各館可視實際況斟酌為之。,分類法
23157,2010-01-01,23157_A01,新舊分類號碼不同，應以CIP新號碼為主，抑或以館藏舊號碼為主？,有關新舊分類號碼，一般的作法是新入藏之圖書儘量使用新類號；只有入藏的圖書是原館藏的複本書、續編書或原館藏的連續性出版品，才沿用舊類號。至於新舊類號間的異動關係，可編製「新舊異動類目對照表」以資翻檢備查；有關新舊入藏圖書之分類，可編訂「目錄改編要點」及「從新及從舊分類原則」以資遵守依循。,編目法
23158,2010-01-01,23158_A01,圖書分類之意義是什麼？,圖書分類：是指根據圖書所反映的內容主題及其他的特徵，分門別類系統組織圖書的一種方法。詳言之，指以圖書分類法和圖書分類規則為工具，根據圖書所反映的學科屬性與其他屬性（或特徵），分門別類組織與揭示圖書的一種整序方法。,分類法
23158,2010-01-01,23158_A02,類號『144』代表何意？,僅有類號『144』而未指明那一種圖書分類法，該號碼是無意義的，只有在指明分類法後其號碼所代表的意義才凸顯出來。以本題為例，假如使用的類表為賴永祥《中國圖書分類法》，則號碼『144』所表的類目為『英國哲學』。其中，從號碼最左邊算起第一位號碼『1』表示『哲學』，第二位號碼『4』表示『哲學』類下之『西洋哲學』，第三位號碼『4』表示『西洋哲學』類下之『英國哲學』。,分類法
23159,2010-01-01,23159_A01,十進分類法之意義為何？,十進分類法係指將人類學術或知識分為九大類（即第一級類目），以阿拉伯數字『1-9』為記號；九類之外，凡屬不能歸於任何類之綜合性圖書，例如辭典、百科全書、期刊、普通論叢、普通叢書等，設一總類以歸屬之，並以阿拉伯數字『0』為記號，共成十大類。每一大類展開時，細分為9部（即第二級類目），而以該類綜合性圖書為總部，則每類俱各成10部，其總數為百部；每部再細分為10綱（即第三級類目），每綱再細分為10目（即第四級類目）；如此展轉不已，以至無窮，而每次區分出來，總是分為10個子類，因此稱為十進分類法。,其他
23159,2010-01-01,23159_A02,十進分類法的優缺點為何？,優點有：號碼簡明易懂易記且具有伸縮性；複分號碼及部分類目具有助記性；適合中小型圖書館，為目前各國最通用分類法之一；具備詳盡之相關索引（Relative Index）。缺點則有：因受十進所限，類目展開時硬分為十，過於機械呆板，不能『因類制宜』，致使類目分配不勻，每有不足與過剩之虞；類次不合理論，例如語言與文學兩類關係密切，而杜法一在『400』，一在『800』，兩者相隔太遠；類目歸屬失當，例如生理及醫學應入自然科學類，杜法反而把它歸入應用科學類；類目太偏重歐美，尤其偏於美國；致使西洋以外地區類目太少，尤其有關中國類目為然。,其他
23159,2010-01-01,23159_A03,十進分類法的發明者為誰？,"十進分類法係美國圖書館學家杜威（Melvil Dewey, 1851-1931）所創制，此為通說。1876年曾編有《圖書館圖書刊物目錄排列分類法及科目索引》一書，即採十進法編制。唯《圖書學大辭典》編者盧震京認為並非杜威所發明，蓋在杜威之前，即有許立夫（N. B. Shurtleff）於1856年用十進觀念編《圖書排列法與行政之十進制度》，首先應用於圖書分類。",其他
23160,2010-01-01,23160_A01,相同兩套叢書，可否一套採集中分類，一套採個別分類？,相同的兩套叢書之分類，只需為叢書編製分類分析目錄，即可達到增加分類檢索途徑的功能，不需一套採集中分類，而另一套採個別分類，這種既不便捷又不合理的作法。所謂叢書分類分析，是為了能從組成叢書的各子書的類號也能查到該子書，因而對整套著錄並分類的叢書，特別將其子書之類號加以析出，編製而成的分類目錄。分類分析目錄編製法：目錄上同時註明兩個類號：其一、各子書所在之整套叢書類號，它是分類排架目錄及文獻排架的依據；其二、各子書本身的類號，其類號必需加上足資識別的符號，例如採圓括號或星號，以表示該類號不作為文獻排架的依據，純粹只作為組織分類目錄之用，以指示或引導讀者查檢該館採用的分類排架目錄。文獻檢索時，因既有整套叢書的類號，又有組成叢書各子書本身的類號，因此擴大並方便了讀者的檢索。另方面館員出納時，因分類分析目錄註有識別符號，即可經由引導或指示作用而查到該書所屬之叢書及其相應書架位置。,其他
23161,2010-01-01,23161_A01,《臺灣地區華僑華人著述資料目錄》的類號「016.5772」中，「72」是如何標引的？,「72」為《中圖法》國別複分類目：「中國」。,編目法
23161,2010-01-01,23161_A02,「臺灣地區」一詞在分類號中代表什麼意思？,「臺灣地區」係指臺灣地區所出版書刊資料之意，並非指該書所研究之空間範圍。,其他
23162,2010-01-01,23162_A01,讀者文摘屬總類嗎？,《讀者文摘》（是否指《讀者文摘》叢書？）可分入《中國圖書分類法》總類普通叢書目，但此分類是否適用於「天下文化」叢書仍有疑義。,其他
23162,2010-01-01,23162_A02,天下文化(叢書名)屬何類？,「天下文化」叢書不宜採整套分類方式分入總類，仍以各子書之本身內容性質分入相應之類目為妥。,其他
23163,2010-01-01,23163_A01,《中國圖書分類法》「書評」類（011.69）與其他類別有何區別？,「書評」類（011.69）依目錄學類（010）下位類「先理論，後實際（應用）」之類序組織原理，應指「書評理論及其寫作法」，綜合性書評作品亦可分入本類；專科書評作品則以分入學科目錄類（016）為宜。,編目法
23163,2010-01-01,23163_A02,《中國圖書分類法》「推薦目錄」類（012.4）與「名著目錄」類（012.5）有何區別？,「推薦目錄」類（012.4）以針對讀者年齡及程度挑選的文獻目錄為重點；「名著目錄」類（012.5）則以全國（世界）範圍內或歷史流傳中具有地位或影響的典籍目錄為重點。兩者屬「可分實不可分」情況，專科之推薦目錄及名著目錄以分入學科目錄類（016）為宜。,編目法
23163,2010-01-01,23163_A03,《中國圖書分類法》「文藝批評」類（812）與其他類別有何區別？,「文藝批評」類（812）係從文藝觀點評論、賞析文學作品及作者著述，包含文藝批評理論與方法文獻。與目錄學類別最主要區別在：目錄學類通常採目錄學寫作方式（側重敘述基本著錄、版本流傳、收藏情況、校勘經過等），而文藝批評則以藝術批評手法評價作品之美丑優劣。,編目法
23164,2010-01-01,23164_A01,為何哲學類通常被編列於總類之後？,根據杜威十進分類法，哲學被視為知識之發端、學術之本源，故編列為第一大類。總類（號碼「0」）作為無所不包之資料或跨學科的綜合知識，編列於第一大類之前，以符合「由總而分」的類目編列原則。,作者號及輔助區分號
23164,2010-01-01,23164_A02,最初依何種標準將哲學編列於總類之後？,編製者認為哲學為知識之發端，學術之本源，故編列為第一大類。總類（號碼「0」）因包含跨學科的綜合知識或無所不包的資料，被編列於第一大類之前，遵循「由總而分」的原則。,其他
23164,2010-01-01,23164_A03,哲學編列於總類之後有什麼特殊含意嗎？,哲學被視為知識的起點，總類則作為知識的總整理與總記錄，二者共同體現「由總而分」的編列原則，即先總括後分門別類，符合知識發展的邏輯順序。,其他
23165,2010-01-01,23165_A01,《中文圖書分類法》（2007年版）中，王安石的時代分類號為「125.16」，而「附表8 中國作家時代區分表」為「5.15」，兩者為何有差異？,分類法在編製時，自然會注意及類號之助記問題，透過對應性編號或詳表類目與總論複分的對應等方法，以求其易記易用。但本原則不可能無限制適用下去，恐過於強求助記性，反而產生『以形（式）害義』，並致不能達到『隨類制宜』的目標。例如本題即可視為適用本原則時的一種限制，故對於王安石所編配之號碼，哲學類編為『125.16』，『附表8 中國作家時代區分表』則編為『5.15』，二者並不強求一樣。,分類法
23166,2010-01-01,23166_A01,以《中國圖書分類法》為分類規範工具，《新訂四書補註備旨》一書分類號為『108.8』，是如何標引的？,1 據知澳門地區圖書館採用之分類標引規範工具為賴永祥編訂之《中國圖書分類法》。果如此，則提問文字中《新訂四書補註備旨》一書分類號為『108.8』，不知類號標引依據為何？ 2 茲就筆者對於類號『108.8』涵義之理解，試解如下：提問文字中類號『108.8』並未編列在分類表『哲學總論』（100）中，該號碼係依據分類號複分組配而成的。其中，類號『100』表示『哲學類』，總論複分號『08』表示『叢書』，中國時代號『8』表示『民國』或『現代』，整個類號係表示『現代哲學叢書』之意。,分類法
23167,2010-01-01,23167_A01,為何《論語》分類號為 121.227（在 121.22 之後加 7）？,「121.227」中的「7」是根據「經書複分表」之複分號碼附加上去的，表示「經書研究評論」之意。,其他
23167,2010-01-01,23167_A02,為何有些《論語》分類號為 121.222（末位數字為 2）？,「121.222」末位數字「2」表示「經書注釋(附本文)」之意。,其他
23168,2010-01-01,23168_A01,《心靈雞湯》涉及哲學、語文、400類等內容時，應如何分類？,依據分類標準，若以文學體裁為準則，宜分入《中圖法》「874 美國文學」類下之「.6 散文；雜著」目；若以著述目的或書之作用為準則，則宜分入「192.1 修身」類。,主題法
23168,2010-01-01,23168_A02,《心靈雞湯》是否屬於總類，需分開放或放在一起？,《心靈雞湯》為一「龐大家族」，中譯本前6種為一般性質修為勵志問題，第7種起則限定於特定內容範圍或對象之修養問題，因此需依不同版本內容範圍分類，而非全屬總類。,其他
23169,2010-01-01,23169_A01,有關人生哲學應分入《中國圖書分類法》何類目？,文獻之分類，必須根據一定分類規範工具，才能進行分類標引工作。假如使用分類規範工具不同，則標引出來的號碼也不相同。因此，本題若未指明分類規範工具（原提問文字未註明分類規範工具），真不知如何回答是好。茲以《中國圖書分類法》（1979年增訂7版）為分類規範工具，回答如後，敬請參考。查《中圖法》設有191.9 人生哲學類，因此有關人生哲學之文獻，自可直接分入該類。該類下另有注釋文字：『依作者所屬國家詳分』，即表明該類文獻可依作者國別複分。例如羅家倫《新人生觀》一書分入『191.9』後，再依作者國別複分號碼『2 中國』複分，因此完整之分類號應為『191.92』。有關作者國別號碼，請查賴永祥編訂《中國圖書分類法》（增訂7版）附錄7：『世界分國表』，頁『763-768』（增訂8版，頁650-654）。,編目法
23170,2010-01-01,23170_A01,《了凡四訓》一書，應分入《中國圖書分類法》何類目？,《了凡四訓》係袁黃所撰...故應分入《中國圖書分類法》 192.1 修身「類；國家圖書館之館藏目錄，則分入『192.8 格言』類，其類號亦可參考。,編目法
23171,2010-01-01,23171_A01,《佛學大百科》應歸於宗教類或總類嗎？,《佛學大百科》係以佛教為內容主題之叢書，應分入《中國圖書分類法》『220.8 佛教叢書』類。其分類標引步驟為：1. 主題分析：析出『佛學』（中心因素關鍵詞）和『大百科』（文獻形式因素關鍵詞）；2. 查表選號：以『佛學』為指導查得『220 佛教』類；3. 複分標引：以『大百科』為指導查得『08 叢書』；4. 號碼組配：組合主類號『220』與複分號碼『08』，得出完整分類號『220.8』（佛教叢書類）。,分類法
23172,2010-01-01,23172_A01,根據《國家圖書館增訂類目表》，有關「一貫道」的文獻應分入何類？,應分入「271.9 中國民間信仰」類。,其他
23172,2010-01-01,23172_A02,根據《中國圖書分類法》（增訂8版），有關「一貫道」的文獻應分入何類？,應分入「271.6 一貫道」類。,其他
23172,2010-01-01,23172_A03,如何解決「546.93 一貫道」類下註釋文字造成的標引困擾？,可直接將《中圖法》增訂8版「546.93 白蓮教；一貫道」類下之注釋文字逕改為「一貫道改入271.6」，即可解決此問題。,其他
23173,2010-01-01,23173_A01,有關佛像雕刻之文獻，應分入《國家圖書館增訂類目表》（民國89年版）224.52 佛教美術子目，或《中國圖書分類法》（增訂7版）224.6 佛像類？,《國家圖書館增訂類目表》（民國89年版）224.52 佛教美術子目係根據《佛教圖書分類法》（1996年版）編訂，未建立與《中國圖書分類法》224.6 佛像類的關係。根據《佛教圖書分類法》範圍，佛教雕塑與佛像涵意大致相同，故實際分類時易造成困擾。為解決此問題，建議採用「交替類目」辦法：1. 將《中圖法》224.52 佛教美術展開設「224.522 佛教雕塑」子目；2. 在《中圖法》224.6 佛像類下加註「宜入224.52」的注釋文字。同理，若選用224.6 佛像為分書類目，亦可依相同方式改訂。,編目法
23174,2010-01-01,23174_A01,《中圖法》『246.2 天主教』類目為何被認為不敷使用？,《中圖法》『246.2 天主教』類，是把『天主教』視為基督教的一個宗派而設立的。因此，該類只收概述天主教、各國（地）天主教概況及其教史這些類型的文獻，至於其他類型之文獻則分入『240 基督教』有關類目。,其他
23174,2010-01-01,23174_A02,是否需要增補『246.2 天主教』類目？,由以上分析看來，有關天主教類似無增補類目之必要。,其他
23175,2010-01-01,23175_A01,國家圖書館全館的「性質及宗旨、藏書規模及特色」是否統一？為何選擇「二種方式」標引？,本館原先所標引的兩個類號係以《中國圖書分類法》（增訂7版）為分類規範工具。相同文獻分入兩個不同類號，係因舊版分類法疏忽所致，並不表示本館的「性質及宗旨、藏書規模及特色」不統一，更非特意選不同方式標引。,其他
23175,2010-01-01,23175_A02,依照回覆：分入《中文圖書分類法》「389.81」與「389.813」類號，應如何處理？,本館目前採用《中文圖書分類法》（2007年版），該分類法係依據《中國圖書分類法》（增訂7版）增補修訂而成。新版分類法於「389.81 食肉目」下新增「389.811 大熊貓科」子目，標引相關文獻時自然啟用新版類號「389.811」。本館原先依舊版標引之類號，目前不擬改用新版類號，以免增加目錄改編的人力與經費。,其他
23176,2010-01-01,23176_A01,電腦音樂應分入何類？,本館已另增補917.7 電子及電腦音樂，可參考。,其他
23176,2010-01-01,23176_A02,為何《中文圖書分類法》類號312.85註釋與919.8實際內容存在矛盾？,大概是屬編輯時疏忽所致。查分類法另一處類號917編列有電子與電腦樂器可資使用,其他
23177,2010-01-01,23177_A01,Star Office是否應歸類為辦公軟體套件而非程式語言？,Star Office應是一套OFFICE的套裝軟體，分入程式語言類（分類工具為「國家圖書館程式語言代碼表」）應有不妥處,其他
23177,2010-01-01,23177_A02,程式語言代碼表中所編列之Star Office是否為另一種軟體？,本館會訂正，並改分入套裝軟體類,其他
23178,2010-01-01,23178_A01,《中國圖書分類法》（增訂7版）無相關類目可資標引，此類文獻應如何分類？,可分入《國家圖書館增訂類目表》（民國89年版）及《中國圖書分類法》（增訂8版）設有的「312.91695 全球資訊網（World wide web）」類。,其他
23179,2010-01-01,23179_A01,有關「流體力學」文獻應如何標引？,《中國圖書分類法》物理學力學類（332）下設有「332.6 流體力學」，後修訂8版工程力學類（440.13）下編列「440.136 流體力學」子目。唯此二者類名雖同，但涵意不同：前者為「普通流體力學」（332.6），後者為「工程流體力學」（440.136）。應依文獻內容質判斷，一般流體力學分入前一類，工程流體力學分入後一類。,編目法
23180,2010-01-01,23180_A01,有關學生網路安全教學及輔導之書籍、影片，應歸入《中國圖書分類法》哪一類目？,有關學生網路安全教學及輔導之書籍、影片，可歸入《中國圖書分類法》『312.903 電腦人員教育』類。,其他
23181,2010-01-01,23181_A01,有關‘奈米技術’的文獻，原先分入《中國圖書分類法》‘339.9 原子能應用’類是否合適？,有關‘奈米技術’的文獻，分入《中國圖書分類法》‘339.9 原子能應用’類，似乎不妥。,其他
23181,2010-01-01,23181_A02,有關‘奈米技術’的文獻，應分入何類較為合適？,建議採用類目改訂法，將‘440.7 工程展覽會’類改為‘440.7 奈米技術’類，原類目則利用總類複分方式編制為‘440.066 工程展覽會’。,其他
23182,2010-01-01,23182_A01,《中圖法》類號「340.98 化學傳記」是如何取得的？,1 一部分類法通常由類目表、序論及使用說明、輔助索引等部分所構成。其中，類目表是分類法的主體，在職能上它又分為二種：其一、正表，又稱主表，係指分類標引時可直接、單獨採用的類目表；其二、複分表，又稱輔助表，係未明示於正表，分類標引時必須以正表和複分表類號經由組配後始可使用之類目表。複分表以適用類目範圍的廣狹為標準，可分為通用複分表和專複分表兩種。總論複分表便是通用複分表中最常用的一種。 2 如題，像「化學傳記」這樣的類目，《中圖法》自然無法一一編列。因此，碰到該類型之類目，勢必經由類號複分或組配的方式，始克以濟其窮。唯查《中圖法》類號「340.99」已被「鍊金術」佔用，因此有關化學傳記便須以變通方式而另謀出路，才能解決難題。 3 參考《中圖法》類目「520.98 中國教育家傳記」例，複分號碼「098」因含有「傳記」之意，故選此號碼以組配成「340.98 化學傳記」，此即《中圖法》該類目之由來。,編目法
23183,2010-01-01,23183_A01,《21世紀學研地球大百科》應歸入700類嗎？,《21世紀學研地球大百科》不歸入700類。本書係地球科學通俗讀物，依主題應分入『350 地球科學』類。,其他
23183,2010-01-01,23183_A02,《21世紀學研地球大百科》應歸入總類嗎？,《21世紀學研地球大百科》不歸入總類。本書為兒童用叢書，應以『089 兒童用叢書』複分，組配後為『350.89』（兒童用地球科學叢書類）。,其他
23184,2010-01-01,23184_A01,有關奈米(納米)材料、結構或技術等相關書籍應歸入何類為宜?,可將「440.7 工程展覽會」類改為「440.7 奈米技術」類，即可解決奈米技術無類可歸之窘境。,其他
23184,2010-01-01,23184_A02,目前所見CIP將之歸入339.9，此類原為核能利用，是否類表已有修訂?,原先以《中圖法》「339.9 原子能利用」類標引，但因不切合已建議改訂類目，將「440.7 工程展覽會」類改為「440.7 奈米技術」類，原類號「339.9」已不再適用。,其他
23185,2010-01-01,23185_A01,臺灣地區是否有較詳備之電腦類分類表？,有關電腦類類表，可檢閱下列相關資源： （一）《國家圖書館增訂類目表》（國家圖書館編目組編訂，臺北：國家圖書館，2000），頁3-8及頁12-13。 （二）《中國圖書分類法》（增訂8版，賴永祥編訂，臺北：文華圖書館管理公司，2001），頁106-115及頁272-273。 （三）國家圖書館全球資訊網編目園地網頁上之編目規範標準∕其他∕國家圖書館程式語言及套裝軟體代碼表。,其他
23186,2010-01-01,23186_A01,《日本全國大學數學入學試題》（臺北：九章出版社，19xx）應分入《中國圖書分類法》的什麼類目？,《日本全國大學數學入學試題》（臺北：九章出版社，19xx）應先分入《中國圖書分類法》『310 數學』類，然後再複分『022 問題集』。因此，該書之分類號應為310.22。※附註：除非分類特別規定，否則，一組分類號的中間只應有一個『0』，如屬多餘的『0』，則必須刪除之。,其他
23187,2010-01-01,23187_A01,同一事物之「歸甲入乙」，是否可根據專業性質以決定其旨趣？,有關各科「應用文獻」，根據分類的一般原則，總是將總論性的「應用文獻」分入本類，而將專論性的「應用文獻」依被應用的學科或專業歸入相應的類目。文獻分類表的編製，通常也會根據前一原則進行。以《國家圖書館增訂類目表》為例，其即根據前述原則，將總論性的電腦應用及其程式編入312.94，而其類下注釋則云：「特定用途之應用程式，宜入各類，以029複分」。據此可知，宜將專論性的電腦應用程式分入整個類表有關各類，例如將有關統計應用程式及套裝軟體分入「512.4 統計資料電子計算機處理」類。,其他
23187,2010-01-01,23187_A02,請予解釋，以釋疑惑。,從另一方面看，圖書館尤其是電腦專業圖書館，也可將所有總論性或專論性的電腦應用集中在一起，此即《國家圖書館增訂類目表》312.94類目注釋後段所示：「如欲集中放置者，可將電腦應用及電腦應用軟體入此」之精神所在。唯宜將注釋文字調整為「必要時得編訂應用程式之細目或依學科號碼複分之」。上述1-3項解說文字，係就一般電腦應用程式立論的，假如是特定名稱的應用程式或套裝軟體，例如「SPSS系統」可在「312.949 各種應用程式、套裝軟體」及「512.4 統計資料電子計算機處理」兩類間，依各館分編政策或專業考量擇一而從。根據上述，有關《SPSS統計應用實務》一書可分入「312.949 各種應用程式、套裝軟體」類，也可分入「512.4 統計資料電子計算機處理」類，端視各館本身之需求而定。唯必須特別指陳的有兩點：其一、宜根據各館之性質、分編政策及專業考量，決定文獻「歸甲入乙」之適用原則與時機；其二、標引原則一經選用確定，宜嚴格遵守，勿經常隨意更改，俾避免造成分類作業的困擾或導致分類標引時前後不一。,其他
23188,2010-01-01,23188_A01,《蟑螂博物學》ISBN 9789862162651 被分類為387.13 軟甲綱是否正確？,非常感謝 臺端的指教。蟑螂與海蟑螂，雖然字面都有『蟑螂』兩字，生物類別上也誼屬『同『門』兄弟』（同屬於節肢動物門），但牠們在『血緣上』並不那麼『親』－ 前者屬昆蟲綱，後者屬軟甲綱，顯非同『綱』動物。本館目錄將《蟑螂博物學》（ISBN 9789862162651）乙書分入《中文圖書分類法》『387.13 軟甲綱』類下，而與『『蝦』兵『蟹』將』同列，確有點『亂點鴻鵠譜』直把『馮京』當『馬涼』了，顯有疏失之處。我們會依 臺端建議加以訂正。,其他
23188,2010-01-01,23188_A02,2007中國圖書分類法為何未設置蜚蠊目子目？,蟑螂屬昆蟲綱『蜚蠊目』，《中文圖書分類法》『387.7 昆蟲綱』類下並未立有子目（分類法上有『387.758 恐蠊目』，但與蜚蠊目無關），故擬一併增補之（擬新增『387.798 蜚螊目』類 ，類下並註云：『蟑螂入此』）。,其他
23189,2010-01-01,23189_A01,以《中國圖書分類法》（增訂8版）為分類工具，有關泛論癌症或介紹多種癌症之文獻，應分入何類號？,《中國圖書分類法》（增訂8版）原編有類目『415.271 癌』，作為癌症總論或各種癌症彙編等文獻標引之用。,編目法
23189,2010-01-01,23189_A02,《中文圖書分類法》（2007年版）無相應類號時，有關泛論癌症或介紹多種癌症之文獻應如何分類？,本館為解決此問題，將類目『417 婦產科；老幼科』改為『417 婦產科；老幼科及其他』，並於該類下增訂『417.8 腫瘤學』新類目，作為分類使用。,其他
23190,2010-01-01,23190_A01,《中國圖書分類法》（增訂8版）原有罕見疾病的類目「415.18 各種怪病」，惟《中文圖書分類法》（2007年版）編訂出版時已刪除，請問如有該類文獻時，應如何分類？,如有該類文獻時，請歸入它的上位類，即類目「415.2 內科」。,其他
23190,2010-01-01,23190_A02,請問《中圖法》（增訂8版）與《中文圖書分類法》（2007年版）之異動類目對照表何時出版？,目前《中圖法》（增訂7版）與《中文圖書分類法》（2007年版）之異動類目對照表刻正在編訂當中，俟編訂完畢後再擬出版，提供各界參考。,其他
23191,2010-01-01,23191_A01,柯孜昇等編著之《Rhinoceros電腦輔助工業設計與製造》應歸入何種類號？,應先分入《中國圖書分類法》（增訂7版）類號『440.029』（電腦輔助設計與製造），屏東科技大學圖書館分類標引應屬正確。至於其他圖書館分類標引為『402.9』，似乎並不正確，亦不知出自何據？,其他
23191,2010-01-01,23191_A02,『440.029』類號係如何組配而成？,前述類號係由主類號『440』（工程學）加上複分號『029』（電腦自動化或資料處理）組配而成。至於複分時出現兩個『0』，係依『440 工程學』類下注釋文字『440.01-440.09』的指示組配而成的，以免與工程學類下『440.1-440.9』各類造成衝號現象。,其他
23192,2010-01-01,23192_A01,增訂《中國圖書分類法》『460 化學工業』之下位類：『460.2 化工過程』、『460.21 化工裝置設計』、『460.22 單元操作』、『460.23 程序控制』等子目之意義為何？,化工過程或化工程序（chemical processes）主要內容包括化工裝置設計、單元操作、反應工程、程序設計等。茲參考吳和生等編著《化學工程概論》一書，將相關類目之意義略釋如下：1.1 單元操作（unit operations）：指化工製造過程中偏重物理現象之處理，包括流體輸送、加熱、冷卻、吸收、萃取、蒸餾、乾燥、過濾等。1.2 單元程序（unit processes）或程序控制：指化工製造中偏重化學現象之處理，包括氧化、氫化、鹹化、氯化、聚合等過程。1.3 反應工程：指研討物性、化學、物理平衡、可行性的化工熱力學與探討反應速率的化學動力學。1.4 程序設計：包括操作費用及設備成本的評估及最適化、流程圖準備與繪製、設備設計方法建立（蒸發器、燃燒爐、熱交換器、反應器、分離槽）、各種程序設計軟體應用（CAD等）、工業上實際應用。,編目政策與管理
23192,2010-01-01,23192_A02,分類時若不知類目含義，又怎樣進行標引工作呢？,分類標引時若不知類目含義或對類目含義有所誤解，是無法進行標引工作的，即是勉強從事，也極容易產生誤標引現象，不可不慎。如欲減少此種現象，可從兩方面著手：其一是多涉獵各種學科的一般知識，例如各學科之概論或各學科史；其二是編目部門應備有各種百科全書或專門辭典，以為如有工作疑問時查閱之用。,其他
23193,2010-01-01,23193_A01,《中國圖書分類法》類號『410.26』與『410.46』是如何取的？,『410.26』係由主表類號『410』（醫學）和總論複分號『026』（手冊、便覽）組配而成，表示『醫學手冊、便覽』之意。『410.46』則是錯誤的組配，請勿使用之。,編目法
23193,2010-01-01,23193_A02,為何在《中圖法》及編目園地均查檢不到這些類號？,凡經由主表與附表組配而來的分類號，在分類規範工具書上查不到。編目園地所公布的分類號碼係新增或刪除的號碼，而組配而成的號碼自然在編目園地也查不到。,其他
23193,2010-01-01,23193_A03,『410.26』與『410.46』是否為新增的類號？,『410.26』係由組配而成，非新增類號；『410.46』為錯誤組配，亦非有效新增類號。,其他
23194,2010-01-01,23194_A01,有關‘商品、行銷’的文獻，正確類號是否只有《中國圖書分類法》‘496’可資標引？,《中國圖書分類法》確實只有類號‘496’可資標引。,編目法
23194,2010-01-01,23194_A02,有關‘商品、行銷’的文獻，是否還有其他的相關類目？,除了前述類目外，並無其他相關的類目。,其他
23195,2010-01-01,23195_A01,核醫照影技術文獻是否應歸入「418.95 放射線療法」類？,有關核醫照影技術，以分入《中圖法》「415.216 X光診斷；放射線攝影術」類為宜。,編目法
23195,2010-01-01,23195_A02,醫用放射物理學文獻是否應歸入「418.95 放射線療法」類？,有關醫用放射物理學，以分入《中圖法》「415.216 放射線療法」類為宜。,編目法
23196,2010-01-01,23196_A01,家庭醫學的圖書應分入《中國圖書分類法》的「410.26 醫學手冊」類或「429 家庭衛生」類嗎？,根據《中國圖書分類法》，有關家庭醫學的文獻，分入「410.26 醫學手冊」類或「429 家庭衛生」類均可。唯如分入家庭衛生類（429），則更能彰顯該類文獻編輯之特色。分入醫學手冊類時，可透過複分組配方式得出「410.26 醫學手冊」類；分入家庭衛生類時，若文獻體裁具手冊、便覽或常識彙編性質，可進一步以「026 手冊」複分，分入「429.026 家庭衛生手冊」類。,編目法
23197,2010-01-01,23197_A01,建議《中國圖書分類法》增訂8版仿「東方食譜」例，展開「427.12 西洋食譜」類之細分，類目注釋注明「各國食譜依世界分國表複分」，例如義大利食譜類號為「427.1245」；法國食譜類號為「427.1242」等等，俾便集中各國食譜相關文獻，應如何處理？,謝謝您的建議，我們會將有關資訊轉告有關部門，作為修訂時參考之用。,編目法
23198,2010-01-01,23198_A01,「400.16 廢物處理技術」與「445.97 廢棄物處理及其利用」兩類目有何差異？,按此二類目之含意，基本是相同的，因此二者只能選其一適用之。分析起來，將廢棄物處理編列於應用科學總論之下，係一種權宜作法，並未注意及類目組織的邏輯性與關聯性。至於，較晚新增之「445.97 廢棄物處理及其利用」類，顯然已注意及類目組織的問題。,其他
23198,2010-01-01,23198_A02,應如何選擇適用「400.16 廢物處理技術」或「445.97 廢棄物處理及其利用」？,如考慮類目組織因素，似乎以採用後者以標引入藏文獻，當可顧及類表編制及解決標引工作之問題矣。,編目政策與管理
23199,2010-01-01,23199_A01,原先類號「448.6」又為何類？,查《中國圖書分類法》1973年8月出版增訂3版時，類號「448.6」是「電信」類，本館當時曾以此類號標引有關電信文獻，後來本館曾將該類改為「電氣鐵路」類。但另一方面，《中圖法》出版新版時，編訂者將類號「448.6」改訂為電子工程類，本館自未便遽而採用《中圖法》已增訂過之新類目：「448.6 電子工程」類。於是，民國六、七十年代本館將電子工程類號調整至「448.87」，自此「448.87 電子工程」類即一直沿用下來。,其他
23199,2010-01-01,23199_A02,倘若不依照國家圖書館更改之類號標引文獻，會有怎樣的影響產生？,本館使用類目「448.87 電子工程」以標引相關文獻，已有年所，所標引之文獻無異成千上萬，自不可能更弦易轍，改從《中圖法》新訂之電子工程類（448.6）。至於，各地各類型圖書館分類編目基本上並不存在這方面困擾問題，是否需亦步亦趨跟隨本館之足跡，則尚有討論之空間，個人認為不一定需要向國家圖書館看齊。基於此，應採《中國圖書分類法》或《國家圖書館增訂類目表》以標引電子工程相關文獻，有待各館自己決定了。,其他
23200,2010-01-01,23200_A01,請問有關於[電力調度規則(規範)]的書籍，應入何類？,一、檢閱《電工法規》、《電工規則》等相關文獻，並未檢獲形式上有名為“電力調度規則”之法令，亦未查獲實質上與電力調度規範有關之資料。唯覈按提問文意，應與電工專業法規有關迨無疑義。 二、有關專業法規之分類原則：依據文獻分類一般原理及《中國圖書分類法》「582.9 各類法規」類目注釋之要旨：各類法規以分入各類為宜，唯專業圖書館則可集中於法律類，俾發揮專業服務之職能，以突顯其特色。 三、依據上一條指示，經查《中圖法》「448 電氣工程」類，並未設立電工法規相關類目，唯可經由類目組配途徑以謀求解決之。試說明解決步驟如下：首先將該類文獻分入《中圖法》「448 電氣工程」類；其次再進行「023 法令；規則」複分；第三經由前述兩個步驟，將主類號與複分號碼組配起來，即標引出完整之分類號碼：「448.023」。而言個類號即代表「電工法規」類。,其他
23201,2010-01-01,23201_A01,類號445.1都市設計與575.1市政計劃有何不同?,一、都市設計(City Planning; Town Planning)：係指就一定地區內有關都市活動、交通動線、建築與構造物之配置、造型與外觀、開放空間、都市景觀等事項予以規劃設計，以塑造都市風格，並提昇生活品質為目標。 二、市政計畫：係指針對市政所涉及之民政、社會福利、勞工、教育、財政、建設、工務、國宅、地政、兵役等各方面加以計畫而言，其目的在於推動市政建設、促進都市發展、增進人民生活。 三、兩類異同：總上所述，都市設計比較偏重都市營建、都市建築、市政工程方面，即工程、營造、維修方面。而市政計畫則涉及市政之全部，都市計畫只是其中一個環節而已，比較偏重管理、監督、經費等方面。,其他
23202,2010-01-01,23202_A01,《中國圖書分類法》448.6 電子工程類下之 448.65 半導體及其他電子裝置子目與 448.8 無線電工學類下之 448.878 其他電子裝置；半導體子目有何區別？,兩者基本上無區別，含義上基本相同。主要差別在於編訂者不同：前者為賴永祥先生原先編訂，後者為國立中央圖書館（國家圖書館前身）增補和調整。實際使用時，貴館如擬沿用國家圖書館之編目資料，或與國家圖書館擬做書目交換，可選擇後者。,其他
23203,2010-01-01,23203_A01,有關‘電力調度規則（規範）’之書籍，應分入《中國圖書分類法》什麼類目？,有關‘電力調度規則’或‘電力調度規範’之書籍，覈按其內容性質應屬電工法規類之文獻。依內容主題之學科屬性及文獻形式特徵，應分入《中國圖書分類法》448.023 電工法規類。撰者按《中圖法》並未設電工法規相關類目，分類標引時可利用類目複分加以解決。其法，係先將文獻分入'448 電機工程'類，然後再按總論複分'023 法令；規則'加以複分，經組配後產生'448.023'這組號碼，即可以之標引電工法規文獻。前述號碼分析起來，類號'448'表'電機工程'類之意，複分號'023'表'法令、規則'之意，兩相組配即表'448.023 電工法規'之意。,分類法
23204,2010-01-01,23204_A01,「菸酒管理」如指有關菸酒的管制，應分入《中國圖書分類法》哪一類目？,《中國圖書分類法》「548.83 嗜酒」類。,編目法
23204,2010-01-01,23204_A02,「菸酒管理」如指有關菸酒業的經營管理，應分入《中國圖書分類法》哪兩類？,《中圖法》「481.7 酒業」、「482.5 煙業」兩類，可提供選用。,編目法
23205,2010-01-01,23205_A01,貴館使用的類號『441.33』（施工安全）係來自何處？,『441.33』（施工安全）係本館增補的類目，原來是為了類置有關土木工程的施工文獻。,其他
23205,2010-01-01,23205_A02,為何貴館現將施工管理文獻分入『441.527』而非『441.33』？,因一般土木工程與建築工程較不易區分，且兩者的施工管理基本方法和步驟無二致，故後續均集中分入『441.527』（施工監督；施工管理），並修正類名以符合分類實務需求。,其他
23206,2010-01-01,23206_A01,國家圖書館國際標準書號中心預行編目（CIP）對類號415.53是否進行了增補更新？,查本館最近館藏目錄，其中類目415.53 肝膽器官疾病下收錄了下列兩書：肝病三步曲∕和信治癌中心醫院編，臺北：天下生活公司，2001 征戰癌王∕湯釗猷撰，臺北：牛頓出版公司，2001 俱係有關肝癌的圖書。依上述兩書內容主題，自以分入『415.53 肝膽器官疾病』類為宜，似乎未涉及類目增補修訂問題。,其他
23206,2010-01-01,23206_A02,是否可自國家圖書館館網頁取得完整的『中國圖書分類法醫學類目表』？,很抱歉，本館並未對醫學整個類表作增補修訂工作。貴館如需醫學類目表，請參閱：中國圖書分類法醫學類類號表∕中國圖書館學會醫學圖書館委員會編訂，臺北市：中國圖書館學會，民國72年。,其他
23207,2010-01-01,23207_A01,以《中文圖書分類法》為分類規範工具時，《臺灣省諮議會 ... 定期大會議事錄》應如何標引？,可分入《中文圖書分類法》類號『574.336』（臺灣政治類／省議會子目）,其他
23208,2010-01-01,23208_A01,《中文圖書分類法》（2007年版）類目『578.2 中華民國外交』的立類用意為何？其類號『578.294』與『578.298』是否適用於目前情況？,《中文圖書分類法》（2007年版）類目『578.2 中華民國外交』係根據《中國圖書分類法》（增訂7版）『578.2 中國外交』加以修訂的，部分類目適用範圍例如租借地（578.294）及各地外交問題（578.298）二類目前已不適合，宜斟酌加以調整。,其他
23208,2010-01-01,23208_A02,《中文分類法》『578.831-.877』註釋文字『按世界區域及分國表複分』是否不夠嚴謹？,誠如臺端所論，類目『578.294 租借地』與『578.298 各地外交問題』二者已不適用於目前情況。分析該類立類緣由，實係反映當時時代之實情：中華民國既統治整個中國，各地方自然有涉外事務；另租借地係前清所留下來的問題，直至抗戰期間才廢除。職是之故，設立相關類目，可以解決有關租借地及地方對外關係文獻的標引問題。惟目前政府播遷來臺，此二者俱已成明日黃花過時矣，自然宜斟酌加以檢討。,其他
23208,2010-01-01,23208_A03,有關『租借地』文獻，《中文分類法》類號『574.18』是否可仿『578.2』複分？港澳等地標引應如何處理？,《中文分類法》類號『578.831-.877』註釋文字『按世界區域及分國表複分』基本上應無錯誤。編製分類法時，所加註之注釋文字，通常採概括文字敘述之。故類號『578.831-.877』中之『33』（臺灣）自然排除在外，就目前一般人之理解而論，臺灣仍然是地理名稱，而非國家名稱。有關外交事宜，仍屬國家職權，應以中華民國外交號碼（578.2）標引之。港澳兩地係回歸中國大陸，其性質並非租借地，故與該類目涵意不合，如於該類下編列子目恐有不妥。至於各地方涉外事件，由於該類文獻不多，故即使未立類，仍分入類號『574.18』（其實本類就是特類），基本上應無大礙，可暫緩考慮立類。,其他
23209,2010-01-01,23209_A01,《中文圖書分類法》（2007年版）類號「548.31」參見註「433.8中國農業災害及荒政史」，為何查無「433.8」這個類號？,「433.8」係《中國圖書分類法》（增訂7版）原有的號碼，修訂之際可能因疏忽未編列「中國農業災害及荒政史」這個類目，下次修訂時會反映給修訂委員會參考。,其他
23210,2010-01-01,23210_A01,西文書採購增多時，是否仍可採用《中國圖書分類法》分類？,《中國圖書分類法》主要針對中文藏書編製的一種分類規範工具，但對於藏書規模較小的中小型圖書館而言，用來標引西文圖書也還是適用的。,其他
23210,2010-01-01,23210_A02,若有建立特色藏書的準備，是否可考慮其他分類法？,貴館如有建立特色藏書的準備和構想，同時人力（不僅指人數，也指專業人員）、財力又許可的話，或換成其他較適合的分類法也未嘗不可。,其他
23211,2010-01-01,23211_A01,國中教科書各科應如何加上號碼較恰當?,依據《中國圖書分類法》「521.8 教科書」之類下注釋，可將各級、各類之教科書集中於該類之下。為解決現有困擾，個人認為可循下列二途徑：一、以科目為主，以各級教育為輔展開子目；二、以各級教育為主，以科目為輔展開子目。,編目法
23212,2010-01-01,23212_A01,《生活的重構：新時期電視紀實語言》一書是否屬於電視非劇情表演性質之節目探討文獻？,該書內容係屬於電視非劇情表演性質之紀實節目探討文獻。,其他
23212,2010-01-01,23212_A02,《中國圖書分類法》中是否有更切合《生活的重構：新時期電視紀實語言》一書主題的類目？,依其內容主題性質，可分入《中國圖書分類法》「557.776 電視節目」類（屬交通及運輸類電信目）。,主題法
23213,2010-01-01,23213_A01,《行政院消費者保護委員會94年度消費保護計劃》應如何歸類？,依其內容主題性質，可分入《中國圖書分類法》「548.39 消費者保護」類或「573.57 行政院各委員會」類。,其他
23213,2010-01-01,23213_A02,《形塑知識形政府研討會會議實錄》應如何歸類？,依其內容主題性質，可分入《中國圖書分類法》「572.9 行政管理」類。,編目法
23214,2010-01-01,23214_A01,以《中國圖書分類法》為分類標引規範工具，《國家發展重點計畫》一書應分入那一類？,未見《國家發展重點計畫》原書，不知內容主題為何；但略可推知該種文獻內容主旨不外兩方面：其一、偏重國家整理發展方向或有關國家政務建議；其二、偏重經濟建設之規劃與發展課題。有關前者，建議分入；有關後者，建議分入《中國圖書分類法》「573.19 經國方略」類或「553.11 經濟綜合計畫」類。,其他
23215,2010-01-01,23215_A01,《九十二學年度全國技藝教育績優人員優良事蹟專輯》一書的索書號應如何標引？,1 《九十二學年度全國技藝教育績優人員優良事蹟專輯》一書內容，主要係有關本國教育人物介紹之文獻。因此，依其內容性質可分入《中國圖書分類法》「520.98 中國教育人物」類。 2 以上分類結果，只是構成索書號的第一部分，索書號的第二部分則是同類書區分號（或稱書次號、書號）。同類書區分號依標引規範工具之不同而有不同的組配規則。茲以《中文目錄檢字表》為標引工具，則上一書之索書號應為「520.98 8657」（因提問敘述中並未註明著者，故權且以書名「全國技」三字取同類書區分號；如該書題有著者，請改以著者取碼）。 3 由於本書還標明了資料年代，因此為了進一步區分本書不同年代的入藏書，建議宜加上年代號，以免日後因收藏本書不同的年代，或有目錄改編之虞的問題。以本題為例，其索書號碼最好應補上年代號「92」，如此該書之完整索書號應為「520.98 8657 92」。,作者號及輔助區分號
23216,2010-01-01,23216_A01,本館教科書現行之分類方式為何？,初等教育教科書歸入《中國圖書分類法》「523.3 初等教育學程」類，國中、高中職教科書歸入「524.3 中等教育學程」類，冊次號標引出版年，如遇高中職同科目同出版社，則另於作者號之後標引點號（. ），以資識別。,作者號及輔助區分號
23217,2010-01-01,23217_A01,介紹澳門巴士的書應分入《杜威十進分類法》（DDC）哪一類目？,有關介紹澳門巴士的書，內容包括過去和現在各款巴士，可分入《杜威十進分類法》（DDC 22ed.）『388.4 Local transportation』類。,其他
23218,2010-01-01,23218_A01,為什麼「民主法治教育」分入《中國圖書分類法》「520.1857 教育與政治」子目？,表示教育與政治兩者的關係。由於民主、法治二者係政治學重要概念之一，因此即以《中圖法》類目「570 政治學」中之號碼「57」以表示之。,其他
23218,2010-01-01,23218_A02,「520.1857」類號中的「57」是什麼意義？,「57」來自《中圖法》類目「570 政治學」，用以表示民主、法治作為政治學重要概念的屬性。,其他
23219,2010-01-01,23219_A01,俗語的分類號在《中國圖書分類法》增訂七版為「539.7」，增訂八版為「539.6」，兩個類號究竟那一個正確？查《中國圖書分類法增訂七、八版異動類目對照表》也未曾列入，似有遺漏。煩請解答,謝謝您的建議，我們會將您的意見反映給《中國圖書分類法》修訂小組有關成員，以作為修訂時參考之用。,其他
23220,2010-01-01,23220_A01,是否有較詳盡的分類規範可資利用，以解決兩岸關係文獻集中分類之困擾？,有關兩岸關係（例如政治、經濟、軍事等）文獻，其分類標引有兩種方式：其一、集中分類方式；其二、分散分類方式。前者，將相關文獻悉數集中於《中國圖書分類法》「573.09 政情現況」類下，必要時再予以細分之。後者，將相關文獻依其內容主題別，分入《中圖法》各相應類目之下。前述二者之分類方式，各有優缺點，各館可就圖書館本身之任務與目標、藏書特色、讀者需求等因素加以考慮，並決定選用何種分類方式。如採集中分類方式，為了分類更合理和縝密起見，可根據文獻保證原則、用戶保證原則，就政治、軍事、法律、文書、經濟、教育、學術、文化、科技等方面之交流及關係，在該類下編製相關之子目，以應該類文獻不斷滋生及文獻生態實際之需。,其他
23221,2010-01-01,23221_A01,本校圖書館應如何整合中小及幼教教材的兩種分類方式？,中小及幼教教材，例如有關唱遊、智能活動、生活習慣等教材，有其內容的特殊性、對象的針對性和教學的統整性，故分類時以採集中方式為主，而不宜採分散方式。分類採集中方式，一來可以突顯貴校館藏特色；二來方便教師或教學時之參考與利用。,編目政策與管理
23221,2010-01-01,23221_A02,若貴校決意改變分類方式，應如何進行？,貴校如決意改變，例如今後擬統一改採集中方式以標引中小及幼教教材，最好宜針對原有依分散方式分類之藏書，先進行目錄改編（或稱圖書改編）之措施，以免造成同類文獻分散兩處之弊。唯在進行目錄改編之際，宜先評估貴校之人力和財力為何？同時也應評估目錄改編數量之多寡及目錄改所需時間之久暫。經評估後，如不會造成圖書利用之困擾，再著手進行目錄改編。千萬不可未經評估即冒然進行，反而造成不可彌補,編目政策與管理
23222,2010-01-01,23222_A01,依《中國圖書分類法》增訂8版，香港政治應歸入「574.1 中共政治」類或「573.938 香港特區政治」類？,《中圖法》增訂8版有關香港之地區號碼改為「38」，與香港特區政治相關文獻應分入「573.9 中國省政」類下「573.938 香港特區政治」目，不應分入「574.1 中共政治」類。若圖書館仍沿用增訂7版「世界分國表」中「3.38」地區號碼，可維持舊類號，但需註明沿用理由以避免分類標引困擾。,其他
23223,2010-01-01,23223_A01,中圖法增訂七版中之553.4（經濟法規）與587.19（商行為法）有何不同？,以法學觀點而論，經濟法規與商行為法是不同的兩種法。簡單區分起來，經濟法規是帶有行政法性質的法規，屬公法領域。所謂公法，係指以規定國家組織以及基於公權力上下支配係為內容之法律。商行為法與民法一樣，是純粹屬私法領域，以規定私人間或私人與公法人間基於平等地位權利義務關係為內容之法律。以上是二者之大較，其區別實益，主要在於救濟程序不同。公法之刑事案件由司法法院管轄，其訴訟之發動多由檢察官介入，其行政案件則由行政機關及行政法院管轄。私法案件原則上由私人發動，由司法法院管轄。,其他
23223,2010-01-01,23223_A02,遇到如公平交易法之類的主題在給類號時是否應入587.19較適宜？,公平交易法是屬行政法規之一，坊間『六法全書』之編者例如陶百川、王澤鑑等編纂之《最新綜合六法要旨增編、判解指引、法令援引、事項引得全書》；張知本主編，林紀東續編之《最新六法全書》等書，以及一般的法界人士多將公平法列入經濟法規之一。據此，有關公平法之分類標引，應以分入《中圖法》『553.4 經濟法規』類為宜。至於分入『587.19 商行為法』類，則與公平交易法之性質略有出入，比較不妥當適切。,其他
23224,2010-01-01,23224_A01,國中教科書應如何標引類號？,"依據《中國圖書分類法》521.8 教科書""之類下注釋，是可以將各級、各類之教科書集中於該類之下的，基本上 貴校圖書館的作法是正確的。唯當時僅以國小教科書為設類考慮對象，自然不夠縝密、周全，以致於如今難以類分國中教科書。為求解決目前困擾，個人認為可循下列二途徑以解決之： （一）以科目為主，以各級教育為輔展開子目：本方式可以將各級教育之相同科目教科書集中起來，其下再依不同教育級別區別之。實例：於類目""521.8 教科書""之下可設細目為 ""1 國語（文）""、""2 國語（文）""、"" 美術""等子目，必要再依各級教育細分之。以本途徑為設類依據，其優點是可以維持原有的編號制度，而不必更弦異張；其缺點有二：其一、各級教育之科目其名稱不盡相同且對應，其二、科目數如超過10科，將會造成編號上的難。 （二）以各級教育為主，以科目為輔展開子目：本方式可以將相同教育級別之教科書集中起來，其下再依不同科目區別之。實例：於類目""521.8 教科書""之下可設為 ""1 幼稚園""、""2 國民小學""、""3 國民中學""等子目，必要時再依科目細分之。以本途徑為設類依據，其優點是類目之展開較簡捷容易。其缺點有二：其一、對於教育級別以外之因素，例如九年一貫課程應如何編號，有其困難之處；其二、原有編號制度必須更改，造成新舊類號銜接及目錄改編的問題。",編目法
23225,2010-01-01,23225_A01,智慧財產權文獻應分入《中國圖書分類法》哪個類號？,應分入《中圖法》類目『553.4 經濟法規』為妥。,編目法
23225,2010-01-01,23225_A02,《中國圖書分類法》類號『553.4』、『571.96』、『588.34』三者之間的差異為何？,『553.4』屬經濟法規類，符合法界現行觀點；『571.96』屬政治類下經濟權目，分入不妥；『588.34』屬教育行政法規下著作權保護法目，但智慧財產權法為上位概念，著作權法為下位概念，分入該類有大小失據之虞。,編目法
23226,2010-01-01,23226_A01,"《中圖法》類號528.43, 528.45, 528.49三類是否可依國複分？","《中圖法》類目528.43 各國識字運動狀況""、""528.45 各國民眾教育及成人教育狀況""、""528.49 各國社教狀況""3類，類名中既然已包含""各國""，當然可以依""世界分國表""複分。抑有進者，有關中國各省之社教狀況，還可進一步依""中國省區表""複分。",分類法
23227,2010-01-01,23227_A01,"如何區別《中國圖書分類法》類號528.409, 528.43, 528.45, 528.49四類的不同？",《中圖法》類號528.409係表示「世界社會教育狀況」的意思，本類收錄多國之社教狀況（包含歷史，下仿此），至於各國社教狀況則分入「528.49 各國社教狀況」類；類號「528.43」係表示「各國識字運動狀況」的意思；類號「528.45」係表示「各國成人教育狀況」（包括民眾教育，下仿此）的意思；類號「528.49」係表示「各國社教狀況」的意思。以上4類之意義、範圍、疆界，可謂頗為清晰分明。,分類法
23227,2010-01-01,23227_A02,分類表上的縮格是否應作調整？例如「528.45 各國成人教育概況」應比「528.44 民眾教育；成人教育」右縮一格，如此才能顯示類目間上下隸屬的關係。,從理論上來說，「各國成人教育概況」類應是「成人教育」類的下位類，在編輯類表時下位類應比上位類右縮一格，以表示兩者間的上下隸屬關。唯如此一來，又與「成人教育」類下之「528.441 行政」、「528.442 方法」、「528.443 教材」等子目相混，看不出「各國成人教育概況」與前述各子目間存有不同的性質。因此，退而求其次，只好採取「借號編號法」（借同位類之類號）來安置「各國成人教育概況」這個類目。在此，必須著重地指出為了增加類目的識別性，應以完整的類名來指稱，如此即可避免誤解產生。因此，原來類名但稱「528.45 各國狀況」，應調整為「528.45 各國成人教育狀況」。,其他
23228,2010-01-01,23228_A01,以《中國圖書分類法》（增訂7版）為分類標引規範工具，有關九年國民教育文獻應分入何類？,「九年國民教育」指國小、國中兩階段合併為一階段的教育制度，課程通常由一年級編至十二年級。《中圖法》教育類學制部分編制主要依據學生生理、心理發展階段劃分為「初等教育–中等教育–高等教育」3個類，因而「九年國民教育」並無適當類目可資標引。為解決此一困境，可暫時分入「523 初等教育」類。至於更合理的立類構想，則俟諸日後增訂9版再作調整。,其他
23228,2010-01-01,23228_A02,以《中國圖書分類法》（增訂7版）為分類標引規範工具，有關性騷擾文獻應分入何類？,《中圖法》也無相應的類目可資類分，可考慮分入《中圖法》相近類目「544.75 性變態」類。唯如分入「性變態」類，類目必須略加修訂，如此才週全得體。因為，一來「性變態」類名較具爭議性，二來「性騷擾」是否可視為「性變態」之一，也還有商榷之處。因此，建議經由類名更改途徑，將具有「貶義」之「性變態」類改為「中性義」之「性違常（或『性偏離』）類＊」，問題當可迎刃而解。附註：本館「編目園地∕編目規範標準∕中文編目規範標準∕中國圖書分類法新增類目及類號」及《中圖法》（增訂8版）類名均改為「離常性慾」，同樣也說明了「性變態」這個詞具有爭議性，不宜採用，請參閱。,其他
23229,2010-01-01,23229_A01,專為國小學生錄製的教學錄影帶，分類時應集中分入《中圖法》初等教育教學法相關類下，還是各入其類？,依文獻分類原則，有關教學法文獻分類標引，既可採『集中分類』原則，也可採『分散分類』原則。以《中圖法》為例，有關小學教學法文獻既可分入『523.3 小學教學法』類；也可分入各類後以『033 教學法』複分。,編目法
23229,2010-01-01,23229_A02,決定採用集中或分散分類原則的依據為何？,採集中或分散原則標引文獻，通常應依據圖書館的任務與目標、藏書重點與特色、讀者閱讀結構與需求作為考量的依據。目前，大數的圖書館尤以學校圖書館為然，為了方便指引各級學校教學參考起見，一般多採集中分類原則，即將各級學校教學法文獻依其級別分別分入初等教育、中等教育、職業教育、特殊教育等相關類下。,其他
23230,2010-01-01,23230_A01,傳記分類時，傳主國別認定之標準或原則為何？,人物傳記之國籍認定方式有二：其一是最初國籍，又稱最前國籍；其二是最後國籍，又稱最新國籍。圖書館在進行傳記分類時，可依其中一種方式來認定國籍並決定分入國別。本館基本上採新國籍為標準，認定時間點為文獻編目時該傳記主人之最新係屬何國，即分入何國傳記。,編目政策與管理
23230,2010-01-01,23230_A02,馬英九、龍應台等人之傳記應分入香港傳記、臺灣傳記或中國傳記？,從上述原則來看，傳認國籍認定與出生地或生活皆無甚關聯，主要仍依國籍來認定。職此之故，有關馬英九和龍應台等人之傳記，基本上分入中國傳記迨無疑義。惟近來有將臺灣傳記析出另予立類，並與中國傳記對舉，如此斯造成困擾之所在。本人建議仍依通例作法，將此二人傳記分入中國傳記，可避免滋生困擾。惟如有特別凸顯臺灣主體性之措施，將此二人傳記分入臺灣傳記亦無不可，惟全館書目必須一致，新舊號一貫即可。,其他
23231,2010-01-01,23231_A01,文獻實際分類時，應依據哪一個表為準，據之以標引類號呢？,貴館如須標引分類號，請依『通用複分表‧中國省區表』上所註明者為準。,分類法
23232,2010-01-01,23232_A01,《中文圖書分類法》類號‘674’之東北地區文獻，是否可依‘地方志複分表’複分？,答案應是肯定的，惟複分時必須先補‘0’，以資調節類號，並消除衝號的缺失。具體作法是，將有關綜述東北地區的文獻，先分入《中文分類法》類號‘674’，然後補‘0’，最後添加‘地方志複分表’的號碼。例如，有關東北地區之遊記，依前述方法標引，號碼應為‘674.06’（非‘674.6’）。,作者號及輔助區分號
23233,2010-01-01,23233_A01,《中文圖書分類法》（2007年版）歷史人物類號時代號碼的來源是什麼？,"《中文圖書分類法》（2007年版）""中國分傳類號舉隅""所列舉之歷史人物類號，主要依據《中文圖書分類法》（2007年版）""附錄二 中國時代表""來取號碼。惟與其原來來源之版本：《中國圖書分類法》（增訂7版）""附錄二 中國時代表""號碼並不相同。",作者號及輔助區分號
23233,2010-01-01,23233_A02,"岳飛傳號碼為""782.852""而非""782.8521""的原因是什麼？","岳飛卒於1142年，屬南宋高宗年間，如以《中圖法》（增訂7版）中國時代表為準，其號碼應為""782.8521""，但《中圖法》（增訂7版）原本號碼就編配為""782.852""，不知是誤排還是另有特別考慮？不過，這一點我們加以討論並改訂的。",編目法
23233,2010-01-01,23233_A03,類號782.8說明文字未註明應依何種代碼表分，是否會造成標引困惑？,"有關""類號782.8說明文字僅註明按傳主時代分，而未註明應依何種代碼表分，恐容易造成標引人員的困惑""一節，臺端似乎過慮，依分類法一般使用方法，所謂""依時代分""即意指依通用複分之各種時代表，例如中國時代表、西洋時代表等複分，勿需再註明依何種時代表複分。",編目法
23234,2010-01-01,23234_A01,內容為中國以外遺址之文獻時，應如何標引？,有關某國『遺址』的文獻，應分入類號『798.8』，然後再依國家細分為宜；並不能分入『798 各國古物志』，然後依國分（即『798.31-798.77』）。,其他
23234,2010-01-01,23234_A02,內容為中國以外遺址之文獻時，應歸入該國古物志或籠統歸入『798.8 遺址』而不再依國家細分？,應歸入『798.8 遺址』，並非古物志的下位類。類目『遺址』（798.8）編列於各國古物志類下（798），係採『借號編號法』所致，並不表示它是古物志的下位類。,其他
23235,2010-01-01,23235_A01,《中文圖書分類法》（2007年版）紙本是否未編列『781.05』此一類號？,謝謝你的細心和高見，當時我們在修訂時本以簡明為務，故《中文圖書分類法》未編列『781.05』此一類號。,其他
23235,2010-01-01,23235_A02,《中文圖書分類法》是否可以恢復立『781.05 特種人總傳』類目？,不過，事後發覺有其不便之處，今本館『中文主題編目規範系統』及《中文圖書分類法》（本館內部使用本）均已增補『781.05 特種人總傳』此類目，以便利文獻實際標引之用。將來如有修訂機會，當會將 臺端意見轉給修訂委員會參考。,其他
23236,2010-01-01,23236_A01,《中圖法》未編列類號『770』，為何國家圖書館將它編訂為『770 大洋洲』,《中國圖書分類法》在正表雖未編列『770』，但在『附錄7：世界分國表』則編有『7 澳洲；大洋洲；極地』的地區代碼。國家圖書館即根據本條將『世界史地』類補訂為『770 大洋洲；極地』。至於未將『澳洲』一併編入？原因有二： 其一、『澳洲』是下位概念，『大洋洲』是上位概念，選用大洋洲即可將澳洲包括在內，所謂『舉全以概偏』是也；其二、『澳洲』一詞易生歧義，它可指洲也可指國家，亦即它是洲名也是國名，使用時易滋生混淆，但選用『大洋洲』為類名則無此困擾。撰者案：大洋洲為分布太平洋上許多島嶼組成的洲，包括澳大拉西亞（即澳、紐、塔斯瑪尼亞、幾內亞等地）、美拉尼西亞、密克羅尼西亞、玻里尼西亞4個區域。,其他
23237,2010-01-01,23237_A01,有關金馬的文獻（不論歷史、地理、傳記、文學等），其地理區域究竟應分入中國還是臺灣？,現行通用之《中文圖書分類法》（2007年版）對於這兩地也未另外編配地區號碼，故對於歷史、地理、傳記或文學等文獻，凡有涉及金馬之處，仍選用中國縣市表之地區號碼來標引或複分，並未編配入臺灣縣市表中。,其他
23238,2010-01-01,23238_A01,實際使用《中文圖書分類法》「中國分傳排列表」時，是否需將括號一同加在索書號中作者號之後？,答案是肯定的，惟須進一步解說，以就不同情況及需求，有針對性分別使用之。《中文圖書分類法》「中國分傳排列表」上所編列之「傳記體裁號碼」，其中之圓括號可視為標識符號之一部分，標引時可一起標引之。惟實際使用時，宜注意是否有此必要，即是否能達到區分和聚集的功效。假如圖書館所收藏有關某人傳記只有三五種，大概無使用本表之必要；反之，假如圖書館收藏某人傳記甚多或有意收集某人傳記資料，則可放心使用之。,作者號及輔助區分號
23239,2010-01-01,23239_A01,《中國圖書分類法》增訂8版是否會採納新增加拿大其他通都大邑及各省capital city的地區號碼建議？,臺端的建議，非常具有建設性，謝謝！我們會將相關資料反應至《中國圖書分類法》修訂小組，以作為修訂參考之用。,其他
23240,2010-01-01,23240_A01,若改分入類號「677」，是否可標引為「677.9293.6」或「677.9／293.6」？二者是否有差別？,「677.9293.6」為雙小數點號碼，臺灣地區圖書館界尚未見通用；「677.9／293.6」加標引斜撇號，主要作用為防止衝號及方便排架讀架，優於補「0」法。,其他
23240,2010-01-01,23240_A02,《中圖法》（增訂8版）指明類號「677.9」宜改用「678」，上述文獻是否可標引為「678.293／6」？使用類號「678」的圖書館有多少？,應標引為「678.293／6」，其中「678」為臺灣各地方，「293」為士林區，斜撇號用於防衝號。關於使用「678」的圖書館數量，原始答案未提供具體數據。,其他
23241,2010-01-01,23241_A01,史倉佳史所撰《臺灣土地‧日本表情：日治時代遺跡紀行》與《臺灣日治時代遺跡》二書，為何被分入不同類號「673.26」與「797.8」？,按《中國圖書分類法》標引規範，兩書內容屬同類同性質文獻，理應分入同一類目。類號「673.26」與「797.8」只能居其一，不可同時使用，現已確認需更正並改進分類方式。,其他
23242,2010-01-01,23242_A01,CCL增訂8版中類目『783-787』類下之『各國傳記複分表』：『分傳得依時代複分』，此處的『時代複分』是指『附表三 西洋時代表』嗎？,《中國圖書分類法》『783-787』類下之『各國傳記複分表』：『分傳得依時代複分』，此處的『時代複分』是指『附表三 西洋時代表』而言。,分類法
23242,2010-01-01,23242_A02,若圖書館收藏的外國傳記數量不多，是否仍需依時代表細分？,圖書館若所收藏的外國傳記數量不多，是沒有必要再依時代表細分，因為如此詳分並不能達到實質上區分類集的目的，反而徒增分類人員作業時間與成本。,其他
23243,2010-01-01,23243_A01,本館是否可將金馬地區文獻分入類號『678.99』？,在中華民國行政區劃上，金門係福建省所轄之縣份，馬祖係福建省連江縣轄區之一（馬祖列島係地區名，非行政區劃名）。由於兩地並非臺灣省所管轄，所以在詳表『678 臺灣分區志』下之『臺灣特區表』或附錄『中國縣市表』之臺灣省縣市部分（32或7），自然查無所獲。,其他
23243,2010-01-01,23243_A02,貴館之金門、馬祖地區是否另編有縣市碼號？,《中國圖書分類法》『中國縣市表』已分別為金門縣、連江縣（馬祖地區）編配號碼為『31／205』及『31／137』，在行政區劃上又無錯誤，因此本館自無另編金馬地區號碼之必要。貴館請放心使用『中國縣市表』已有之編制。,其他
23244,2010-01-01,23244_A01,賴永祥《中國圖書分類法》「617 中國史地雜論」所指的是否是「中國史地論文集」，而非普通趣味性史地書籍？,賴永祥《中國圖書分類法》「617 中國史地雜論」所指確實為「中國史論文集」。在日常詞彙中，固然有「史地」連稱一詞，但以實際文獻而論，卻少有兩者合論之書，「史地」一詞在此偏指歷史而言。類名既然標舉「雜論」，即指彙集一人或多人多篇文章而成之文獻。這些文章大多數是各自單獨成篇，涉及之範圍可廣可窄，且篇與篇間不必具有系統性。,主題法
23244,2010-01-01,23244_A02,趣味性之中國歷史讀物（包括多篇短文），是否以分入「610.9 中國通俗史話」為宜？,《中圖法》類目「610.9 中國通俗史話」其義係指以人物事跡為主軸，用通俗明白之故事體裁來敘述之歷史，它具有一定之範圍及系統性，閱讀對象多以青少年或兒童為主。由上述分析可知，中國史論文集和中國通俗史話兩類之內涵、範圍及體裁均不相同。問題中提及之「趣味性之中國歷史讀物」，依其內容性質及著述目的，以分入《中圖法》「610.9 中國通俗史話」類為宜。,其他
23245,2010-01-01,23245_A01,有關探險誌或探險史文獻，例如《世界探險史》內容既有航海探險，世界高峰征服紀錄，又有美國西部開拓探險史，分類標引時應歸入《中國圖書分類法》那一類目？如歸入《中圖法》719 世界遊記類是否恰當？,"有關探險誌或探險史文獻，依《中圖法》史地類大類說明文字：""凡遊記、旅行記、探險記，以歸入各國遊記目為原則；但以文學敘述為主者，得入文學；如以其他特定目的為主，則依其主題歸入""。分析本條分類原則，可分為下列三點：一般有關探險誌文獻，以分入各國遊記類為原則；富於文學趣味之探險誌，以分入各國文學為原則；以記錄特定主題內容之探險文獻，依主題分入各類。",編目法
23245,2010-01-01,23245_A02,專門記載未經科學證明之世界奇事秘關，例如《秘境奇探》應歸入《中圖法》那一類目？,"綜上所述，有關探險誌或探險史自以分入各國遊記類為主。所舉文獻實例《世界探險史》及《秘境奇探》等文獻，其敘述之事物或現象固然繽紛雜沓，但其內容均涉及某一特定地區，同時又以""地區""為其突顯重點之所在，故應分入《中圖法》""719 世界遊記""類。",編目法
23246,2010-01-01,23246_A01,同一人同時有，或前後有數個國藉，或出生地與籍貫地（或居住地）分屬兩個國家時，分類標引應依最初國籍或最後國籍？,傳記分類傳主國籍的認定，有所謂最初國籍（即分類標引時以傳主出生之國籍為準），又稱最早國籍；有所謂最新國籍（即分類標引時以傳主最後歸屬或編目時最後之國籍為準）。編目機構可視本身分編政策或編目傳統，採用其中一種原則為主，另一種原則為補充。至於貴館所舉實例，應查明國籍後再依國籍認定原則標引之。,編目法
23247,2010-01-01,23247_A01,《中圖法》中「673.29/139.1」類號是如何組配而來？,《中圖法》「附表六：中國縣市詳表」中臺東縣之號碼為「139」；志書之號碼查「方志複分表」其號碼為「.1」，兩組號碼組配後即組成「673.29/139.1」，此號碼原代表「臺東縣志書」之意。某些圖書館將臺東縣所轄池上鄉志分入該類，係以文獻體裁為分類標準，而不論其行政區劃之地位。,其他
23247,2010-01-01,23247_A02,為何查《中圖法》「附表六：中國縣市詳表」及「臺灣分區特表」未查知「139.1」之來歷？,《中圖法》附表六及臺灣分區特表所收錄的地名係以縣或行政地位與縣相當之市為主，「池上」其行政區劃為鄉鎮，在兩個表中自然查不到。《中圖法》未編列鄉鎮及其以下行政區劃，故需依其他方法歸類。,其他
23248,2010-01-01,23248_A01,類號782.886中之號碼'6'是從何而來？,類號'782.886'係由主類號和中國時代號經組配而成。其中'86'表示「民國34年以後」，而'8'為「民國」時代號。至於'6'則來自「中國時代表」簡表中之「明（6）」，詳見《中國圖書分類法》增訂7版附表2（頁701-703）之時代號碼表。,機讀編目格式
23249,2010-01-01,23249_A01,《中華民族弓箭文化的探索》一書應分《中國圖書分類法》哪一類目？,因未審其內容性質為何？故不敢遽以部次甲乙。唯以本組分編經驗來推斷，似可分入《中國圖書分類法》（賴永祥編訂，增訂7版，1989年）'793 吉金'類下'793.62 古兵器'目。另外，'595.9 軍事器械'類下'595.99 古兵器'目，也可參考使用。,其他
23250,2010-01-01,23250_A01,《長河落日：重返巴比倫文明》一書的組配類號「735.5213」是否妥當？,根據「各國史地複分表」使用要點第三條規定，不可同時重複組配，即只能選用一個複分號，因此「735.5213」是錯誤的組配類號。,其他
23250,2010-01-01,23250_A02,若組配不妥當，應如何正確組配？,正確組配類號應為「735.521」或「735.523」，即選擇「各國史地複分表∕斷代史∕古代」或「各國史地複分表∕文化史」其中一個複分號進行組配。,其他
23251,2010-01-01,23251_A01,《中國圖書分類法》類號「735」依「各國史地複分」號碼（1-9）複分，是否會與西亞各國類號（735.1-.9）衝號？,《中國圖書分類法》類號「735」為「中東史地」，類號「735.1-.9」為「中東各國史地」。中東各國史地之複分，依類目注釋指示，可依「各國史地複分表」複分之。號碼組配公式 = 中東各國史地主類號 + 各國史地複分號碼，即「735.1-.9」之後直接添附「各國史地複分」號碼「1-9」即可。,其他
23251,2010-01-01,23251_A02,《中國圖書分類法》類號「735」加「0」後再複分，是否會與「總論複分」號碼衝突？,可藉「00」權作總論複分調節的機制。例如有關中東研究期刊，其分類號為「735.005」；有關中東研究叢書，其分類號為「735.008」。類號組配時可仿「735.02 中東史」例，以「01-09」複分之，俾避免有衝號之虞。,其他
23252,2010-01-01,23252_A01,以賴永祥《中國圖書分類法》為分類標引規範工具，探討東南亞文化的整合及衝突之圖書，是否可分入類目541.263 東洋文化論？,可分入類目541.263 東洋文化論，內容比較側重文化的理論闡釋。,編目法
23252,2010-01-01,23252_A02,以賴永祥《中國圖書分類法》為分類標引規範工具，探討東南亞文化的整合及衝突之圖書，是否有其他更適當的類目？,可分入東南亞文化史（738.03），內容比較偏重文化的歷史敘述。類目東洋文化論中之東洋一詞，大致是指東亞或東方而言，因此本類目名稱也可稱為東亞文化論、東方文化論或亞洲文化論。東南亞文化史的類號738.03是由詳表的東南亞史地類號738，加上各國史地複分表的文化史複分號3，經組配後形成的號碼，補0的用意是為了解決衝號問題。,其他
23253,2010-01-01,23253_A01,古蹟修復、再利用、規劃書等文獻，分類時應依何種標準入廟宇、墓坊等類，或分入「建築工程」類？,若文獻內容純粹係有關遺址或古蹟的修復、再利用、規劃書等，應以分入《中國圖書分類法》「790 考古；古物」類為宜；若為古建築相關文獻，則分入「920 建築藝術」類較為適當。分入「441土木建築工程」類則較難彰顯該類文獻的藝術及人文面貌，不建議採用。,其他
23253,2010-01-01,23253_A02,古蹟相關文獻分類時，是否有其他方法可集中這類文獻？,可採用「交替類目」法，將文獻同時歸入兩類類目（如「790 考古；古物」與「920 建築藝術」），並於交替類目加註「宜分入 xx 類」的注釋文字，以解決文獻集中與分散的問題。,其他
23254,2010-01-01,23254_A01,旅遊文獻分入史地類的原則為何？,有關某地區之名勝古蹟、山川文物或風土景物的介紹文獻，分入史地類（賴永祥《中國圖書分類法》類號為「660-690」、「710-770」）。如分入史地類，應事先訂妥分入區域志或地理類志的原則，例如有關福建之遊記，可分入類號「673.16」，也可分入類號「693.1」，兩類可任選一類，唯既經選定，就不可隨意更改，俾避免一書兩分的弊病。有關國家公園之景物介紹，分入史地類。,編目法
23254,2010-01-01,23254_A02,旅遊文獻分入觀光旅遊類的原則為何？,有關旅遊整備介紹的文獻，分入觀光旅遊類（賴永祥《中國圖書分類法》類號為「992」）。有關旅遊心理學、旅遊地理學，觀光行政、經營、管理、法規以及觀光旅業等文獻，分入觀光旅遊類。有關國家公園之經營、管理、法規等文獻，分入觀光旅遊類。,編目法
23254,2010-01-01,23254_A03,什麼是「旅遊整備」？,所謂「旅遊整備」，是指有關該地區之交通、護照、簽證、出境、氣象、食宿、語言、貨幣、特產、小吃、景點等資料。,編目政策與管理
23255,2010-01-01,23255_A01,《中圖法》現有「627.76 中國1970年代」類目是否足夠用以分類70年代以後之中國大陸史事文獻？,《中圖法》有關「627.76 中國1970年代」以後之類目不僅闕如，即「628.7 中共政權史」類所列之下位類目，也有諸多疏陋之處。茲為求「中共政權史」類目正確和完整起見，在不更動《中圖法》原訂類目基礎之上，試擬中共政權史新訂類目如下表，對於類分日益繁富的中共政權史文獻，或許有些助益。,其他
23256,2010-01-01,23256_A01,請問“類志”是什麼意思？,類志，又稱專志，是方志中的一種類型，是依類別或主題別編輯成帙的地方專志。例如xx自然志、xx社會志、xx經濟志、xx教育志、xx藝文志、xx人物志等，都是一種地方專志。,主題法
23256,2010-01-01,23256_A02,什麼文獻可分入“類志”？,凡以一地方為探討範圍論述某一主題者，例如某地之經濟志、交通志、教育志等專志，可分入類志。,其他
23256,2010-01-01,23256_A03,它與“方志”有什麼區別？,方志是記述某一地方之歷史、地理、自然與人文的綜合性文獻，而類志是方志中依主題別編輯成帙的地方專志。方志具有多元性、綜合性和資料性，類志則專注於特定主題。,主題法
23257,2010-01-01,23257_A01,《中文圖書分類法》（2007年版）中「548.39」與「551.853」兩類目有何區別？,「548.39」與「551.853」兩類號均為消費者保護，推其分別立類之原因，或許出於前者為消費事實發生後，如有損失之際之救濟保護，而後者則出於消費當下交易行為之保護。惟消費行為或消費事實，往往是前後連貫的狀態，故不易強分事前行為或事後事實。為求歸類簡便起見，以分入其中一類為宜，建議分入「551.853 消費者保護」。,編目法
23257,2010-01-01,23257_A02,《消費者保護法》及《消費、買賣高手權益Q&A》應分入《中文圖書分類法》何類目？,依上述說明，建議《消費者保護法》及《消費、買賣高手權益Q&A》二書均分入「551.853 消費者保護」。因類號「551.853」位數較長，故不必再進行總論「023 法規」之複分。,編目法
23258,2010-01-01,23258_A01,《中國圖書分類法醫學類號表》全文是否可建置於「國家圖書館編目園地／分類法」網頁供下載檢閱？,本題諮詢問題，因與中華民國圖書館學會有關，故轉請該學會解答，敬請鑒諒。,其他
23258,2010-01-01,23258_A02,《中國圖書分類法醫學類號表》是否應修訂編印以供相關人員參考利用？,本題諮詢問題，因與中華民國圖書館學會有關，故轉請該學會解答，敬請鑒諒。,其他
23259,2010-01-01,23259_A01,《中文圖書分類法》類目「573 中國政治制度」與「574.33 臺灣政治」的疆界如何劃分？,《中文圖書分類法》（2007年版）類目「573 中國政治制度」與「574.33 臺灣政治」二類之區別，大致可歸納為下述幾點：1. 自1912年迄今之政治，1949年以前之政治，1949年以後之政治（國家層面或中央政府層級之政治論述）。2. 1949年以前有關臺灣地區之政治，1949年以後有關臺灣地方之政治（即省以下之政治）。凡涉及中央政治層級者，歸入中華民國政治；凡涉及地方政治層級者，則歸入地方即臺灣政治。,其他
23259,2010-01-01,23259_A02,《臺灣省議會組織沿革及省諮議會之成立》《臺灣省諮議會 ... 定期大會議事錄》等書應分入何類號？,《臺灣省議會組織沿革及省諮議會之成立》《臺灣省諮議會 ... 定期大會議事錄》等書，可分入《中文圖書分類法》（2007年版）類號「573.96」，亦可分入類號「574.336」。前者是《中國圖書分類法》（《中文圖書分類法》之前身）原先所設立的類目，以那時政治現實而論，將臺灣視為中國一省。後者之設類，亦是因應當代政治之現實，同時又基於臺灣政治相關文獻較多的緣故，故自中國政治類析出單獨立類。,其他
23259,2010-01-01,23259_A03,《臺灣政治文化的剖析》一書應分入何類號？,有關《臺灣政治文化的剖析》一書，本館將其分入《中文圖書分類法》類號「573.09」。惟該書內容性質如未涉及中央層級者而只涉及省區者，則應分入類號574.33（採用《中文圖書分類法》）或類號537.9（採用《中國圖書分類法》）。,其他
23260,2010-01-01,23260_A01,《中文圖書分類法》（2007年版）中，園藝學史正確的類號為何是「435.009」而非「435.09」？,《中文圖書分類法》（2007年版）中，園藝學史經總論複分後其號碼確實是「435.09」而非「435.009」。惟不知您所組配出來的號碼：「435.009」是從何而來的？,其他
23261,2010-01-01,23261_A01,《中文圖書分類法》（2007年版）是否依據《中國圖書分類法》（增訂7版）修訂？,《中文圖書分類法》（2007年版）基本上依據《中國圖書分類法》（增訂7版）加以修訂。,分類法
23261,2010-01-01,23261_A02,是否可於《中文圖書分類法》「骨科Orthopedics」（416.6）類下新增「復健」子目？,我們建議可仿《中國圖書分類法》之作法，在《中文圖書分類法》「416.4 整型外科」類下新增「416.46 復健Excisions」子目，以解決復健相關文獻無類可歸之窘境。,其他
23262,2010-01-01,23262_A01,日文書《現代副詞用法辭典》分入類號「803.166」或「803.16604」是否正確？,分入《中文圖書分類法》（2007年版）類號「803.166」或「803.16604」，均是正確的標引法。,其他
23262,2010-01-01,23262_A02,應優先分入「803.166」或「803.16604」哪個類號？,其區別為：分入前者是粗分方式，分入後者則是細分方式。各館應依宗旨與目標、藏書規模及特色、讀者興趣與偏好等因素考量採用粗分或細分方式。,編目法
23263,2010-01-01,23263_A01,《山海經》應分入《中文圖書分類法》（2007年版）何類號？,《山海經》應分入《中文分類法》類號857.21。,主題法
23263,2010-01-01,23263_A02,《山海經》著述時代屬於先秦還是漢朝？,該書之成書年代，基本上應屬先秦時代。,編目法
23264,2010-01-01,23264_A01,一套包含了法國、德國、美國等國之世界文學名著叢書，如採整套編目和集中分類方式，應分入《中文圖書分類法》（2007年版）類號『813』還是類號『870.8』？,依《中文圖書分類法》（2007年版）文學類相關注釋文字的說明，彙集西洋各國文學名著而成的一套文學叢書，以分入類號『813』為宜。,其他
23264,2010-01-01,23264_A02,總集與叢書二者有何不同？,總集係指彙集多人文學作品而成的文獻，以『篇』為主；叢書係指滙集兩種或兩種以上單本著作，以『種』（或冊）為主。總集收錄內容以文學作品為主，叢書收錄品類無限制，可跨學科。題名叫『總集』者，若內容性質屬叢書，應依內容分入叢書相應類目，勿分入文學類。,作者號及輔助區分號
23265,2010-01-01,23265_A01,《中文圖書分類法》（2007年版）類號『863.58』是如何產生的？,《中文圖書分類法》（2007年版）類號『863.58』主要依據『各國文學複分表』（前揭書，頁597左欄）加以編制，其中複分號『58』代表『民間文學』之意。整個號碼組配起來，即表示臺灣民間文學之意。此種應用複分方式，將類表予以擴編，係類表編制重要方法之一。,其他
23266,2010-01-01,23266_A01,“.88”是怎樣產生的？,三個號碼組配在一起，即成『827.88』，係表示該書是一部有關中國小說評論的文獻，作者是民國人。,其他
23266,2010-01-01,23266_A02,類號『827』應如何細分？,《中文圖書分類法》（2007年版）類號『827』是『中國小說論』，其子目之細分係仿類目『812.1 詩論』子目而展開的。,編目法
23267,2010-01-01,23267_A01,《中國圖書分類法》中東文學類（863）和阿拉伯文學類（864）究竟有何不同，兩者所涵蓋的國家如何區別？,"1 ""中東""、""阿拉伯""兩名詞，其義所指可以重疊，即基本相同；但也可以各有所指，各有各的疆界，端視上下文脈絡或特殊情境而定，未可一概而論。分析起來，""中東""是偏重地理的名詞，用以稱稱呼現代西亞的國家，範圍包括沙烏地阿拉伯、黎巴倫、伊拉克、以色列等。""阿拉伯""則是偏重歷史文化的名詞，用以指稱自古迄今或以古代為主之阿拉伯民族的歷史文化，其區域則除中東外，還包括操阿拉伯語北非地區在內。 2 對於《中國圖書分類法》中東文學類（863）和阿拉伯文學類（864）兩者之關係為何，可參考《中圖法》""134 阿拉伯哲學""和""136 中東哲學""兩類之差別，及《中圖法》""附表6 世界分國表""之""35 中東；小亞細亞；回教圈""，最後結合阿拉伯之歷史文化，才能釐清《中圖法》所謂之中東文學和阿拉伯文學的差異。 3 《中圖法》既列有""134 阿拉伯哲學""，又列有""136 中東各國哲學""。基本上是有區別的二個類目，二類之區別，參閱二類下位類目及類下注釋可知。阿拉伯哲學（134）類下列有""中世摩爾哲學家""，知其為近代以前之阿拉伯哲學。 4 ""136 中東各國哲學""類，自類名即可知，指的是現代阿拉伯各個國家而言，故可依""附表6 世界分國表""之""35 中東；小亞細亞；回教圈""複分之。以上所述，二類之分別，可謂涇渭分明矣。 5 對於中東文學和阿拉伯文學之區別性質，也應作如是觀。中東文學是指目前中東各國文學，例如黎巴倫文學、敘利亞文學、伊拉克文學等；至於近代以前尚未建立類如現代之獨立國家，故將《一千零一夜》（或《天方夜譚》）之類之古代文學，統歸入阿拉伯文學。",編目法
23267,2010-01-01,23267_A02,葉門文學、阿富汗文學該分入『863 中東文學』類抑或『864 阿拉伯文學』類？,6 臺端所提之葉門文學，可歸入《中圖法》中東文學（863）類，然後再依中東地區號碼複分。但阿富汗文學既不屬於阿拉伯文學，也不屬於中東文學，而是二者之外的另一種文學，應特別注意之。,編目法
23268,2010-01-01,23268_A01,《中文圖書分類法》中，臺語小說與臺灣作家之中文小說是分別歸類或集中歸類於863.57？,文學作品（包括小說在內）之分類，主要以作者的國別作為分類標準，至於寫作時所用之語文，及至內容所涉及之主題，则在所不問。以此原則，則有關臺灣人以母語寫之小說，抑或以他種文字寫的小說，均歸入臺灣文學，迨無疑義。,其他
23268,2010-01-01,23268_A02,臺灣小說評論應分入何類？是否依照預行編目作法分入863.572？,有關臺灣小說評論之分類方式有二：其一、一般之臺灣小說之評論，歸入臺灣文學批評之小說批評類（863.27）；其二、針對某一小說家或某一小說作品之評論，隨該作家之小說作品歸類，即分入類目『863.57 臺灣小說』。從上述可知，有關臺灣小說批評之分類，宜針對待編書內容性質加以考查，然後再進行適當之標引。,其他
23269,2010-01-01,23269_A01,《中文圖書分類法》（2007年版）出版後，臺灣人寫的小說是否都分入『863.57 臺灣小說』類？,1 小說之分類主要以作者國別為準，有關臺灣人寫的小說是否都分入《中文圖書分類法》（2007年版）『863.57 臺灣小說』類，此涉及臺灣人定義的問題，目前有以下幾種判斷的標準，可提供各館作為小說標引時參考之用： 1.1 凡1949年以後出生並成長於臺灣之作家，其作品歸入臺灣小說。 1.2 以母語（閩南語、客語、臺灣原住民語等）寫作之小說作品，歸入臺灣小說。 1.3 雖然出生於中國，但主要成長及文學活動時間在臺灣之小說作家，其作品歸入臺灣小說。 1.4 具有強烈臺灣意識之小說作家，其作品歸入臺灣小說。 2 凡跨時代之作家，即早年出生於中國，後來來臺之小說作家（甚至當時即已成名者），假如圖書館已有收藏且分入中國文學，建議依『從舊原則』以分入中國文學類為宜（以求分類之穩定性及一貫性），否則，該作家作品如為入藏之新書，則可歸入臺灣文學。,其他
23270,2010-01-01,23270_A01,像林語堂這樣作家及其作品，應歸入臺灣文學（863），還是中國文學（840-850）？,臺灣文學與中國文學兩類確實難以劃分，但並非漫無標準可言，歸納起來凡符合下列標準者，均歸入臺灣文學；否則，歸入中國文學：1.1 凡1949年以後出生並成長於臺灣之作家，其作品歸入臺灣文學。1.2 以母語（閩南語、客語、臺灣原住民語等）寫作之文學作品，歸入臺灣文學。1.3 雖然出生於中國，但主要成長及文學活動時間在臺灣之作家，其作品歸入臺灣文學。1.4 具有強烈臺灣意識之作家，其作品歸入臺灣文學。2 凡跨時代之作家，即早年出生於中國，後來來臺之小說作家（甚至當時即已成名者），假如圖書館已有收藏且分入中國文學，建議依『從舊原則』以分入中國文學類為宜（以求分類之穩定性及一貫性），否則，該作家作品如為入藏之新書，則可歸入臺灣文學。,其他
23270,2010-01-01,23270_A02,分辨作家屬於中國文學抑或臺灣文學，是否有規則可資依循（例如生卒地點或主要生活區域）？,凡符合下列標準者，均歸入臺灣文學：1.1 凡1949年以後出生並成長於臺灣之作家，其作品歸入臺灣文學。1.2 以母語（閩南語、客語、臺灣原住民語等）寫作之文學作品，歸入臺灣文學。1.3 雖然出生於中國，但主要成長及文學活動時間在臺灣之作家，其作品歸入臺灣文學。1.4 具有強烈臺灣意識之作家，其作品歸入臺灣文學。,編目法
23271,2010-01-01,23271_A01,依《中文圖書分類法》（2007年版）標引臺灣小說評論之類號，一般評論應歸入何類？,一般之臺灣小說評論，歸入臺灣文學批評類小說批評目（863.27）。,其他
23271,2010-01-01,23271_A02,依《中文圖書分類法》（2007年版）標引臺灣小說評論之類號，針對特定小說家或作品之評論應歸入何類？,針對某一小說家或某一小說作品之批評，應分入類目『863.57 臺灣小說』。,其他
23272,2010-01-01,23272_A01,《形聲通》（楊瓊、李文治著）應分入《中國圖書分類法》哪一子目？,應分入《中國圖書分類法》『802.24 聲韻』類。,編目法
23272,2010-01-01,23272_A02,《明末羅馬注音文章》（利瑪竇著）應分入《中國圖書分類法》哪一子目？,應分入《中國圖書分類法》『802.47 拼音』類。,編目法
23273,2010-01-01,23273_A01,以《中國圖書分類法》為分類標引規範工具，《封神榜》應分入何類？,以《中國圖書分類法》為分類標引規範工具，《封神榜》應分入“857.44 章回小說”類，必要時再按作者依中國時代複分。,編目法
23274,2010-01-01,23274_A01,《中國圖書分類法》類號『859.6 兒童文學／故事』與『859.4 兒童文學／童話』應如何區分？,『故事』側重於事件過程的描述，強調情節的生動性和連貫性，較適合口頭講述，通俗易懂；『童話』通過豐富的想像、幻想和夸張塑造形象、反映生活，對兒童進行教育，一般故事情節神奇曲折，生動淺顯，對自然物往往作擬人化描寫，能適合兒童的接受能力。『故事』範圍較廣，對象無年齡限制；『童話』範圍較窄，對象以兒童為主，寫作手法強調用想像、幻想、夸張及擬人化。,分類法
23275,2010-01-01,23275_A01,如何區分805.132英漢字典與805.139辭典？,嚴格說來，兩者應無區別，最好應還原以西方語言學觀點為準，將類名統一為「英漢詞典」類，實勿庸於「英漢詞典」類之外，再另立「英漢字典」類，以免造成分類標引之困擾。推原《中圖法》之所以分立兩類，主要原因是根據我國語言之事實及國人思惟習慣而來。,編目法
23275,2010-01-01,23275_A02,英語的「字」與「辭」應如何區別？,一、「字」與「詞」之區別：簡單來說，「字」是語言的書寫或形體單位，「詞」是語言的基本單位。在西方語言中基本上沒有區別，只有在東方少數使用方塊字的語言中（像漢語），才有「字」、「詞」區別的問題。二、在西方語言中固無「字」、「詞」之分，唯進入中國後，竟「入境隨俗」而「中國化」了。國人對於西方語言之所以產生「字」、「詞」之區別問題，主要是從漢語使用觀念而來的。,主題法
23276,2010-01-01,23276_A01,兒童英文讀本應如何分類？,兒童英文讀本若以中學以下學生為主要閱讀對象，建議分入初等教育類下之英文課程子目。因《中國圖書分類法》初等教育類（523）無確切類目，可仿中等教育類之子目展開細分，類號組配為『523.418』。,其他
23276,2010-01-01,23276_A02,語文練習及英文故事分類有何不同？,語文練習及英文故事若屬中等教育以下程度，應分入教育類下相關子目；但一般或大專以上程度之英文作品（含讀本、故事），則分入語言學類下之英文子目。,其他
23277,2010-01-01,23277_A01,號碼中「86」是如何標引的？,後段「86」則是「830」類下注釋依「中國時代表」複分的號碼，其中「8」表示「民國；現代」之意，「6」表示「民國34年以後」之意。,機讀編目格式
23278,2010-01-01,23278_A01,類號「855.2」是如何取得的？,本館查過「國家圖書館館目錄」及「國家圖書館預行編目資料（CIP）」並未有分入《中國圖書分類法》類號「855.2」之情形，唯連線至「全國圖書書目資訊網」，查獲多所大學圖書館則曾將散文集分入類號「855.2」，但不知根據何種標準來劃分類目或設立類目。,其他
23278,2010-01-01,23278_A02,類號「855.2」與類號「855」有何分別？,散文類如需進一步細分，當然還可以細分為若干下位類，例如分為「小品、隨筆、雜文、日記、書信、演講錄、遊記、傳記」等下位類，但這些下位類在實際分類標引時，常常產生「可分實不可分」的現象。因此，為了避免徒生困擾，編訂分類法時多將上述下位類全部涵括在「散文」類下而不強行細分，以求簡明概括。,其他
23279,2010-01-01,23279_A01,謎語書應分入《杜威十進分類法》什麼類號？,在臺出版（例如書林出版公司）且全書內容99％是英文的英語學習練習本或測驗本，例如克漏字測驗、文法測驗等，其編著目的是提供以英語為母語以外地區人士學習語文之用，故編目時以中文書編目為原則。,其他
23280,2010-01-01,23280_A01,《唐詩三百首》是不是分入《杜威十進分類法》『895.1』類？,"《唐詩三百首》應可分入《杜威十進分類法》『895.1』類，唯為了進一步細分，還可按該類下之時代表，以作品時代細分入相應之類號，因此可分入類號『895.13』（period of Tang dynasty, Five dynasties, Ten kingdoms, 618-960）。",其他
23280,2010-01-01,23280_A02,有關《詩經》、宋詞等文學作品是否也可分入『895.1』類號？,有關《詩經》、宋詞等文學作品，自然也可分入類號『895.1』，然後再依作品時代分別分入『895.11』和『895.14』。,其他
23280,2010-01-01,23280_A03,若分入『895.1』類號，該類號下所收錄的文獻是否會十分雜亂？,中國文學作品又進一步按時代細分，類聚起來自不會有雜亂無章的弊病。,其他
23281,2010-01-01,23281_A01,中文童話故事書是否可依作家國別分入《杜威法》895類號？,依圖書分類規則，凡文學作品之分類標引，以作家國別為分類標準，分入該國文學之分類號。準此，中文之童話故事書自可依「作家國別」分入中國文學類下。如以《杜威法》（DDC，22ed.）為分類規範工具，可分入「895 Literatures of East and Southeast Asia Sino-Tibetan literatures」類「895.1 Chinese Literatures」目。,分類法
23281,2010-01-01,23281_A02,原始問題中提及的「出版地」概念是否正確？,需特別指出的是，臺端原來提問文字中曾使用「出版地」此一概念，似有商榷之處。依一般文學作分類規則，正確的說法應為「作家國別」。,其他
23282,2010-01-01,23282_A01,大學或研究所入學所需之研究計畫書寫作法，與一般論文寫作法有何不同？,大學或研究所入學所需之研究計畫書寫作法，與論文寫作法最大不同之處，前者係就研究題目撰寫一份計畫書，即設計出研究計畫大綱即可，勿需述及其細節問題；而後者則係就整個論文之寫作，做一整體的、全盤的、細節的介紹。,其他
23282,2010-01-01,23282_A02,有關研究計畫書寫作法文獻之分類標引，是否可逕分入《中國圖書分類法》『811.4 論文寫作法』類？,研究計畫書寫作法實可視為論文寫作法之一章節，所以有關這類文獻之分類標引，可直接分入《中圖法》『811.4 論文寫作法』類。比較會造成困擾之處，是『論文寫作法』類編制於文學（810）類下，在類屬上與一般人的理解有很大的差距在。,其他
23283,2010-01-01,23283_A01,是否可將「803.12 日語字源學」調整為「803.12 日語語彙」，並將日語語源類號調整為「803.121」？,答案應是肯定的，《中圖法》日語類之細分，確實可以仿英語類而展開其下位類的。有關「語源、語彙、語音、語法、文字、修辭、作文、翻譯」等，本是各語種的一個「面」或「分面」（facet），故自可以之編製語言複分表，提供各種語言進一步細分之用。,其他
23283,2010-01-01,23283_A02,日語語源類號與英語語源類號是否有不同，需特別注意？,日語字源學類號為「803.12」，英語語源類號為「805.121」；日語外來語類號為「803.126」，英語外來語類號為「805.127」。在類目調整時，宜一併考慮之。,其他
23283,2010-01-01,23283_A03,《中圖法》「字源學」用法是否有待商榷？,其一、《中圖法》有關「字源學」的用法，是有待商榷的。建議改為「詞源」或「語源」較妥，兩者如進一步相比，後者又更勝前者一籌。其二、《中圖法》不用較簡潔的「英語語彙」這個詞，卻反而用較累贅的「英語單語、語彙」這個詞組，在調整之際，宜一併加以考慮。,其他
23284,2010-01-01,23284_A01,《中國圖書分類法》類號“802.527”與“802.5232”在意義上是否有所不同？,《中國圖書分類法》“802.527”與“802.5232”這兩個類號，其所代表意義基本相同，都是表示“閩南語”或“臺語”類目之意。不同之處在於，前者臺灣號碼選用“7”，係根據文獻保證原則來立類，類目層級提升一位，與中國六大地方同級，號碼運用起來比較寬裕；後者臺灣號碼選用“32”，係根據中國地理劃分系統來立類，與中國其他省份屬於同等級，號碼運用起來比較仄逼。,其他
23284,2010-01-01,23284_A02,該類號使用之時機為何？,《中國圖書分類法》類號“802.527”與“802.5232”使用時機的差異在於：前者臺灣號碼選用「7」，係根據文獻保證原則來立類，類目層級提升一位，與中國六大地方同級，號碼運用起來比較寬裕；後者臺灣號碼選用「32」，係根據中國地理劃分系統來立類，與中國其他省份屬於同等級，號碼運用起來比較仄逼。,其他
23285,2010-01-01,23285_A01,"《中國圖書分類法》（增訂8版，2001年），英語能力測驗的類號為 ""805.189""，日語能力測驗的類號是否可仿照標引為""803.189""？",答案應該是肯定的。當時，本館在新增英語能力測驗此一複分類目時，即考慮到以此作為其他同性質類目展開各自子目之用意在。只是由於英語能力測驗的文獻較多，所以選為範例。世界各種語言例如法語、德語、日語等之能力測驗類目之編制，均可仿英語而展開各自之子目。貴館實可放心採用。,其他
23285,2010-01-01,23285_A02,"有關漢語能力測驗，雖然本地區尚未出現自行開發的考題，但中國大陸所設計之漢語能力測驗已為國際所採用，是否應考慮在""802.89 白話文讀本""類進行類目改訂？","有關漢語能力測驗，因《中圖法》類號""802.89""已編制為""白話文讀本""類，故進行類目新增時，顯然比較棘手。所幸，經查本館書目紀錄，尚未有分入""802.89 白話文讀本""類之文獻，而各館可分入該類之文獻，諒必不多。因此，可採類目改訂方式，將原來 ""802.89 白話文讀本""類逕改為""802.89 漢語能力測驗""類，即可達到類目新增的目的。",其他
23286,2010-01-01,23286_A01,為求日本文學作品分得較為詳盡，是否可仿《中國圖書分類法》中國文學類展開其子目？例如參考中國文學類將日本文學細分為‘861.576 日本短篇小說’、‘861.577 日本長篇小說’、‘861.578 日本推理小說’等等。,答案應該是肯定的。當時，本館在新增英語能力測驗此一複分類目時，即考慮到以此作為其他同性質類目展開各自子目之用意在。只是由於英語能力測驗的文獻較多，所以選為範例。世界各種語言例如法語、德語、日語等之能力測驗類目之編制，均可仿英語而展開各自之子目。貴館實可放心採用。,編目政策與管理
23286,2010-01-01,23286_A02,由於外國文學作品在國內翻譯出版日益多元化且品類繁多，國家圖書館未來是否考慮將外國文學類目分得較為詳盡？,有關漢語能力測驗，因《中圖法》類號‘802.89’已編制為‘白話文讀本’類，故進行類目新增時，顯然比較棘手。所幸，經查本館書目紀錄，尚未有分入‘802.89 白話文讀本’類之文獻，而各館可分入該類之文獻，諒必不多。因此，可採類目改訂方式，將原來 ‘802.89 白話文讀本’類逕改為‘802.89 漢語能力測驗’類，即可達到類目新增的目的。,其他
23287,2010-01-01,23287_A01,《中國圖書分類法》類號『821』與『851.5』應如何區分？,1 答案應該是肯定的。當時，本館在新增英語能力測驗此一複分類目時，即考慮到以此作為其他同性質類目展開各自子目之用意在。只是由於英語能力測驗的文獻較多，所以選為範例。世界各種語言例如法語、德語、日語等之能力測驗類目之編制，均可仿英語而展開各自之子目。貴館實可放心採用。,機讀編目格式
23287,2010-01-01,23287_A02,葉嘉瑩著之《詩詞的美感》一書應分入《中圖法》類號『821.88』或『851.58』？,2 有關漢語能力測驗，因《中圖法》類號『802.89』已編制為『白話文讀本』類，故進行類目新增時，顯然比較棘手。所幸，經查本館書目紀錄，尚未有分入『802.89 白話文讀本』類之文獻，而各館可分入該類之文獻，諒必不多。因此，可採類目改訂方式，將原來『802.89 白話文讀本』類逕改為『802.89 漢語能力測驗』類，即可達到類目新增的目的。,編目法
23288,2010-01-01,23288_A01,《西洋兒童文學全集》是否可仿《中國圖書分類法》「872.59 近代西洋兒童文學」類目例，另立類號「870.59」進行分類標引？,《中國圖書分類法》「870 西洋文學」類本來就可以依「文學複分表」展開子目，但並非如所述係仿「872.59 近代西洋兒童文學」之例而展開，此觀念必須釐清辨明。如必須設立「870.59 西洋兒童文學」類，應注意與「815.9 世界兒童文學」類加以區別。唯以分類實務而論，並不鼓勵於設有「815.9 世界兒童文學」類之外，另再設「870.59 西洋兒童文學」類，以免造成分類標引產生困擾問題。,其他
23289,2010-01-01,23289_A01,《中國圖書分類法》類目848 民國別集與089 民國自著叢書應如何應用？,自著叢書係彙集多種單獨著作而成之出版物，內容主題涉及多種學科，不以文學作品為限，分入「080 普通叢書」類下「089 自著叢書」；別集係收錄個人詩文之集子，分入「840 中國別集」類下「848 民國別集」。,其他
23289,2010-01-01,23289_A02,為何《李敖作品集》分入類號848.6而非089？,《李敖作品集》內容以文學作品為主，屬「中國文學別集」，應分入「840 中國文學別集」類，再依作者時代別（民國34年以後）分入「848.6 民國文學別集」，而非「089」類。,其他
23289,2010-01-01,23289_A03,類號848.6之'.6'是怎麼來的，其意義為何？,類號「848.6」中「6」係依《中圖法》附錄2「中國時代表」指示，表示「民國34年以後」，屬「民國文學別集」之時代複分號碼。,編目法
23290,2010-01-01,23290_A01,《中國圖書分類法》中「815.9 兒童文學」的類目區分在於什麼？,「815.9 兒童文學」是「世界文學」的下位類，連上（「世界文學」）而讀，即知該類係「世界兒童文學」之意。,其他
23290,2010-01-01,23290_A02,《中國圖書分類法》中「859 兒童文學」的類目區分在於什麼？,「859 兒童文學」是「中國文學」的下位類，連上（「中國文學」）而讀，即知該類係「中國兒童文學」之意。,分類法
23291,2010-01-01,23291_A01,"若使用《中國圖書分類法》標引原文小說，例如英文小說應分入類號874.57""，抑或類號""805.18""？","若以《中國圖書分類法》為分類標引規範工具，英文原文小說應分入類目873.57 英國小說""或""874.57 美國小說""。",其他
23291,2010-01-01,23291_A02,"《中圖法》類目""805.18 英文讀本""之意義為何？","貴方所問《中圖法》類目""805.18 英文讀本""之意義，但從另一角度看，實為分入類目""805.18 英文讀本""的條件問題。分析起來，分入《中圖法》類目""805.18 英文讀本""之條件主要有二：其一、該文獻題名、序跋、編例或書名頁、版權頁、封面等處已註明""語文讀本""或有類似的文字；其二、該文獻內容除原文外，還包括有""詞彙解釋、詞彙用法、文法要點、寫作方法、鑑賞分析、問題測驗""等單元之全部或一部。如具備上述條件之一者，即可分入語言類；否則，以分入文學類為宜。",編目法
23292,2010-01-01,23292_A01,已入美國籍之華裔文學作家，分類時其作品之國別，應分入中國文學抑或美國文學？,"文學作品的分類，通常依作者的國籍分入該國文學。作者國籍認定原則同傳記國籍認定原則，也有""最初國籍""及""最新國籍""之分。標引時可選擇其中一原則為準，另一原則為補充。唯對於華僑及華裔作家，也可不依最新國籍原則而按最初國籍原則及其母國，全部分入中國文學類。不過，如以中國文學分類，必須從一而終、一以貫之，勿中途隨意變更原則，以免造成分類前後不一致的缺失。",編目法
23293,2010-01-01,23293_A01,以小說體裁寫成的人物傳，其分類應歸入傳記類或小說類？,以小說體裁寫成的人物傳，依其著述目的，應屬以「表達情感」為旨趣，而非以「傳播知識」為目的。故應以體裁為分類標準，按小說分入著者所屬之國別文學類下的小說子目。,編目法
23293,2010-01-01,23293_A02,標題「人名–傳記–小說」的標引方式是否影響分類？,標題「人名–傳記–小說」是另一回事，主要用意是為了增加檢索點，與分類標準無直接關係。,權威控制
23294,2010-01-01,23294_A01,《中國圖書分類法》（增訂7版，賴永祥編訂）848 民國別集細分類目，是從何而來？《國家圖書館增訂類目表》似乎也未增列，是否可敘明其緣由？,《中國圖書分類法》「848 民國別集」細分號碼係根據該分類法附表二：中國時代表（詳表）加以展開編訂。由於附表係一種複分表，通用於整個類表，因此通常將其另行提編為一個編輯單元，而不與正表雜廁。,分類法
23294,2010-01-01,23294_A02,本館收藏國內各級各科教科書，是否有適用之教科書分類表可提供，以作為此類文獻分類標引及組織藏書之依據？,國內似乎未有專為教科書而編製的分類表。本館也入藏了很多各級教科書，並計畫研訂適用於教科書標引的分類表，但尚未正式展開。唯仍希望貴館隨時提供寶貴意見並批評指教是禱。,其他
23295,2010-01-01,23295_A01,不知或未能查明原作者國別時，兒童繪本及圖畫書應如何歸類？,可不區分「繪本」之作者國別，全部集中分入《中國圖書分類法》「815.99世界兒童繪本及圖畫書」類（依照「859.9中國兒童繪本及圖畫書」加以增補）。,編目法
23296,2010-01-01,23296_A01,教導幽默的方法及技巧的書應分到那個類號？,有關幽默文學寫作，應分入『811.37 幽默諷刺文寫作法』。,其他
23296,2010-01-01,23296_A02,龍應台的>等作品歸那一類？,『野火集』此作品屬一般散文，應入855；若是龍應台的個人作品集則應依其內容性質各入其類。,其他
23296,2010-01-01,23296_A03,中國的紀實文學作品是否入815.4？,中國紀實文學就是報導文學，故應入857.85。,編目法
23296,2010-01-01,23296_A04,香港作家的作品應列入中國文學作品或歸入863.2？,香港作家的作品應視其為個人文集或多人文集而定。個人文集：若內容為多體裁則入84-；若為單一文體則入85-。多人文集：若內容為多體裁則入863.2；若為單一文體則入850。,編目法
23296,2010-01-01,23296_A05,外國文學的結集應歸幾號？813或870？,外國文學總集若內容為跨洲則入813；若為某一洲的文學總集則各入其類，如：歐洲文學總集入870。,其他
23297,2010-01-01,23297_A01,楷書是否應分入類號「943.9」？,《中文圖書分類法》（2007年版）「943.9 習字範本」類主要收錄楷書，其目的是提供中小學生書法學習及練習相關課程或教材，以達到寫正確之字之要求。,編目法
23297,2010-01-01,23297_A02,隸書或草書是否應分入類號「943.9」？,隸書或草書追求藝術上的目的，與寫正確之漢字（包括筆法、結體、布局等）的性質不同，故不應分入類號「943.9」。有關隸書、草書等文獻，應另行立類。,其他
23298,2010-01-01,23298_A01,《中文圖書分類法》（2007年版）類目『961 圖案』注釋中提及『專述裝飾文字者入965』，但查檢分類表發現裝飾文字類號為『962』，是否為編輯疏忽？,《中文圖書分類法》（2007年版）類目『961 圖案』注釋文字『專述裝飾文字者入965』確實屬編輯及校對時疏忽而致誤，其正確類號確實是『962』。,編目法
23299,2010-01-01,23299_A01,《中文圖書分類法》（2007年版）「926 公共建築」類下依「世界區域及分國表」複分應如何取號？,「926 公共建築」：綜論某國（地）之公共建築入此，惟依「世界區域及分國表」複分時，該類號應補「0」，以免有衝號之虞。,其他
23299,2010-01-01,23299_A02,「926」類下之各個子目是否會與「926 公共建築」類下之註釋文字發生重號問題？,基本上應不會發生重號問題。惟文獻實際標引時，應特注意之處有二：1. 「926 公共建築」依「世界區域及分國表」複分時應補「0」；2. 「926.2 教育及研究機構建築」下各子目可逕依「世界區域及分國表」複分。,其他
23300,2010-01-01,23300_A01,《中國音樂裡的山水畫》之分類號「910.16」為何在《中國圖書分類法》查不到？,分類號有兩種來源：其一是直接來自分類表主表的號碼，其二是間接來自分類表經由主表（主類號）和附表（複分號碼）組配而成。經由組配而來的分類號在分類規範工具書上查不到，例如「910.16」即為主表「910」與附表「016」組配而成，因此在《中國圖書分類法》查不到。,編目法
23300,2010-01-01,23300_A02,分類號「910.16」的類名為何？,「910.16」係由主表類號「910」（音樂）和總論複分號「016」（各科關係；相關學科）組配而成，表示「音樂的相關學科」。因「音樂與繪畫」為音樂的相關學科之一，故將《中國音樂裡的山水畫》分入此類目。,編目法
23301,2010-01-01,23301_A01,像《多啦A夢》一類之漫畫書，杜威分類法應分入甚麼類目？,"以《杜威十進分類法》（DDC 22ed.）為分類標引規範工具，像《多啦A夢》一類之漫畫書，可分入『741.5 Cartoons, caricatures, comics』類。",分類法
23302,2010-01-01,23302_A01,目前本館三本日文書內容為漫才團體的說話表演藝術，擬分入《中圖法》「861.58 日本民間文學」類，是否恰當？,根據表演藝術之構成圖解，有關表演的應編列於「日本戲劇」類下，而非「日本民間文學」類。,其他
23302,2010-01-01,23302_A02,未來如有「落語」或「漫才」相關資料，應如何分類？,凡有關文本的，可編列於「日本文學／民間文學」類下；凡有關表演的，則編列於「日本戲劇」類下。,其他
23303,2010-01-01,23303_A01,《中國圖書分類法》增訂8版「912.33」與「912.39」類目應如何區分？,前者「912.33 管絃樂協奏曲」指一件獨奏樂器與管弦樂隊協同演出的大型樂曲；後者「912.39 聲樂附管弦樂」指結合人聲與樂隊而寫成的樂曲，以人聲為主的一種協奏曲。,編目法
23303,2010-01-01,23303_A02,「912.39」類目中的「弦」字與其他類目寫法不一致是否需統一？,「絃」、「弦」兩字屬異體字，其意義及用法相同，可以通用。唯使用時在同一書內或同一篇文章內宜避免交互使用，以免體例不一致。,其他
23304,2010-01-01,23304_A01,評劇是否屬於河北地方戲劇？《中國圖書分類法》是否有相關類目或注釋？若無，是否可透過增訂類目注釋解決標引困擾？,謝謝您的建議，我們會將您的意見反映給《中國圖書分類法》修訂小組有關成員，以作為修訂時參考之用。,其他
23305,2010-01-01,23305_A01,《中圖法》913聲樂；歌曲類目中，錄音資料是否一定要有人聲才能歸入該類？,分入《中圖法》『913 聲樂；歌曲』類有二種情況：其一、以聲頻為記錄手段之文獻，即以人聲演唱為主而錄製之錄音資料（唱片及錄音帶），至於有無配樂或背景音樂則非其所問；其二、以文字為記錄手段之文獻，例如結集出版之歌曲集。,編目法
23305,2010-01-01,23305_A02,電影歌曲改以管絃樂方式呈現且不含人聲，應歸入哪個類目？,原為以人聲演唱之電影歌曲，後改以其他器樂演奏之錄音資料，即以聲頻為記錄手段之唱片及錄音帶，應依演奏之器樂種類分入相應之類目。,編目法
23305,2010-01-01,23305_A03,流行歌曲以二胡演奏且不含人聲，應歸入哪個類目？,原為以人聲演唱之電影歌曲，後改以其他器樂演奏之錄音資料，即以聲頻為記錄手段之唱片及錄音帶，應依演奏之器樂種類分入相應之類目。,其他
23306,2010-01-01,23306_A01,琵琶、古箏二重奏以《中國圖書分類法》（增訂7版）為分類規範工具，分類標引時應採下列何種方式較為適合？,可歸入「912.1 國樂合奏」類，因該類目同時收錄國樂合奏及國樂重奏，且《中國圖書分類法》（增訂7版）中「912.2 室內樂」、「912.3 管絃樂」、「912.5 管樂合奏」等類目，對於琵琶、古箏二重奏似以分入「912.1 國樂合奏」為妥。,其他
23307,2010-01-01,23307_A01,《中國圖書分類法》（增訂7版）「909.2 中國美術史」類下注釋「依時代分」，有關臺灣美術史應如何標引以避免與中國美術史時代複分衝號？是否可採用補「0」方式解決？,《中國圖書分類法》（增訂7版）「909.2 中國美術史」類下注釋既註明「依時代分」（p. 665），則表示直接將中國時代號添附於主類號之後，經組配後唐代美術史為「909.241」、宋代美術史為「909.251」、清代美術史為「909.27」。至於是否可採用補「0」方式解決，答案是否定的。自表面或單獨層面來看，本方式似乎解決了基本問題。但自深一層或相關層面來看，其實是紊亂了文獻分類組織的邏輯性和合理性。因為，依本方式分類標引其結果則中國通代美術史（909.2）和中國斷代美術史（909.21-909.28）兩者之間，闌入中國各地美術史（909.2011-909.2066）。易言之，同樣以整個中國為敘述範圍，以時代為敘述主軸之美術史書，被地方美術史（志）硬生生地分隔於兩處。為求解決地方美術史（志）標引之問題，並為求分類標引結果之文獻組織更合理起見，其解決方式有二：其一、注釋改訂法：將「909.2 中國美術史」類下註釋改為「.01-.08依中國時代表複分」。其二、類目增訂法：在「909.2 中國美術史」類下新增「909.29 各地美術史」，並註明「依中國省區及縣市表複分」之註釋文字。,編目法
23307,2010-01-01,23307_A02,《中圖法》（增訂8版）「909.29 臺灣藝術史」類號修正為「909.27」後與清代藝術史類號衝碼，建議下次修訂應如何處理？,《中圖法》（增訂8版）新訂之「909.29 臺灣藝術史」類目，原可解決有關臺灣藝術史（志）此一類型文獻，唯對於江蘇、浙江、廣東等各地藝術史仍無類目可資利用，實際應用時顯有不足之處。為求解決此一問題，可仿上述「1.3」條解決之。,其他
23308,2010-01-01,23308_A01,《中國圖書分類法》（增訂7版）有關琺瑯工藝類目僅有類號『464.7』，是否適合用於分類工藝美術鑒賞圖冊？,工藝美術在學科上具有雙重性質，一方面具有工藝性質，另一方面具有美術性質。凡與鑒賞、蒐藏、圖錄有關者，屬工藝美術類。因此，有關琺瑯工藝美術圖錄或鑒賞之文獻，不宜分入『464.7 琺瑯、搪磁』類，以免類分混淆失據。,編目法
23308,2010-01-01,23308_A02,是否有更恰當的類號可資用於分類琺瑯工藝美術圖冊？,《中圖法》（增訂8版）在『968 工藝美術』類下設有『968.2 琺瑯』目，可作為類分琺瑯工藝美術之用，基本解決了這方面的問題。若需進一步調整，可參考增訂8版及第4版分類規範，將『968 玻璃工藝美術』改為『968 金屬工藝美術；陶瓷工藝美術』，並於金屬工藝美術類下設『968.2 琺瑯工藝美術』。,編目法
23309,2010-01-01,23309_A01,建築美術史之文獻，應如何標引？,分入「922 中國建築」或「923 各國建築」類，依地區而定。中國建築美術史分入「922 中國建築」類，東方（或亞洲）建築美術史分入「923.3 東方建築」類，西洋建築美術史分入「923.4 西洋建築」類。有關綜論中外各國、東西各國或世界建築美術史之文獻，《中圖法》未設明確類目，分類標引時會有問題。世界建築美術史分入「923 各國建築」類，但可能導致類目邏輯問題。,編目法
23310,2010-01-01,23310_A01,膠彩畫分類時應分入《中圖法》「946.1 日本畫」或「948.93 膠畫法」，抑或在「944 中國畫」類下另立分類？,膠彩畫源自中國，應視為中國畫之一支，與墨彩畫並列為中國畫之兩部。分類時應擴大中國畫涵義，將膠彩畫包括於一般中國畫之內，與墨彩畫共同構成中國畫之完璧。分入「946.1 日本畫」或「948.93 膠畫法」均不符合美術史實，建議透過類目改訂及增補途徑解決，例如將騰出之類號「944.8」改為「膠彩畫」類。,編目法
23311,2010-01-01,23311_A01,排灣族鼻笛等臺灣原住民器樂應分入《中國圖書分類法》「910 音樂」類或「539.4232 中國民間音樂」類？,《中圖法》「910 音樂」／「918 管樂；簧樂」類下設有「918.1 東洋木管樂器」類，凡以竹木製作而成的中國吹奏樂器，均可分入本類。惟分入本類其缺點是，既不能反映臺灣地方的色彩，更不能凸顯臺灣原住民的特色。因此，將鼻笛等帶有臺灣原住民特色之樂器分入本類，顯然是權宜的作法。《中圖法》「539.4 民間音樂」類可依地區複分展開，臺灣民間音樂分入該類後，再依中國省區號碼「32」展開，經展開後其類號為「539.4232」，有關鼻笛等臺灣原住民吹奏樂器，自可分入本類。分入本類其優點有二，其一是可依國別及省區細分，較能顧及某地區樂器的特色；其二是本類可兼收器樂與聲樂綜述之文獻。,其他
23311,2010-01-01,23311_A02,若待編文獻內容同時兼述原住民器樂與聲樂時，應如何分類？,綜述器樂與聲樂之文獻，其分類標引方法有兩種：其一、依篇幅在前或篇幅多寡原則，分入聲樂類或器樂相關類目；其二、一律分入「539.4 民間音樂」類，唯分入本類應以論述民間音樂為限，非民間音樂則不宜闌入。,編目法
23312,2010-01-01,23312_A01,21世紀視覺藝術新展望國際學術研討會論文集「ISBN 9570244445」請問其分類號應如何編？,"《21世紀視覺藝術新展望國際學術研討會論文集》一書之分類：簡述分類標引之步驟如下：1. 主題分析：由題名中分析出 視覺藝術""、""論文集""兩個主要關鍵詞。其中，前者為中心因素關鍵詞，後者為文獻形式因素關鍵詞。2. 查表選號：以中心因素關鍵詞""視覺藝術""為指導，檢查《中國圖書分類法》，即可查知""900 藝術""類，與該主題有關，可資標引。3. 複分組配：以文獻形式因素關鍵詞""論文集""為指導，檢查《中圖法》總論複分表，即可查知""07 論文集""，與其有關並可以此複分之。4. 經由前述步驟，將""主類號""（900）與""複分號碼""（07）組配之，即得出完整之分類號：""907""（藝術論文集）。",編目法
23313,2010-01-01,23313_A01,相聲演出之文獻應分入《中國圖書分類法》的哪一類？,「相聲」是表演藝術的一種。有關前者之論述及其演出本（臺本、腳本∕既有曲文，又有曲譜），分入「中國戲劇」類下之「講唱戲曲」子目（982.58）,編目法
23313,2010-01-01,23313_A02,相聲集之文獻應分入《中國圖書分類法》的哪一類？,有關後者之作品集（只有曲文部分），宜分入「中國文學」類下之「民間文學」有關子目,編目法
23314,2010-01-01,23314_A01,國家圖書館電腦頁上新增標題「數位藝術」的參考類號為「902.2」，與現有類目「902.2 中國美術作品集」衝突，應如何處理？,非常抱歉，因疏忽導致「數位藝術」誤設為「902.2」，現已確認未將類號「902.2」改為「數位藝術」類，該類號仍為「中國美術作品集」。,其他
23314,2010-01-01,23314_A02,「數位藝術」類目應如何處理類號衝突？,可選用其他適當號碼以增補「數位藝術」類目。,其他
23315,2010-01-01,23315_A01,在‘臺灣分區志’新類號733.9之下，連江縣之地區號碼應如何標引？,由於連江縣其行政區劃屬福建省（另外，金門縣也是），故在‘臺灣分區志’新類號733.9之下，是無法檢知連江縣地區號碼的。如欲檢知其號碼，請查‘中國縣市表’，於福建省（‘31’）下即可查獲其地區號碼為‘137’。標引時應先標引中國地區號碼‘2’，再標引福建省地區號碼‘31’，最後才標引連江縣地區號碼‘137’。,其他
23316,2010-01-01,23316_A01,《中國圖書分類法》（增訂8版）中，有關澳洲流行歌曲的文獻類號應如何標引？,1 查《中國圖書分類法》（增訂7版）類目「913.6 歌謠曲；流行歌」類下註明有「依世界分國表複分」字樣。依注釋文字之指示，其義即指明該類可依「世界分國表」之號碼展開子目，亦即「913.62-.67」即為「世界各國流行歌曲」之意。準此而論，中國之流行歌曲類號為「913.62」，日本之流行歌曲類號為「913.631」，澳大利亞之流行歌曲類號為「913.672」。總之，以此類推其類號之展開，基本上應無任何問題。 2 惟《中國圖書分類法》（增訂8版），在「913.6 歌謠曲；流行歌」類下又增列「913.67 民歌；校園歌曲」此一子目，致使在適用之際產生不必要之困擾，或許是編訂者一時的疏忽。因為果依注釋文字之指示，有關澳大利亞流行歌曲的類號應為「913.672」，有關「民歌；校園歌曲」的類號為「913.67」，二者內容性質不同的類目，反變成上下位類的關係，於義於理誠有不恰之處。故為今之計，建議將《中國圖書分類法》（增訂8版）「民歌；校園歌曲」之類號改為「913.69」，問題即可迎刃而解矣！,編目法
23317,2010-01-01,23317_A01,《美國國會圖書館分類法》的「通用複分」應如何使用？,"《美國國會圖書館分類法》（LCC）「通用複分」中，僅地區及國家複分可用。類目後註明「（by regions or country, A-Z）」者，可依「地區及國家」複分；未註釋者不可隨意使用。例如，比利時生物資訊中心文獻可組配為「QH303.4.B4」。",其他
23317,2010-01-01,23317_A02,LC的各種複分是否可任意添加于標題之後，還是有限制？,"LC標題表的複分除文獻形式（如Periodicals, Indexes, Dictionaries）可任意添加外，其他複分（如地區、時代）須嚴格依標題表註釋文字標引，不可隨意使用。例如美國勞工政策文獻需組配為「Labor policy ─ United States」。",其他
23317,2010-01-01,23317_A03,標題後加註有括號的文字，如「（May Subd Geog）」代表什麼？,括號文字為標題表註釋，指示複分方式。例如「（May Subd Geog）」表示可依地區或國家複分，需配合註釋文字進行標引。,編目法
23317,2010-01-01,23317_A04,什麼是「Table of Pattern Headings」？,「Table of Pattern Headings」即「模式標題表」，為LC標題表第1冊書前單元，用於子標題複分。例如翻譯韓文文獻可借由模式標題表仿照「English language」或「French language」的子標題「Translating」進行組配。,主題法
23318,2010-01-01,23318_A01,時代複分表用於其他類號時，現代作者應取「86」或「87」嗎？,現代作家作者時代號標引「86」或「87」，主要以作家設籍或活動之空間而定。凡設籍或活動於大陸地區者，即屬中華人民共和國，作者時代號標引「87」；凡設籍或活動於臺閩地區，即屬中華民國，作者時代號標引「86」。,作者號及輔助區分號
23318,2010-01-01,23318_A02,作者時代複分以作者卒年為斷，作者如仍在世，又應以何為斷呢？,《中國圖書分類法》規定作者時代號之標引，以作者卒年為斷，至對於仍世之中國作者，則視其為中華民國或中華人民共和國，分別標引為「86」或「87」。,作者號及輔助區分號
23319,2010-01-01,23319_A01,《中國圖書分類法》中「86 民國34年以後」適用於哪種狀況？,凡敘述1935年以後之中華民國史事，即以時代複分號「86」標引之。,其他
23319,2010-01-01,23319_A02,《中國圖書分類法》中「87 中共建國以後」適用於哪種狀況？,凡敘述1949年以後之中華人民共和國史事，即以時代複分號「87」標引之。,其他
23320,2010-01-01,23320_A01,國會圖書館分類法「HE7811-8630.7」這組類號的意義為何？,「H」：社會科學類（Social Sciences）；「HE」：運輸和通訊類（Transportation and Communications）；「HE7811-8630.7」：美國以外其他地區或國家之「通訊工業；電報」類（Telecommunication industry. Telegraph）。,其他
23320,2010-01-01,23320_A02,國會圖書館分類法「HE7811-8630.7」的使用方法為何？,1. 以文獻中心主題因素（如通訊工業）查閱對應分卷；2. 判斷文獻涉及地區是否為美國以外地區；3. 查閱「Table H7」確定國家號碼區間；4. 依區間個數選擇相應體裁複分號碼；5. 依序數計算最終類號（如加拿大名錄為HE7813）；6. 無號碼區間時直接相加（如以色列為HE8350）；7. 依館內規則補充體裁複分號碼（如.HE8350.A5）。,其他
23321,2010-01-01,23321_A01,「x」表示何意？,「.x」表示以克特號標引之美術家號碼,作者號及輔助區分號
23321,2010-01-01,23321_A02,「A2」表示何意？,「A2」表示該美術家之自傳，依時間排（Autobiography. By date）,編目法
23321,2010-01-01,23321_A03,「x」與「A2」的使用法為何？,使用時需配合「N6」附表，先以美術家姓氏查檢克特號碼表取得「.x」號碼（如J4），再依文獻體裁選用「.A2」等號碼組合，例如自傳號碼為「N6853.J4A2」，評論號碼為「N6853.J4A8」。,編目法
23322,2010-01-01,23322_A01,史地文獻分類標引時，如仍沿用《中國圖書分類法》類號「673.29」而未改用類號「678」，是否可逕用「臺灣分區特表」或類號「678」之子目以展開之？,史地文獻分類標引時，即使仍沿用《中國圖書分類法》類號「673.29」而未改用類號「678」，還是可逕用「臺灣分區特表」或類號「678」之子目以展開之。例如可根據本條涵意而組配出「673.2971／4 高雄人文誌」這樣類目，以資標引相關文獻。,其他
23322,2010-01-01,23322_A02,展開某類下位類組配時，應如何避免衝號之虞？,展開某類下位類組配時，其組配之號碼應無衝號之虞；如有衝號之虞，可補「0」加以補救之。,其他
23323,2010-01-01,23323_A01,《中國圖書分類法》附表五中臺灣省區號碼已用'7'編為固定號碼，是否意味臺灣省區只能選用號碼'7'？,《中圖法》詳表部分即使以號碼『7』來編定臺灣相關類目，只是代表編訂者自己的看法，實際標引時並不表示非選用此號碼不可，更不表示此號碼不可以更改。,其他
23323,2010-01-01,23323_A02,臺灣省區號碼是否須在詳表相關類目下號碼『7』之旁註明『或用32』字樣？,其實勿須如此大費周章在相關類目作註，只須在附表五：《中國省區號碼表》下之臺灣省區號碼旁註明『本館選用32，不用7』即可，或註明於編目單位內部的作業手冊（或作業細則）上亦可。,其他
23324,2010-01-01,23324_A01,《新竹市古蹟‧歷史建築‧聚落業務執行手冊》一書是否應分入類號「926.232」？,有圖書館將該書分入《中國圖書分類法》類號「541.29232」，在分類上似有未洽之處，應如臺端建議將有關各縣市古蹟之研究、修復計畫、再利用、調查等，分入類號「926.232」。準此，則該書自應分入類號「926.232」。,編目法
23325,2010-01-01,23325_A01,臺灣現代詩人作品集分類應分入《中文圖書分類法》（2007年版）何類目？例如《雨弦詩選》乙書，應分入《中文圖書分類法》（或《中國圖書分類法》增訂7版）類號『851.486』，抑或分入『863.51』？,有關臺灣現代文學作品的歸類問題，比較理想且簡便的分類原則，是以作品語言及作者國別為劃分標準，將有關某地的總集（全集）或選集、地方文學叢書，以及某文學概論、文學論集、文學史等，分入各國文學類下之地方文學子目；而將有關個人之別集（全集）或選集，以及個人作品叢書等，則依國別分入各國文學。準此而言，則 臺端所舉之書例《雨弦詩選》乙書，即可分入《中文圖書分類法》（2007年版）類號『851.486』，而有關臺灣現代詩人作品的選集或叢書，才分入臺灣文學。,其他
23325,2010-01-01,23325_A02,臺灣現代詩人作品集分類應以何種標準進行？,假如依作者出生地或居住地為準，將在臺作家的別集分入臺灣文學，固然未嘗不可。但有時為了認定作者屬甲屬乙，即認定作者屬中國籍抑或屬臺灣籍，在劃分上頗有困難，徒增分類作業的困擾。故如以簡明易行計，建議 臺端採前述作法較為可行。,其他
23326,2010-01-01,23326_A01,《中國圖書分類法》（增訂8版）之索引，其性質應屬於那一種？,《中國圖書分類法》（增訂8版）之索引應可視為《中國圖書分類法》組成一部分，分類時可依多卷書分類方式標引之。,編目法
23326,2010-01-01,23326_A02,《中國圖書分類法》（增訂8版）之索引，應如何分類？,1. 索引屬具體索引書，分為群書索引（分入012.91）、學科索引（依內容主題分入相關各類）、專書索引（隨專書分類）。2. 專書索引分為可分離與不可分離兩種：可分離時建兩筆書目紀錄，索引書先隨專書分類後加複分號「021」；不可分離時依入藏情況分為同時入藏（多卷書標引冊次號）或非同時入藏（另編書目紀錄並加複分號）。3. 增訂8版索引與主書不同時入藏且非同時編目時，可分建兩筆書目紀錄，依「2.1」條標引。,分類法
23327,2010-01-01,23327_A01,文獻分類標引時，應以哪個類號為準？,1 邇來由於『臺灣研究』或『臺灣學』之探討風氣興盛，漸逐發展成顯學，大有附庸蔚成大國之勢。其中有關臺灣文學更是研究大宗，文獻載體繁富、文獻數量滋多。與此相應的現象，則是《中國圖書分類法》編訂者以及國家圖書館二者都從不同側面針對臺灣文學類目做了增補工作。惟《中圖法》（增訂8版）編訂者係於類目『829 中國文學批評』類下增補臺灣文學，國家圖書館則於類號『850』別立類目。 2 至於 貴館究竟選用類號『829.7』或『850.32』以類分臺灣文學，可視 貴館宗旨、館藏特色及編目政策而定，並無孰優孰劣問題。,其他
23328,2010-01-01,23328_A01,《中國圖書分類法》（CCL8）中植物園（370.68）、動物園（380.68）等類目缺乏什麼內容，導致無法有效區分與類聚文獻？,《中國圖書分類法》（CCL8）植物園（370.68）、動物園（380.68）等類下，並無依世界分國表複分之注釋文字，實無法達到既區分又類聚文獻的目的。,其他
23328,2010-01-01,23328_A02,建議如何修改《中國圖書分類法》以達到區分不同國別與匯聚同國文獻的目的？,建議仿DDC21做法例，在「370.68 植物園」、「380.68 動物園、水族館」等類下加上「依世界分國表複分，例如日本植物園為370.6831」之注釋文字。,分類法
23329,2010-01-01,23329_A01,《中國圖書分類法》增訂8版的分類標記是採用何種方式？,賴永祥編訂之《中國圖書分類法》主要係以劉國鈞《中國圖書分類法》為藍本，加以增補修訂而成。當時劉法係以阿拉伯數字為分類標記符號，採十進位小數字制，這些基本編制賴法並未更改。唯增訂8版電腦類（312.9）為了適應不斷湧現之電腦程式、電腦語言、應用軟體等，因此變採用了拉丁字母以濟其窮。不過，就賴法標記符號之主體而言，仍然是採數字為標記符號。,編目法
23330,2010-01-01,23330_A01,《中國圖書分類法》及《中文圖書標題表》是否有英文版？,《中國圖書分類法》係賴永祥據劉國鈞《中國圖書分類法》加以增訂編輯而成，目前出版有增訂7版（臺北：三民書局經售，1989.04）和增訂8版（臺北：文華圖書館管理資訊公司，2001.09）兩種版本，但未發行英文版。所幸兩種版本之重要類目、西洋學術名詞、外國人名及地名等，均附有英文，差可補未出英文版之遺憾。《中文圖書標題表》目前出版有修訂版一種，但未有英文版之發行。遺憾之處，該詞表本身所收之標題詞，並未有中英對照之設計。,主題法
23330,2010-01-01,23330_A02,中譯文獻CIP的編目資料除有中文標題外，另外還會有美國國會圖書館預編標題，請問為何有國會預編之標題？,《中文圖書標題表》（國立中央圖書館編目組修訂，修訂版，臺北：國立中央圖書館，1995.06）係以《中文圖書標題表》（國立中央圖書館編目組編訂，臺北：國立中央圖書館，1993.04）為藍本，再參考相關主題規範工具，並斟酌編目實務經驗加以增補修訂而成。,其他
23331,2010-01-01,23331_A01,可在甚麼地方得到賴永祥教授《中國圖書分類法》第八版的補充本？,賴永祥編訂之《中國圖書分類法》增訂8版訂正表係隨書贈閱，貴館可去電或去函向文華圖書館管理資訊公司索贈，如已訂購增訂8版該書者，亦可請其補贈。地址：臺北市內湖路1段91巷40號，電話：（02）2760-6492,其他
23332,2010-01-01,23332_A01,《中國圖書分類法》增訂八版與增訂七版有何不同之處？,《中圖法》增訂8版與7版之異同歸納為6點：（一）類目增訂：增補檔案學（027）、電腦科學（312.9）、中共歷史（628.7）、織繡服裝工藝美術（966）等類，調整臺灣各地方（678）類號並提昇一級，解決原類表不敷使用問題。（二）體例統一：規範類目名稱、注釋及用詞，提升編制技術。（三）插表調增：插表數量由29種增至37種，並調整複分表位置。（四）表譜增編：新增J. Hadzi系統圖、中共現代史分段表等，強化分類參考功能。（五）附錄增刪：增加首尾五筆著者號碼取碼法、克特著者號碼取碼。（六）索引增補：首度編印索引以利檢索。,其他
23333,2010-01-01,23333_A01,賴永祥編訂之《中國圖書分類法》有沒有最新的版本？,《中國圖書分類法》最新版本為增訂8版，出版資訊為：中國圖書分類法∕賴永祥編訂，增訂8版，臺北：文華圖書館管理資訊公司，2001年9月。,編目法
23333,2010-01-01,23333_A02,是否提供一般人或團體訂購《中國圖書分類法》？,"增訂8版發行3種版本：平裝普及本（NT$900，專門提供學生訂購）、精裝本（NT$3,000，含《索引》）、精裝典藏本（NT$38,000，含《索引》及光碟）。訂購處為文華圖書館管理資訊公司，地址：臺北市內湖路1段91巷40號，電話：02-87512575。",其他
23334,2010-01-01,23334_A01,各大專校院出版之人文社會學刊、學報，應分入《中國圖書分類法》何類目？,"有關各大專校院出版之人文社會學刊、學報，其內容主題通常涉及文史哲及社會科學，其性質應屬綜合性普通期刊。分類標引時，自以分入《中國圖書分類法》51 學術紀要期刊""類為宜。至於分入""505 社會科學期刊""類，似有偏失，不盡恰當；而分入""540.5 社會學期刊""類，應屬標引錯誤，並不可取。",其他
23334,2010-01-01,23334_A02,《中文圖書標題表》是否有相應的標題詞可用以標引人文社會學刊、學報？,"有關上述期刊之標題標引，不論分入何類，均可標引兩個標題：""社會科學–期刊""及""人文科學–期刊""。",主題法
23335,2010-01-01,23335_A01,《中國圖書分類法》類號143.61與570.112均為「自由主義」，兩類目有何區別？,前者所探討的是哲學上之自由主義（143.61），後者所探討的是政治上之自由主義（570.112），可謂井水不犯河水、涇渭分明。,其他
23335,2010-01-01,23335_A02,前書「143.9 馬克斯主義哲學」與「549.3 馬克思主義」兩類目有何區別？,「馬克斯主義哲學」只是構成「馬克思主義」的一部分，或是馬克思主義的理論部分。後者涉及的內容或範圍，顯然比前者廣泛得多。,其他
23336,2010-01-01,23336_A01,民國66年新訂5版《中國圖書分類法》頁473附錄：《國民學校圖書暫行分類法》（中國圖書館學會編），目前是否還有圖書館採用？,中國圖書館學會編訂之《國民學校圖書暫行分類法》，係專為國民學校圖書館圖書分類之用，主要根據《中國圖書分類法》及國民小學課程編訂。編者同時研製了3個特殊符號：『+』、『△』、『廿』，以便將適於兒童閱讀之圖書分置之（或用不同顏色標籤標識也可以）。用意可謂良好，但採用者似乎不多。恕本人固陋寡聞，未知實際採用該分類法的館數及其名稱，個人認為即使有採用者，應該是少數幾個館而已。,其他
23337,2010-01-01,23337_A01,《中國圖書分類法》類號112.607是怎麼來的？,《中國圖書分類法》類號『112.607』是經由組配過程產生的。其組配過程解析如後：表示中國學術思想史『類之號碼』『112』，加『明代』複分時代號『6』，再加『文集』之編制類型複分號『07』，最後組成類目『112.607 明代思想史文集』。,編目法
23338,2010-01-01,23338_A01,《中文圖書分類法》類目『238 道教史』（包括各地狀況）的註釋文字為何只限於中國範圍？,1 以宗教傳布區域是否超越國界為分類標準，凡超越國界通行至其他國家或區域者，是謂世界性宗教，例如佛教、基督教、伊斯蘭教等；反之，如僅在一國或一較小區域內傳布者，是謂本國性宗教，例如猶太教、神道教等。 2 基本上，道教只通行於中國，應屬於本國性宗教之一。基於此一事實，故有關設立道教傳布史或現況類目時，可不必考慮其他各國號碼之設立問題。易言之，即類目設立時，只須針對我國史上各斷代道教史、各地方（包括省、縣、市等）道教概況或道教史設立即已足，實勿須考處為世界各國立類設目了。 3 總上所述，我們在修訂《中文圖書分類法》時，即逕在『238 道教史』類下註明『.01-.08依中國時代表複分；.1-.6依中國省區表複分』之字樣，其立類理由即以上述立論為依據的。,分類法
23339,2010-01-01,23339_A01,《中國圖書分類法》（增訂9版）是否已編訂完成？,《中國圖書分類法》（增訂9版）目前已編輯完稿，惟書名已決定改為《中文圖書分類法》（2007年版），並將於本（96）年12月準備印製出版。,編目法
23339,2010-01-01,23339_A02,如何從網路上取得完整的《中國圖書分類法》（增訂9版）電子檔？,本館於網路上建置有『中文主題編目規範系統』（catbase.ncl.edu.tw）提供各查檢及瀏覽之用。另於國家圖書館全球資訊網（www.ncl.edu.tw）編目園地上建有分類表的PDF檔，亦可提供利用。,其他
23340,2010-01-01,23340_A01,食譜類文獻應分入《中國圖書分類法》哪一類目？,"食譜類文獻應先分入《中國圖書分類法》""427.1 食譜""類，然後再依各種食譜文獻的內容性質細分入各個有關子目。",編目法
23340,2010-01-01,23340_A02,欲查知各年度某一類別的出版數或其他相關資料，該如何查詢？能於何處查詢？,欲查知各年度某一類別的出版數或其他相關資料，請檢閱當年編印之《中華民國出版年鑑》乙書相關內容部分。,其他
23341,2010-01-01,23341_A01,《中文圖書分類法》（2007年版）總論複分號碼『09』是否為歷史及現狀？,《中文圖書分類法》（2007年版）總論複分號碼『09』為歷史及現狀。,分類法
23341,2010-01-01,23341_A02,園藝學史正確的類號為何是『435.009』而非『435.09』？,園藝學史經總論複分後其號碼確實是『435.09』，但『435.009』可能來自其他組配方式。,其他
23342,2010-01-01,23342_A01,分類標引時，可否在分類號後面再以學科號碼複分？,可以。惟標引之際，應注意所添加之學科號碼尾碼是否為『0』，如號碼為『0』，則標引時應刪除之。例如 臺端所舉《先總統 蔣公教育思想》乙書，其分類號經組配後其號碼應為『005.7852』而非『005.78520』。,其他
23342,2010-01-01,23342_A02,吳寄萍撰《先總統 蔣公教育思想》乙書，其預行編目分類號是否由『005.78 蔣中正思想研究』+『520 教育』組配而成？,依提問題旨之組配號碼標引方式，不論有關蔣中正各種思想之研究或總論複分之各科觀點，其組配標引原理均是一樣的。,其他
23342,2010-01-01,23342_A03,在《中國圖書分類法》中，將特定人物思想與具體學科類號進行組配標引的方式，是否與總論複分表中各科觀點（016）的組號原理相仿？,依提問題旨之組配號碼標引方式，其組配標引原理均是一樣的。,分類法
23343,2010-01-01,23343_A01,以《中文圖書分類法》（2007年版）為分類規範工具，有關埃及遊記之分類號該如何標引？,"1 有關各國之遊記，《中文圖書分類法》世界史地類下之各國地理（""730-770""）類，未必就編列有該國之遊記子目，此時即應利用""各國史地複分表""，以複分展開方式以組配子目。其法是利用""各國史地複分表""複分號碼""9 備用""（如不另指定，遊記得入此），以類分各國之遊記。例如吾人利用此種方式以組配西班牙、比利時、丹麥等國之遊記子目，分別為""746.19""、""747.19""、""747.39""等皆其適例。 2 回到 臺端的問題上面來。檢閱《中文圖書分類法》，知悉埃及號碼為""761""，而號碼""761.9""則是蘇丹的號碼。基於此，因此無法利用""各國史地複分表""複分號碼""9""，以組配出埃及遊記的子目（因為號碼""761.9""代表的是蘇丹，而非代表的是埃及遊記）。此際，必須利用""各國史地複分表""複分號碼""89 雜記""，來另行組配新類號：""761.89 埃及遊記""，以解決此困擾的問題。觀乎英國遊記（741.89）、法國遊記（742.89）、義大利遊記（745.89）等類，均是採用此種相同的方法，以解決此類問題的。",作者號及輔助區分號
23344,2010-01-01,23344_A01,小冊子的特藏代碼應如何標識？,小冊子因管理上較耗人力財力，通常不編目且無特藏代碼標識問題。建議貴館依一般特藏代碼取碼例，自行取一個英文代碼以解決管理困擾。,編目政策與管理
23345,2010-01-01,23345_A01,杜威十進分類法第22版是否已經出版？,杜威十進分類法22版（DDC 22ed.），業於2003年7月出版印刷本。,編目法
23345,2010-01-01,23345_A02,杜威十進分類法第22版之內容與第21版之差異為何？,請上網參閱：http://www.oclc.org/dewey/versions/ddc22print/。,其他
23346,2010-01-01,23346_A01,為何各國知性之旅套書會分入不同類目？,《中國圖書分類法》「992.9 旅遊；觀光」類下注釋說明遊記及各地遊覽應分入690（中國）、719（世界）或各國史地類，故依規定各國遊記應分入「各國史地」類下相關子目。各館亦可採變通方式分入「719 世界描述與遊記」類，但建議在史地類下註明「有關旅遊書分入992.9」之注釋，作為文獻分類標引依據。,編目法
23346,2010-01-01,23346_A02,同一圖書館如何處理不同類目分類的問題？,同一圖書館不能將同一圖書分入不同類目，應統一歸入同一類別。若現有分類出現混用現象，應想方設法改訂，以確保分類一致性。,其他
23347,2010-01-01,23347_A01,英文書應如何分類？,如係以英文為記錄手段，撰寫而成的文獻，分類時應依其所論述之學科主題各入其類。如係指英語語文之文獻，則分入《中國圖書分類法》「805.1 英語」類下各相關子目。有關語文類分類方法，請參閱《中圖法》語言類下注釋有關之說明文字。茲將英語類文獻分類時應注意之處，歸納整理如下： 1 內容範圍：語言類文獻所探討之內容範圍，主要包括字母、語源、語音、語彙、語法、文字、詞典、會話、讀本、閱讀、文體、作文、修辭、語言教學、語言應用等類。凡文獻以前述內容範圍為探討對象者，分入語言類。 2 語文讀本：分類實務上，語文讀本（或文選，下同）與文學作品兩者最易相混相闌。歸納起來兩者最主要區別是，語文讀本之編排體例有其特別之處。語文讀本，除選錄有原文以及作者、題解、註釋、翻譯、欣賞等資料外，通常文後多附有語彙、語法、練習、作業、測驗、試題、評量等材料，以進一步提供學習之用。分類時凡採前述編排體例者，分入語言類；否則，則分入文學類。 3 語文辭典：辭典又作詞典，在漢語系統裡還包括字典在內。語文辭典有單語辭典、雙語辭典、多語辭典之別。單語辭典和多語辭典（三種語言以上對照之辭典）之分類，基本上應無問題，賸下之雙語辭典則是語文辭典分類重點之所在。依《中圖法》語文類有關規定，凡本國語與外語對照之雙語辭典，不論採「本國語 - 外語」對照或採「外語 -本國語」對照，均按外語類別分入相應之類目。因此，中英雙解之語文辭典，應分入「805.131 英漢 – 漢英雙解辭典」類；中英對照辭典，應分入「805.132 英漢辭典」類；英中對照辭典，應分入「805.133 英漢辭典」類。兩種外語對照之雙語辭典，依「居前原則」分類。因此，法英對照語文辭典應分入「804.532 法英辭典」類。必須特別指出，語文辭典類還包括詞頻、詞性、逆序（或倒排）等特殊語文辭典在內。 4 語彙集：除圖解辭典外，一般語文辭典多依字母順、筆畫順或音序順編排。對於按課文進度編排或不按字母順編排之字書，則多稱語彙（集）或詞彙（集）。分類時，以分入「805.12 英語語彙」類為宜，最好不分入辭典類，請特別注意。 5 專科辭典：有關專科辭典或知識辭典（包含語彙集），應依學科主題分入有關各類，不應分入語言類。例如英漢哲學辭典分入「104 哲學辭典」類，英漢科學辭典分入「304 科學辭典」類，英漢藝術辭典分入「904 藝術辭典」類。 6 專業語文：有關專業語文，例如商業英語、貿易英語、工業英語、科技英語、化工英語、工程英語、醫學英語、護理英語、金融英語、新聞英語等，各圖書館可事先加以規範，採集中方式或分散方式。如採集中方式，可集中於英語類，必要時則展開其子目；如採分散方式，應在各類下以複分方式編製有關類目。 7 語文教學：凡有關中等教育以下之語文教學、教法、教材及其課程，依各級學校分入相應之類目。例如國中之英語教學，分入「524.38 中學英文教學」類。 8 語文測驗：有關語文測驗書，應隨語文教學分類。但如願意集中一處者，亦可於英語類下編製其相關類目，以便集中所有之語文測驗書。,編目法
23348,2010-01-01,23348_A01,國內採用賴永祥《中國圖書分類法》有那些大學圖書館？,目前，臺灣地區圖書館之分類規範工具採用何日章《中國圖書十進分類法》，主要有國立政治大學圖書館、國立臺灣師範大學圖書館、私立輔仁大學圖書館、中央研究院近代史研究所傅斯年圖書館等4所，國立臺灣大學圖書館是採賴永祥《中國圖書分類法》而不是何日章之十進法，提問文字似乎有誤。,其他
23348,2010-01-01,23348_A02,賴永祥《中國圖書分類法》與何日章《中國圖書十進分類法》哪一種分類法類目編製得比較詳細？,不論何氏分類法抑或賴氏分類法，兩者編訂時均以一般綜合性圖書為分類標引對象，並不是專門為專科領域之圖書分類而設，因此實際分類標引之際是否切合適用，頗有商榷之處。比較起來，在類目詳盡、新穎程度上以及類表修訂頻率上，賴氏表或有勝何氏表之處。,分類法
23349,2010-01-01,23349_A01,叢書分為數冊，各冊歸屬的分類號不同造成上架位置不同，請問如何解決？,一、叢書有整套著錄和分散著錄之分，與此相適應的，其分類標引也有整套分類和分散分類之別。採整套著錄及整套分類之叢書，各分冊之分類索書號及排架位置，基本上應無問題；比較會產生問題者，厥為採分散著錄及分散分類之叢書。 二、叢書既採分散分類，其所屬子書之分類索書號自然各自不同。為求解決此一困境，本地圖書館自經驗中逐漸累積並形成一種權宜作法，此即『分散著錄，整套分類』方式，以調和著錄方式與分類方式之不協調問題。 三、編目上之所以採『分散著錄，整套分類』方式以處理叢書，主要作用是欲藉此達到下列兩個目標：其一、在著錄上採『分散著錄』方式，可以針對構成叢書之子書特徵有較詳盡之描述，俾便增加讀者識別文獻及選擇文獻之作用。其二、在分類採『整套分類』方式，可使得整套叢書不致打散至書架各處。 四、採『分散著錄，整套分類』方式以處理叢書，雖有上述兩個優點，但為免造成分編作業上困擾問題，在進行『分散著錄，整套分類』時，必須加以較嚴格的規範，俾使分編人員有可所依循之標準在。茲簡述其必須依循之兩個要件如下：其一、叢書名必須具有一定之主題範圍，同時必須具有總序或出版說明文字；其二、叢書所屬之子目必須具有編號或一定順序；若未有編號或一定順序，則必須備有目錄可供查稽。,其他
23350,2010-01-01,23350_A01,分類法在檢索上的重要性為何？,問題為『分類法在檢索上的重要性』，如換個角度來看，其實就在問分類法之功能或作用為何？就個人之粗淺的理解，歸納起來，約有下列４點功能或作用。茲分述如下： 1 檢索規範之依據：一般人都知道，文獻分類標引時需要依一定規範工具，才可順利展開標引作業；同樣情形，文獻檢索利用亦需依據一定之文獻分類法，如此檢索利用才能收事半功倍之效。 2 檢索符號之匹配：檢索者所使用之檢索符號，與圖書館人員（或編目人員）所設想或所選取之檢索符號不儘相同。此際，如無法提供檢索符號匹配的工具或詞典，則會增加文獻檢索的『干擾因素』，自然影響文獻檢索的效能；反之，則可增進並提高檢索的效率。 3 類目解釋之工具：文獻分類法（表）雖然不像一般詞典，由『詞目』和『釋文』構成的，釋文承擔了意義的解說功能。但比附來說，吾人無寧可將文獻分類法視為一部隱蔽的詞典，其類目意義則是透過類目注釋及上位類、下位類、同位類等類間關係來顯示的。由此來看，分類法在檢索利用時是具有類目解釋工具之性質及功能。 4 依類求書之利器：分類具有『鳥瞰全局，觸類旁通』及『依類求書，因書究學』的功能，因為透過分類之網絡系統，可以實行擴檢和縮檢，有利於讀書求知、學術研究，對於圖書館出納作業則具有提供替代文獻之作用。,編目法
23351,2010-01-01,23351_A01,《美國國會圖書館分類法》應向何處訂購？,通常國內圖書館欲訂購西文書，大都經由西書代理商向國外出版社訂購。貴館擬購置《美國國會圖書館分類法》，透過西書代理商代訂未嘗不是辦法之一。茲介紹下列兩家西書代理商，藉以提供參考。(一)文景書局 地址：臺北市和平東路1段91號4樓；電話：(02)2394-2749及(02)2391-4280；傳真：(02)2394-3103；聯絡人：林蔡明珠小姐。(二)知訊圖書公司 地址：臺北市重慶南路3段1號4樓之3；傳真：(02)2321-7473；電話：(02)2321-5267；聯絡人：劉漢傑經理。,編目政策與管理
23352,2010-01-01,23352_A01,《四書今註今譯》乙書分入「097 四書」類目後，經書複分號應為「097.02」或「097.20」？,《四書今註今譯》乙書分入四書類之注釋（假設類號為「097」），其號碼應為「097.02」。,其他
23352,2010-01-01,23352_A02,類號「097.02」是否與總論複分號碼相衝突？,號碼組配時必須補「0」，是因為如不補「0」，則組配後之號碼「097.2」（有關四書的注釋書），會與《中文圖書分類法》原有類目「097.2 孟子」相衝號，故必須加「0」以資補救。,其他
23354,2010-01-01,23354_A01,調整‘351.12 中國地文志’類目及其注釋文字,調整後：中國自然地理入此，依中國省區表、中國縣市表複分；中國水志入682，中國山志入683,編目法
23354,2010-01-01,23354_A02,調整‘681.9 自然地理’類目及其注釋文字,調整後：宜入351.12中國地文志,其他
23354,2010-01-01,23354_A03,調整‘683.9 自然地理’類目及其注釋文字,調整後：（本類刪除）,其他
23355,2010-01-01,23355_A01,《中文圖書分類法》（2007年版）中，註明依國、依省區等地名複分之類目，其號碼標引方法為何？,國家號碼、省區號碼不會出現『0』，故標引時國家號碼、省區號碼前勿須加斜撇。例如：英國政治思想 570.941、河北省教育 520.92111.2,其他
23355,2010-01-01,23355_A02,《中文圖書分類法》（2007年版）中，註明依縣市、依鄉鎮等地名複分之類目，其號碼標引方法為何？,縣市號碼（或鄉鎮號碼）會出現『0』，故標引時縣市號碼（或鄉鎮號碼）前必須加斜撇。例如：福州市政 575.231／101、臺北市財政 566.933／101、中和市政 575.33／103.9／113,作者號及輔助區分號
23356,2010-01-01,23356_A01,停用591.29 各國軍事行政,【停用類目】 591.29 各國軍事行政 － 有關上列類目之主題，請依主題別分入中華民國軍政（591.8）或各國軍政（591.9）相應之類號,其他
23357,2010-01-01,23357_A01,新增827類目注釋文字為何？,827 中國小說論 仿821分 02 參考工具,編目法
23357,2010-01-01,23357_A02,複分類目注釋文字為何？,只有標題而標題下無敘述文字者，例如大綱、綱要或簡報等入此,其他
23358,2010-01-01,23358_A01,訂正641 前代中國外交史類目,類目訂正如下： 【訂正前】 641 前代中國外交史 .1 明以前 .11 隋以前 【訂正後】 641 前代中國外交史 .1 明以前 .11 秦以前,編目法
23359,2010-01-01,23359_A01,528.982 類名修正後的名稱是什麼？,將原類名「世界運動會」修正為「世界性運動會」。,其他
23359,2010-01-01,23359_A02,528.982 類名修正後新增的注釋內容為何？,新增注釋文字說明「世界運動會、殘障奧林匹克運動會、聽障奧林匹克運動會等入此，依運動會名稱及其年代排」。,其他
23360,2010-01-01,23360_A01,中國各河流治理等類目修正內容為何？,依據編製分類表時『內部一致性』原則，茲將有關《中文圖書分類法》（2007年版）『443.68』『443.69』及『443.6933』三類（頁297）之類名訂正如下： 443.68 中國河流治理 水利機關入此 .69 各國河流治理 .6933 臺灣河流治理,其他
23361,2010-01-01,23361_A01,唯物論及馬克斯主義哲學家類目應如何修正？,《中文圖書分類法》下列類目，請予以訂正： 【訂正前】 131.95 唯物論及馬克斯主義哲學家 … 戶？潤（1900-1945）… 【訂正後】 131.95 唯物論及馬克斯主義哲學家 … 戶坂潤（1900-1945）…,編目法
23361,2010-01-01,23361_A02,分子組織類目應如何修正？,348.22 分子組織 … 分子物理學入339.3；高分子化學入343,編目法
23361,2010-01-01,23361_A03,畜產加工類目應如何修正？,439.6 畜產加工 動物油脂入466.172,其他
23361,2010-01-01,23361_A04,非金屬礦類目應如何修正？,458-459 非金屬礦 458.1 硫黃礦 459.1 石膏礦,其他
23361,2010-01-01,23361_A05,學生刊物類目應如何修正？,527.98 學生刊物 527.99 各國學生刊物 依世界區域及分國表複分,其他
23361,2010-01-01,23361_A06,國民政府遷臺類目應如何修正？,628.63 國民政府遷臺以後（1949- ）,其他
23361,2010-01-01,23361_A07,日本地方志類目應如何修正？,731.7 日本地方志 依日本分區表複分,其他
23361,2010-01-01,23361_A08,萬葉集類目應如何修正？,861.512 萬葉集 萬葉假名入803.112 －,權威控制
23361,2010-01-01,23361_A09,原有注釋是否刪除？,原有“131.42 惺窩學派以外朱子學”之類目注釋：“ … 貝原益軒（1630-1714）等入此”條，惟檢閱網路日文“維基百科”（貝原益軒-Wikipedia http://ja.wikipedia.org/wiki/%E8%B2%9D%E5%8E%9F%E7%9B%8A%E8%BB%92 2009/10/12），發現並無錯誤，故予以刪除。特附誌檢索源（source）於此，以存徵信。,其他
23362,2010-01-01,23362_A01,「813 世界文學總集」與「815 各種文學」之劃分原則為何？,針對《中文圖書分類法》「813 世界文學總集」、「815 各種文學」兩類之劃分原則，擬以下列原則劃分之：1 凡彙集一種文學體裁之二國以上文學作品集，分入世界文學總集（813）；凡以某種對象（或文學體裁以外者），例如兒童、軍隊、民族、民間、宗教等，彙集二國以上之文學作品集，分入各種文學（815）2 另外，針對《中文圖書分類法》世界文學總集（813）類調整如下： 【調整前】 813 世界文學總集 .8 民間文學總集；民族文學總集；宗教文學總集 .9 兒童文學總集 815.9 兒童文學 【調整後】 813 世界文學總集 [.8] 民間文學總集；民族文學總集；宗教文學總集 民間文學總集宜入815.8；民族文學總集宜入815.4；宗教文學 總集宜入815.6 [.9] 兒童文學總集 宜入815.93 815.9 兒童文學 仿859.1-.9分 .93 兒童文學總集,其他
23363,2010-01-01,23363_A01,《論語》、《孟子》類目注釋訂正,《論語》、《孟子》係經書之一，故有關該二類之複分，應適用『經書複分表』。惟《中文圖書分類法》之《論》、《孟》二類之類目注釋似有錯誤，應予訂正。調整後類目為：121.228 論語分篇、121.268 孟子分篇,分類法
23364,2010-01-01,23364_A01,有關‘家庭暴力防治’相關法規分入何類?,本館參考坊間六法全書分類例，將該類法規分入「刑事特別法／其他」（585.79），俾符合法界分類之慣例。家庭暴力防治法規彙編內政部編臺北市內政部2008.10二版※544.18家庭衝突與協調585.79刑事特別法／其他※※坊間六法相關法典多數將《家庭暴力防治法》分入刑法類，可資參考,其他
23365,2010-01-01,23365_A01,有關臺灣祠祀分類標引問題,為解決有關臺灣祠祀分類標引問題，針對《中文圖書分類法》『272.09 各地祠祀』類調整如下：【調整前】 272.09 各地祠祀 【調整後】 272.09 各地祠祀 .097 臺灣,其他
23366,2010-01-01,23366_A01,溫室效應應分入何類？,《中文圖書分類法》輻射熱（328.48）類。,其他
23366,2010-01-01,23366_A02,地球暖化應分入何類？,《中文圖書分類法》328.8 氣候學；天氣 .801 氣候形成和影響 .8018 人類活動對氣候的影響。附錄工業及農業污染 → 溫室氣體 → 溫室效應 → 地球暖化（全球暖化）,其他
23367,2010-01-01,23367_A01,醃漬業分入何類？,《中文圖書分類法》未編有醃漬業（蔬菜、水果、肉類、水產品等）類，由於食物之醃漬，以蔬果為大宗，故有關醃漬業之文獻，擬分入蔬果業（481.5）。同時，並針對《中文圖書分類法》『481.5 蔬果業』類，調整如下： 481.5 蔬果業 (p.335左) 醃漬業入此,其他
23368,2010-01-01,23368_A01,941.9 中國書畫史類新增注釋文字,為求分類標引簡省起見，有關中國各專科史斷代複分，時代號碼前一律補『0』，俾便騰出號碼，以標引各地概況或各地專科史。例如《以古為新：晚明的藝術與影響》（張以國著 北京市 中國社會科學出版社 2009.06）乙書，依本規則類號標引為『941.906』。同時，《中文圖書分類法》『941.9 中國書畫史』類擬新增注釋文字如下： 941.9 中國書畫史 (p.642右) .901-.908依中國時代表複分；.91-.96依中國省區表複分,編目法
23369,2010-01-01,23369_A01,802漢語之注釋文字訂正內容為何？,茲針對《中文圖書分類法》（2007年版）「802」類之注釋文字訂正如下：【訂正前】總論漢語及中國少數民族語言入801.821；總論中國少數民族語言入802.9【訂正後】總論漢語及中國少數民族語言入801.892；總論中國少數民族語言入802.9,其他
23370,2010-01-01,23370_A01,刑法（概論）、刑法總則（總論）、刑法分則（各論）三者間之關係為何？,總則（總論）：585.1刑法總則；刑法585；分則（各論）：585.2刑法分則。※4總則／分則：係就法典編制觀點來命名的。,權威控制
23370,2010-01-01,23370_A02,刑法（概論）、刑法總則（總論）、刑法分則（各論）之分類疑義為何？,※1刑法：坊間出版時，多以『刑法、刑法概論、刑法概要』為題名，內容包括總則（論）及分則（各論）；※2刑法總則：坊間出版時，多以『刑法總則、刑法總論』為題名；※3刑法分則：坊間出版時，多以『刑法分則、刑法各論』為題名；※5總論／各論：係就法律講學觀點來命名的。,其他
23371,2010-01-01,23371_A01,有關中國歷代別傳（分傳）及別集之時代，為何仍依《中國圖書分類法》（增訂7版）「附表二 中國時代表」複分？,因《中文圖書分類法》（2007年版）「附表二 中國時代表」與《中國圖書分類法》（增訂7版）原來之時代分期有差別，易造成編目人員作業困擾及新舊目錄銜接問題。為求編目作業簡省順當，故仍依增訂7版「附表二 中國時代表」複分。前此本館97年09月05日討論會議紀錄2關於「詳分或略分」之決議，亦可參閱。,其他
23372,2010-01-01,23372_A01,類號「592.0953」調整內容為何？,【修訂前】 592.0953 心書 舊題諸葛亮撰；火龍經；武經奇書 【修訂後】 592.0953 心書；火龍經；武經奇書 心書，舊題諸葛亮撰,編目法
23372,2010-01-01,23372_A02,類號「944.6」調整內容為何？,【修訂前】 944.6 花鳥畫 花卉畫、點心法入此 .7 翎毛畫；蟲魚畫；走獸畫 【修訂後】 944.6 花鳥畫 花卉畫、翎毛畫入此 .7 蟲魚畫；畜獸畫,其他
23372,2010-01-01,23372_A03,類號「944.7」調整內容為何？,【修訂前】 944.7 翎毛畫；蟲魚畫；走獸畫 【修訂後】 944.7 蟲魚畫；畜獸畫,其他
23373,2010-01-01,23373_A01,「554.47 土地重劃」類目修訂前的內容為何？,554.47 土地重劃 農地重劃入431.12,其他
23373,2010-01-01,23373_A02,「554.47 土地重劃」類目修訂後的內容為何？,554.47 土地重劃 農地重劃入此,其他
23374,2010-01-01,23374_A01,「337.42 電池」類目修訂內容為何？,「337.42 電池」原包含電池（乾電池）、二次電池（蓄電池）、鉛酸電池、鹼性電池、燃料電池等，太陽能電池入448.167。,其他
23374,2010-01-01,23374_A02,「446.6 太陽能」類目修訂內容為何？,「446.6 太陽能」包含地下熱能、生物能；同：日光能，太陽能汽車入447.24，總論太陽能工程入此，專論太陽能發電入448.167。,其他
23374,2010-01-01,23374_A03,「448.167 太陽能發電」類目修訂內容為何？,「448.167 太陽能發電」包含太陽能電池，參考：太陽能發電係利用半導體材料製作出的太陽能電池，將光能轉換成電能。,其他
23375,2010-01-01,23375_A01,「441.53 建築材料」類目新增了哪些子類目？,新增類目：441.539 其他特種材料，防腐材料入此,其他
23375,2010-01-01,23375_A02,「441.53 建築材料」類目新增內容是否有參考文獻？,※1 新型木材防腐劑在古蹟修復工程成效之研究 蔡明哲研究主持 王松永共同主持 臺北縣新店市 內政部建築研究所 2008.12 內政部建築研究所委託研究報告※2 參閱：《中國圖書館分類法》『TU593 防腐材料』（建築科學／建築材料）,其他
23376,2010-01-01,23376_A01,「858.6 變文」新增類目為何？,茲以「借號法」方式，針對《中文圖書分類法》（2007年版）「858.6 變文」，新增類目如下：【新增類目】 858.6 變文 .67 詩話 .68 詞話 － ＊國恥詩話 王蘧常著 上海市 新紀元出版社 1947.10 （新紀元叢書 國學類編） ※858.67詩話【參考】※詩話：1. 評論詩篇或記載詩人故事的著作。寫作詩話之風盛於宋代，宋歐陽修退居汝陰時，曾集《六一詩話》。其後司馬光有《續詩話》，劉攽有《中山詩話》，陳師道有《後山詩話》。宋人詩話，不下數十家。清代作者更多，如王士禎的《漁洋詩話》，袁枚的《隨園詩話》等，不勝枚舉。2. 宋代說唱文學的一種，略如平話之類，有詩也有散文。如《唐三藏取經詩話》，每節前為說話，末繫以詩，故曰詩話。其有詞有話者稱為詞話。（大陸版辭源：單卷合訂本 廣東、廣西、湖南、河南辭源修訂組 商務印書館編輯部編 臺北市 遠流出版事業公司1989.03 臺4版 頁1570 欄2）※詞話：1. 評論詞調源流、作家、作品之書，其體裁略如詩話。如明陳霆《渚山堂詞話》、清毛奇齡《詞話》等皆是。2. 元明時的一種說唱藝術。其中有詞曲，有說有唱，故名詞話。《元曲選》關漢卿《救風塵‧三》：「那唱詞話的有兩留文。」又明人章回小說中夾有詩詞者，亦稱詞話。如《金瓶梅詞話》。（大陸版辭源：單卷合訂本 廣東、廣西、湖南、河南辭源修訂組 商務印書館編輯部編 臺北市 遠流出版事業公司1989.03 臺4版 頁1567 欄3）,主題法
23377,2010-01-01,23377_A01,「443 水利工程」類內容訂正內容為何？,茲針對《中文圖書分類法》（2007年版）「443 水利工程」類訂正內容如下： 【訂正前】 443 水利工程Hydraulic engineering 各國農田水利入432.579 【訂正後】 443 水利工程Hydraulic engineering 各國農田水利入434.257；海洋工程入351.99（依99年2月11日會議紀錄新增）,其他
23378,2010-01-01,23378_A01,「528.88 技術及職業教育調查與報告」類內容調整,茲針對《中文圖書分類法》（2007年版）「528.88 技術及職業教育調查與報告」類調整內容如下： 【修訂前】 528.88 技術及職業教育調查與報告 含技術職業教育機構 各職業學校志入此，按職業學校校名排 【修訂後】 528.88 技職學校志 含技術職業教育機構（刪除） 技職學校調查及報告入此 依世界區域及分國表複分，依技職學校名稱排,其他
23379,2010-01-01,23379_A01,「782.6 各地總傳」內容修訂後的分類方式為何？,「782.6 各地總傳」依中國省區表、中國縣市表複分。書例：廣州人物傳（黃佐）入782.633/101,編目法
23380,2010-01-01,23380_A01,「367.82」地文生物志的內容調整為何？,「367.82」地文生物志宜入366.8；.821植被地區宜入366.8；.822森林宜入436.12-13；.823平原；海岸；三角洲宜入366.83；.824山地宜入366.84；.825草原宜入366.86；.826罕植被地區；寒原；荒草原宜入366.89。,其他
23380,2010-01-01,23380_A02,「367.83」水生環境的內容調整為何？,「367.83」水生環境宜入366.9；.831淡水宜入366.95；.8312河流宜入366.952；.8313湖泊宜入366.953；.8314沼澤；濕地宜入366.954；.832半鹹水；鹹水宜入366.96；.835海洋宜入366.989；海洋生物志入366.98。,其他
23381,2010-01-01,23381_A01,「529.675」聽障教育教學法類目調整內容為何？,「529.675」聽覺障礙教育教學法 讀唇術、手語入此,編目政策與管理
23381,2010-01-01,23381_A02,「548.24」殘障救濟：聾啞院類目調整內容為何？,「548.24」聾啞院 手語入801.94；讀唇術入801.95,其他
23381,2010-01-01,23381_A03,「802.2964」漢語手語類目調整內容為何？,「802.2964」手語 宜入529.675,其他
23382,2010-01-01,23382_A01,總傳及類傳的分類標準為何？,凡內容涉及臺灣之人物總傳及類傳，以分入臺灣傳記為原則。,編目法
23382,2010-01-01,23382_A02,分傳（別傳）的分類標準為何？,傳主本人已言明為『中國人』者，或對臺灣、『臺灣意識』不認同者，傳記分入中國傳記外，其餘以分入臺灣傳記為原則。,其他
23382,2010-01-01,23382_A03,『783.3 臺灣傳記』類下子目如何複分？,依『各國傳記複分表』複分，詳目如下： 783.3 臺灣傳記 .31 總傳（普通） .32 類傳（特殊總傳） .36 各地總傳 .37 氏族總傳 .38 分傳（別傳） .39 年譜,其他
23382,2010-01-01,23382_A04,臺灣傳記分期如何劃分？,必要時個人分傳再依『臺灣傳記分期』，詳分如下： 臺灣傳記分期 6 清領以前（相當於明代） 7 清領時期（相當於清代） 8 日據時期；光復以後 81 1895-1912年 82 1912-1927年 84 1927-1945年 86 1945年以後,作者號及輔助區分號
23383,2010-01-01,23383_A01,臺灣縣市分類法的適用範圍與標引方式為何？,凡表中註明「依臺灣縣市複分」者適用之。標引主要對象為有關臺灣各縣市之志書、歷史、地理、人文、遊記、名勝古蹟、經濟、交通等。標引時於省區號碼「.9」之後，先加斜撇再加縣市號碼。例如「宜蘭縣」應標引為「733.9/107」，其中「733.9」為臺灣各地方（指縣市級各地方），「107」為宜蘭縣。縣市下如需進一步細分，則在縣市號碼之後加「地方志複分表」號碼，並加（.）以標識之。例如「宜蘭縣遊記」應為「733.9/107.6」，其中「.6」即為方志複分表之「.6 名勝古蹟；指南」。,其他
23383,2010-01-01,23383_A02,臺灣鄉鎮分類法的標引方式與複分表規則為何？,鄉鎮號碼之標引，得仿縣市號碼標引法。標引時於縣市號碼「.9」之後，先加斜撇再加鄉鎮號碼。例如「中和市」應標引為「733.9/103.9/113」，其中「733.9」為臺灣各地方（指縣市級各地方），「103.9」為臺北縣各地方（指鄉鎮級各地方），「113」為中和市號碼。「中和市經濟志」應標引為「733.9/103.9/113.5」，其中「.5」即方志複分表之「.5 經濟；實業；交通」。,其他
23384,2010-01-01,23384_A01,臺灣文學史依體裁分類有哪些類號？,"1 ""863.09 臺灣文學史""類依體裁細分如下： 863.091 詩史 863.094 戲劇史 863.095 散文史 863.097 小說史 863.098 民間文學史 863.099 兒童文學史",其他
23384,2010-01-01,23384_A02,臺灣文學評論依體裁分類有哪些類號？,"2 ""863.2 臺灣文學評論""類依體裁細分如下： 863..21 詩論；詩評 863. 24 戲劇論 863. 25 散文論 863. 27 小說論 863. 28 民間文學論 863. 29 兒童文學論",其他
23385,2010-01-01,23385_A01,臺灣文學分類方式,有關臺灣文學總集、多人選集、叢書，或以母語書寫之文學作品，或有關其地之鄉土文學（包括報導文學、遊記文學、風土紀事詩）以及具『臺灣意識』作家之作品（包括別集、個人選集、各體文學作品）等，分入『863 臺灣文學』類有關子目。臺灣詩集 河原功編 東京都 綠蔭書房 2003.04 （日本統治期臺灣文學集成；18） ※863.51一葉詩 林央敏著 臺北市 前衛出版社 2007.02 （臺語文學叢書；21） ※863.51 ※※臺語、華語對照悠遊的心痕足跡 陳益裕著 臺南縣新營市 臺南縣政府 2007.01 （南瀛作家作品集；102） ※描寫臺灣之鄉土紀事文學 ※863.55中英對照讀臺灣小說 = Taiwan literature in Chinese and English 齊邦媛主編 臺北市 天下遠見出版 1999 （天下文化文學人生系列；21） ※863.57蒲公英：報導文學創作集 靜宜大學臺文系第一屆報導文學班著 臺中縣沙鹿鎮 靜宜大學臺灣文學系 2005 （靜宜大學臺灣文學系集刊） 版權頁副題名：靜宜大學臺文系報導文學創作集 ※863.57原住民文化‧文學言說集 下村作次郎編 東京都 草風館 2006.11 （臺灣原住民文學選；8） ※863.857神祕角落：林世明詩畫集 林世明著 南投市 南投縣政府文化局 2006.12 （南投縣文學家作品集；59） ※863.9/119.08 ※※以叢書名《南投縣文學家作品集》作為分類依據,其他
23386,2010-01-01,23386_A01,有關臺灣文學評論集、臺灣文學論文集應分入何類,有關臺灣文學評論集、臺灣文學論文集，分入類號『863.07』，但不分入類號『863.207』,其他
23387,2010-01-01,23387_A01,臺灣各地文學獎作品集應如何分類？,各地（包括省縣市）之文學獎作品集，依一般文學作品分類即可，請勿分入臺灣文學類下之各地方文學（863.9）面向海洋：第八屆臺北文學獎得獎作品集 張清志執行編輯 臺北市 臺北市政府文化局 2006.05 （秋之興：臺北文學季文學獎專書） ※830.86時間空間臺北城：93年臺北公車捷運詩文徵選得獎作品 李斌等統籌規劃 臺北市 臺北市政府文化局 2005.12,其他
23387,2010-01-01,23387_A02,何謂臺灣各地方文學類別（863.9）之收錄範圍？,「863.9 各地方文學」，本類僅收錄各縣市文學概論、各縣市文學史、各縣市文學總集（或選集）等類型文獻，其餘的文學作品分入863相關子目。臺南縣文學史 龔顯宗著 臺南縣新營市 臺南縣政府 2006.12 （南瀛文化叢書；143） ※863.9／129,其他
23388,2010-01-01,23388_A01,臺灣地區方志類文獻分類方式,有關臺灣地區方志類文獻，以分至鄉鎮級，院轄市、省轄市以分至區級為止，其下之村里級或居民點文獻，則分入鄉鎮級或區級相關子目；有關臺灣地區方志類以外之文獻，以分至縣市級為止，其下之鄉鎮級及區級文獻，則分入縣市級。,其他
23389,2010-01-01,23389_A01,有關記述或採討『文學社團』本身之文獻如何分類？,分入各國文學類，然後再依複分類目『06 機關團體』複分,其他
23389,2010-01-01,23389_A02,有關以『文學社團』名義所撰述之文獻如何分類？,依文獻內容主題分入有關各類。例如：雲林縣詩人聯吟會誌 魏嘉亨著 雲林縣西螺鎮 西螺輔材文庫 2004 ※863.064；翱翔：臺北市立體育院師資培育中心94學年度學生創作集 91至94級國民小學教育學程學生 93級特殊教育學程學生撰 臺北市 臺北市立體育院師資培育中心 2006.12 ※859.8；天香吟社詩存稿 陳運棟編纂 苗栗縣文化局 2006.08 ※831.86,其他
23390,2010-01-01,23390_A01,族譜類目調整,“族譜”類目調整如下： 544.29 各國族制 有關家族移殖史或墾拓史入此 參見789譜系 [733.74 族譜] 總論中國族譜或專論各姓族譜者宜入789.2，總論臺灣及其各地 族譜者入789.33 789 譜系 族檔入此 參見544.29各國族制 .2 中國族譜 總論中國族譜或專論各姓族譜者入此，總論臺灣及其各地族譜者 入789.33 .33 臺灣族譜 總論臺灣及其各地族譜者入此，專論各姓族譜者入789.2,其他
23391,2010-01-01,23391_A01,臺灣傳記分類相關原則,1. 敘述臺灣之總傳或臺灣各地之總傳，分別分入類目『783.31 臺灣總傳』及『783.36 臺灣各地總傳』。 2. 出生於臺灣之個人傳記，以分入『783.38 臺灣別傳』類為原則。 3. 非出生於臺灣之個人傳記，視其在臺主要活動或主要貢獻，再定其應分入中國別傳類（782.8）或臺灣別傳類（783.38）。 4. 臺灣傳記（783.3）類如需進一步細分時，可依『各國傳記複分表』複分，或『仿782中國傳記分』。例如仿『782.4 中國姓名總錄』例，經組配新立『783.34 臺灣姓名總錄』類，以標引專論臺灣之姓氏總錄相關文獻。 5. 臺灣別傳類（783.38）分類標引時，其組配順序為先依『各國傳記複分表』（或『仿中國傳記分』）複分，如需進一步細分時代，則再依『臺灣傳記分期表』複分之。 6. 個人傳記及文學作品分類時，有適用『最初國籍』（最早國籍）和『最新國籍』（最後國籍）原則之分別，本館以採『最新國籍』為原則，採『最初國籍』為例外。圖書館在編目之際，如已按最初國籍或先前國籍分類者，仍依舊類號標引不必更改為最新國籍類號。例如愛因斯坦最後國籍為美國，如圖書館已按最初國籍：德國分入類號『784.38』，則後編者不必改號為『785.28』。,其他
23392,2010-01-01,23392_A01,中華民國法規彙編的類目是什麼？,中華民國法規彙編的類目為582.18，1949年以後省區、縣市法規彙編入此，省區法規於類號後逕加中國省區號碼，縣市法規先加中國省區號碼，斜撇後再加中國縣市號碼。例如江蘇省法規彙編入582.18921，南京市法規彙編入582.18921／101。1949年以前省法規彙編入582.3，1949年以前縣市法規彙編入582.4。,編目法
23392,2010-01-01,23392_A02,中華人民共和國法規彙編的類目是什麼？,中華人民共和國法規彙編的類目為582.189，1949年以後省及自治區法規彙編入此，逕加中國省區號碼；縣市法規先加中國省區號碼，斜撇後再加中國縣市號碼。例如江蘇省法規彙編入582.18921，南京市法規彙編入582.18921／101。,編目法
23392,2010-01-01,23392_A03,臺灣法規彙編的類目是什麼？,臺灣法規彙編的類目為583.33，臺灣各縣市法規彙編亦入此，方法是斜撇後加臺灣縣市號碼。例如臺北市法規彙編入583.33／101，連江縣法規彙編入583.33／137，金門縣法規彙編入583.33／205。,編目法
23393,2010-01-01,23393_A01,名錄、手冊、年報、鑒賞辭典之總論複分法,文獻題名中出現之『名錄』『手冊』『年報』『鑒賞辭典』等字樣，應特別注意其真正涵意，並依內容性質按相應之總論複分之。例如：『澎湖產魚類名錄』核按內容性質實為『魚類目錄』（388.533）；『實用中國語文手冊』核按內容性質實為『辭典』（820.4）；『內政部入出國及移民署96年年報』核按內容性質實為『機關概況』（573.56131）；『歷代文言小說鑒賞辭典』核按內容性質實為『小說鑒賞彙編』（857）,編目法
23394,2010-01-01,23394_A01,科技史文獻應如何分類,以《達文西的科學密碼：達文西的機械與手稿》（范錦鑫編譯，臺北市：大同世界科技公司，2007.09）為例，有關科技史文獻應如何分類？ 440.6 專利；發明 409.04 世界技術史–文藝復興時代 ※建議上一書分入本類 409.404 西洋技術史–文藝復興時代 409.45 義大利技術史覈按上書之內容主題，編目人員可考慮分入以上各類（參見上圖），惟專利及發明類，以收錄當代專利及發明文獻為主，有關探討古代發明之文獻，以分入技術史為宜。不分入各國技術史類，係參酌西洋經濟思想史（550.94）、西洋政治思想史（570.94）之成例，以簡化分類標引作業。至於不分入西洋技術史，係考量及西洋技術史和世界技術史兩類，在實際標引時比較難以區別，故為顧及分類作業實情，以分入世界技術史再依時代複分為宜。,其他
23395,2010-01-01,23395_A01,中國時代表第一法和第二法之差別,中國時代表（第一法）係依據劉國鈞原訂之歷史分期加以編訂，與一般中國歷史分期甚有差別。中國時代表（第二法）則係根據一般歷史分期加以修訂，故與一般分期相合。,編目法
23395,2010-01-01,23395_A02,時代號86和87之區分,係以1949年以後活動於中國和臺灣兩地為分類標準，凡為前者以87複分之，凡為後者以86複分之。,作者號及輔助區分號
23396,2010-01-01,23396_A01,電腦遊戲類是否依遊戲名稱排列,997.82 電腦遊戲 依著者名稱排，電腦遊戲程式設計入312.8 ※【附誌】997.029自本法2007年版後停用,其他
23397,2010-01-01,23397_A01,西洋時代表中羅馬時期的取號規則為何？,在編文獻請依照2007年版「西洋時代表」取號，有關羅馬時期傳記或作者時代碼取號，請選用時代碼 １ 古代 Ancient（to 476） 希臘、羅馬入此,作者號及輔助區分號
23397,2010-01-01,23397_A02,已編文獻中羅馬時期傳記或作者的處理方式為何？,本館已編文獻中相關羅馬時期之傳記或作者，若已給與時代碼 2之作者號，為維持書目之一致性，請繼續跟號,編目法
23398,2010-01-01,23398_A01,西洋時代表中二十一世紀的取號,《中文圖書分類法》（2007年版）西洋時代表「9 二十一世紀」，因與中國時代表之時代不相一致，恐實際標引時，時代有扞格之處，即同一時期之史事或人物，卻因中西而有不同時代號碼。故擬不採前述西洋時代複分號，以免造成困擾，同時建議爾後修訂類表時，請列入修訂參考。,其他
23399,2010-01-01,23399_A01,家庭醫學手冊應歸入何種文獻分類法類目？,家庭醫學手冊採條述形式或（圖）表解形式編輯者，宜分入『429.026』。,編目法
23399,2010-01-01,23399_A02,醫學手冊與家庭醫學手冊的分類有何不同？,『醫學手冊』主要提供醫師臨床之用，內容側重醫學數據，歸入『410.26』；『家庭醫學手冊』側重疾病預防與家庭照護，歸入『429.026』。,編目法
23399,2010-01-01,23399_A03,何種文獻應歸入『429.026』？,有關家庭醫學手冊或家庭醫學便覽，採條述形式或（圖）表解形式編輯者，宜分入『429.026』。,編目法
23399,2010-01-01,23399_A04,綜合性常識手冊與專門性手冊的分類方式有何不同？,綜合性常識手冊或常識便覽分入類目詳表之『046』；專門性手冊則依內容主題分入相應各類，再依『026』複分（非『046』複分）。,作者號及輔助區分號
23400,2010-01-01,23400_A01,癌症文獻分類,有關總論「癌症」之相關文獻應如何分類，請 討論。 決議：新增相關類目，如下： 417 婦產科；老幼科；其他 ← 417 婦產科；老幼科 .8 腫瘤科 總論入此；各科腫瘤各入其類，例如肺癌入415.4682，食 道癌入415.512，胃癌入415.527，肝癌入415.5362 中醫腫瘤參見413.37，腫瘤病理參見415.138，腫瘤護理參 見419.8234各科腫瘤學參考類目肺腫瘤 415.468肺癌 415.4682食道癌 415.512胃癌 415.527肝腫瘤 415.536肝癌 415.5362膽囊癌 415.5386膽管癌 415.5396胰臟癌 415.549大腸癌 415.569白血病 415.635淋巴瘤 415.642多發性骨髓瘤 415.645高泌乳素瘤 415.6632泌乳素瘤 415.6633黃體促素瘤、濾泡促素瘤 415.6634甲狀腺促素瘤 415.6635腎上腺皮質促素瘤 415.6636嗜鉻細胞瘤 415.6644類癌症候群 415.6695皮膚腫瘤 415.78腎臟腫瘤 415.818輸尿管腫瘤 415.827膀胱腫瘤 415.837尿道腫瘤 415.847陰莖腫瘤 415.857睪丸腫瘤 415.8617前列腺癌 415.878腦瘤 415.938腫瘤（神經外科） 416.295外耳道惡性瘤 416.835中耳惡性瘤 416.854聽神經瘤 416.862顏面神經瘤 416.8692鼻瘤 416.874惡性瘤（鼻） 416.875鼻咽癌 416.879喉腫瘤 416.894婦科腫瘤 417.103卵巢腫瘤 417.25子宮腫瘤 417.2815小兒腫瘤 417.56腫瘤病理 415.138腫瘤護理 419.8234中醫腫瘤 413.37,其他
23401,2010-01-01,23401_A01,各國證券市場分類,2007年版類號「563.6 各國證券市場」，是否可仿「563.69 獎券；彩票」 加註依世界區域及分國表複分，請 討論。決議：請於563.6各國證券市場 新增注釋： 563.6 各國證券市場 .62-.67依世界區域及分國表複分,其他
23402,2010-01-01,23402_A01,七版「口吃」相關類號是否已刪除？,七版原有類號「415.9465 語言不整 失寫疾， 口吃」已刪除。,其他
23402,2010-01-01,23402_A02,2007年版是否刪除「口吃」相關類目？,2007年版之相關類目已刪除，有關「口吃」相關文獻之類號訂定，請討論。,其他
23402,2010-01-01,23402_A03,「口吃」相關文獻應如何歸類？,於2007年版分類法中，新增「口吃」相關類號使用注釋。415.939 其他中樞神經系統疾病（口吃入此），言語障礙入416.867。,其他
23403,2010-01-01,23403_A01,中藥材複分表使用方式,《中文圖書分類法》（2007年版）類號「414.34-.37」後，可依「中藥材複分表」加以細分（注意：其前必須加斜撇），但不必按藥名排。例如：414.34/1 植物藥材採集、加工、炮製；414.34/2 植物藥材鑑定；414.34/3 植物藥材藥理、藥性；414.34/4 植物藥材臨床應用；414.35/1 動物藥材採集、加工、炮製；414.35/2 動物藥材鑑定；414.35/3 動物藥材藥理、藥性；414.35/4 動物藥材臨床應用。附：中藥材複分表 /1 藥材採集、加工、炮製 /2 藥材鑑定 /3 藥理、藥性 /4 藥材臨床應用,編目法
23404,2010-01-01,23404_A01,心理（心靈）治療之文獻之界定,有關心理（心靈）治療之文獻，應如何界定其分類號，請 討論。 決議：（1）總論心理治療入178.8（心理治療）；專論各種心理療法，例如宗教、催眠、藝術、音樂、舞蹈等療法，入418.98（心靈 療法）類下相應子目。 （2）類目『418.98 心靈療法』新增內容如下： 418.98 心靈療法 .989 其他 書目治療法、閱讀治療法入此,其他
23405,2010-01-01,23405_A01,各國古物志子目是否仿分,有關《中文圖書分類法》（2007年版）類目「798 各國古物志」各國子目下是否仿類號「791-796」分，請討論。決議：「798 各國古物志」類，包括有形可移動之物件和有形之人為營建物、文物、生物遺跡、場址兩類。凡文獻內容為前一類者，依地區別分入798.3-.7相應之類號；凡文獻內容為後一類者，分入798.8或798.81-.88，然後再依世界區域及分國表複分。在此特別指出，798.8如須依地區複分時，地區號碼前必須補「0」，以免類號有衝號之虞。,其他
23406,2010-01-01,23406_A01,2007年版類號「557.77 電視」是否可仿「557.76 建播」細分至557.768 中國狀況；557.769 各國狀況；557.76933 臺灣狀況？,決議：於類號「557.77 電視」之下再細分（下述類號仿分係本館新增之內部用法） 557.77 電視 .778 中國狀況 .779 各國狀況 依世界區域及分國表複分 .77933 臺灣狀況,其他
23406,2010-01-01,23406_A02,「557.77 電視」細分後的類號結構為何？,557.77 電視 .778 中國狀況 .779 各國狀況 依世界區域及分國表複分 .77933 臺灣狀況,其他
23407,2010-01-01,23407_A01,古植物學7版與2007年版類號有何不同？,"「古植物學」7版相關類號為""359.4 古植物學；植物化石各論""，2007年版相關類號分立兩處""359.4 古植物學；化石植物各論""及"" 374.36 古植物學""",其他
23407,2010-01-01,23407_A02,古植物學類號應如何選擇？,"建議：「古植物學」2007年版類號請選用""359.4 古植物學；化石植物各論""，詳細用法修改如下： 359.4 古植物學；化石植物各論 種子植物化石、化石孢粉學入此 [374.36] 古植物學 宜入359.4",其他
23408,2010-01-01,23408_A01,各國中小學教育之取法,各地小學教育概況（或學校概況）入523.9，依世界區域及分國表複分，中國及臺灣分別再依中國省區表、中國縣市表及臺灣縣市表複分，縣市號碼前加斜撇，例如臺北縣小學學校概況入523.933/103；個別小學學校志入523.8。各地中學教育概況（或學校概況）入524.9，依世界區域及分國表複分，中國及臺灣分別再依中國省區表、中國縣市表及臺灣縣市表複分，縣市號碼前加斜撇，例如臺北縣中學學校概況入524.933/103；個別中學學校志入524.8。,其他
23408,2010-01-01,23408_A02,技職教育之課程及教材之取法,技職教育之課程及課程綱要入528.8，技術學院及大學之教材依主題分入各類，職校之教材及教法依本館內部作法標引（編目園地/編目規範標準/其他/國家圖書館編目規範解釋及分編要點/文獻分類/各級學校教學及學習用書分類標引要點）。,編目政策與管理
23408,2010-01-01,23408_A03,各種考試指南之取法,以學校複習、考試及升學指南用書（包括升學或考試準備法）為限，擬集中一處者得用529.98，惟以分入各級教育或相關各類為宜。國家考試、就業考試、資格考試、檢覈、檢定等，依主題分入相關各類。書例：上海市高中會考試題匯析（上海教育考試中心）入524.611022；大學聯考試題標準詳解（群益補習班）入525.611022；大學之路（許番在）入525.611；考試全輯（考政叢書編委會）入573.447022；電信特考員級歷屆試題彙編（豐登出版社編輯部）入557.7022。,其他
23409,2010-01-01,23409_A01,水上運動類目之使用方法為何？,有關潛水、滑水、衝浪、划船、溜冰、滑雪、冰球等水上運動之理論、方法、教學入528.96；有關其運動場所之介紹入994。,編目法
23409,2010-01-01,23409_A02,空中運動類目之使用方法為何？,高空彈跳、跳傘、滑翔翼、熱氣球等入528.969；有關空中運動之理論、方法、教學等入此，有關其運動場所之介紹入993.8。,其他
23409,2010-01-01,23409_A03,游泳之類目歸屬為何？,游泳入528.961,其他
23410,2010-01-01,23410_A01,民族政策、民族行政等問題應歸入何類,《中文圖書分類法》（2007年版）未編有相應類目，應選用『535.9各國民族問題』。總論或彙編民族政策及行政者入此，專論各國民族政策及行政者以入各國政治制度為宜。,其他
23411,2010-01-01,23411_A01,電動玩具與電腦遊戲應如何區別？,"電動玩具（997.8）包括電視遊樂器、掌上遊樂器、電視電腦兩用之遊戲機及遊戲等，例如PS2, Xbox, Wii, NDS/NDSL, Game Boy等相關遊戲機及遊戲；電腦遊戲（997.82）限用電腦操作之遊戲，例如天堂、大富翁、魔獸爭霸等，網路遊戲亦入此。",權威控制
23411,2010-01-01,23411_A02,電動玩具與電腦遊戲應如何使用？,電動玩具（997.8）及電腦遊戲（997.82）應依其類別標引，電動玩具包含電視遊樂器、掌上遊樂器等遊戲機及遊戲，電腦遊戲限用電腦操作之遊戲，網路遊戲亦歸入電腦遊戲。,權威控制
23412,2010-01-01,23412_A01,是否可以繼續沿用《中文圖書分類法》（2007年版）的舊分類方法？,有關‘世界兒童文學（815.9）’，請仿‘中國兒童文學（859）’分,其他
23412,2010-01-01,23412_A02,世界兒童文學（815.9）的詳細分類方式為何？,詳細用法如下：[813.9] 兒童文學總集 宜入815.93 815.9 兒童文學 仿859.1-.9分 .93 兒童文學總集,其他
23413,2010-01-01,23413_A01,各國史地複分表「89」之用法為何？,89雜記，如「9」另有指定用法，則遊記入此，例如英國遊記為741.89，法國遊記為742.89，埃及遊記為761.89,其他
23413,2010-01-01,23413_A02,各國史地複分表「9」之用法為何？,9備用，如不另指定，遊記得入此,其他
23414,2010-01-01,23414_A01,有關馬克思（或馬克思主義）相關類目之參照關係,有關馬克思主義哲學（143.9）、馬克思（147.57）、馬克思主義（549.3）、馬克思著作（549.34）、馬克思生平（549.348）等類之關係為何，它們之間又應如何區別，請討論。 決議：有關馬克思（或馬克思主義）相關類目之參照關係，說明如下： [143.9] 馬克思主義哲學 宜入147.57 147.57 馬克思 哲學專著及哲學思想入此，總論其思想入549.3，著作全集入 549.34，傳記入549.348 馬克思主義哲學入此，總論馬克思主義入549.3，西方馬克思主義、新馬克思主義入143.89 549.3 馬克思主義 總論入此，專論哲學思想入147.57，專論經濟思想入550.186 西方馬克思主義、新馬克思主義入143.89 549.34 馬克思著作 全集入此，哲學專集入147.57，經濟學專集入550.1861 [549.3415] 資本論 宜入550.1862 550.186 社會主義學派；馬克思經濟學派 550.1861 馬克思 經濟學專著及經濟思想入此，總論其思想入549.3，著作全 集入549.34 附：馬克思（及馬克思主義）相關類目歸納整理 總論思想 549.3 專論哲學思想 147.57 專論經濟思想 550.1861 馬克思 著作全集或選集※ 549.34 哲學專著或選集※ 147.57 經濟學專著或選集※ 550.1861-.1863 傳記 549.348 ─ ※均包括著作研究及注釋,編目法
23415,2010-01-01,23415_A01,器物目錄與文獻目錄之區別為何？,應先辨明是文獻目錄還是器物目錄，如是前者分入目錄學類（010），如是後者則依主題分入各類。,其他
23415,2010-01-01,23415_A02,器物目錄之分類為何？,器物目錄依著錄對象劃分為文物目錄、產品目錄、博物目錄三類，並將有關分類規則及分類實例歸納整理如下：1. 器物目錄如已編定特定類號者，例如商品目錄（496.11）、金石目錄（791.1）、法帖目錄（943.1）等，逕分入該類號，不必複分『目錄、索引』。2. 器物目錄如未編定特定類號，惟於相關類下注釋文字已敘明者，例如工業品目錄（555.8）、郵票目錄（557.64）等，逕分入該類號，不必複分『目錄、索引』。3. 器物目錄如未編定特定類號者，例如魚類目錄、鳥類目錄、篆刻目錄等，則先分入該類號，再依『目錄、索引』（021）複分之。4. 目錄與圖錄之區別： - 目錄：指器物目錄，基本內容體制為器物名稱及基本資料（條述式），包括文物目錄、產品目錄、博物目錄3種。名為『目錄』而實附有圖者，以『圖錄』（025）複分。   - 圖錄：又名圖鑑、圖譜、圖誌、圖志、圖釋、圖像、圖說、圖解等。編輯體制有兩種：其一、僅有圖及圖名而無相關說明文字者；其二、圖、圖名及基本資料俱全，甚至還有簡明解說者。,編目法
23416,2010-01-01,23416_A01,老人福利分類法調整,老人福利之分類用法，修訂如下： 544.85 老人福利 老人安養入此 [548.15] 老人安養 宜入544.85,其他
23417,2010-01-01,23417_A01,類目『553.12 基本經濟建設』之注釋『市政公共建設入575.15』是否宜改為『市政公共建設入445』？,有關市政工程之分類及相關注釋之修訂說明如下：553.12 基本經濟建設 政府公共建設入此；市政公共建設入575.15445 市政工程 衛生工程、都市衛生、環境衛生、公共工程入此 參見575.15建設工務575.15 建設工務 參見445市政工程,其他
23418,2010-01-01,23418_A01,有關1949年以後之中華民國史，應分入哪個類目？,有關『中華民國史』之分類，分段細分如下：(3)1949年以後之史實，分入類目733.292國民政府遷臺以後 (1949- )。,其他
23419,2010-01-01,23419_A01,有關「臺灣通史」類文獻應如何分類？,待編文獻如像臺灣通史一類文獻，實際分類時請儘量分入下位類目（即類號733.21），勿分入上位類目（即類號733.2）。,其他
23419,2010-01-01,23419_A02,有關「臺灣史」或「臺灣研究」之複分應如何處理？,依類目「733.2 臺灣史」註釋之指示，分入類號733相應子目。,其他
23419,2010-01-01,23419_A03,類目「733.2 臺灣史」之功能為何？,在此只有形式之意義，即完全是為了類目之領屬關係而設。,其他
23419,2010-01-01,23419_A04,有關「臺灣史」、「臺灣通史」、「臺灣史地」等類標引之實例說明？,實例：新臺灣史讀本 江燦騰 陳正茂著 臺北市 東大圖書公司 2008.02（本書綜述臺灣早期、近代和現代之歷史，內容涵蓋臺灣史前史，乃至2006年臺灣之政治動向。依本條原則應分入733.21）【臺灣史】有關臺灣歷史的研究，以敘述時間範圍來劃分，可分為臺灣通史和臺灣斷代史兩類。其一、臺灣通史：指臺灣史之通代研究，即自臺灣史前史敘至21世紀為止；其二、臺灣斷代史：則以某段時間史事為敘述範圍，例如清治時期臺灣史、日據時期臺灣史等。如綜合從時空觀點來研究臺灣，即有關臺灣歷史、地理，乃至有關自然、社會、人文等方面綜合性、整體性的研究，則為臺灣史地之研究。,主題法
23420,2010-01-01,23420_A01,電腦音樂究竟應如何分類,《中文圖書分類法》類目「312.85」註釋文字註明「電腦音樂入919.8」，查類號919.8是民族音樂，惟類號917列有電子與電腦樂器，對於電腦音樂究竟應如何分類，請討論。 決議：有關電腦音樂之分類，請依下列方式修訂相關類號： 917.7 電子音樂→電子及電腦音樂 ---- 312.85 電腦聲音合成 電腦音樂入919.8 → 917.7,其他
23421,2010-01-01,23421_A01,法律文書應分入《中文圖書分類法》何類號,法律文書之類號分入 580.169 法律文書入此 580.169 法律與其他學科關係：其他 法律文書 ＞ 司法文書 ＞ 訴訟文書 ＞ 仲裁文書,其他
23421,2010-01-01,23421_A02,司法文書應分入《中文圖書分類法》何類號,司法文書之類號分入 589.16 589.1 司法行政 .16 司法文書【各種法律文書之關係】 法律文書 ＞ 司法文書 ＞ 訴訟文書 ＞ 仲裁文書,編目法
23421,2010-01-01,23421_A03,契約書範例應分入《中文圖書分類法》何類號,契約書範例之類號分入 584.319 (類號新增) 584.31 契約 .319 契約書範例,編目法
23421,2010-01-01,23421_A04,仲裁書狀應分入《中文圖書分類法》何類號,仲裁書狀之類號分入 586.489 (類號新增) 586.48 和解；調解；仲裁 .489 仲裁書狀,編目法
23422,2010-01-01,23422_A01,愛爾蘭文學應如何歸類?,愛爾蘭文學歸類於歐洲其他各國文學 884‧愛爾蘭文學 884.1,其他
23422,2010-01-01,23422_A02,其他相關國家文學應如何歸類?,安道爾文學 884.2‧摩納哥文學 884.3‧聖馬利諾文學 884.5‧列支敦士登文學 884.6,其他
23423,2010-01-01,23423_A01,總論休閒農業之文獻應如何分類？,431.23 休閒農漁業 論經營及管理方式入此,編目政策與管理
23423,2010-01-01,23423_A02,各地休閒農業及觀光農業之文獻應如何分類？,992.65 733.64 公園、風景區 國立公園、森林遊樂園、國家公園入992.38 992.38 國立公園 總論國家公園、森林遊樂園入此；專論某一國家公園依世界區域及分國表複分 一般公園及風景區之總志、專志分入各國史地 各國立公園得入各國史地（刪除）,其他
23424,2010-01-01,23424_A01,“926 公共建築”類下註明“依世界區域及分國表複分”，實際適用時是否有衝號之虞？,為免有衝號之虞，標引時補‘0’以資補救,其他
23425,2010-01-01,23425_A01,‘937.7 拓片’與‘943 法帖；拓本’是否為重複分類？,‘拓片’相關文獻之分類用法，修訂如下： [937.7] 拓片 宜入943,其他
23426,2010-01-01,23426_A01,類號「416.69」的運動醫學主要涵蓋哪些內容？,有關運動傷害、運動性疾病入此；有關運動衛生、運動員體格檢查、運動員藥檢、運動醫務監督等入528.9013,權威控制
23426,2010-01-01,23426_A02,類號「528.9013」的運動醫學主要涵蓋哪些內容？,有關運動衛生、運動員體格檢查、運動員藥檢、運動醫務監督（健康分組、運動環境與器材衛生等）等入此；有關運動傷害、運動性疾病入416.69,權威控制
23427,2010-01-01,23427_A01,運動員傳記應歸入「528.914 運動員」類還是「528.999 體育傳記」類？,運動員傳記應歸入「528.999 體育傳記」類。,作者號及輔助區分號
23427,2010-01-01,23427_A02,專業類目與該專業人物傳記的歸類區別為何？,專業類目係探討養成該專業應具備之條件、素養、培育及訓練、專業倫理、專業知能等；該專業人物傳記係有關該專業人物生平事跡之記述。,權威控制
23428,2010-01-01,23428_A01,總傳的分類方式應如何處理？,各類總傳（包括各業總傳）採分散方式分入各類；惟有關儒林、文苑、婦女等總傳仍入傳記類。,其他
23428,2010-01-01,23428_A02,別傳的分類方式應如何處理？,各類別傳採集中方式集中於傳記類，惟有關哲學、宗教、美術、音樂、戲劇等類以及古代帝王之別傳，仍分入各類或各斷代史。,其他
23429,2010-01-01,23429_A01,有關成語故事相關文獻，應歸入何類？,802.18 語彙、語義 有關語彙之研究入此，下列各類之詞典分入802.3相關各類 .181 基本詞彙 .182 同義詞、多義詞、相反詞 .183 成語、熟語 .1839 成語故事 [.184] 俗語 宜入539.6 .185 外來語 .186 略語 .187 疊字、聯綿詞,其他
23430,2010-01-01,23430_A01,流行歌曲應依演唱者國籍或歌曲語種分類嗎？,913.5 民謠 .52 中國民謠 各省民謠依中國省區表複分 .533 臺灣民謠 客家山歌、臺灣原住民歌曲入此 .6 流行歌曲 .602 國語流行歌曲 如為各省方言流行歌曲，依中國省區表複分 .6033 臺灣流行歌曲 包括臺語、客語流行歌曲 客家山歌、臺灣原住民歌曲入913.533,其他
23431,2010-01-01,23431_A01,類號『864.2』為『古猶太文學』，致使巴勒斯坦文學無法利用『世界地區及分國表』以展開其子目，有關此類文獻應如何歸類？,參考『世界區域及分國表』擬針對『864.2 古猶太文學』類目如下：【原類目】                                       【調整後類目】 864.2 古猶太文學                         864.2 巴勒斯坦文學 舊約文學書入241.3 864.3 以色列近代文學                 864.3 以色列文學 古猶太文學入此 舊約文學書入241.3,其他
23432,2010-01-01,23432_A01,《中文圖書分類法》中「文物考古（790）」與「文化（541.2）」類別，應如何區分適用？,凡論述『古蹟、歷史建築、聚落（有形）、遺址、古物、傳統藝術（有形）』等內容者入文物考古（790）類；反之，超出前述範圍或論及『傳統藝術、文化景觀、民俗及有關文物、自然地景』者，則入文化（541.2）類。,其他
23432,2010-01-01,23432_A02,《中文圖書分類法》中「文化政策（541.29）」與「文化財及其保護（541.27）」類別，應如何區分適用？,有關文化事業、文化行政、文化管理、文化營運、文化機關等，入文化政策（541.29）類；有關文化人奬勵、文化財及文化景觀保護（包括自然景觀）者，入文化財及其保護（541.27）類。,編目政策與管理
23433,2010-01-01,23433_A01,《中文圖書分類法》（2007年版）是否可仿「545.19 各國都市問題」成例，在「545.2-.6」相關類下增列「各國 xx」之子目？,仿《中文圖書分類法》（2007年版）類目「545.19 各國都市問題」例，針對類號「545.2-.6」新增類目如下表： 545.29 各國工業區 .39 各國貧民區 .49 各國聚落 .59 各國鄉村；各國農村 .69 各國新市鎮；各國開拓村,其他
23434,2010-01-01,23434_A01,「舊約文學書」所指是那些文獻？,依《中文圖書分類法》未調整前「古猶太文學」類目注釋之解釋，是指舊約聖經中詩歌書而言，包括下列諸書（各類）： 241.3 詩歌書 .31 約伯記 .32 詩篇 .37 箴言 .38 傳道書 .39 雅歌；惟根據朱維之《聖經文學十二講：聖經、次經、偽經、死海古卷》（北京市 人民文學出版社 1989.10）研究指出，聖經文學體裁範圍甚廣，包括神話（創造天地、大洪水）、傳說（亞伯拉罕、雅各）、史詩（出埃及記、約書亞記）、先知文學、智慧文學（箴言、傳道書）、抒情詩（哀歌集）、小說（路得記）等文體。有鑑於此，我們將有關聖經文學之分類原則，條理如下： ‧有關聖經文學各個原典及其研究，例如約伯記、詩篇、路得記等，分入聖經有關各類 ‧有關自聖經各個原典選錄之聖經文學選集及其研究，分入古猶太文學（請 依已調整後類號標引，即864.3),作者號及輔助區分號
23435,2010-01-01,23435_A01,加拿大分區表更新,加拿大分區表擬修訂如下，同時並自即日起依該表「中譯地名」欄之地名標引地名主題詞。 加拿大分區表[1] 號碼 中文譯名 英文名稱 法文名稱 說明 1 卑詩省 [2] British Columbia Colombie-Britannique 英屬哥倫比亞 11 溫哥華 Vancouver 2 西北領地 Northwest Territories Territoires du Nord-Ouest 北領土 23 亞伯達省 Alberta Alberta 阿爾柏達 24 薩克其萬省 Saskatchewan Saskatchewan 薩斯喀徹溫 27 曼尼托巴省 Manitoba Manitoba 曼尼拖巴 29 努勒維特地方 Nunavut Nunavut 異譯努那武特1999年自西北領地分出 3 安大略省 Ontario Ontario 31 多倫多 Toronto 33 蒙特婁 Montreal 蒙特利爾 39 渥太華 Ottawa 4 魁北克省 Quebec Quebec 5 新伯倫瑞克省 New Brunswick Nouveau-Brunswick 6 新斯科細亞省 Nova Scotia Nouvelle-Ecosse 新思高沙 7 愛德華王子島省 Prince Edward Island Ile-du-Prince-Edouard 愛德華島 8 紐芬蘭暨拉布拉多省[3] Newfoundland and Labrador Terre- Neuve-et-Labrador 9 育空地方 Yukon Yukon 【註1】 共計10省，3地方（西北領地、努勒維特地方、育空地方） 【註2】 省：明體字編排    地方：黑體明體字編排    市：斜體明體字編排 【註3】 原名「紐芬蘭」省，2001年起正式改為「紐芬蘭暨拉布拉多」省,其他
23436,2010-01-01,23436_A01,類目注釋用詞『閱讀治療法、書目治療法』與主題詞用詞『書目療法、閱讀治療』四詞間涵義是否相同或有區別？,類目注釋用詞『閱讀治療法、書目治療法』與主題詞用詞『書目療法、閱讀治療』四詞間涵義是否相同或有區別？請討論。 【分類法】 418.98 心靈療法 .989 其他 閱讀治療法、書目治療法入此 【主題詞】 10畫 書目療法 418.989 15畫 閱讀治療 418.989,主題法
23436,2010-01-01,23436_A02,若四詞間有區別，其區別之處為何？,有關『閱讀治療』『書目療法』等詞之異同及其用法，簡述如下：閱讀治療（或閱讀治療法）與書目療法（或書目治療法）兩者均是採閱讀方式來解除精神、情緒失控等社會適應不良病患之治療法。二者主要差異是，前者以有閱讀障礙者為治療的對象，對象範圍較窄；後者則以一般人的情緒低潮、失落或困擾為治療對象，對象範圍較廣。自治療過程來看，它們均包括『挑選書目、書目組織、撰寫提要、閱讀素材』等環節。凡以閱讀障礙者為對象而進行之心靈療法文獻，用主題詞『閱讀治療』標引；凡以一般人或兼包括一般人與閱讀障礙者為對象之心靈療法文獻，以主題詞『書目療法』標引。兩者均屬心靈療法之一，參考類號均為《中文圖書分類法》（2007年版）『418.989』。,主題法
23437,2010-01-01,23437_A01,杜拜、阿布達比等地的文獻應如何分類？,為求達到類聚和區分的功能，擬於《中文圖書分類法》『735.94 阿拉伯聯合大公國』類下增加子目如下，以備應用：735.947 達各公國※ 735.9471 阿布達比Abu Dhabi※※ 735.9472 杜拜Dubai 735.9473 沙迦Sharjah 735.9474 阿治曼Ajmana 735.9475 烏姆蓋萬Umm Alqaiwin 735.9476 富加拉Fujarah 735.9477 哈伊馬角Ras Al ─,編目法
23437,2010-01-01,23437_A02,分類時有哪些規則與注意事項？,※本類目僅作為分類表領屬下位類之用，基本上不作分書用 ※※述及單一公國入該國，述及兩公國入前一國，述及三公國以上入735.94,其他
23438,2010-01-01,23438_A01,社會工作、社會福利、社會救濟、社會病理等類目之涵意及範圍為何？,社會福利：廣義社會福利包括直接社會工作和間接社會工作二者，狹義社會福利僅指前者而言。社會工作：又稱社會事業。廣義社會工作分直接社會工作和間接社會工作二者，狹義社會工作即指直接社會工作而言。社會救濟：社會福利及社會工作之起源，現已改稱社會救助。社會病理：社會學舊理論，以病理角度面對各種社會問題，剖析其社會病因，並解釋社會行為。包括自殺、詐騙、吸毒、賭博、酗酒、犯罪及刑事案件等。,其他
23438,2010-01-01,23438_A02,實際使用時應如何區別社會工作、社會福利、社會救濟、社會病理等類目？,有關總論社會工作（或社會福利）之文獻，入《中文圖書分類法》類號「547」；有關各種社會福利設施方式之文獻，入類號「547.11-18」；有關各種社會福利工作之文獻，入類號「547.51-56」。類號「547.1」及「547.5」基本上不用來標引文獻。有關總論社會救助（或社會救濟）之文獻，入類號「548」；有關社會救助各論之文獻（例如兒童救濟、婦女救濟等），依主題別入類號「548.1-3」；有關總論社會病理之文獻，入類號「548.01」。,其他
23439,2010-01-01,23439_A01,臨終關懷（臨終處理）實際標引時應如何使用？,總論入419.825；各宗教臨終關懷各入其類，例如佛教臨終關懷入224.15、225.87，基督教臨終關懷入244.56。,權威控制
23439,2010-01-01,23439_A02,殯葬業實際標引時應如何使用？,總論入489.66，專論入489.66（殯葬禮儀業）及489.67（殯葬設施業）。,權威控制
23439,2010-01-01,23439_A03,殯葬禮儀實際標引時應如何使用？,總論入538.6，各國殯葬禮儀入538.68，各民族殯葬禮儀入538.69 ※本類以不成文的風俗習慣為主；成文的殯葬禮儀，中國入532.2，各國入532.9。,權威控制
23439,2010-01-01,23439_A04,葬法實際標引時應如何使用？,入538.64，包括土葬、火葬、水葬、天葬等 ※不細分宗教、地區及民族不同的葬法，均分入本類。,其他
23440,2010-01-01,23440_A01,有關吉金、石刻等修復文獻，應採集中方式分入‘古物修復及保存’（790.72）類，或採分散方式依主題別分入相應各類？,建議採分散方式依主題別分入相應各類，即總論文物之修復者入 790.72；專論文物之修復者各各類。另為求標引各種文物之修復，針對類號‘792-795’擬調整如下：792 甲骨 .9 整治；拓法；修復；793 金屬器物 .9 整治；拓法；修復；794 石 .9 整治；拓法；修復；795 古書畫；古文書 .9 修復,編目法
23441,2010-01-01,23441_A01,類目『795.7 古繪畫』所包括的內容為何？,795.7 古繪畫包括原始岩畫、原始地畫、帛畫、漆畫、壁畫、畫像石、畫像磚等。總論入此；專論石畫入794.61，磚畫入796.4，壁畫入945.7,其他
23441,2010-01-01,23441_A02,類目『795.7 古繪畫』與相關類目應如何區別？,附錄【古書畫】包括原始岩畫、原始地畫、帛畫（繒畫）、漆畫、壁畫（繪刻於墓室、寺廟、祠堂、石窟、宮殿、衙署等牆壁上）、畫像石（以刻劃線條方式來表現圖像，是秦漢時期的一種建築裝飾石材）、畫像磚（以刻劃線條或模印方式來表現圖像，是秦漢時期的一種建築裝飾構件）等。,其他
23442,2010-01-01,23442_A01,海岸巡防及行政院海岸巡防署文獻應分入何類目？,將『海岸巡防』及『行政院海岸巡防署』相關文獻分入類目『599.41 海岸巡防』，同時並針對《中文分類法》相關類目注釋調整如下：575.8 警政；保安 保安警察（類表誤為『保甲』）入599.31；海岸巡防入599.41,其他
23443,2010-01-01,23443_A01,「食品工業機械」文獻分類的調整方式為何？,擬依照本館內部原訂有相關類目增補入《中文圖書分類法》『463 食品化學工業；營養化學工業』類下，同時並針對該類目調整如下表所示：463 食品工業(調整) ← (原：食品化學工業；營養化學工業),其他
23443,2010-01-01,23443_A02,「食品工業機械」文獻分類新增了哪些子類？,新增子類包括：.14 食品工業機械與設備、.18 食品加工廠、.19 食品工業副產品,其他
23444,2010-01-01,23444_A01,日本民社黨分入《中文圖書分類法》類目「576.318 （日本政黨）其他」時，是否須進一步依機關名稱號碼排列？,為求彙集同一團體之研究文獻起見，應進一步依機關名稱號碼排列。,其他
23444,2010-01-01,23444_A02,日本民社黨分入《中文圖書分類法》類目「576.318 （日本政黨）其他」時，是否須進一步依政黨複分表複分？,其次，還應進一步依「政黨複分表」複分之。【註】某類目同時適用專類複分表和通用複分表時，宜先適用專類複分表，只有專類複分表不通用時，才例外適用通用複分表。例如本（政黨）類，即宜優先適用政黨複分表，而不適用機關出版品排列表。有關政黨複分號之標引法，圖解如下：(1)有專號之政黨類目：將【政黨複分號】添加於分類號之後。例如有關自民黨之組織，應先分入自由民主黨之類號576.315，然後於該類之後添加政黨複分號（4），經組配程序即標引為576.3154。(2)無專號之政黨類目：將【政黨複分號】添加於同類書區分號（即書號，此際應為政黨名稱號）之後，並加圓括號以標識之。例如有關民社黨之歷史，應先分入日本其他政黨之類號576.318，再依民社黨號碼（7534）排，然後於民社黨號碼後添加政黨複分號（1），經組配程序即標引為576.318 7534（1）,其他
23445,2010-01-01,23445_A01,社會思想史（509）類別包含哪些內容？,社會思想史（509）包含合法性危機、社會哲學史、社會學史。其中中國社會思想史、中國社會哲學史宜入509。,其他
23445,2010-01-01,23445_A02,各國社會哲學史（540.29）類別包含哪些內容？,各國社會哲學史（540.29）包含社會學史、社會思想史。其中中國社會哲學史宜入509。,其他
23446,2010-01-01,23446_A01,有關行政院各部會應如何分類？,可依《中文分類法》類目整理製表，例如內政部建議類號為573.561，外交部為578.822，財政部為564.133，教育部為526.32，國防部為591.22，經濟部為553.333，僑務委員會為577.21等，並提供交替類號及備註說明。,其他
23446,2010-01-01,23446_A02,是否可整理成表以便參考利用？,可整理成表，如提供的表格所示，包含機關名稱、建議類號、交替類號※及備註欄位，供實際分類時參考應用。,其他
23447,2010-01-01,23447_A01,《成語遊戲王》乙書應分入《中文圖書分類法》哪個類目？,《成語遊戲王》乙書應分入《中文圖書分類法》『997.4 謎語；文藝遊戲』。另外，有關『997.4 謎語；文藝遊戲』及『997.7 填字遊戲；字謎』兩類目同時配合調整如下：【訂正前】 997.4 謎語；文藝遊戲 燈謎（文虎、燈虎）、字謎、成語接龍等入此 997.7 填字遊戲；字謎 【訂正後】 997.4 謎語；文藝遊戲 燈謎（文虎、燈虎）、字謎、成語接龍等入此 997.7 填字遊戲,其他
23448,2010-01-01,23448_A01,有關中國各省區選舉及選舉法規應分入《中文圖書分類法》何類目？,有關中國各省區選舉及選舉法規，應分入《中文圖書分類法》『573.9 職方；省制』類，然後再依中國省區複分表及省政複分表分。另外，有關『573.3 選舉』及『573.9 職方；省制』兩類目同時配合調整如下：【訂正前】573.3 選舉 得仿572.3分 科舉入573.441 573.9 職方；省制 依中國省區表複分，再依省政複分表複分 省政複分表 3 選舉 【訂正後】573.3 選舉 得仿572.3分 科舉入573.441；各省區選舉制度及法規入573.9 573.9 職方；省制 依中國省區表複分，再依省政複分表複分 省政複分表 3 選舉 包括選舉制度及法規，例如香港選舉概述入573.9383 澳門選舉法規入573.9393。,分類法
23449,2010-01-01,23449_A01,建築相關文獻可分別分入《中文圖書分類法》建築工程(441)、建築藝術(920)、各地名勝古蹟(670;684)等類，三者應如何區分？,有關建築相關文獻其內容涉及工程技術、藝術及名勝古蹟等分面，分類標引時，可依下列圖解劃分原則標引之。技術：建築工程（工程設計、施工、防火、防震、防蟲工程）建築藝術：建築史、社會與文化、建築考古※、古建藝術（規劃修繕、重建、維護保存）名勝古蹟：旅遊指南、景點介紹 ─ ※有關宗教建築遺址之考古，分入文物考古類（797.87）,主題法
23450,2010-01-01,23450_A01,有關各地市政計畫應分入市政類（575.1），抑或分入各國地方制度相應類目（575.2-.7）之下？,各地市政白皮書入575.2-.7；市政計畫分入575.1，各國縣（市）政實施及現況依國別分入575.2-.7。為增進編目效能，擬調整《中文圖書分類法》：575.11 市政計畫，各地市政白皮書入575.2-.7，575.2-.7 各國地方制度。,其他
23451,2010-01-01,23451_A01,《中文圖書分類法》中無適當類目可資利用時，應如何處理雅石或觀賞石之蒐集、鑒藏分類？,有關雅石或觀賞石之蒐集、鑒藏，可利用子目新增法於《中文圖書分類法》『999.2 各種蒐集』類下新增『999.21 雅石』類，同時並新增注釋文字如下： 999.2 各種蒐集 .21 雅石 同：奇石、珍石、案石、觀賞石 參見473石材工藝；794石（刻）；794.61石畫；934石雕；971.8盆景（盆石）,編目法
23452,2010-01-01,23452_A01,新增葫蘆器（匏器）類目，俾便標引該類民間工藝相關文獻,有關葫蘆器（匏器）文獻，擬分入《中文圖書分類法》『969.9（民間工藝美術）其他』即可，不另設類。另外，類號『969.9 其他』配合調整如下：969 民間工藝美術 .9 其他 風箏、毽子、陀螺、葫蘆器（匏器）等民間技藝工藝品 入此,其他
23453,2010-01-01,23453_A01,有關中醫史如分入類號413.09，則與該類類名不符，是否針對該類加以調整,有關中醫史擬悉數分入《中文圖書分類法》「410.92」類，俾避免中國醫史文獻分散兩處。,其他
23453,2010-01-01,23453_A02,有關中醫史如分入類號413.09，則與該類類名不符，是否有其他適宜類目可資利用,有關《中文圖書分類法》醫學類（410）及中醫學類（413）擬配合調整如下：【調整後】410.92 中國醫學史 中醫史入此。992 中國醫學傳記 413 中國醫學 中醫史入410.92 413.09 中國少數民族醫學；各國中醫 蒙古、西藏、新疆等地醫學史入410.9相關類號 [.099] 中國醫家 宜入410.992,其他
23454,2010-01-01,23454_A01,有關道教個人傳記，《中文圖書分類法》類號‘239’無恰當類目可資利用，且分入類號‘239’會與神仙傳及道教總傳相混，應如何解決？,有關道教個人傳記（別傳），決議分入類目「239.7 道士；道姑」。有關道教傳記類之注釋文字，同時配合調整如下： 239 道教傳記 道教（道士及道姑）總傳、神仙傳入此，各代總傳依中國時代表分 道教（道士及道姑）別傳入239.7 239.7 道士；道姑 別傳入此，依中國時代表分；總傳入239,其他
23455,2010-01-01,23455_A01,日本詩歌史應分入日本文學史（861.9）類下再依各國文學複分表（861.91）複分，還是分入日本詩歌（861.51）類下再依歷史（09）複分？,有關日本詩歌史，依文獻分類原則及本館先前分類實務，以分入日本文學史（861.9）類再依各國文學複分表複分（861.91）為宜。,其他
23455,2010-01-01,23455_A02,調整後的日本文學史類別有何變動？,調整前：861.9 日本文學史；日本文學思想史 .依日本時代表複分 （原為依日本分區表複分）；調整後：861.019 日本文學思想史※ 861.9 日本文學史 .901-.907依日本時代表複分 .91-.99依各國文學複分表複分；日本文學思想史入861.019 － ※依據總論複分表『019 思想史』編制，另可參閱『820.19 中國文學思想史』編制例,其他
23456,2010-01-01,23456_A01,《中文圖書分類法》未有適當類目可資利用時，應如何處理非政府組織及非營利組織相關文獻？,有關非政府組織之論述，分入管理科學類（494）；有關非政府組織之機構，則依其主題別各入其類。依據本原則，上述《非政府組織問責》乙書可分入類號『494』。,其他
23457,2010-01-01,23457_A01,有關醫療倫理學，應分入《中文圖書分類法》醫學類抑或倫理學類？,依文獻分類原則，有關交叉學科以分入詞組居前者為主，例如醫學社會學入醫學類，商業地理入商業類，教育心理學入教育類，藝術解剖學入藝術類等。故依前開原則，建議有關醫學倫理學以分入醫學類為宜。同時，醫學倫理學相關類目調整如下：【調整前】197.1生命醫學倫理學醫療倫理入198.41；護理倫理入419.61619參見410.1619醫學倫理學198.41醫療倫理醫學守則、醫病關係、照護倫理入此參見197.1生命醫學倫理學；410.1619醫學倫理學410.1619醫學倫理學醫生道德、安樂死入此護理倫理入419.61619【調整後】197.1生命醫學倫理學醫學倫理學入410.1619；護理倫理入419.61619參見410.1619醫學倫理學[198.41]醫學倫理學宜入410.1619410.1619醫學倫理學醫生道德、醫學守則、醫病關係入此護理倫理、照護倫理入419.61619；安樂死入197.12參見197.1生命醫學倫理學419.61619護理倫理照護倫理入此,編目法
23458,2010-01-01,23458_A01,有關專科文獻學、專科史料學、專科目錄學、專科翻譯學等文獻，《中文圖書分類法》應如何利用總論複分以展開子目，俾達到標引文獻之要求？,有關專科文獻學、專科史料學、專科目錄學、專科翻譯學等，決議擬於《中文圖書分類法》總論複分『01 哲學與理論』號碼下加註注釋文字如下： 01 哲學與理論 方法論、專科文獻學（專科史料學、專科目錄學、專科翻譯學等）入此,分類法
23459,2010-01-01,23459_A01,《恣意為飾：DIY時尚飾品配件書》應如何分類標引更恰當？,經與會討論結果，不如分入家庭手藝類之其他（426.9）。,其他
23459,2010-01-01,23459_A02,《中文圖書分類法》「426 家庭手藝」相關類名及註釋有何調整？,【調整前】426 家庭手藝 .7 衣料手工藝品 .77 裝飾品 .9 其他 966 織品服飾工藝美術 【調整後】426 家庭手藝 .7 布料手工藝品 拼布入此 衣服設計、製作入423；織品服飾工藝美術入966 .77 裝飾品 非布料裝飾品入426.9 .9 其他 裝飾品、串珠入此 966 織品服飾工藝美術 拼布入426.7,其他
23460,2010-01-01,23460_A01,《中文圖書分類法》中「社會學研究法（540.1）」總論部分是否應歸入該類？,有關總論「社會學研究法」者，分入「540.1 社會學研究法」,編目法
23460,2010-01-01,23460_A02,《中文圖書分類法》中「社會科學研究法（501.2）」是否應歸入個別研究法？,有關論述個別研究法者，例如個案法、觀察法、抽樣調查法等，宜儘量分入「501.2 社會科學研究法」相關各類,編目法
23461,2010-01-01,23461_A01,有關倉鼠之飼養，應分入《中文圖書分類法》動物學類，抑或分入農業類下之畜牧類？,農業類（包括農、林、漁、牧等）與動（植）物學類之分別，主要在於農業類係探討有關動（植）物之飼養（養殖）及栽培之學術；如所探討的是有關動（植）物飼養、栽培以外之論題者，則分入動（植）物學類。依據前述原則，故有關倉鼠之飼養，宜分入《中文圖書分類法》畜牧類。同時，為求日後標引作業方便起見，擬調整相關類目如下： 437.3 家畜 .39 其他,其他
23462,2010-01-01,23462_A01,有關中國大陸與聯合國之關係（史），應如何分類？,有關外交與外交史之分別，《中文圖書分類法》「578.2 中華民國外交」類下注釋意謂：「外交」以政策或方案之決定為主，「外交史」以記載事實之經過始末為主。覈按待標引文獻：《1945-2005中國與聯合國：紀念聯合國成立六十周年》乙書之內容，係從歷史觀點敘述中國與聯合國間六十年之關係史，故依分類原則，以分入外交史類為宜。綜前所述，應將《1945-2005中國與聯合國》乙書分入《中文圖書分類法》「648.3 中國與聯合國」。,編目政策與管理
23463,2010-01-01,23463_A01,有關天主教教會、教堂這類文獻，應分入《中文圖書分類法》何類目？,有關天主教教會、教堂這類文獻，本館決定分入《中文圖書分類法》類目『246.2 天主教』。易言之，分入『246.2 天主教』類之文獻，共有三種：其一、有關天主教概況之文獻；其二、有關天主教史之文獻；其三、有關天主教教會、教堂概況（及其史）之文獻。至於類目『247.1 教會學』，則收錄有關論述教會之文獻，具體探討某地教會概況或某個教會概況之文獻，則各入其類。,其他
23464,2010-01-01,23464_A01,《中文圖書分類法》中「366.98 海洋生物志」與「366.981 海邊生物」及「366.985 海底生物；深海生物」出現衝號，應如何解決？,覈按《中文圖書分類法》係根據《中國圖書分類法》為藍本修訂，因《中文分類法》所修訂類號有衝號之虞，應調整類目。本次調整係參考「366 生物分布；生物地理學」先地區分布、後生態分布之原則，將「366.98 海洋生物志」調整為：366.98 海洋生物志 仿721-728分 .989 生態分布 .9891 海邊生物 .9893 海底生物 .9895 深海生物,其他
23464,2010-01-01,23464_A02,為何「366.981 海邊生物」及「366.985 海底生物；深海生物」會與「366.98 海洋生物志」出現衝號？,《中圖法》未有「366.981 海邊生物」及「366.985 海底生物；深海生物」類目，係《中文圖書分類法》修訂時新增之類目。本次調整係「復其原貌」，因原《中圖法》未設此類目，故需調整類序以避免衝號,其他
23465,2010-01-01,23465_A01,后妃别传（分入别传、后妃总传、妇女总传、中国史）应如何分类？,有关后妃之别传，除汉吕后（622.12）、北魏冯太后（623.61）、唐武后（624.13）、清慈禧太后（627.81）4人传记，分入中国相应之朝代外，其余之后妃别传，均分入中国各代传记再依时代分，勿分入后妃传。兹依前述原则，将上例《说孝庄》（纪连海著）乙书，分入清代传记（782.872）。另外，有关后妃总传，分类表并未编有相关类目，建议分入妇女总传（782.22）。,其他
23465,2010-01-01,23465_A02,女性作家传（分入妇女总传、文苑传）应如何分类？,对于既涉及性别又涉及学科之传记，例如上例《落花人独立：历代才女的爱恨情愁》（水色翡翠著）乙书，内容对象既涉及妇女，又涉及文学家，分类时应以学科为优先考量原则，分入文学传记。兹依前述原则，将《落花人独立》乙书之分入文苑传（782.24）。,編目法
23466,2010-01-01,23466_A01,有關醬料文獻，應分入何類？,有關醬料文獻，分入《中文圖書分類法》（2007年版）類目『427.61 調味品；香料』即可，無須另立新類目，惟應於前述類下加註注釋文字：『醬料入此』如下： 【修訂前】 427.61 調味品；香料 【修訂後】 427.61 調味品；香料 醬料入此 參見463.4 調味劑※醬料王：一次給你100道醬料 駱進漢著 臺北縣新店市 源樺出版事業公司 2009.07,主題法
23467,2010-01-01,23467_A01,有關博物館藏品修復古文獻，應分入《中文圖書分類法》（2007年修訂版）哪個類別？,有關博物館藏品修復相關文獻，依內容主題及性質別分入《中文圖書分類法》（2007年修訂版）博物館學（069）、文物考古（790）、藝術類等3類。茲將前述3類之劃分原則，整理如下：論各種文物之修復…分入文物考古類；總論論某館各種藏品之修復…分入博物館學類；文物修復論某種文物之修復…依文物類別分入相應類目；專論論某館某種藏品之修復…依文物類別分入相應類目。,編目法
23468,2010-01-01,23468_A01,《中文圖書分類法》（2007年版）特殊教育類未設「點字術」「讀唇術」等類目，應如何解決分類標引困擾？,為解決「點字術」「讀唇術」等無類可歸之困境，擬於「529.6 特殊教育各論」類下新增注釋文字「仿529.51-.57及529.59分」，並修正後的分類結構為：529.6 特殊教育各論 各特殊教育機構名錄入529.58 以下各類均仿529.51-.57及529.59分 .65 視覺障礙教育 .655 教學法 點字術入此 .67 聽覺障礙教育 .675 教學法 讀唇術入此,其他
23469,2010-01-01,23469_A01,有關海洋工程這類文獻，《中文圖書分類法》並無相關類目可資利用，應如何加以解決？,照說海洋工程應屬工程學領域，惟《中文圖書分類法》（2007年版）工程學類下子目已呈飽和狀態，新增類目較困難。故擬仿電腦科學、太空科學、生物技術之成例，於海洋學（351.9）類下調整之。具體作法：其一、將類目『351.99 特殊類型鹽水體』之號碼調至『351.989』（因本館該類藏書僅有二種，調整較易），然後將該類號給予新類目海洋工程。其二、針對海洋工程相關類目如水利工程，調整其注釋文字如下：【修訂前】 351.99 特殊類型鹽水體 內陸海、鹹水湖、河口灣入此 443 水利工程各國農田水利入432.579【修訂後】 351.989 特殊類型鹽水體 內陸海、鹹水湖、河口灣入此 .99 海洋工程 443 水利工程各國農田水利入432.579；海洋工程入351.99,其他
23470,2010-01-01,23470_A01,著作權法規是否應按目前通例歸入經濟法規類？,依本館前此編目內部規範相關規定，凡綜述智慧財產權法規者分入經濟法規類（553.4），凡專論著作權法規者分入著作權保護類（588.34）。,編目法
23471,2010-01-01,23471_A01,考試複習法、課業學習法一類文獻，應分入《中文圖書分類法》何類目？,有關考試複習法、課業學習法一類文獻，可分入《中文圖書分類法》『529.98 考試指南』類。另外，為求便於日後分類作業起見，針對該類調整內容如下：【中文圖書分類法 調整前】529.98 各種考試指南 以學校複習、考試及升學指南用書(包括升學或考試準備法)為限 擬集中一處者得用此，惟以分入各級教育或相關各類為宜 國家考試、就業考試、資格考試、檢覈、檢定等，依主題分入相關各類。【中文圖書分類法 調整後】529.98 各種考試指南 以學校複習、考試及升學指南用書(包括升學或考試準備法)為限 擬集中一處者得用此，惟以分入各級教育或相關各類為宜 考試複習法、考試準備法、課業學習法等亦入此。國家考試、就業考試、資格考試、檢覈、檢定等，依主題分入相關各類。,編目法
23472,2010-01-01,23472_A01,有關《中文圖書分類法》（2007年版）慢性病防治（412.59）類下注釋『菸害防治入此』是否適宜？,有關菸害防治分入《中文圖書分類法》慢性病防治（412.59）類是否適當問題，宜先從慢性病之意義與範圍加以檢視，對問題之解決當有助益。所謂慢性病，係指慢性非傳染性疾病之總稱，包括高血壓、糖尿病、肥胖症、心腦血管疾病、惡性腫瘤、帕金森病、慢性氣管炎、矽肺、結核病、遺傳性疾病等。從前述範圍來看，似不包括菸害在內。故根據前述定義，擬針對《中文圖書分類法》慢性病防治（412.59）類調整內容如下，俾更方便編目人員分類標引。 【調整前】 411.84 吸菸 論吸菸與健康者入此 吸菸風俗入538.75 412.59 慢性病防治 菸害防治入此 【調整後】 411.84 吸菸 論吸菸與健康、菸害防治入此 吸菸風俗入538.75 412.59 慢性病防治 菸害防治入此,其他
23473,2010-01-01,23473_A01,有關《中文圖書分類法》（2007年版）「煙癮與戒煙」類及其注釋（548.81）中之「煙癮」、「戒煙」、「禁煙」等詞，其中「煙」字究竟指鴉片還是菸草？,1. 檢閱《中文圖書分類法》前身劉國鈞《中國圖書分類法》及賴永祥《中國圖 書分類法》等書，得知有關 「煙癮與戒煙」類及其注釋（548.81）中之「煙癮」、「戒煙」、「禁煙」等之「煙」，均指菸草及其相關產品而言，並非指的是鴉片。 2. 前此，本組針對「煙」、「菸」、「烟」三字及其組詞業有統一的作法。茲依該作法統一用字如下，俾作為日後分類法修訂之參考：凡與菸草相關之詞，例如菸草、香菸、戒菸等使用「菸」字；凡與毒品、鴉片等相關之詞，例如「煙毒」、「禁煙運動」等，使用「煙」字。希望從統一「煙」、「菸」兩字用法當中，以釐清兩種不同的啫好品。茲根據前述，針對《中文圖書分類法》有關類目調整如下： 【調整前】 548.8 其他社會病態 各種頹廢迷亂的社會狀況 .81 煙癮與戒煙Tobacco habit 禁煙運動入此 依世界區域及分國表複分 .82 吸毒與反毒 生產、禁毒等均入此 依世界區域及分國表複分 鴉片罪入585.38；鴉片戰爭入627.65 【調整後】 548.8 其他社會病態 各種頹廢迷亂的社會狀況 .81 菸癮與戒菸Tobacco habit 禁煙運動入此 依世界區域及分國表複分 .82 鴉片及毒品Opium and drug addiction 生產、禁毒等均入此 禁煙運動、吸毒與反毒入此 依世界區域及分國表複分 鴉片罪入585.38；鴉片戰爭入627.65,主題法
23474,2010-01-01,23474_A01,詩文名句應歸入何類？,詩文名句入830.99,其他
23474,2010-01-01,23474_A02,詩詞名句應歸入何類？,詩詞名句、詩詞曲名句入831.999,其他
23475,2010-01-01,23475_A01,《中文圖書分類法》（2007年版）地文生物學（366.8）類調整內容為何？,《中文圖書分類法》（2007年版）地文生物學（366.8）調整如下：【修訂前】366.8 地文生物學 .83 平原生物 .9 水文生物學 .952 河川生物 .96 半鹹水生物；鹹水生物 .98 海洋生物志 仿721-728分 太平洋生物志入366.981；南中國海生物志入366.9826；海洋生物生態學入367.835 .9891 海邊生物 【修訂後】366.8 地文生物學 植被地區入此 .83 平原生物 耕種區、海岸、三角洲生物入此 河口生物入366.952 .9 水文生物學 浮游生物入此 水生植物群界入374.4 .952 河川生物 河口生物入此 .954 沼澤生物；濕地生物 .96 半鹹水生物 .98 海洋生物 鹹水生物入此 仿721-728分，例如太平洋生物志入366.981；南中國海生物志入366.9826 .9891 海邊生物 海濱生物入此,其他
23475,2010-01-01,23475_A02,《中文圖書分類法》（2007年版）水文生物學（366.9）類調整內容為何？,《中文圖書分類法》（2007年版）水文生物學（366.9）調整如下：【修訂前】366.8 地文生物學 .83 平原生物 .9 水文生物學 .952 河川生物 .96 半鹹水生物；鹹水生物 .98 海洋生物志 仿721-728分 太平洋生物志入366.981；南中國海生物志入366.9826；海洋生物生態學入367.835 .9891 海邊生物 【修訂後】366.8 地文生物學 植被地區入此 .83 平原生物 耕種區、海岸、三角洲生物入此 河口生物入366.952 .9 水文生物學 浮游生物入此 水生植物群界入374.4 .952 河川生物 河口生物入此 .954 沼澤生物；濕地生物 .96 半鹹水生物 .98 海洋生物 鹹水生物入此 仿721-728分，例如太平洋生物志入366.981；南中國海生物志入366.9826 .9891 海邊生物 海濱生物入此,其他
23476,2010-01-01,23476_A01,《中文圖書分類法》手語（801.94）調整後的分類號為何？,【修訂後】529.675,作者號及輔助區分號
23476,2010-01-01,23476_A02,《中文圖書分類法》讀唇術（801.95）調整後的分類號為何？,【修訂後】529.675,作者號及輔助區分號
23476,2010-01-01,23476_A03,《中文圖書分類法》點字盲字（801.96）調整後的分類號為何？,【修訂後】529.655,作者號及輔助區分號
23477,2010-01-01,23477_A01,修訂《中文圖書分類法》（2007年版）汽車業（484.3）類時，參考了哪個版本的分類法？,參考了《中國圖書分類法》（增訂7版）汽車販賣業（484.3）類。,分類法
23477,2010-01-01,23477_A02,修訂前後《中文圖書分類法》（2007年版）汽車業（484.3）類的內容有何調整？,修訂前為484.3 汽車業 .35 其他；修訂後為484.3 汽車業 .35 車輛零組件業 .39 其他。,其他
23478,2010-01-01,23478_A01,《中文圖書分類法》（2007年版）『639.3 蒙古族』的訂正內容為何？,茲針對《中文圖書分類法》（2007年版）『639.3 蒙古族』訂正如下： 【修訂前】 639.3 蒙古族 唐時名曰蒙兀，宋時合不勒建蒙古國，始號其族曰蒙古。嗣改國號元，滅金與宋，統一中國 必要時可依中國時代表複分 參見625.7元；730.236蒙古達靼帝國；730.25汗國之盛衰；737.05蒙兀兒帝國；734.9蒙古人民共和國 【修訂後】 639.3 蒙古族 唐時名曰蒙兀，宋時合不勒建蒙古國，始號其族曰蒙古。嗣改國號元，滅金與宋，統一中國 必要時可依中國時代表複分 參見625.7元；730.24蒙古、達靼諸帝國；730.25汗國之盛衰；737.05蒙兀兒帝國；734.9蒙古人民共和國,編目法
23479,2010-01-01,23479_A01,音樂中以某種演奏法表演某民族的曲風，分類時應依演奏法抑或依民族風格為首要考慮要素來標引？,音樂中以某種演奏法表演某民族的曲風，應依演奏法為分類首要考慮之要素，分入該演奏法相應之類目。茲將音樂中同時具有演奏（唱）法及民族二元素之分類，整理如下表： ‧聲樂 + 民族 … … 依民族音樂分 ‧器樂 + 民族 … … 依樂器分 ‧聲樂 + 器樂 + 民族 … … 依民族音樂分根據本決議，《元氣の一天 = Genki Hakka》 音樂盒室內樂集製作 行政院客家委員會贊助 臺中市 音樂盒國際文化事業公司 2009.09一書，應分入《中文圖書分類法》912.255,編目法
23480,2010-01-01,23480_A01,主題分析有那些步驟？,通常我們所說之“主題分析”，實即指“主題標引”而言，而將主題分析視為主題標引步驟之一。概括而言，主題標引主要步驟有六，即“複本查核 ─ 審讀文獻 ─ 主題分析（內容分析）─ 查表選詞 ─ 確定標識 ─ 審核校對”,主題法
23481,2010-01-01,23481_A01,《中國機讀編目格式》欄位6__ $2「主題系統代碼」，圖書館如採《中文主題詞表》為主題標引規範工具，則其代碼為何？,《中國機讀編目格式》欄位6__ $2「主題系統代碼」，如採《中文主題詞表》為主題標引規範工具，則其代碼為「cst」。,機讀編目格式
23481,2010-01-01,23481_A02,在《中國機讀編目格式》中，《中文主題詞表》與《中文圖書標題表》可否同時使用？,《中國機讀編目格式》欄位6__ $2，主題標引規範工具《中文主題詞表》與《中文圖書標題表》可同時存在（即產生兩個「欄位6__」），因二者的$2「主題系統代碼」並不相同，自可識別之。,主題法
23482,2010-01-01,23482_A01,一般複分標題裡的‘文集’和‘作品集’應如何區分？,在日用詞彙裡‘文集’和‘作品集’幾乎沒有區別，惟在《中文圖書標題表》這兩個複分標題詞是有區別的。這兩個標題詞之主要區別在於，前者指彙集許多單篇文章而成一書冊，後者則多指繪畫、書法、雕塑等創作。,編目法
23483,2010-01-01,23483_A01,《中文圖書標題表》是否會繼續修訂？續修訂時是否可新增描繪『人品』相關標題，例如『勤勞、勤奮、勇敢、堅強、堅持』等？,《中文圖書標題表》或《中文主題詞表》是否可考慮增補人品相關標題詞，端視文獻實際數量而定。一般而言，國內有關『勤勞、勤奮、勇敢、堅強、堅持』等探討，相對地較少，所以不宜驟然增補；惟如有相當數量之文獻，不妨仿LCSH加以新增。,主題法
23483,2010-01-01,23483_A02,《中文圖書標題表》若不擬修訂，是否考慮於《中文主題詞表》新增『人品』相關標題？,《中文圖書標題表》或《中文主題詞表》是否可考慮增補人品相關標題詞，端視文獻實際數量而定。一般而言，國內有關『勤勞、勤奮、勇敢、堅強、堅持』等探討，相對地較少，所以不宜驟然增補；惟如有相當數量之文獻，不妨仿LCSH加以新增。,主題法
23484,2010-01-01,23484_A01,《中文圖書標題表》是否也有如LCSH規定的地區複分規則？,一般而言，標題詞下若註明『依地區複分』字樣，才可依地區複分之；反之，如未註明，通常不進行複分。此觀乎LCSH及《中文圖書標題表》等標題規範工具，應可了然。,主題法
23484,2010-01-01,23484_A02,標題詞未註明『依地區複分』時，是否完全不能使用地區複分？如何區分不同地區之社會問題？,編目人員如遇此情況，仍可依實務加以增補之。依臺端所提有關『社會問題』此一標題詞，衡諸實務誠有增補注釋文字之必要。故可於該詞『社會問題』之下增補『依地區複分』注釋文字之字樣，俾提供各國（地）社會問題相關文獻標引之用。,其他
23485,2010-01-01,23485_A01,如何取得「模式標題及仿分標題」的資料？,非常抱歉，有關「模式標題及仿分標題」是隨其相關標題分散編集於《中文圖書標題表》一書正文內，故除非購得此書，否則未有其他途徑取得該項資料的（該資料也未曾置於網路上）。,編目法
23486,2010-01-01,23486_A01,是否應換用新版的《中文主題詞表》？,正如 臺端所言，新出之《中文主題詞表》並未有主題複分的作法（6__段 $x），而 貴館TOTALS II檢索系統又不具布林邏輯的功能，因此是否驟然由舊版的《中文圖書標題表》換用新出之《中文主題詞表》，須經縝密考慮、謹慎從事，以免造成不必要的損失和困擾。或許等 貴館換用新的檢索系統全部完成之後，再改用新主題詞表，也不算太遲啊！,其他
23487,2010-01-01,23487_A01,民國94年編訂之《中文主題詞表 2005年修訂版》和民國92年編印的《中文主題詞表 人文社會科學類》有什麼差異？,二者不同之處歸納為三：1 收詞範圍不同：《社科版》以人文及社會科學為範圍；《修訂版》除涵蓋人文及社會科學外，也收錄自然科及應用科學。2 編輯體質不同：《社科版》編例與使用說明較簡略；《修訂版》有更詳盡的編例與使用說明，且重視版面編排格式。3 校對方式不同：《社科版》以人工校對為主；《修訂版》採人工與電腦校對結合。,主題法
23487,2010-01-01,23487_A02,即內容上除收錄人文社會科學主題詞外，它還收錄了哪些學科的主題詞？,除人文及社會科學外，還收錄自然科及應用科學的名詞術語。,其他
23488,2010-01-01,23488_A01,《中文圖書標題表》『自由詞』中『各國文學』指的是什麼？,『各國文學』係指使用標題表的編目機構，可參考詞表所收『中國文學』標題詞之組詞方式（即以『國名 + 文學』方式），自行增補諸如『英國文學』『法國文學』『美國文學』『日本文學』『印度文學』等標題詞，以作為標引相關文獻之用。,其他
23488,2010-01-01,23488_A02,像《西遊記》這類文獻是否也是自由詞？請舉例說明。,《西遊記》《三國演義》《金瓶梅》《紅樓夢》等標題詞固然也是一種『自由詞』，但屬於『題名類型』之標題，與『各國文學』類型有別，不宜混為一談。,其他
23489,2010-01-01,23489_A01,根據《中文圖書標題表》「使用說明」的文字，哪些文獻是不必標引標題的？,文學作品是不必標引標題的。考其用意是該類型文獻，其標題與分類常常表現為平行反映的現象，因此為了節省編目人力與時間，此類型文獻通常不再標引標題。,其他
23490,2010-01-01,23490_A01,未收入《中文圖書標題表》內的標題詞，是否就是‘自由詞’？,對於未收入《中文圖書標題表》內的標題詞，是否都是‘自由詞’，答案應是否定的。即未收入《中文圖書標題表》內的標題詞，有可能是‘自由詞’，也有可能不是，端視未收錄的標題詞是否屬該書‘編例’‘第6.2條 自由詞’所提及的範圍而定。,主題法
23490,2010-01-01,23490_A02,請舉例說明未收入《中文圖書標題表》的標題詞是否為‘自由詞’？,例如檢閱《中文圖書標題表》時，如未查獲‘熊貓’、‘自由主義’、‘納西族’等標題詞，由於這些標題詞屬於‘編例’‘第6.2條 自由詞’所提及的自由詞範圍，因此它們是‘自由詞’。反之，如未查獲‘目標管理’、‘電子商務’、‘吐魯番學’等標題詞，由於它們不屬於‘編例’‘第6.2條 自由詞’所提及的範圍，因此它們就不是。,主題法
23491,2010-01-01,23491_A01,美國國會圖書館標引標題時，是否有個數的限制？,美國國會圖書館標題標引，並無標引個數之限制。唯個別圖書館，尤其規模較小之藏書機構，亦可規定標題標引之個數，以求簡化作業。,其他
23491,2010-01-01,23491_A02,是否依書籍內容或keyword來標引，還是有其他特殊規定？,標引標題自是應依圖書內容性質來標引，至於keyword只能作為標題標引之參考，必須以該詞為指引再經由查檢標題規範工具，選取適當之標題詞標引之。,主題法
23491,2010-01-01,23491_A03,分類號是否依據排列最前標題來標引？,在人工編目時代，分類號可按標題排列順序為標引之依據，即以排列在最前之標準，作為分類號標引之參考。唯機讀編目時代，由於標題類型的不同，例如人名標題、家族標題、機關團體標題、學科主題標題、地名標題等，分別設立不同之機讀欄位（600-607），標題順序通常以欄位序號為準排列，居最前之標題未必是某一文獻中心主題因素，故不可以此來標引分類號。,機讀編目格式
23492,2010-01-01,23492_A01,是否應將「技術革新」增入《人文社會科學主題詞表》？,建議於內部「編目工作手冊」或「編目工作細則」先行增補。,其他
23492,2010-01-01,23492_A02,是否應於未來出版之《科學技術主題詞表》收錄「技術革新」？,會轉告相關部門於修訂《科學技術主題詞表》時，考慮新增「技術革新」此主題詞。,其他
23493,2010-01-01,23493_A01,建議將「舞臺監督」新增入《中文圖書標題表》是否適當？,非常感激 臺端的建議，我們會考慮將「舞臺監督」此標題詞，增補入《中文圖書標題表》中。,其他
23493,2010-01-01,23493_A02,非專為舞臺監督者職責之劇場舞臺技術工作，應使用何種標題詞？,「舞臺 ─ 技術」此標題詞，其詞形形式不妨趁此機會，改為「舞臺技術」為妥。,其他
23494,2010-01-01,23494_A01,臺灣文學的小說作品，在標題詞語選用上可否採用『臺灣小說』，而不用『中國小說』？,依《中文圖書標題表》相關規定，凡文學作品不必標引標題。準此，有關『臺灣文學』『臺灣小說』等作品，自無標引標題之必要。唯各館在使用《標題表》之際，事前本可針對《標題表》加以調整；同時，各館亦可針對標引規則另予加以規定。換言之，《標題表》上之相關規定不盡要嚴格遵循，各館實可基於特別需求而加以變通或更改。設若貴館願意針對文學作品加以標引，建議貴館可在內部之『編目作業手冊』或『編目作業細則』詳予規定。唯為求進一步區別文學論述與文學作品之異同，宜在文學、藝術等相關標題詞下增加說明文字。其方式有二，即仿分標題方式和模式標題方式兩種，注以『可依作品、理論、概論等複分』之說明文字。如此，有關『臺灣小說』之論述與作品之區別，當可迎刃而解矣！茲將相關標題試標引如下：臺灣小說 ─ 作品、臺灣小說 ─ 理論、臺灣小說 ─ 概論,主題法
23495,2010-01-01,23495_A01,建議國家圖書館在《中文圖書標題表》新增標題詞「動畫」時，如何處理其注釋文字？,依據該詞之性質，以編寫注釋文字。例如該詞既可作主標題，也可作複分標題，作為主標題時，係指有關「動畫」此一概念的研究或論述；但作為複分標題時，則指藝術表達的一種體裁。其在編寫注釋文字時，是不同的。,主題法
23495,2010-01-01,23495_A02,建議國家圖書館在《中文圖書標題表》新增標題詞「動畫」時，如何處理其與相關詞（如「漫畫」、「卡通」等）的關係？,有關「動畫」一詞及其與相關詞間（例如「漫畫」、「卡通」等）之關係應如何，我們也會一併考慮之。,其他
23496,2010-01-01,23496_A01,《中國圖書分類法》類目857.7 中國現代長篇小說標題標引時，可否以『長篇小說（現代新體）』標引之？,答案應是肯定的，唯須進一步說明之。文學作品之所以不進行標引標題，一則是《中文圖書標題表》的規定，二則是臺灣地區圖書館約定俗成的習慣，但並不表示不能加以變更。假若，圖書館願意改變習慣做法，自然也可以對文學作品加以標引。前提是必須事先訂下標引規則，事後加以依循遵守即可。,其他
23496,2010-01-01,23496_A02,類目『855 中國現代散文』一般不標引標題，若需標引應如何標引？,茲以《中文圖書標題表》為例，欲對文學作品加以標引，必須先對其標引規定加以改變。改變之步驟歸納如下：（1）將文體名收錄為標題詞，依筆畫順序排入相應位置；必要時可同時增補如現代『、『作品集』等相關標題詞。（2）規定標題引用次序：以長篇小說和散文為例，其標題引用次序如下：『長篇小說 ─ 中國 ─ 現代 ─ 作品集』、『散文 ─ 中國 ─ 現代 ─ 作品集』。實際標引時應視文學作品所包含之因素，相應增減之。例如網路小說作品，標引時標引『網路小說』即可，不必再標引時代。（3）應以書面形式紀錄於《中文圖書標題表》有關標題詞之下，或各館文獻標引作業手冊中。,主題法
23497,2010-01-01,23497_A01,文獻標引或檢索時，檢索詞應如何標引或擷取？,一般來說，『關鍵詞』通常直接採用作者所用之語詞作標識，一般不加規範化處理，或只作少量規範化處理。以關鍵詞標引文獻，其優點是適於機器操作，標引速度快，標引量大，標引時差短。唯其缺點是語詞缺少規範，以致於對於同一對象、事物或問題，常因作者使用之語詞不同，因而『關鍵詞』也不同，不能發揮『類聚』的功能。,編目法
23497,2010-01-01,23497_A02,是否一定須依循標引規範工具加以標引？若不依循標引規範工具，豈不表明查詢時詞彙可不必須加以限制？,主題標引（包括標題詞、單元詞、敘述詞或索引典）通常必須依據一定之規範工具，譬如『標題詞表』『敘述詞表』（或主題詞表）等，才可進行標引工作；既使關鍵詞標引，有時也必須使用『停用詞表』。可以說『無標引詞表，即無標引工作』。,主題法
23497,2010-01-01,23497_A03,關鍵詞與主題詞異同何在？,關鍵詞直接取自文獻題名，詞彙未經控制及規範化處理。主題詞之詞彙通常經過規範控制（同義詞、限定詞、詞間關係），詞彙之選擇注意『拆詞又拆義』，並注重『概念組配』（與『字面組配』相對）。,主題法
23498,2010-01-01,23498_A01,有關文獻中的地區、時代和文獻形式等因素，標引時是否需要標引出來？,文獻中如有「地區、時代和文獻形式」等因素，應將其標引出來，以針對「主標題」作進一步限制，俾減少一個標題下所匯集的文獻量，並提高文獻的查準率。一般而論，有關文獻主題裡的「地區、時代和文獻形式等因素，大多數是文獻的「次要因素」，通常只能將這些因素標引為「複分標題」，不能標引為「主標題」。除此之外，還須注意下列兩點：是否合乎標題詞的「引用次序」，標題詞「引用次序」一般為「中心因素 ─ 通用因素 ─ 空間因素 ─ 時間因素 ─ 文獻形式因素」；是否合乎標題詞組配的句法和邏輯規則，例如「汽車」、「圖書館」、「博物館」等實體性的標題詞，即不能與文獻形式因素相組配。※附註：有時「地區因素」會是文獻的「主要因素」（即「中心因素」），例如有關歷史、地理、遊記等文獻，其主要因素即是以「地區」為主。這時，可將「地區因素」標引為「主標題」。,主題法
23499,2010-01-01,23499_A01,兩個標題詞在什麼情況之下可組配在一起，組成「主標題–複分標題」的形式？,兩個標題詞在下列情況之下可組配在一起，組成「主標題–複分標題」的形式： 標題主表已收之「二級標題」，例如「民法–總則」、「石油–開採」、「佛教–弘法」、「古器物–文字」等； 標題詞下已註明「依 xx 複分」的標題，例如標題詞「食譜」之下注明「依國分」等； 依「一般複分標題」複分之標題。,主題法
23500,2010-01-01,23500_A01,依照《中文圖書標題表》標引規則，標題詞串「社會主義–經濟」是否合於規範？,就早期的標題法標引規則而論，本來只允許標題的「方面」、「部分」以及「文獻類型」的複分，並不允許「特稱標題」的複分。唯這個規則已被敘詞法打破，它也允許「特稱名詞」形式的複分。因此，以本題為例，「社會主義–經濟」應是合於規範的標題詞組配。,主題法
23501,2010-01-01,23501_A01,文獻標引時主題與地區兩種引用次序的區分之理為何？,文獻主題有中心主題和次要主題兩方面。其中，次要主題又可細分為論旨（通用）、空間（地理）、時間（歷史）、形式（文獻編制）等因素。在實際標引時，文獻「主題」與「地區」兩因素的引用次序有兩種：（1）先地區後主題，即以「地區」為中心主題（即主標題），其形式為「地區因素 - 主題因素」，適用於有關某一地區全面、整體研究的文獻（如歷史、地理、方志、區域研究等）、以「地區」為中心因素或首要特徵的文獻（如名勝古跡、遊記、傳記等）、涉及兩地雙邊關係的文獻（如貿易關係、外交關係、文化交流等）。（2）先主題後地區，即以「地區」為次要主題（即複分標題），其形式為「主題因素 - 地區因素」，適用於除前述文獻之外的標題標引。,主題法
23502,2010-01-01,23502_A01,"subject其後之subdivision ，即""-""and""--""後之複分詞是否一定要選用？",subject之後數個subdivision是否要全部引用，應視各館編目政策而定，即可全部引用，也可部分引用。,其他
23502,2010-01-01,23502_A02,在LCSH上如查不到適用的subdivision，其複分標題應如何標引？,"途徑之一，當然是增補複分標題詞。但在增補之際，宜考慮是否值得增補。如換個角度即從標引作用來思考，其涵意就是指文獻是否""值得標引""？文獻是否""值得標引""的主要涵意有兩方面：首先，某一主題詞下匯聚的文獻量是否過多，必須進一步再加以細分，以提高其""專指性""（查准率）。其次，圖書館經營因素的考量，例如圖書館性質、目標與任務，收藏專業度及其規模，讀者人口知識結構及其需求等因素。假如，答案是肯定的，那麼透過充分討論後，並經一定步驟，增補複分標題詞，然後以之標引文獻；否則，即可省略之。",主題法
23502,2010-01-01,23502_A03,subject 之後如有二、三個適用之Subdivision，是否可否重複引用？,"首先，文獻標引時，subject 之後如有二、三個適用之Subdivision，一般情形是可以重複引用的，唯其""引用次序""須按規範工具書上的規定，一般為""中心主題 - 論旨因素 - 空間因素 - 時間因素 - 形式因素""，不宜隨便變換次序。其次，文獻標引時，必須考慮到標題詞是具有""概念""的性質。因此，其""引用次序""就必須符合""事物的現實原則""（即事物的邏輯性）。舉例來說， ""圖書館""、""博物館""、""汽車""、""兒童""等實體性標題詞，其後便不能以 ""文集""、""期刊""等複分標題詞來標引；但""圖書館學""、""博物館學""、""汽車工程""、""兒童學""等學科性標題詞就可以。因為，""文集""、""期刊""等複分標題詞，原是針對文獻編制形式而設的，因此，只適於學科性標題詞的標引。",其他
23503,2010-01-01,23503_A01,待編文獻內容主題為3個時，應如何標引？,假如文獻內容主題論述個數為3個，標引時應視標引規範工具（分類表及主題表，下同）是否有恰含此數個主題在內之類目（或主題詞，下同），如恰有與文獻主題相應之類目，則逕以該類目標引之。但如無相應之類目，建議依下列二方式處理之：其一、增補新類目；其二、如係分類標引問題，建議分入上位類，如係主題標引問題，建議就3個主題分別標引之。,其他
23503,2010-01-01,23503_A02,待編文獻內容主題為4個以上時，應如何標引？,假如文獻內容主題論述個數為4個以上，且標引時標引規範工具並相應之類目可資利用，建議增補新類號或新主題詞，以解決問題。,其他
23504,2010-01-01,23504_A01,在標題規範工具中何謂「USE」？,「USE」在標題表中表示「用」的意思，即參照詞「USE」之後的標題詞是使用的正式標題詞。,權威控制
23504,2010-01-01,23504_A02,在標題規範工具中何謂「UF」？,「UF」係「Use For」的縮寫，在標題表中表示「不用」的意思，即參照詞「UF」之後的標題詞是不使用的非正式標題詞。,其他
23505,2010-01-01,23505_A01,"《美國國會圖書館標題表》標題詞『Public relations』其《美國國會圖書館分類法》的參考類號是否有「HD59, HM263, HM1221」等數個？","《美國國會圖書館標題表》標題詞『Public relations』其《美國國會圖書館分類法》的參考類號就有「HD59, HM263, HM1221」等三個。",其他
23505,2010-01-01,23505_A02,《中文圖書標題表》標題詞『公共關係』其《中國圖書分類法》的參考類號是否只有「541.84」一個？,《中文圖書標題表》標題詞『公共關係』其《中國圖書分類法》的參考類號，則只有「541.84」一個。,主題法
23506,2010-01-01,23506_A01,「幼兒教育」與「學前教育」等主題詞的詞間關係如何調整？,改訂前：「幼兒教育」不用「幼稚教育」參見「學前教育」；「幼稚教育」用「幼兒教育」。改訂後：「幼兒教育」用「學前教育」；「幼稚教育」用「學前教育」。,主題法
23506,2010-01-01,23506_A02,「幼兒教育」與「學前教育」等主題詞的注釋文字如何調整？,改訂前：「學前教育」參見「幼兒教育」；「學前課程」參見「學前教育」。改訂後：「學前教育」不用「幼兒教育」；「學前課程」參見「學前教育」。,主題法
23507,2010-01-01,23507_A01,528.982 世界運動會 類名修正,配合《中文圖書分類法》『528.982 世界運動會』類目調整，新增下列三個主題詞，以備應用： 【五畫】 世界運動會 528.982 【十二畫】 殘障奧林匹克運動會 528.982 【二十二畫】 聽障奧林匹克運動會 528.982,其他
23508,2010-01-01,23508_A01,為何要保留「會議」而停用「會議實錄」？,《中文主題詞表》既收主題詞「會議」，又收主題詞 「會議實錄」，實際標引時常混淆不清難分難捨。茲為標引簡便起見，擬自即日起保留「會議」而停用「會議實錄」，俾避免標引時選詞的困擾。,權威控制
23509,2010-01-01,23509_A01,為何將「繼承」一詞改為「繼承法」？,為避免主題標引選詞困擾起見，《中文主題詞表》（2005年修訂版）原收錄之「繼承」（20畫，頁450）一詞，擬改為「繼承法」，以符實際法典編制，並便標引。遺產繼承DIY 陳坤涵編著 臺北市 書泉出版社 2009.12 5版 （生活法律DIY） ※584.53022繼承法／遺產之繼承 主題詞：繼承 → 繼承法,主題法
23510,2010-01-01,23510_A01,「飛行安全」及「航空安全」兩主題詞調整的內容為何？,修訂前 【九畫】 飛行安全 … … (p.205左) 【十畫】 航空安全 … … (p.236右) 修訂後 【九畫】 飛行安全 (p.205左) 不用 航空安全 【十畫】 航空安全 (p.236右) 用 飛行安全,其他
23510,2010-01-01,23510_A02,調整後「飛行安全」及「航空安全」兩主題詞的使用狀態如何？,「飛行安全」為正式主題詞，「航空安全」為非正式主題詞。本館有關兩主題詞之書目紀錄，前者共計75筆，後者共計3筆。,其他
23511,2010-01-01,23511_A01,「美語」及「英語」兩主題詞之詞間關係調整,茲為求文獻標引簡便起見，擬將《中文主題詞表》（2005修訂版）所收「美語」及「英語」兩主題詞之詞間關係調整如下：【修訂前】 【九畫】 美語 (p.195右) 英語 (p.198右)【 修訂後】 【九畫】 美語 (p.195右) 用 英語 英語 (p.198右) 不用 美語※自言自語 喬治高著 臺北市 九歌出版社 2008.07 （九歌文庫；918）※《美語錄》第三集，2002年02月初版題名《總而言之》 ※※作者本名高克毅,主題法
23512,2010-01-01,23512_A01,「分析數學」及「數學分析」等主題詞的訂正內容為何？,茲針對《中文主題詞表》（2005年修訂版）「分析數學」及「數學分析」等主題詞，訂正如下：【訂正前】 [4畫] 分析數學 頁43 左欄 不用 數學分析 [15畫] 數學分析 頁389 右欄【訂正後】 [4畫] 分析數學 頁43 左欄 不用 數學分析 [15畫] 數學分析 頁389 右欄 用 分析數學,主題法
23513,2010-01-01,23513_A01,主題詞新增之類型及其位置為何？,根據《中文主題詞表》9種附錄未收而新增之主題詞，增於詞表附錄中。凡新增之人名、家族名、機關團體名、地名等主題詞，增於詞表附錄中。根據其餘的自由詞，以及詞表注釋文字或詞表未收而新增之主題詞，增於詞表正文中。,主題法
23513,2010-01-01,23513_A02,新增主題詞時應注意哪些事項？,請參閱待編文獻或相關參考工具書，當下儘量就該詞之詞間關係一次增足。詞間關係包括同義關係（等同關係）、隸屬關係（等級關係）、相關關係3種。,主題法
23513,2010-01-01,23513_A03,詞間關係如何處理？,同義關係：主題詞（正式）不用，主題詞（非正式）用主題詞（正式）；隸屬關係：主題詞（廣義詞）狹，主題詞（狹義詞）廣；相關關係：A主題詞參B主題詞，B主題詞參A主題詞。,主題法
23513,2010-01-01,23513_A04,限定詞之使用方式為何？,為求詞義之單義性，應對同形異義詞、多義詞等加限定詞。限定詞加於主題詞之後，並加圓括號以資識別。限定詞是主題詞不可分拆的一部分，標引時不可省略。,權威控制
23513,2010-01-01,23513_A05,CIP已著錄之標題如何處理？,待編文獻CIP已著錄有標題者，主題詞標引時即使與舊標題相同，仍需標引主題詞，並著錄於欄位6__。包括一般標題及已標引人名、家族名稱、機關團體名稱、地名之標題在內。,編目法
23513,2010-01-01,23513_A06,人名主題標引時應注意何事？,主題標引時，欄位600 $s人名主題仍需著錄朝代，並加註圓括號。,編目法
23513,2010-01-01,23513_A07,地名主題詞之標引方式為何？,直接標引：中國之省區、臺灣之縣市、外國之國名，均採直接標引方式。間接標引：中國之縣市及以下地名、臺灣之鄉鎮及以下地名、外國之地名等，均採間接標引方式。,主題法
23514,2010-01-01,23514_A01,中國主題詞使用原則為何？,中國 不用 中華人民共和國,主題法
23514,2010-01-01,23514_A02,俄國主題詞使用原則為何？,俄國 不用 俄羅斯 蘇俄 蘇聯,其他
23514,2010-01-01,23514_A03,俄國文學主題詞使用原則為何？,俄國文學 不用 蘇俄文學 蘇聯文學,其他
23515,2010-01-01,23515_A01,主題詞「考試」應如何區分適用？,指有關考試方法或論述，如指考試內容（試題及其解答）則用問題集，如指制度則用考試制度,權威控制
23515,2010-01-01,23515_A02,主題詞「測驗」應如何區分適用？,有關測驗內容（測驗題及其解答）用問題集，有關測驗方法或論述用考試,主題法
23515,2010-01-01,23515_A03,主題詞「試題」應如何區分適用？,用問題集,主題法
23515,2010-01-01,23515_A04,主題詞「題庫」應如何區分適用？,用問題集,其他
23515,2010-01-01,23515_A05,主題詞「問題集」應如何區分適用？,包括試題、題庫、考試、測驗、問答、題解、解答、作業等,主題法
23516,2010-01-01,23516_A01,「紅樓夢」主題詞使用時，適用於哪些文獻類型？,有關《紅樓夢》原典、注釋、索引等文獻，以主題詞「紅樓夢」標引…【機讀欄位 605】,主題法
23516,2010-01-01,23516_A02,「曹雪芹」主題詞使用時，適用於哪些文獻類型？,有關曹雪芹之傳記、年譜（年表）、及其生平事跡之研究、考訂、交游錄等文獻，以主題詞「曹雪芹」標引…【機讀欄位600】,主題法
23516,2010-01-01,23516_A03,「紅學」主題詞使用時，適用於哪些文獻類型？,有關《紅樓夢》之評論文獻：作品論、作者論（有關寫作藝術之研究）、人物論（指《紅樓夢》書中之人物），或有關《紅樓夢》之研究、考訂、書目、版本等文獻，以主題詞「紅學」標引…【機讀欄位606】,主題法
23517,2010-01-01,23517_A01,地名主題標引時，是否須帶行政區劃？,茲歸納地名主題標引之相關原則如下：1.中國地名標引 (1)省區名稱須帶行政區劃名稱，並請採用《中文圖書分類法》「中國省區表」所標引之名稱。 例：江蘇省 海南省 西藏自治區 香港特別行政區 (2)縣市名稱須帶行政區劃名稱，除14個直轄市外，其餘各縣市皆應冠上「省區名稱」；詳細名稱請參考「中國縣市表」。 例：北京市 江蘇省蘇州市 廣東省曲江縣 (3)蒙古、外蒙古皆請選用「蒙古」主題詞，不用蒙古人民共和國或外蒙古，內蒙古則請標引「內蒙古自治區」。 2.臺灣地名標引 縣市及鄉鎮名稱須帶行政區劃名稱，詳細名稱請參考「臺灣縣市表」及「臺灣鄉鎮表」。 例：臺北市 臺北市大安區 臺北縣 新竹縣北埔鄉 高雄縣鳳山市 桃園縣桃園市 用 桃園市3.日本地名標引標引時以帶行政區劃名稱為原則，以不帶行政區劃名稱為例外。標引選取地名及行政區劃名稱依據，請依次查檢“待標引文獻、《中文圖書分類法》日本分區表、相關資源”都：日本東京都道：日本北海道府：日本京都府、日本大阪府縣：日本神奈川縣、日本愛知縣、日本沖繩縣市：日本橫濱市、日本鎌倉市、日本千葉市、日本長崎市4.韓國地名標引 標引時以帶行政區劃名稱為原則，以不帶行政區劃名稱為例外。標引地名及行政區劃名稱依據，請依次查檢“待標引文獻《中文圖書分類法》韓國分區表、相關資源”道：韓國京畿道、韓國慶尚南道、韓國黃海北道郡：韓國義州郡、韓國漣川郡、韓國奉化郡市：韓國釜山市、韓國大邱市、韓國平壤市、韓國安東市、韓國濟州市、韓國首爾市（依據相關資源） 5.外國地名標引 (1)國家名稱，除單字國名（如：美國、英國、泰國）可帶「國」字外，其餘國名以不帶「國」字為原則。 例：緬甸 不用 緬甸國 (2)日韓以外其餘世界各國，凡與省（州）相當之地名，以帶行政區劃名稱為原則，同時並冠國名。 例：美國麻薩諸塞州 加拿大卑詩省 (3)日韓以外其餘世界各國，凡與縣（市）相當之地名，以不帶行政區劃名稱為原則，同時並冠國名。 例：美國舊金山 不用 美國舊金山市 澳洲墨爾本 不用 澳洲墨爾本市 (4)如為了區別不同行政區劃之相同地名，則須同時標引行政區劃名稱。 例：美國紐約州 與 美國紐約市 (5)美加有關地名，可參考《中文圖書分類法》美加各國分區表，惟地名用全稱不用簡稱。 例：美國加利福尼亞州 不用 美國加州,主題法
23518,2010-01-01,23518_A01,國語流行歌曲主題標引時，應如何處理語種主題詞？,國語流行歌曲主題標引時，只標引『流行歌曲』此主題詞，『語種』主題詞不必標引,其他
23518,2010-01-01,23518_A02,其他語種之流行歌曲主題標引時，應如何處理語種主題詞？,其他語種之流行歌曲主題標引時，除標引流行歌曲相關主題詞外，另增加標引『語種』主題詞,其他
23518,2010-01-01,23518_A03,各地方民謠主題標引時，應如何處理語種主題詞？,各地方民謠主題標引時，若有適宜之主題詞，可逕行選用；否則，應另增標引『語種』主題詞,主題法
23519,2010-01-01,23519_A01,主題詞「書目療法」的涵義與適用對象為何？,凡以一般人或兼包括一般人與閱讀障礙者為對象之心靈療法文獻，以主題詞「書目療法」標引。參考類號為《中文圖書分類法》（2007年版）「418.989」。,主題法
23519,2010-01-01,23519_A02,主題詞「閱讀治療」的涵義與適用對象為何？,凡以閱讀障礙者為對象而進行之心靈療法文獻，用主題詞「閱讀治療」標引。參考類號為《中文圖書分類法》（2007年版）「418.989」。,主題法
23520,2010-01-01,23520_A01,《中文主題詞表》（2005年修訂版）主題詞『照片集』（日語『寫真集』），係不使用的『非正式主題詞』，是否回復為可使用的『正式主題詞』？,主題詞『照片集』原為《中文主題詞表》（2005年修訂版）不使用之『非正式主題詞』，由於以『照片集』為著述體制之文獻頗多，故擬改為『正式主題詞』。同時，『照片集』之相關主題詞亦一併修訂如下： 【13畫】 照片集 以照相機拍攝之人物及各地民情風俗之圖片為主 不用 寫真集 參見 圖錄 攝影集 【14畫】 圖錄 參見 照片集 攝影集 【15畫】 寫真集 用 照片集 【21畫】 攝影集 參見 照片集 圖錄,主題法
23521,2010-01-01,23521_A01,主題標引時是否可採「一大一小」標引方式？,主題標引時宜根據文獻內容之主題及主題數標引之，除非文獻本身即涉「一大一小」之主題，否則以採最專指主題標引方式為宜。,主題法
23521,2010-01-01,23521_A02,鄭博真所著《幼兒園主題課程與教學：融入多元智能設計與實施》乙書是否可採「一大一小」標引方式標引為「學前課程」（狹義主題詞）、「學前教育」（或「幼兒教育」，廣義主題詞）？,該書主題只涉及「學前課程」，主題數只有一個，故只標引較專指之主題：「學前課程」為已足，實勿須另標引較泛指的主題詞：「學前教育」（或「幼兒教育」），以免造成畫蛇。,主題法
23522,2010-01-01,23522_A01,以《美國國會圖書館分類法》標引同一年百科全書的年鑑與年報時，分類號是否相同？,分類標引時，funk & wagnalls new encyclopedia 1989 yearbook和funk & wagnalls new encyclopedia 1989 science annual的分類號，基本應是一樣的,其他
23522,2010-01-01,23522_A02,同一年百科全書的年鑑與年報應如何標引同類書區分號？,先在書號（或作者號）之後，空一格，然後加上年代；年代號之後，再空一格，然後分別加上『yearbook』（或其縮寫）、『science annual』 （或其縮寫）即可,作者號及輔助區分號
23523,2010-01-01,23523_A01,套書索書號中的冊次號及年代號，其順序有一定的標準嗎？,索書號標引時，年代號與冊次號之排列順序有兩種，與著錄及分類方式有關：其一、先年代號後冊次號，主要來自『整套著錄，整套分類』方式；其二、先冊次號後年代號，主要來自『分散著錄，整套分類』方式。,作者號及輔助區分號
23523,2010-01-01,23523_A02,請提供有關輔助區分號標引的原則，以資依循。,1 套書（多卷書）或叢索書號的標引方式，與其著錄及分類方式有密切的關係。大體來說，方式有三種：1.1『整套著錄，整套分類』方式：套書或叢書再版本，其索書號自然是先標引年代號，再標引冊次號。1.2『分散著錄，分散分類』方式：各分卷已按主題別各自分散至各類，索書號不會出現年代號、冊次號孰先孰後的問題。1.3『分散著錄，整套分類』方式：先以整套為單位標引分類號，再以分卷為單位標引冊次號，即相當於先標引冊次號，再標引年代號。3 文獻典藏、排架時，究竟以『整套』抑或以『分卷』為單位較為便捷，其實與讀者借閱時究竟以『整套』抑或以『分卷』為出納單位有關。採取任一種方式，都存在有優缺點。因此，對於套書或叢書的排架或典藏方式，一般圖書館總是因『書』制宜，即採取與文獻著錄及標引相一致的方式，並不對所有狀況只採取一種固定的方式。,作者號及輔助區分號
23524,2010-01-01,23524_A01,索書號中之年代號具有哪些作用？,年代號之作用，不只是臺端所提兩種作用而已，歸納起來約有下列四項：其一、區別同一種文獻的不同版本；其二、揭示文獻所涉及之資料年代；其三、表示連續性出版品的各分卷；其四、識別同一文獻不同出版社本。,作者號及輔助區分號
23524,2010-01-01,23524_A02,入藏文獻是否需要全部標引年代號？,入藏文獻是否需要全部標引年代號，實有商榷之處。假如對於入藏文獻不論初版本或再版本（及其後各版），其年代號全予標引，其結果與沒標引年代號效果沒有兩樣。當時不標引初版年代，原因或基於此。,其他
23524,2010-01-01,23524_A03,如何實施擇選性標引年代號？,為今之計，可以『擇選性標引』方式標引之，以方便文獻借閱及出納管理。『擇要標引』其法有二，其一、對再版本及不同出版社本之同一文獻，必須標引年代號。其二、對於內容比較側重年代之文獻，例如統計資料、法規資料等文獻以及連續性出版品，也一律標引年代號，俾便揭示文獻內容之資料年代。,編目法
23526,2010-01-01,23526_A01,正體「廈」字與俗體「厦」字依《中文目錄檢字表》（首尾五筆號碼法）取碼規則，應分別取何碼？,正體「廈」字之首尾五筆號碼應取「6」，如為俗體「厦」字則應取「7」。,作者號及輔助區分號
23526,2010-01-01,23526_A02,貴館所建置（或購置）之系統與《中西目錄排檢法與作者號碼表》為何取「廈」字為「3」？,實不知根據何筆形取碼。由於未知實情，不便隨意猜測並妄下斷語，以免貽笑方家。,其他
23527,2010-01-01,23527_A01,以Cutter-Sanborn為作者號取碼工具，處理含有連字符（「-」）之字元時，應視為字符取碼或跳過以次一字符取碼？,依一般作法，通常將有連字符之字視為一個詞。因此，以「e-learning」為例，在取作者號時可依「e-learning」這個字的整個字，從Cutter-Sanborn相關規範工具中來檢閱其號碼。,作者號及輔助區分號
23528,2010-01-01,23528_A01,此筆書目作者號是依什麼原則取號的？,"如 臺端所提，茲將有關Graham Greene's Catholic Imagination. by Bosco, Mark. New York：Oxford University Press, 2005. ISBN 0195177150乙書之分類索書號：“PR6013.R44/Z63158/2005”之作者號取碼方法，解析如下，敬請卓參： 1 第1節號碼：PR6013.R44。檢閱LC類號“PR6013”，根據其相關規定標引“Graham Greene's Catholic Imagination”乙書號碼為“.R44”，因“Green, Graham”之號碼，應在分類表“.R416 Green, Henry, 1905-1974”之後。【提醒注意：所取號碼原理如上，惟實際號碼常因版本新舊而有不同】",作者號及輔助區分號
23529,2010-01-01,23529_A01,4人以上中文文獻是取著錄後的第1位作者還是取題名？,依中西文編目規則有關條文，凡4人以上之著者，著錄時以首位作者為主加以著錄之，其餘作者可省略不著錄。至於作者號取碼，自然是依首位作者取碼了。,編目法
23529,2010-01-01,23529_A02,4人以上西文文獻其作者號是否取題名？,依中西文編目規則有關條文，凡4人以上之著者，著錄時以首位作者為主加以著錄之，其餘作者可省略不著錄。至於作者號取碼，自然是依首位作者取碼了。,作者號及輔助區分號
23530,2010-01-01,23530_A01,如題，請問外國作者應以「蓋茲」還是以「比爾」取作者號？,以大部分的西洋個人作者為例，其姓名制度「名在前姓在後」，取作者號時是依姓氏取碼。故比爾‧蓋茲的作者號應依姓氏「蓋茲」取碼。,作者號及輔助區分號
23530,2010-01-01,23530_A02,外國人姓氏應如何判斷？請舉例說明之。,依首尾五筆著者號碼法，每一個漢字取首筆（或起筆、落筆）筆形和末筆（或尾筆、收筆、提筆）筆形，其次查檢該筆形之代碼，最後將首末筆代碼加總求其和數，即求得該字的號碼。例如「中」字之首筆及末筆均為直筆（3 + 3），故其代碼和數即為「6」；「國」字之首筆為直筆（3）末筆為橫筆（2），故其代碼和數即為「5」。,作者號及輔助區分號
23530,2010-01-01,23530_A03,漢字之首尾兩筆各為哪一筆（首筆及末筆所指為何），兩字的號碼是各自加總嗎？雖已檢閱網路資料，但依然不理解為何比爾‧蓋茲的作者號為「54」。,根據上述取碼方法，「蓋茲」之「蓋」字首筆為直筆（3），末筆為橫筆（2），故其和數為「5」；「茲」字首筆為直筆（3），末筆為點筆（1），故其和數為「4」。兩字的代碼合組起來，其作者號碼即為「54」。,作者號及輔助區分號
23531,2010-01-01,23531_A01,作者號是否要加以控制？,如以本館作法為例，似乎不必對作者號加以控制，即可解決問題。,其他
23531,2010-01-01,23531_A02,因不同資料型式，即使索書號相同是否沒有關係？,二筆書目紀錄可標引為相同的分類索引號（即相同之分類號和作者號），但可藉由特藏符號加以區別之。此種作法有兩個好處，其一、即目錄組織時（適用於卡片目錄）通常特藏符號可不計入，因此二條目錄款目可排在一起，但又可藉特藏符號之有無加以區別（一者有特藏符號，一者無特藏符號）。其二、文獻實體庋藏排列時，可藉由特藏符號之有無，可分開收藏於不同場所，可收庋藏最佳化（庋藏最優化）之效果。,作者號及輔助區分號
23532,2010-01-01,23532_A01,臺灣地區圖書館使用四角號碼著者號的情況為何？,四角號碼法另訂有『羅馬字母號碼表』1種，以為著者取碼之依據。,作者號及輔助區分號
23532,2010-01-01,23532_A02,以四角號碼著者號取西文書作者的規則為何？,西洋個人著者取碼時勿需譯成中文，逕依西文原名取碼即可。個人著者取足4碼，雙名著者姓氏部分依前兩個字母查表取2碼，名字部分依雙名之各自前1個字母取1碼；單名著者姓氏及名字兩部分均依前兩個字母查表各取2碼。西洋團體著者取碼可仿上述個人著者，4字以上機關團體名稱以前4個字首字母查表取碼，3字以內則準用雙名及單名著者取碼法有關規定。,作者號及輔助區分號
23533,2010-01-01,23533_A01,針對同類號、同作者且同年出版之西文書，應如何區分入藏不同的作品？,1 對於同類號、同作者甚至且同年代出版之西文書，可採拉丁字母為輔助區分號，以區分入藏不同的作品。具體作法是於作者號（克特號）之後，以拉丁字母標引作品號（或種次號），達到區別不同作品的要求。 2 茲以 貴館所藏2種西文書為例，假如前一書（即先編目者），其分類索書號標引為「HD45 C53 2006」；則後一書（即後編目者），其分類索書號可標引為「HD45 C53a 2006」。如有第3種則標引為「HD45 C53b 2006」，其餘類推之。 3 上述輔助區分號中之作品號（或種次號），當然也可其他標記符號，以區別同類號、同作者但又不同的兩種作品。,作者號及輔助區分號
23534,2010-01-01,23534_A01,2-3人之作者（中外文作者皆然）四角號碼作者號應如何標引？,以首作者或最主要作者為主，並依四角號碼作者號標引規則取碼。依四角號碼作者號標引規則。至於外文作者，則不必譯為中文，即可逕依作者之羅馬字母號碼取作者號。,作者號及輔助區分號
23535,2010-01-01,23535_A01,何謂克特號？請大略介紹它的內容及其使用法。,克特號，即依據《克特著者號碼表》所取的一種著者號碼。克特著者號碼表（C. A. Cutter’s Alphabetic Order Table）係美國圖書館學家克特（又譯卡特）所編製的著者號碼表，簡稱克特表。克特表初編於1880年，目前分為兩位數表和三位數表兩種。三位數表適用於大型和專門圖書館，較通用的是桑伯恩（Kate E. Sanborn）所擴充的三位數表，因而也有稱為《克特 ─ 桑伯恩三位數著者號碼表》。三位數表內容分為兩部分： 第一部分：即除S以外的輔音字母部分。以兩字母為一組，例如B與C，D與F，共分10組，每組分兩行。把兩個或兩個以上字母的姓氏連音有系統地排列成行，共同使用預先配置在們中間的號碼，例如： Ba 111 Ca Bab 112 Cab 第二部分：即元音與S部分，排列方式同第一部分。 克特號一般均由姓氏首字母加上相應的號碼組配而成。在使用時有兩點應特別注意：第一、假如著者姓氏連音已在表上列出，則依連音取號；第二、假如著者連音表上未列出，應以最接近的前一個連音為號碼，例如「Rudman」取「Rudi」的號碼「916」。克特表的優點是配號合理、重號少、易檢易用。但機關團體著者的號碼分配過少，是其缺點。,作者號及輔助區分號
23535,2010-01-01,23535_A02,如有分類號的書籍，例如「QY450 WH460」，是否就可查出作者號？,※※本文主要根據王紹平等編撰之《圖書情報詞典》（上海市：漢語大詞典出版社，1990.06）「卡特著者號碼表」條（頁202）撰寫 臺端所提「如有分類號的書籍，例如「QY450 WH460」，是否就可查出作者號？」不知所指是什麼，不敢貿然作答，只好抱歉闕如之！,作者號及輔助區分號
23536,2010-01-01,23536_A01,使用首尾五筆取作者號時，若作者為「xx 出版社」、「xx 編委會」之類，應以「xx」取號還是以前三字取號？,使用首尾五筆取作者號時，若作者為「xx 出版社」、「xx 編委會」之類，通常以前三字取號。以臺端提問為例，取團體作者號時，應以「xx 出」或「xx 編」前三字取號。,作者號及輔助區分號
23536,2010-01-01,23536_A02,「國防部 xx 局」與「國防部xx科」是否視為同一作者？,「國防部 xx 局」和「國防部xx科」二者，以視為兩個不同的團體作者為便。準此而言，作者號宜分別標引之，即使標引出來的作者號相同也無妨，只須進一步針對後標引者加上作者區分號（例如加「：2」），以資識別即可。,作者號及輔助區分號
23536,2010-01-01,23536_A03,以「中共」、「中國」、「國務院」等開頭的團體作者，取號時應如何處理？,針對以「中共」、「中國」、「國務院」等開頭的團體作者，著錄時是否可省略，請參考中國國家圖書館《中國文獻編目規則》修訂組編之《中國文獻編目規則：第2版》（北京市：北京圖書館出版社，2005.04）乙書第23章相關內容標引之。當然也可進一步參考前述資料，然後編訂為內部規範，以作為取作者號的依據。參酌目前編目實務的作法，多數以「中共」、「中國」、「國務院」之類開頭的團體作者，可省略不取；惟不宜省略或省略後有礙辨識者，則不在此限,編目法
23537,2010-01-01,23537_A01,為何美國國會圖書館館藏目錄與《克特號擷取法》所取之克特號碼常不一致？,圖書館在實際使用《克特號擷取法》時，一定要特別注意它有一條『但書』，即『實際使用本擷取法時，作者依其姓氏首字母及其後第二個字母取號，但各館可視館藏實際情形進行彈性調整』。因此，不同圖書館即使同樣使用《克特號擷取法》，最後所取之號碼亦不儘相同。,作者號及輔助區分號
23537,2010-01-01,23537_A02,ISBN 1412913624一書作者Allen之國會作者號為A52，但依《克特號擷取法》為A44，原因為何？,二者基本都沒有錯誤，只在於臺端自己的取捨。依規則1首字母『A』為母音，次字母『l』應取號『A4』；依規則5第三個字母『l』，應取號『4』，全部組配起來為『A44』。,其他
23537,2010-01-01,23537_A03,ISBN 141292488X一書作者Marshall之國會作者號為M277，但依《克特號擷取法》為M37，原因為何？,"依《克特號擷取法》規則4：首字母為其他子，第二個字母為a, e, i, o…，分別依序取號為『3, 4, 5, 6…』。字母『l』可取號碼『5』或『6』，但字母『i』只能取號碼『5』。因此Marshall之作者號為『M37』。",作者號及輔助區分號
23537,2010-01-01,23537_A04,作者為Clinton時，依《克特號擷取法》應取何種作者號？,"應為『C65』或『C55』。其理由說明如下：規則4指出，首字母為其他子，第二個字母為a, e, i, o…，分別依序取號為『3, 4, 5, 6…』。字母『l』可取號碼『5』或『6』，但字母『i』只能取號碼『5』。因此Clinton之作者號應為『C65』或『C55』。",作者號及輔助區分號
23538,2010-01-01,23538_A01,西文書作者號取碼工具書中「母音取碼法」與「三碼取碼法」有何不同之處？規則為何？,西文書作者號取碼工具書：克特作者號碼表，確有如 臺端所提有『母音取碼法』和『三碼取碼法』二種。此二者最大不同之處，前者係一種『編號法』，即只列出取碼規則，編目人員可依規則來編組號碼；後者係一種『查號法』，即事先必須編製出一本號碼表（將所有姓氏用字編成長長的字表，然後每個字再編配一個3位數的號碼），編目人員依排檢順序查號取碼。,作者號及輔助區分號
23538,2010-01-01,23538_A02,如何分辨「母音取碼法」與「三碼取碼法」？,『母音取碼法』係一種『編號法』，編目人員可依規則直接編組號碼；『三碼取碼法』係一種『查號法』，需事先編製號碼表，並依排檢順序查號取碼。,機讀編目格式
23539,2010-01-01,23539_A01,如何利用‘羅馬字母號碼表’來標引外國著者號？,"1 以‘羅馬字母號碼表’來標引作者號，係‘中外著者統一排列法’組成單元之一，同時也是王雲五先生為配合氏所編訂《中外圖書統一分類法》使用的，惟如採用其他分類法亦適用之。該法之優點在於西洋作者不必譯成中譯姓名，不會發生同一作者而取號不一致的弊病；同時實行中外文獻及著者分類、排列真正的統一。 2 ‘羅馬字母號碼表’基本使用方法有三： 2.1 首先編製‘羅馬字母號碼表’，即將每個拉丁字母編配一位‘0-9’阿拉伯數字。例如字母A, H, O為0，B, P為1，C, K為2，D, T為3，E為4 … M8等。 2.2 再依漢民族姓名制度取4碼，即單姓雙名者，姓取首、次2字母之2碼，名各取中名及尾名首字母之1碼；單姓單姓者，姓與名各取2碼；複姓單名者，姓各取1碼，名取2碼；複姓雙名者，姓與名各取1碼。 2.3 機關團體名稱之取碼方法，準用之。 3 例如單姓雙名Henry, O. B.依上述規則，姓氏Henry取2碼，查表為‘04’，名字O. B.各取1碼，查表分別為‘0’與‘1’，組合起來即為‘0401’；單姓單名Monroe, Paul依上述規則，姓氏與名字各取2碼，查表分別為‘80’及‘10’，組合起來即為‘8010’。",作者號及輔助區分號
23539,2010-01-01,23539_A02,究竟以名字抑或以姓氏取作者號，其規則為何？,依漢民族姓名制度取4碼，即單姓雙名者，姓取首、次2字母之2碼，名各取中名及尾名首字母之1碼；單姓單姓者，姓與名各取2碼；複姓單名者，姓各取1碼，名取2碼；複姓雙名者，姓與名各取1碼。,作者號及輔助區分號
23540,2010-01-01,23540_A01,作者名字若是簡體字，應如何取作者號？,為求作者號標引一致性起見，以繁體字取碼較妥。惟繁簡對應中如有『一對多』且又無法確指某一字時，仍依原簡體字取碼。例如名字中之『准』字，對應的究竟是『準』抑或『准』，往往無法確指，故不如取碼時仍依原簡體字『准』字取碼為妥。,作者號及輔助區分號
23540,2010-01-01,23540_A02,作者名字若是日文漢字，應如何取作者號？,作者號標引時仍依據日文漢字標引其作者號。,作者號及輔助區分號
23541,2010-01-01,23541_A01,"西文作者『Le Coq, Albert von』的克特號，應以『Le』取號，還是以『Le Coq』取號？","西文作者『Le Coq, Albert von』的克特號，應以『Le Coq』（即『Le + 姓』）視同一個字，然後以此『查表取號』（在此即指『查克特表以選取克特號』之意）。",作者號及輔助區分號
23542,2010-01-01,23542_A01,是否可確認西文文獻是根據「main entry」標引作者號？,西編目有主要款目（main entry）的概念，其意義有二：其一、如有作者，該作者既是main entry，同時也依此標引作者號；其二、如未有作者，則以Title為「main entry」，並以Title之首詞標引作者號。,編目法
23542,2010-01-01,23542_A02,是否可以「人名標題」作為取作者號之依據？,但不能據此擴展解釋，將「人名標題」作為取作者號之依據。,作者號及輔助區分號
23542,2010-01-01,23542_A03,以「被傳者」或「被研究者」來標引同類書區分號，是否可以擴大為只要機讀編目格...,以「被傳者」或「被研究者」來標引同類書區分號，與取為作者號（或書次號）含義不同。前者可視為分類號之構成部分，即將同一個「被傳者」或「被研究者」的文獻集中一處；後者則否，它純粹是一種書次號，它並不是分類號的一部分，只是分類號的細化和深化，用以進一步區分同類書及排序。,作者號及輔助區分號
23543,2010-01-01,23543_A01,圖書館若同時收藏同一書之印刷版（紙本）與電子版，並分別建有書目記錄，紙本之索書號應如何標示？,紙本之索書號可不加任何特藏符號。,作者號及輔助區分號
23543,2010-01-01,23543_A02,圖書館若同時收藏同一書之印刷版（紙本）與電子版，並分別建有書目記錄，電子書之索書號應如何標示？,"電子書則在索書號上一行加特藏符號（""DR""），以資識別。",作者號及輔助區分號
23544,2010-01-01,23544_A01,西文書作者標引克特號後，對於同作者同年代之同類文獻，其索書號應如何標引？,"在使用相同文獻分類法前提下，依分類原理同類書其類號必定相同，但類號相同其在文獻排列上實有不便之處。故必須附加其他號碼以區別之，此附加之號碼即為同類書區分號。同類書區分號又稱書次號、書號或書碼（Book number），與分類號合組成索書號碼。通常同類書多依著者名稱排列，因此多將著者號碼（Author’s number）視為同類書區分號。前述這個原理，適用於所有中西文獻的組織與庋藏。總括而論，文獻的首先區分是分類號，其次是同類書區分號（大部分以作者號為主），又次是輔助區分類號（包括著者區分號、種次號或作品號、年代號或版本號等）。一般情形，索書號碼有了前二者，即足以識別入藏的大部分文獻。但有時當分類號及作者號均相同，則必須從輔助區分號著手區別之。以本館收藏的西文書為例，針對先後入藏同作者的同類書，是於作者號右側，依編目先後順序以羅馬字母“a, b, c … …”標識之（以前曾以書名首字母為作品號），以達到區分識別同作者同類書的作用。具體作法是，對入藏某作者的第1種著作，作者號右側不加作品號；對入藏同一作者同類的第2種著作，則在作者號右側加字母“a”為作品號，第3種著作加字母“b”為作品號，第4種著作加字母“c”為作品號，餘類推之。今以某圖書館先後入藏約翰‧杜威（John Dewey, 1859-1952）兩種教育哲學著作：Democracy and Education, 1916及Experience and Education, 1938索書號標引為例，說明如下：依前述輔助區分號標引方法，前一書《民本主義與教育》（Democracy and Education, 1916）之索書號應標引為「LB875／D515」，後一書《經驗與教育》（Experience and Education, 1938）之索書號應標引為「LB875／D515a」。爾後，該館如再入藏約翰‧杜威（John Dewey, 1859-1952）其他的教育哲學著作，其索書號則依次標引為「LB875／D515b」、「LB875／D515c」。前舉實例中作者右側字母「a, b, c」等，即所以區分同作者同類書之種次號或作品號。假如輔助區分號是採題名首字母為標識者，則《民本主義與教育》（Democracy and Education, 1916）一書之索書號為「LB875／D515d」，《經驗與教育》（Experience and Education, 1938）一書之索書號為「LB875／D515e」。唯文獻實際排列時，則依題名首字母順序排列之。由於同作者同類書之兩種著作，已由作品號加以區別，因而出版年代只是單純作為標引年代號的來源而已，基本上它不具備區分識別的作用。",作者號及輔助區分號
23545,2010-01-01,23545_A01,團體作者改名，作者號標引時應以新名稱為準，還是沿用舊名稱？,團體作者新名稱應沿用團體作者舊名稱之號碼，以保持其一致性和連貫性，並便於文獻和分類目錄的集中。,作者號及輔助區分號
23545,2010-01-01,23545_A02,團體名稱取號時，是否有可依循的標準？,團體作者標引作者號時，如有通用之簡稱，以簡稱取作者號；如無通用之簡則以團體名稱前三字（《中文目錄檢字表》）或前四字（《四角號碼檢字法》）。唯團體名稱前如冠有「中華民國」「臺閩地區」「臺灣地區」「財團法人」「社團法人」「有限責任」等，則略而不計，從其後數個字取號。,作者號及輔助區分號
23545,2010-01-01,23545_A03,團體名稱前冠有「中華民國」字樣時，標引作者號是否可略過該部分？,團體名稱前冠有「中華民國」字樣時，著錄及檢索款目固然照錄之，唯標引作者號時可略而不計，而從其後數個字取碼：採《四角號碼檢字法》取四個字，採《中文目錄檢字表》取三個字。,作者號及輔助區分號
23545,2010-01-01,23545_A04,以「中國圖書館學會」改名為「中華民國圖書館學會」為例，取團體作者號時應以舊名稱還是新名稱取號？,依《四角號碼檢字法》「中國圖書館學會」作者號為「5665」，後來改名為「中華民國圖書館學會」，著錄時固然依照錄原則進行，但作者號仍沿用舊號碼，即標引為「5665」。,編目法
23546,2010-01-01,23546_A01,克特著者號碼之取號法中，各館可視實際情形彈性調整，是否說明無所謂取碼規則？,著者號與分類號合組成分類索書號，是識別圖書館入藏文獻最重要方法之一。基本上同一著者，即使在不同類別中，它的著者號碼總是相同的。但更深入分析起來，仍有細微不同之處。主要原因是，由某一類集合中文獻入藏先後不同而產生的。易言之，文獻入藏先後之不同，即造成著者號取碼差異之所在。,作者號及輔助區分號
23546,2010-01-01,23546_A02,西文書之種次號，例如著者號為『An7a』中之『a』，是否有標引之必要？,準此而論， 臺端所提西文書之種次號，例如著者號為『An7a』中之『a』，仍有標引之必要。,作者號及輔助區分號
23547,2010-01-01,23547_A01,分類號不相同時是否須要加作者區分號？,假如兩書內容主題不同、學科性質不同，其分類號自不相同，即已具區別作用，故對於具有相同作者號之兩位作者，無須再標引作者區分號以資區別。,作者號及輔助區分號
23547,2010-01-01,23547_A02,在那些情形下須要加作者區分號？,作者區分號主要是針對不同作者卻有相同作者號的同類文獻做進一步區分而設計出來的一種號碼，標引時機主要有下列兩種情形：1. 對於不同作者卻有相同作者號的同類文獻；2. 對於不同的被傳者、專書原作者、機關團體名稱卻有相同號碼的同類文獻。,作者號及輔助區分號
23548,2010-01-01,23548_A01,同一作者同一作品不同載體的文獻，是否還需標引作品號（如「-2」「-3」）以區別不同載體？,若該文獻已擁有不同特藏號加以識別，則無需再標引作品號。作者區分號（如「-2」「-3」）僅用於不同作者但相同作者號的同類文獻，且需同時具備以下兩條件：1. 分類號相同；2. 作者不同。若分類號已不同，則無需標引作者區分號。,作者號及輔助區分號
23549,2010-01-01,23549_A01,西文編目遇連續性出版品時，若出版年為2003年，但註明「2004 ed.」，冊次號應標引「2003」，還是標引「2004」？,文獻的相關年代，歸納起來有三種類型：其一為文獻的內容年代（即資料年代），其二為文獻的年代編號（以連續性出版品為主），其三為文獻的出版年代。當文獻同時具有內容年代與出版年代時，索書號的年代號（以下簡稱年代號）的標引以內容年代為主；當文獻同時具有年代編號與出版年代時，年代號標引以年代編號為主；假如未有內容年代或年代編號時，必要時才以出版年代來標引年代號。依照前述，臺端所提問題，冊次號應標引「2004」。,作者號及輔助區分號
23550,2010-01-01,23550_A01,作者號後加上“.2”是何義？,作者號後加上“.2”，通常表示是文獻的續編、補編之意。有時也適用於第2卷或第2輯、第2集。索書號標引“.2”，通常與文獻著錄方式有關。假如正續編文獻同時入藏，通常著錄為一筆書目記錄，此時正續編的索書號，依次標引為「v.1」、「v.2」；假如正續編文獻不同時入藏，通常分別著錄為兩筆書目記錄，此時續編的索書號，即在作者號之右側標引「.2」以資識別。有關索書號的輔助區分號標識法，請參閱《國家圖書館增訂類目表》（國家圖書館編目組編，臺北市：國家圖書館，2000.06）附錄七：「國家圖書館輔助區分號一覽」。,作者號及輔助區分號
23551,2010-01-01,23551_A01,Nille Tystad之中文譯名為何？,經查《世界人名翻譯大詞典》（新華通訊社編，北京市：中國對外翻譯公司，1993.10），下冊，頁2827，左欄，中譯為『蒂斯塔』，係北歐挪威的姓氏。,其他
23551,2010-01-01,23551_A02,查尋Nille Tystad中文譯名之資料來源為何？,《世界人名翻譯大詞典》（新華通訊社編，北京市：中國對外翻譯公司，1993.10），下冊，頁2827，左欄。,其他
23552,2010-01-01,23552_A01,圖書館收藏同作者同年出版之同類號文獻，索書號應如何區分？,"圖書館針對同作者同類號文獻，分類索書號必須加標引「作品號」（-2, -3, -4, …），以資識別。其法是於書次號（或作者號）後面以短橫「-」加自然數來表示，作品號由「2」起編。例如某館先後收藏梁啟超《中國近三百年學術史》及《清代學術概論》二書，如以《中國圖書分類法》為分類標引工具，以《中文目錄檢字表》為書次號標引工具，為了識別起見，分類索書號應分別標引為「112.7 8664」、「113.7 8664-2」。※※附註：號碼間之空格，表示分類索書號繕打於不同行次之意。例如前述號碼中「112.7」繕打於第一行，「8664」或「8664-2」繕打於第二行，餘類推之。",作者號及輔助區分號
23553,2010-01-01,23553_A01,著者為「中國圖書館學會」時，應取哪三個字作為著者號碼？,應以「中國圖」前三字取碼。,作者號及輔助區分號
23553,2010-01-01,23553_A02,以首尾五筆檢字法為規範工具時，「中國圖」三個字的號碼為何？,「中國圖」三個字號碼為「655」，加上著者時代碼則為「8655」。,編目法
23554,2010-01-01,23554_A01,西文編目時，題名為「HP laserjet programming ...」應如何標引作者號？,「HP laserjet programming ...」應標引為「H857」。,機讀編目格式
23554,2010-01-01,23554_A02,西文編目時，題名為「TB/HIV ...」應如何標引作者號？,「TB/HIV ...」應標引為「T219」。,編目法
23554,2010-01-01,23554_A03,西文編目時，題名為「20th ...」應如何標引作者號？,「20th ...」應標引為「T918 Twentieth」。,作者號及輔助區分號
23554,2010-01-01,23554_A04,西文編目時，題名為「100 year of ...」應如何標引作者號？,「100 year of ...」應標引為「On2 One」。,作者號及輔助區分號
23554,2010-01-01,23554_A05,西文編目時，題名為「WTO ...」應如何標引作者號？,「WTO ...」應標引為「W893 World」。,作者號及輔助區分號
23554,2010-01-01,23554_A06,西文編目時，題名為「2003 ...」應如何標引作者號？,「2003 ...」應標引為「T918 Twentieth」。,作者號及輔助區分號
23554,2010-01-01,23554_A07,西文編目時，題名為「I-IV ...」應如何標引作者號？,「I-IV ...」應標引為「I1」。,作者號及輔助區分號
23555,2010-01-01,23555_A01,以四角號碼為取著者號規範工具，請問‘殷張蘭熙’的著者號應如何標引？‘殷’字四角號碼應取‘7’還是‘2’？,‘殷張蘭熙’取著者號時，與各館之人名權威控制有關。如圖書館人名權威紀錄為‘殷張蘭熙’，姓名各字各取1碼，則其四角號碼為‘2147’；如圖書館人名權威紀錄為‘張蘭熙’，姓氏‘張’取2碼，其餘名字各取1碼，則其四角號碼為‘1147’。‘殷’字四角號碼取‘2’不取‘7’。因為四角號碼檢字法取碼規定，凡橫與垂兩筆相接成直角者，號碼取‘7’不取‘2’；但‘殷’字左上角兩筆雖相接但均是撇筆，但與本條規則不合，故乃依撇筆取號碼‘2’。,編目法
23555,2010-01-01,23555_A02,以‘國立中央圖書館著者號碼法’為著者號標引規範工具，‘比爾‧蓋茲’的著者號應如何標引？,‘國立中央圖書館著者號碼法’即‘首尾五筆著者號碼法’，其規範工具書為《中文目錄檢字表》（臺北市：中國圖書館學會，1965年）。依著者號取碼一般習慣，外國人名標引著者號時只取姓氏部分，故本例中‘比爾‧蓋茲’取碼時，只依‘蓋爾’二字標引為‘54’，如再加上著作代號碼則為‘854’。,作者號及輔助區分號
23556,2010-01-01,23556_A01,西文電腦書如果沒有作者，可否依題名來標引作者號（書次號）？,以題名來標引書次號。,作者號及輔助區分號
23556,2010-01-01,23556_A02,題名開頭是「C + +」之類的符號或字母時，應如何標引書次號？,以字母「C」查克特號碼表即可，至於加號（+）可以略過不計。,作者號及輔助區分號
23557,2010-01-01,23557_A01,非英語地區作者之作者號應如何標引？,"非英語地區作者之作者號應以「作者號」欄位標引，其標引方式如下：

1.1 作者為非英語地區人士，且其著作為非英語地區出版，則以該作者之原籍國別代碼為作者號。

1.2 若作者為非英語地區人士，但著作為英語地區出版，則以該作者之國籍代碼為作者號。

1.3 若作者為非英語地區人士，且著作為非英語地區出版，但作者之原籍國別代碼與國籍代碼相同，則以該代碼為作者號。

1.4 若作者為非英語地區人士，且著作為非英語地區出版，但作者之原籍國別代碼與國籍代碼不同，則以原籍國別代碼為作者號。

1.5 若作者為非英語地區人士，且著作為非英語地區出版，但作者之原籍國別代碼與國籍代碼均未明確，則以「Z999」為作者號。",作者號及輔助區分號
23557,2010-01-01,23557_A02,非英文題名前冠定冠詞之書，次號應如何標引？,"非英文題名前冠定冠詞之書，次號應以「次號」欄位標引，其標引方式如下：

2.1 若書名為非英語地區語言，且題名前冠定冠詞，則以該書名之原語言代碼為次號。

2.2 若書名為非英語地區語言，且題名前冠定冠詞，但原語言代碼與出版語言代碼相同，則以該代碼為次號。

2.3 若書名為非英語地區語言，且題名前冠定冠詞，但原語言代碼與出版語言代碼不同，則以出版語言代碼為次號。",作者號及輔助區分號
23557,2010-01-01,23557_A03,復姓作者之作者號應如何標引？,"復姓作者之作者號應以「作者號」欄位標引，其標引方式如下：

3.1 若作者為復姓，且其著作為英語地區出版，則以該作者之姓氏代碼為作者號。

3.2 若作者為復姓，且其著作為非英語地區出版，則以該作者之原籍國別代碼為作者號。

3.3 若作者為復姓，且其著作為非英語地區出版，但原籍國別代碼與國籍代碼相同，則以該代碼為作者號。

3.4 若作者為復姓，且其著作為非英語地區出版，但原籍國別代碼與國籍代碼不同，則以原籍國別代碼為作者號。

3.5 若作者為復姓，且其著作為非英語地區出版，但原籍國別代碼與國籍代碼均未明確，則以「Z999」為作者號。",作者號及輔助區分號
23558,2010-01-01,23558_A01,西文編目時，著者若超過三人以上，作者號應以書名抑或以作者取號？,根據《英美編目規則 第二版》（AACR-2）有關作者取為標目的原則，若分擔作者為四人以上（即超過三人以上）時，則取題名為標目，並依此標目（即題名）取作者號。,編目法
23558,2010-01-01,23558_A02,ITS MARK書目資料庫中出現以書名取作者號與以著者取作者號的情況，原則為何？,"根據《英美編目規則 第二版》（AACR-2）有關作者取為標目的原則，單人作者取該作者為標目，三人以內分擔作者取第一個作者為標目，四人以上則取題名為標目。參考文獻：西文編目實用教程. 夏勇, 周子榮編著. 杭州市. 浙江大學出版社. 1989第1版（1990年第2次印刷）",編目法
23559,2010-01-01,23559_A01,採用中國圖書分類法時，西文著者號可使用哪些取碼規範工具？,可有三種選擇：四角號碼著者號碼法、首尾五筆著者號碼法以及克特著者號碼法。,作者號及輔助區分號
23559,2010-01-01,23559_A02,四角號碼著者號碼法如何操作？,作者西姓名不必譯成中文，即可取作者號。依據著者姓名字母查《羅馬字母號碼表》即可得知著者號碼，相關文獻請參閱：1.1 中外著者統一排列法，在《中外圖書統一分類法》（王雲五編訂，1967），頁29-33；1.2 中外著者統一排列法，在《圖書館學與資訊科學大辭典》（胡述兆主編，1995），上冊，頁221-222；1.3 中外著者統一排列法，在《佛教圖書分類法. 1996年版》（1996），頁117-120。,作者號及輔助區分號
23559,2010-01-01,23559_A03,克特著者號碼法如何操作？,本法有「二位數表」和「三位數表」兩種編制形式，屬於「查表法」，使用時依著者字母查表即可得知著者號。另外還有屬於「編號法」的類型，依字母代碼及取碼規則組配而成，請參閱《美國國會圖書館圖書分類法》克特號碼法，國內方面請參閱：3.1 國家圖書館克特號取碼要點，在《國家圖書館增訂類目表. 民國89年版》（2000.06），頁34-35；3.2 克特號取碼辦法，在《中國圖書分類法》（增訂8版）（2001.09），頁675-676。,作者號及輔助區分號
23560,2010-01-01,23560_A01,四角號碼法中，複姓單名的取碼規則為何？,複姓單名：姓氏部分各取1碼（左上角），名字部分取2碼（左上角和右上角）。,編目法
23560,2010-01-01,23560_A02,如何處理如『郭李』『陳林』『張簡』等兩姓連結的複姓單名情況？,四角號碼作者號取碼法以取足4碼為原則，凡超過5字以上者，依前4字各取1碼（左上角）。詳細取碼規則及實例請參閱《中外圖書統一分類法》《圖書館學與資訊科學大辭典》《佛教圖書分類法. 1996年版》等文獻。,編目法
23561,2010-01-01,23561_A01,複本書應如何標引法，第一本不必標引複本號，第二本才開始標引複本號？,圖書館收藏文獻如有複本情況時，通常第一本不必標引複本號，以節省文獻加工的作業時間，第二本及其後各本才開始標引複本號。,作者號及輔助區分號
23561,2010-01-01,23561_A02,第二本複本號應標引為『c.2』還是『c.1』？,標引時有『c.2』和『c.1』兩種作法。國家圖書館採取的是前一種作法，即從『c.2』開始編複本號，提供給 貴館參考。,編目法
23562,2010-01-01,23562_A01,「內政部」三個字，依四角號碼法應如何取碼？,「內政部」三個字，依「四角號碼法」及「四角號碼著者取碼法」有關之規定，其著者號應標引為「4010」。,作者號及輔助區分號
23563,2010-01-01,23563_A01,曲木藏堯與莊學本合著文獻之作者號應如何標引？,如題，《西南夷族考察記》及《西康夷族調查報告》係一本合刊文獻，作者依序分別為曲木藏堯及莊學本。文獻著錄時其題名及著者敘述項依序著錄為『西南夷族考察記／曲木藏堯撰；西康夷族調查報告／莊學本撰』（Tag 200 $a西南夷族考察記 $f曲木藏堯撰 $c西康夷族調查報告 $f 莊學本撰）。文獻分類或作者號標引時，通常依文獻著錄順序為準，故其作者號依『居前原則』，即依『曲木藏堯』標引之。假如作者號標引規範工具為四角號碼法，則按前四字取碼為『5444』；假如作者號標引規範工具為首尾五筆號碼法，則按前三字取碼為『574』，另在三位碼之前加作者時代號『8』，組成『8574』。,作者號及輔助區分號
23564,2010-01-01,23564_A01,國立歷史博物館作為團體作者時，應以簡稱「史博館」或全稱「國立歷史博物館」標引作者號？,依編目作業習慣，團體作者取作者號時，若無通用簡稱則以全稱取碼。因「國立歷史博物館」無通用簡稱，故以全稱取碼。,作者號及輔助區分號
23564,2010-01-01,23564_A02,「國立歷史博物館」四角號碼作者號具體取碼結果為何？,全稱中「國立」不計入取碼文字，依「歷史博物」四字取碼，結果為「7542」。,作者號及輔助區分號
23565,2010-01-01,23565_A01,請問取作者號時，何時才以書名取為作者號？,1 原提問文字中『請問取作者號時』如改為『請問取同類書區分號時』或許更切當、周延，且符合題旨。因為，依作者所取之號碼，稱『作者號』。那麼，依書名所取之號碼如稱『作者號』，顯有問題；但如稱『同類書區分號』（或稱書次號、書號、書碼），即無困擾之虞。2 同類書區分號主要作用在於進一步區別同類之圖書，使其達到個別化、唯一化的要求，方便排架、出納、歸架、清點。同類書區分號號碼來源主要有4種：作者號、書名號、出版年代號、編目順序號。其中，以作者號取為同類書區分號的為最多，因此多將作者視為同類書區分號。究其實，作者號與同類書區分號二者，仍有範圍大小之區別。3 固然同類書區分號以作者號為主，不過在編目實務上，有時仍例外存有以書名取同類書區分號之情形，歸納起來有下列4種：3.1 佚名或未著撰者：有關佚名或未著撰者之圖書，依編目實務經驗，多以書名取同類書區分號。3.2 期刊：期刊雖有個人主編者，唯恐主編者頻頻更易，如以個人主編者取同類書區分號或許會造成號碼標引上困擾之處。至於以團體編者取同類書區分號，團體名稱之形式多為『xx 編輯委員會』，其中『xx』常與刊名相同，故通常以刊名作為取同類書區分號之依據。3.3 叢書：依叢書名取同類書區分號，其原因與上述略同。依編目實務經驗，以叢書名取同類書區分號限於下列兩種情況：其一、採整套著錄及整套分類方式之叢書；其二、採分散著錄但採整套分類之叢書。3.4 被研究書：被研究書在分類表中如未立為專號，為謀原書及其研究研究書集中起見，按被研究書書名取同類書區分號，可收集中一處方便參閱之效。,作者號及輔助區分號
23566,2010-01-01,23566_A01,「迅」字首筆號碼為「2」、「4」或「3」，是否與該字首筆及筆形有關？如何確定正確號碼？,「迅」字首筆號碼是「2」、「4」或是「3」，實與該字之首筆及其筆形有關。若首筆為橫起筆，號碼為「2」；若首筆為直筆，號碼為「3」；若首筆為撇筆，號碼為「4」。梁書以直筆為起筆，故取「3」，加上尾筆捺筆號碼「5」，和數為「8」。《中文目錄檢字表》以撇筆為起筆，故首筆號碼為「4」，和數應為「9」。,作者號及輔助區分號
23566,2010-01-01,23566_A02,是否有較權威之首尾五筆號碼檢字工具書，可供查檢參考？,查檢首尾五筆著者號碼工具書，主要為《中文目錄檢字表》。該書係以北平圖書館《中文目錄檢字表》為藍本，復據《經籍纂詁》增補而成，中國圖書館學會分類編目委員會重訂，目前已不易購得。,編目法
23566,2010-01-01,23566_A03,是否有中文筆順工具書可供查檢參考？,查檢中文筆順工具書，可參考以下書籍：（1）《小學生筆順詞典》（劉寧甫等，1982）；（2）《林道華筆順輸入法》（林道華，民國87）；（3）《最新標準國字筆順字典》（字典編輯委員會，1999）；（4）《小牛頓國小筆順字典》（陳松青，2001）；（5）《實用國語筆順字典》（謝玲蘭等，2001）；（6）《標準國語筆順辭典》（謝玲蘭等，2001）；（7）《常用漢字的筆畫筆順》（朱典、辛夷，1979）；另有一項研究：《國字筆順之智慧型電腦輔助教學系統》（黃志裕，民國88）。,主題法
23567,2010-01-01,23567_A01,當叢書、多卷書之子書或分卷有不同之版次或出版年時，採「分散著錄，整套分類」，其索書號標引及排架應如何處理？,若以「套」為標引單位，則先標引年代號，後標引冊次號。文獻排架時，先排出版年較早之套，再排出版年較晚之套；同套內依冊次號順序排列子書。若以「種」為標引單位，則先標引年代號，後標引冊次號。排架時依冊次號集中排列，同冊次再依出版年先後排序。,作者號及輔助區分號
23567,2010-01-01,23567_A02,當整套書館藏不全或不知其版次、出版起迄年時，輔助區分號應如何標引？,此時應以子書或分卷為標引準則，各子書或分卷各自標引本身之冊次號及年代號。文獻排架時，先排冊次號，再排年代號。此方式可避免因版次或出版年資訊不全導致無法彙集於同一冊次下。,作者號及輔助區分號
23567,2010-01-01,23567_A03,為求分類標引及排架簡省合理，索書號標引應遵循何種原則？,建議以子書或分卷為標引準則，各子書或分卷各自標引本身之冊次號及年代號。文獻排架時，先排冊次號，再排年代號。此方式可確保不同版次或出版年之子書或分卷能獨立標引，並符合排架簡省合理之需求。,作者號及輔助區分號
23568,2010-01-01,23568_A01,文獻分類法設有專號之類目，凡分入該專號之文獻，其著者號應如何標引？,一、文獻分類上所謂“專號”，有兩種意義。其一、是指以文獻名、人名、機關團體名等特定名稱為類名之類目。例如《中國圖書分類法》“005.31 國父傳記”、“062.1 中央研究院”、“121.27 荀子”、“413.11 內經素問”、“857.49 紅樓夢”、“857.47 西遊記”等類目，均屬專號之類目。其二、為庋藏方便起見，將善本、紀念藏、鄉土資料等特藏圖書，兒童讀物、盲人讀物等特定人用書，參考工具書、地圖等特種資料設為專號。唯本題解釋“專號”之對象，以前者為主，必要時則間及後者。 二、依據分類規則及《中圖法‧同類書籍排列法》「第4-6條」相關條文，對於設有專號之類目，其「同類書區分號」（又稱書次號、書碼等，著者號僅係同類書區分號之主要代表）取碼可加以變通，即以著者以外之「時代」、「省區」、「機關名稱」、「文學家」等，作為同類書區分號取碼之依據。準此而言，對於以文獻名為類名之類目，例如「857.49 紅樓夢」、「857.47 西遊記」等類目，在一般情況之下，可依注釋者、校訂者、研究者取同類書區分號。需要特別指出的是，如待編文獻只有原作者而無其他著述方式之著者時，仍然依「原著者」取同類書區分號。 三、對於設有專號之哲學家類目，其同類書區分號之標引，大致準用上一條規定，唯需進一步補充之。茲依一般分類原則及《中圖法》有關規定，簡述哲學家著述分類要點如下： 1. 凡設有專號且只有一種著述之哲學家，直接適用上一條規定，即直接按注釋者或研究者取同類書區分號。 2. 凡設有專號但著述不只一種之哲學家，仍取哲學家為同類書區分號，以構成「準專號」之類目；其注釋者或研究者則取為輔助區分號，記於索書號的第三行位置。 3. 分入哲學類之文獻，以下列三類文獻為主：其一、哲學家之全集、一般性選集及無類可歸之文獻；其二、前者之注釋文獻及校釋文獻；其三、哲學家及其著述之研究文獻。至於有關哲學家生平事跡文獻，則依各分類法之規定，或分入傳記類或分入哲學類。 4. 有關哲學家某一主題之著述（及其研究）或某一主題之選集，仍以分入各類為宜。例如黑格爾著之《歷史哲學》分入史學類，朱熹撰之《四書集註》分入四書類。,作者號及輔助區分號
23569,2010-01-01,23569_A01,非書資料例如錄影帶、錄音帶、CD、VCD等類型之特藏符號，應如何表示,"特藏符號又稱地位號碼，是指用某種符號、字母或文字，以表示資料類型或收藏地點的一種代碼。 以前圖書館常用中文或特殊符號，例如線""或""ㄠ""表示線裝書，""兒""或""+""表示兒童書，""圖""或""#""表示地圖，""△""表示參考書等；近來多用拉丁字母（羅馬字母）來表示特殊的資料類型，便於打字或電腦作業。唯目前臺灣地區各個圖書館，似乎尚未有統一的用法。 國家圖書館曾於近期對特藏符號作了一番整理，編製成《國家圖書館特藏符號一覽表》，收錄在《國家圖書館增訂類目表》附錄八。",機讀編目格式
23570,2010-01-01,23570_A01,如果分類號不同，是否須加作者區分號以資區分？,假如兩書內容主題不同、學科性質不同，其分類號自不相同，同時已具備區別作用，故無需對具有相同作者號的二作者，再標引以作者區分號。,作者號及輔助區分號
23570,2010-01-01,23570_A02,又在那些情形下須加作者區分號？,作者區分號主要是針對不同作者卻有相同作者號的同類文獻做進一步區分而設計，標引時機主要有：（1）不同作者卻有相同作者號的同類文獻；（2）不同被傳者、專書原作者、機關團體名稱卻有相同號碼的同類文獻。標引時必須同時具備分類號相同且不同作者但有相同作者號兩要件。,作者號及輔助區分號
23571,2010-01-01,23571_A01,兩位同姓不同人之外國作者，文獻編目時是否須譯成相同的姓，並取相同的作者號？,對於同姓不同人之兩位外國作者，建議中譯時最好譯成相同的姓，並取相同的作者號，如此才能維持譯名及人名權威記錄之規範性及一致性。,編目法
23571,2010-01-01,23571_A02,兩位同姓不同人之外國作者，文獻編目時是否可譯成不同的姓，取不同的作者號？,或許有人持相反看法，以為相同的譯名及作者號，會對人名權威控制及索書號標引帶來困擾。其實，有此想法是多慮了。因為，相同的作者名，可以經由譯名後所附之作者原名加以區分識別；至於相同的作者號，亦可由作者區分號，例如使用冒號（：）加以區分識別。,權威控制
23572,2010-01-01,23572_A01,對於同時包含漢字與假名之作者，應如何取四角號碼作者號？,"（一）日文片假名係依據漢字偏旁而創制的字母，因此其形體就如同中文方塊字一樣，包含了四個角；同時其筆形及寫法大致又與漢字相同，故可依四角號碼法取碼，唯應事先訂定取碼規則加以規範。按照前述辦法，當可解決同時包含漢字與假名之作者四角號碼取碼的困擾問題。 （二）香光尼眾佛學院圖書館即曾根據日文假名形體之特點，編訂了""日文假名四角號碼取碼表""一種，以作為日文假名取四角號碼的參考。歸納起來，該表取碼規則主要有3點： 以發清音之片假名字母形體為準，每一個字母依序只取左上角和右上角兩個號碼。例如""力""字母號碼取""40""，""才""字母號碼取""40""，""夕""字母號碼取""27""。 對於發濁音之片假名以及平假名之取碼，一律依其對應發清音片假名字母筆形為準，俾減少取碼困擾。 其餘作者取碼規則，大致依""四角號碼法著者號取碼規則""。",作者號及輔助區分號
23573,2010-01-01,23573_A01,作者名稱首字為阿拉伯數字，或前幾個字雜有阿拉伯數字，應如何取克特號？,作者名稱中含有阿拉伯數字（尤其是在前面部分），通常依英文數字讀法，例如數字、年代、分數等讀法，然後再以數字讀法的頭字母查克特著者號碼表，以選出相應之號碼。,作者號及輔助區分號
23573,2010-01-01,23573_A02,以「2000 annual」為例，應如何取克特號？,"以貴方所提問題為例，作者2000 annual …""宜先依英文讀法""two thousand""為準，然後再按""two""查克特號碼表以取其克特號。",作者號及輔助區分號
23574,2010-01-01,23574_A01,為何「茲」字的四角號碼為「8073」而非「4473」？,漢字四角號碼之取碼以楷書字形為主。查檢有關詞典，「茲」字有屬「玄」部，東華版《語辭辭海》分部屬之；有屬「艸」部，中華版《辭海》分部屬之。分部不同表示其字形有別。準此而論，「茲」字楷書之上半部有從「 」（其字形為「前」字頭）和從「艸」兩種不同寫法。字形若從前者，其四角號碼為「80」；字形若從後者，其四角號碼為「44」。由於四角號碼檢字法之編訂者以前者為準，故「茲」字號碼自然取為「8073」。,其他
23575,2010-01-01,23575_A01,若以《美國國會圖書館分類法》（LC／LCC）為分類標引規範工具，是否可採用冒號和槓號為輔助區分號？,"目前圖書館界用冒號（：）、槓號（-）作為輔助區分號之標識符號，是臺灣地區的作法與習慣。唯該作法並不適用於採《美國國會圖書館分類法》（LC／LCC）為分類標引規範工具之圖書館。採美國國會分類法之圖書館，多以克特著者號碼法為同類書區分號標引的規範工具。克特號的 ""作者區分號""的標識符為數字， ""作品號""（種次號）之標識符為羅馬字母。例如同類書中有Anderson, Andrews兩作者，依克特著者號碼法其作者號均為""An23""。為了識別起見，前者號碼取""An23""，後者號碼取""An235""。同作者之同類書，其作品號則以羅馬字母標識之。例如作者為Anderson之同類書，第1種入藏書其作品號為""An23""，第2種為""An23a""，第3種為""An23b""，餘類推。",作者號及輔助區分號
23576,2010-01-01,23576_A01,若為團體作者，是否以書名取作者號？,當作品之主要貢獻者為團體時，即以最有貢獻、或最重要、或最顯著、或列於第一的作者為主要款目。,作者號及輔助區分號
23576,2010-01-01,23576_A02,若無作者而為editor時，是否以書名取作者號？,為編者（compiler or editor）等編製之檢索款目，為附加款目，而非主要款目。,作者號及輔助區分號
23576,2010-01-01,23576_A03,若為多人同著時，是否依第一個作者取作者號，還是另有取作者號之規則？,當作品之主要貢獻者不止一人（或一團體）時，即以最有貢獻、或最重要、或最顯著、或列於第一的作者為主要款目；當主要貢獻者超過三個以上，則以作品之正題名或劃一題名為主要款目。,作者號及輔助區分號
23577,2010-01-01,23577_A01,以LC作為標引西文書之規範工具，若書名作者均相同，即分類號及作者號相同，不同出版年代之文獻其索書號應如何區分？,"分類號及作者號均相同之文獻，其年代號標引要點如下： 出版社相同但出版年不同，標引時第1版不加年代號，第2版以後各版均加西元年代號以區別之。 同一年內再版兩次以上，標引時前一版之索書號加西元年代號即可；最新版之索書號則須在西元年代號之右加英文字母a""以識別之。 出版社不同，即使兩家所出均是第1版，標引時必須為其中後編目之索書號加西元年代號以識別之。",作者號及輔助區分號
23578,2010-01-01,23578_A01,分類時應依傳主之生年抑或卒年標引時代號？,依《中國圖書分類法》附表10規定：本表時代區分以作家卒年為準。,作者號及輔助區分號
23578,2010-01-01,23578_A02,不仕新朝者之時代號如何標引？,"對於不願仕新朝者，仍以前朝時代號標引之。例如謝枋得之時代號應以""5.26""標引之，張煌言、朱之瑜之時代號應以""6.9""標引之。針對貴館所舉實例鄭成功之時代號應以前朝（即""6.9""）標引之；梁啟超之時代號應以卒年，（即""8.2""）標引之。",其他
23579,2010-01-01,23579_A01,國家圖書館對於團體作者名稱前有「國立、私立」字樣者，取號時是否可省略？,機關團體作者取號時，假如名稱前冠有「國立、私立」字樣者，通常省略不取。,作者號及輔助區分號
23579,2010-01-01,23579_A02,國家圖書館對於團體作者是否可逕以簡稱取號？,機關團體名稱如有習用之簡稱，例如中央研究院歷史語言研究所簡稱「史語所」、行政院國家科學發展委員會簡稱「國科會」等，依習用簡稱取作者號。機關團體如無習用簡稱，則依全名前三個字取作者號（首尾五筆法），或依全名前四個字取作者號（四角號碼法）。,作者號及輔助區分號
23580,2010-01-01,23580_A01,有關傳記文獻之同類書區分號，是否有分類規則可資依循？,一般有關文獻分類的論述，大多會設專章、專節介紹傳記的分類方法或分類規則。欲檢閱這類文獻，應不難獲得。一般文獻依著者取同類書區分號，唯對於傳記如仍依此規則，則反使同一傳主之文獻分散各處。因此，為了集中同一傳主的傳記，最常採取的方法是改按被傳者取同類書區分號；然後將研究者（即傳記文獻的作者）的號碼記於同類書區分號（即被傳者號碼）下一行，構成輔助區分號，以作為該被傳者有關文獻進一步排序的依據。以「被傳者」為同類書區分號或擴大而言，以「被研究者」為同類書區分號，是同類書區分號取號的權變方法之一。,作者號及輔助區分號
23580,2010-01-01,23580_A02,以「被傳者」或「被研究者」為同類書區分號，是否只適用於傳記類，抑或也適用哲學、繪畫等類？,按「被研究者」取同類書區分號，主要適用於個人傳記（「780 傳記類」及各科人物分傳，唯不適用於總傳）、專書研究（以無專號專書研究為限）、機關團體志（包含概況、簡介、歷史、大事記、史料、業務報告、規章、名錄等）、學校志（包含內容同前）、公司行號志（包含內容同前）等文獻。由前述分析可知，有關哲學家或畫家之個人傳記及其研究，自然可按「被研究者」取同類書區分號，以集中該哲學家或該畫家的有關文獻。,作者號及輔助區分號
23581,2010-01-01,23581_A01,同類書中同一作者的不同入藏文獻，其作品號應如何標引？,"國家圖書館用槓號""（-）作為""作品號""（又稱""種次號""）的標識符號，以區別本館同類藏書中同一作者的不同作品。作品號標引於著者號之右，號碼從""-2""起編，排列方法依""自然數序大小""排列，即按""2, 3, 4, …10, 11, 12…""順序。",作者號及輔助區分號
23581,2010-01-01,23581_A02,請舉例說明同類書中同一作者的不同入藏文獻作品號標引方式。,"例如本館先後收藏了""馬爾騰""所著之《如何開創你自己》、《智慧的運用》、《個性修養》三書，分類號為""192.1""（以《中國圖書分類法》為分類標引工具），作者號為""8335""（以""首尾五筆著者號碼法""為分類標引工具），必須加上作品號始足以區分前述三書。經標引作品號後，三書的分類索書號即分別為""192.1 8335""、""192.1 8335-2""、""192.1 8335-3""，如此就可以區分三書的不同所在。",作者號及輔助區分號
23582,2010-01-01,23582_A01,若以《美國國會圖書館分類法》為分類標引工具，遇同類藏書中不同作者有相同作者號或同一作者不同作品時，是否可用冒號或槓號作為輔助區分號？,輔助區分號中用冒號（：）和槓號（-）以標識著者區分號和作品號（種次號），與圖書館所用之分類及著者號碼規範工具無必然的關係。舉例來說，例如以《美國國會圖書館分類法》為分類標引工具，照樣可以用冒號（：）和槓號（-）來作為著者區分類號和作品號（種次號）的標識符號。這完全是圖書館自己標引輔助區分號時的規定，與其所採用之分類法無關。,作者號及輔助區分號
23583,2010-01-01,23583_A01,本館作者號標引規範工具的名稱及版本為何？,梁津南編著之《中西目錄排檢法與作者號碼表》（1985年，其前一版為《最新目錄排列法暨中文檢字與作者號碼表》，1982年）,作者號及輔助區分號
23583,2010-01-01,23583_A02,《中西目錄排檢法與作者號碼表》中「郝」、「赫」、「裘」等字的號碼是否正確？請解釋。,根據「首尾五筆號碼法」，「郝」字號碼應為5（橫、直）、「赫」字應為3（橫、點）、「裘」字應為7（橫、捺），原書中的號碼可能有誤，建議檢查全書以更正錯誤。,作者號及輔助區分號
23584,2010-01-01,23584_A01,假如有一本文獻，其作者名稱為中英文雜夾者，例如「Smart智富月刊編輯部」，應如何取著者號？,有關中英文雜夾的作者，其作者號因採用「四角號碼」與「首尾五筆」而有不同的取碼方式，茲述之如後：採「四角號碼著者號取碼法」，勿須將英文翻譯成中文，直接依英文字母查檢「羅馬字母號碼表」即可。有關「首尾五筆著者號取碼法」者，須依英文文義意譯或音譯為中文，然後再依中文筆形取其首尾五筆號碼；至於對於無法中譯之作者，變通作法有二：其一、英文部分視為不見，依中文部分取其首尾五筆號碼；其二、依題名中文取首尾五筆號碼。有關「首尾五筆著者號取碼法」規則，請參閱「國家圖書館著者號碼取碼要點」，在：《國家圖書館增訂類目表》（國家圖書館編目組編，臺北：國家圖書館，2000），頁31-33。以本題為例，可依「Smart智富月刊編輯部」中文部分前三字取其首尾五筆號碼為「636」。,作者號及輔助區分號
23584,2010-01-01,23584_A02,是否可按書名取著者號？,可依題名中文取首尾五筆號碼。,作者號及輔助區分號
23585,2010-01-01,23585_A01,一套書分裝上中下3冊，3冊均為再版，出版年分別為民國85年、87年、90年，年代號應如何標引？,年代號的標引，基本上與出版年代的著錄是一致的。大致來說，出版年如何著錄，則其年代號就如何標引。組成多卷書的各個分卷，不論初版或再版（包含再版之後的各個版次），若出版年有跨年的情形，著錄時通常以起止年代著錄之。以本題為例，機讀編目格式欄位210 $d即記錄為『210 $d民85-90』。因此，本套多卷書書目記錄（或卡片目錄）索書號，其年代號應標引為『85-90』,機讀編目格式
23585,2010-01-01,23585_A02,若年代號各自分離標引，排架時是否會產生問題？,假如各卷年代號各自標引，文獻排架時出現不同的排架號，反而給人突兀的感覺，並不可取。,其他
23586,2010-01-01,23586_A01,本館應如何取首尾五筆法作者號？作者譯為「赫」時，應如何處理？,"作者首尾五筆號碼通常與作者時代號配合使用，組成首尾五筆法作者號，位數共計3-4位，其中作者時代號佔1位，居左；作者首尾五筆號碼佔2-3位，居右。對於僅有一字之中譯姓，權宜解決的辦法有三：拉長音節以求解決，例如本例國家圖書館即將作者""Hay""拉長音節後，譯為""赫伊""，其作者號碼取為""38""；於中譯姓之後加添""氏""字以求解決，即將一個字的中譯姓變成二個字，例如本例作者可補譯為""赫氏""，其作者號碼取為""37""；於作者號碼之後，硬性規定補""0""以求解決，例如本例作者譯為""赫""，而其作者號碼則取為""30""。",作者號及輔助區分號
23586,2010-01-01,23586_A02,國家圖書館將「Hay」譯為「赫伊」，此譯姓從何而來？,"國家圖書館係將作者""Hay""拉長音節後，譯為""赫伊""，其作者號碼取為""38""。",作者號及輔助區分號
23586,2010-01-01,23586_A03,中央通訊社之《標準譯名錄》是否有最新的版本？,"《標準譯名錄》：經查""國家圖書館全球資訊網∕圖書館目錄查詢∕館藏目錄查詢及全國圖書聯合目錄""、""全國圖書書目資訊網""等網站，該書係中央通訊社編印，民國69年出版。分裝2冊：上冊""姓氏""部分，下冊""名字""部分，書前冠附錄：""各國人名之特殊結構""、""特殊發音表""、""外國人自定中文姓名中英文對照表""、""華裔人名中英文對照表""4種。民國70年該社曾編印補充資料：《標準譯名錄：新見譯名補充資料》，據聞目前已不再出版，其最新版本為何並不清楚。",其他
23587,2010-01-01,23587_A01,作者號之後是否可加小數點？,作者號後面之小數點，是輔助區分號裡頭的一種，通常表示「續編」或「輯次」之意。『續編號』或『輯次號』係針對採『分散著錄、集中分類』編目方式的多卷書或叢書而設。,作者號及輔助區分號
23587,2010-01-01,23587_A02,附註中斜撇（∕）表示何意？請解釋分類索書號『673.27／4038.4』的含義。,提問中所舉分類索書號：『673.27／4038.4』，經查國立臺灣大學圖書館分類目錄，其書名為《臺灣霧峰林氏族譜》，編者為臺灣省文獻委員會，1994年南投市臺灣省文獻委員會出版，收錄於《臺灣歷史文獻叢刊. 傳記類》內。由於，臺大圖書館採『分散著錄、集中分類』編目方式，按叢書名取書次號（又稱同類書區分號，簡稱書碼），並定『傳記類』為該叢刊的第4輯。因此，書次號用『4038.4』表示。,作者號及輔助區分號
23588,2010-01-01,23588_A01,在結構上由標目主體'和'副標目'兩者構成之團體作者標目，依標目主體取作者號，抑或同時依主、副標目二者取作者號？,（1）在結構上由標目主體'和'副標目'兩者構成之團體作者標目，通常依標目主體取作者號；唯假如副標目獨用不致誤解或具有檢索意義者，可依其副標目名稱或簡稱取作者號，例如'行政院文化建設會'、'中央研究院近代史研究所'等，可依'文建會'、'近史所'取作者號；否則依標目主體取作者號。 （2）假如同一類號下，兩個不同團體其作者相同，則其後之作者號可加作者區分號以識別之，目前圖書館界常用'冒號'（：）識別之。,作者號及輔助區分號
23589,2010-01-01,23589_A01,使用首尾五筆法'取作者號，其中第1節號碼：作者時代號'1-8'，各代表什麼朝代？,先秦（1）、秦漢（2）、魏晉南北朝（3）、隋唐五代（4）、宋遼金元（5）、明代（6）、清代∕近代（7）、民國∕現代（8）。,作者號及輔助區分號
23590,2010-01-01,23590_A01,以四角號碼法為「索甲仁波切」取作者號應如何操作？,以四角號碼法為作者號取碼規範工具，其作者號以取足4碼為原則。至於作者取碼法與姓名制度有關。茲以漢族姓名為例，有關作者號取碼規則可歸納為下列5點： （1）單姓雙名制：姓氏取2碼（左上角、右上角各1碼），名字各取1碼（左上角）； （2）單姓單名制：姓氏、名字均各取2碼； （3）複姓單名制：姓氏各取1碼，名字取2碼； （4）複姓雙名制：姓氏、名字均各取1碼； （5）其餘5個字以上的作者，按簡稱（以有習用簡稱者為原則）或前4個字依前述規則取碼。依據上述規則，『索甲』之『四角號碼法』作者號為『4060』。,作者號及輔助區分號
23591,2010-01-01,23591_A01,作者號第1位號碼是否是依朝代標引的？,臺灣地區通行的作者號取碼法，主要有「四角號碼法」和「首尾五筆法」兩種。不同的取碼法類型，其作者號的首位號碼含意也不相同。『首尾五筆法』作者號，其結構可分為兩小節：第1小節為「作者時代號」，分別以「1、2、3、4、5、6、7、8」代表先秦至現代各朝代（此以中國著者時代為例），佔1位數居左。,作者號及輔助區分號
23591,2010-01-01,23591_A02,為何許多圖書館作者號的第1位號碼為9？21世紀時代號是否變成9了嗎？,『首尾五筆法』作者號第1節號碼最小數字為「1」，最大數字為「8」，因此，第1位號碼如出現「0」或「9」，則可逆推其作者號屬「四角號碼法」類型。『四角號碼法』作者號，其結構只有1節，固定由4位數號碼構成。其第1位號碼並不代表作者的時代，只單純構成作者號的一部分，數字有可能出現「0」或「9」。,作者號及輔助區分號
23592,2010-01-01,23592_A01,內容相同但卷數不同的活頁補篇資料，部冊號應如何標引？,內容相同的2部書，理應記錄為一筆書目記錄（或著錄為一條目錄款目），即第2部書按複本書處理。但如果兩部內容相同但裝訂冊數不同的書，按複本書處理之，則會發生複本號不知如何標引的困擾。為了解決上述問題，實務上通常採變通辦法，即將冊數不同的兩部書視為兩部不同的書，分別記錄為兩筆書目記錄；同時為了區別兩部書的分類索書號，在其中一部書的索書號加標引年代號，以資區別。根據上述，如有一本前程管理公司編撰之《生產管理》，民國90年印行，分別發行精裝4冊、平裝6冊；茲假設分類規範為《中國圖書分類法》，著者取號規範為『首尾五筆著者號碼法』。茲試標引部冊號如下：精裝：494.5/8466/v.1、494.5/8466/v.2…494.5/8466/v.4；平裝：494.5/8466/90v.1、494.5/8466/90v.2…494.5/8466/90v.6。※附註：斜撇（/）表示分行的意思，例如『494.5/8466』，即表示『494.5』寫記錄於索書號的上一行，『8466』記錄於索書號的下一行。,作者號及輔助區分號
23593,2010-01-01,23593_A01,年代號是否一定須標引？,分類索書號通常是一書一號，以區別其他藏書。年代號是輔助區分號之一，用以進一步區分同類又同作者的文獻，或揭示文獻中所涉及之資料年代。標引年代號是有其作用與意義的。,作者號及輔助區分號
23593,2010-01-01,23593_A02,什麼類型的文獻需要標引年代號？,以資料年代為內容主要特徵之文獻（如法規彙編、統計彙編）、年度出版品（如年鑑、年報、會議錄、按年出版之目錄、『xx年版』之出版品）、同書再版本（如第2版或修訂版、補訂本等後版次）、同書異版本（不同出版社出版的同一書）均需標引年代號。,作者號及輔助區分號
23594,2010-01-01,23594_A01,在何種情況之下，才以叢書名取書碼（書次號）？,以叢書名取書碼，並非適用於所有的叢書，而是以『整套著錄、分散分類』為限；除此之外，凡採『分散著錄、個別分類』或『整套著錄、集中分類』的叢書均不適用。,其他
23595,2010-01-01,23595_A01,「行政院衛生署疾病管制局」應如何取作者號？,本題屬團體取碼問題，團體名稱無習用簡稱者，按次一層級名稱前三字「衛生署」取著者號。依首尾五筆法及四角號碼法，其著者號碼分別為「8765」和「2126」。其中「8765」首碼8表示現代或民國時代著者。,作者號及輔助區分號
23596,2010-01-01,23596_A01,索書號之年代號標引時，應標引版次年代或印刷年代？,假如待編文獻版權頁上同時載有版次年及印刷年，其索書號之年代號的標引，應以版次年為準。假如待編文獻版權頁上只載有印刷年，而未載版次年，且版次年無法查考時，才以印刷年標引之。,作者號及輔助區分號
23596,2010-01-01,23596_A02,民國89年二版，90年二版二刷，其索書號之年代號應標引為何？,其年代號一般應標引為89；唯如依前述第二項著錄時，其年代號則應標引為90。,作者號及輔助區分號
23597,2010-01-01,23597_A01,「美國國會圖書館克特號碼表」何處可查獲？,《美國國會圖書館克特號碼表》（LC Cutter Tables）可查分類法教科書。也可上網點選「編目園地」，其上有「美國國會圖書館克特號碼取法」資料。另《國家圖書館增訂類目表》（國家圖書館編目組編訂，臺北：國家圖書館，2000年）附錄六：「國家圖書館克特號取碼要點」，係根據《美國國會圖書館克特號碼表》加以編製，亦可參閱。,作者號及輔助區分號
23598,2010-01-01,23598_A01,中文著者號碼表有哪些規範工具書？,目前臺灣地區較通行的取作者號規範工具書，主要有下列兩種：《中文目錄檢字表》，中國圖書館學會分類編目委員會編，重訂本，臺北：中國圖書館學會，1964年，是依首尾五筆著者號碼法編製的。《四角號碼檢字法》，王雲五編訂，增訂2版，臺北：臺灣商務印書館，1972年，是依四角號碼檢字法編製的，可作為四角號碼著者號取碼之用。,作者號及輔助區分號
23598,2010-01-01,23598_A02,何處可以購得中文著者號碼表？,《中文目錄檢字表》可向中國圖書館學會購得，《四角號碼檢字法》可向臺灣商務印書館購得。,編目法
23598,2010-01-01,23598_A03,有關《克特著者號碼表》請一併加以介紹。,"《克特著者號碼表》係西文著者取碼規範工具書之一，為美國圖書館學家克特氏（Charles Ammi Cutter, 1837-1903）於1887年所編訂。1896年桑伯恩氏加以改訂，出版改編本，習稱《克特 - 桑伯恩三位數著者號碼表》。該表係按字母順序編排，每一頁印成5欄，每一欄又分為左、中、右3分欄，中間分欄列「三位數」號碼，左右兩分欄則各列姓氏。查檢時以待查姓氏前幾個字母比對表上的姓氏字母，選其最符合的一組；然後即以姓氏首字母加所查獲之「三位數」號碼，就構成著者號碼了，是屬於查號法的一種。另外，還有一種為美國國會圖書館所採用，它是根據取碼規則來取著者號，是屬於編號法的一種。",作者號及輔助區分號
23599,2010-01-01,23599_A01,作者號之後加上『：』（冒號）的意義為何？,作者號之後加上『：』，讀作『冒號』，是作者區分號的標識符號，用來區別兩個不同的作者但卻有相同的作者號碼。,作者號及輔助區分號
23599,2010-01-01,23599_A02,作者號之後加上『-』（槓號）的意義為何？,作者號之後加上『-』，讀作『槓號』，是作品號（種次號）的標識符號，用來區別同一類號同一作者的不同作品。,作者號及輔助區分號
23600,2010-01-01,23600_A01,西文翻譯書原作者若未有中譯名，應如何取作者號？,"西文翻譯書原作者若未有中譯名，因圖書館採用的著者號取碼法之類型而有差異。目前，臺灣地區最通行的著者號取碼法，主要有兩種：其一為四角號碼著者號取法，另一為首尾五筆著者號取碼法。茲分述如後： (一) 四角號碼著者號取碼法： 依王雲五設計的原意，勿需將西文著者的原名中譯，逕依其編訂之羅馬字母號碼表""取著者號即可。茲將""羅馬字母號碼表""整理如下：""AHO（0）、BP（1）、CK（2）、DT（3）、EIJY（4）、FUVW（5）、GQ（6）、LR（7）、MN（8）、SXZ（9）""。 取碼方法參考資料：請參閱王雲五編訂《中外圖書統一分類》（臺北：臺灣商務印書館，1972）""書前""。香光尼眾佛學院圖書館編訂《佛教圖書分類法. 1996年版》（嘉義：香光書鄉出版社，1996）""附錄""。國立編譯館主編《圖書館學與資訊科學大辭典》（臺北：漢美圖書公司，1995）上冊，頁221-222。 (二) 首尾五筆號碼著者號取碼法： 必須將西文著者原名譯成中文，然後再依中文筆形首尾之""點、橫、直、撇、捺""取著者號。 西方人名中譯工具書，請參閱中央通訊社編《標準譯名錄》（臺北：中央通訊社，19xx）。新華社譯名室編《世界人名翻譯大辭典》（北京：中國對外翻譯出版公司，1993）。 取碼方法參考資料：請參閱國家圖書館編目組編訂《國家圖書館增訂類目表》（臺北：國家圖書館，2000）""附錄""。",作者號及輔助區分號
23601,2010-01-01,23601_A01,團體作者是否依書名的第一個字取作者號（Author Code；Author's Number）？,通常不依書名取著者號，而是根據團體名稱本身取著者號，唯有一定的取號原則。團體著者取號原則，最主要有下列3項：團體作者若有習用之簡稱，例如中研院『、『史語所』、『文建會』等，按簡稱的前3個字（適用於首尾五筆著者取碼法）或前4個字（適用於四角號碼著者取碼法）取著者號。團體作者若無習用之簡稱，例如國家圖書館、國立教育資料館、臺北市林氏宗親會等，則按團體全稱的前3個字或前4個字取著者號。團體名稱中如有『中華民國』、『臺閩地區』、『臺灣地區』、『臺灣省』、『財團法人』、『有限責任』、『國立』、『私立』等字樣者，則省略不取。,作者號及輔助區分號
23602,2010-01-01,23602_A01,複姓著者取碼時應如何處理單名與雙名？,「首尾五筆法」取碼要點：先查出每個單字首尾筆形各自之代碼，然後相加求其和數，即求得該字之代碼。中國人姓名制度：姓制有單姓、複姓之分，名制有單名、雙名之別，除邊疆民族外，漢人姓名字數多數是4字以內，但取為著者號時至多取3碼。因此，有關複姓單名著者號，自需全取，至於複姓雙名著者號則只需取前三碼即可。,編目法
23603,2010-01-01,23603_A01,因譯者為日本人而將外國作者用假名譯出，取作者號時應依日文假名還是依外國作者原名的漢譯名取作者號？,作者號是文獻分類的細化和深化。取作者號的先決條件之一是，必須對作者的異名預作控制，亦即必須自始至終依選為標準的名稱取作者號。根據前述原則，如果譯成假名的外國作者，在國內已有漢譯名或在編目機構已建有漢譯人名權威記錄，應以通行的漢譯名或人名譯名權威記錄取作者號。如果外國作者未有漢譯名，但譯成假名的外國作者附有西文原名，則依人名漢譯規則或標準譯成漢名後取作者號。譯成假名的外國作者雖未附西文原名，但可查知該作者的漢譯名，則以查知的漢譯名取作者號；如確實無法查知該作者的漢譯名，則依日文假名譯名取作者號。按假名取作者號可根據『植村著者號碼表』或『國家圖書館假名取碼法要點』（該要點附有『國家圖書館假名首尾五筆號碼表』）。以上所述，是按臺灣地區圖書館以首尾五筆著者號取碼法為規範工具的作法，至於以『四角號碼著者號取碼法』為規範工具時，其作法與此不同。按該法對西洋作者是直接依其原名的『羅馬字母號碼表』取作者號，不必經由漢譯這個步驟。至其取作者號方法，請參閱《中外圖書一分類法》（王雲五撰，臺4版，臺北：臺灣商務印書館，1979）一書中之『中外著者統一排列法』一節。,作者號及輔助區分號
23604,2010-01-01,23604_A01,有關西文文獻分類標引時，對於有相同的分類號和作者號，但卻為不同作者，其分類索書號應如何標引,"圖書分類主要的目的是為了類集和區分，詳言之，即將同類的書聚集一起，不同類的書區分開來。但同類書其分類號必定相同，因此還需進一步加以區分，這樣才能區別每一種書並方便圖書排架。一般而言，大部分圖書有了分類號和同類書區分號（作者號）組成的分類索書號，即可達到區分和識別的功能。但有時如本題所提，對於有相同的分類號和作者號而又是兩個不同的作者，還必須加上輔助區分號以求補救之。輔助區分號有多種，作者區分號是其中一種。以國家圖書館西文文獻分類標引為例，作者區分號以小寫的拉丁字母a, b, c…為識別符號。設有鄭（Cheng）、程（Ch'eng）兩位作者[註]，他們分別著有《朱子哲學》，如以《美國國會圖書館分類法》、《克特著者號碼表》為標引工具，其分類號為""B128.C5""，作者號為""C421""。因此，第二位作者（程）就必須加作者區分號""C421a""以區別之。如此，鄭（Cheng）著之《朱子哲學》分類索書號為""B128.C5 C421""；程（Ch'eng）著之《朱子哲學》分類索書號為""B128.C5 C421a""。 **[註]依據韋翟士羅馬字母（Wade-Gilies System）拼寫",作者號及輔助區分號
23605,2010-01-01,23605_A01,如何取得英文作者之譯名表？,有關英文作者譯名表，可參閱下列文獻： 世界人名翻譯大典∕新華社編譯室編。北京：中國對外翻譯出版公司，1993。（書末附有“英文譯音表”）； 標準譯名錄∕中央通訊社編。臺北：中央通訊社，1980。,作者號及輔助區分號
23606,2010-01-01,23606_A01,對於不同著者而有相同著者號，其索書號應如何區別？,索書號碼由分類號和同類書區分號組成，並進一步使用輔助區分號區分。其中著者區分號是輔助區分號最重要的一種，以冒號（：）表示，通常從「：2」開始編號，並按自然數序排列。,作者號及輔助區分號
23607,2010-01-01,23607_A01,雙姓單名著者以四角號碼法取碼時，應如何取碼？,以四角號碼法取個人著者號，以取足4碼為原則。中國人（其實是漢民族）的姓名制度，主要有單姓雙名、單姓單名、複姓單名、複姓雙名4種，反映在取碼數上，其基本原則如下： 單姓雙名制：「姓」取2碼（左上角和右上角）、「名」各取1碼（左上角）。 單姓單名制：「姓」與「名」各取2碼（左上角和右上角）。 複姓單名制：「姓」各取1碼（左上角）、「名」取2碼（左上角和右上角）。 複姓雙名制：「姓」、「名」各取1碼（左上角）。 因此，著者如係歐陽龍，則其著者號應為「7701」。,作者號及輔助區分號
23608,2010-01-01,23608_A01,日文作者號取號標準的規範工具是什麼？,國家圖書館曾根據「五筆檢字法」原理編有「日文假名號碼表」，並於民國89年11月8日編訂【國家圖書館假名取碼法要點】作為編目規範標準。此外，日人植村長三郎曾根據美國《克特著者號碼表》原理編有《植村著者號碼表》（原名《著者號碼簡明表》），為三位著者號碼表（假名一位、數字兩位），可作為參考工具。,作者號及輔助區分號
23609,2010-01-01,23609_A01,多卷書首冊未標明編次已編目，後續冊次有編次時，應如何著錄？,"可採整套著錄法或分散著錄法：
1. 整套著錄法：將整套題名記錄於欄位200 $a，各編次如有編次名稱則記錄於欄位327（內容註），如只有編次則調整欄位215 $a（稽核項頁面數）。分類索書號方面，首冊加標引卷冊號（v.1），其餘冊依次標引為「v.2」「v.3」等。
2. 分散著錄法：首冊原紀錄維持不變，其餘冊採分散著錄方式，各冊產生獨立書目紀錄。整套題名記錄於欄位200 $a，各編次名稱記錄於$h及$i，215 $a記錄各冊稽核項。分類索書號方面，首冊維持原號碼，其餘冊以續編號方式標引（如「.2」「.3」等）。",編目法
23609,2010-01-01,23609_A02,多卷書後續冊次進館時，應如何標引索書號？,若採整套著錄法，首冊標引「v.1」，其餘冊依次標引為「v.2」「v.3」等；若採分散著錄法，首冊維持原標引號碼，其餘冊以續編號方式標引（如「.2」「.3」等）。,作者號及輔助區分號
23610,2010-01-01,23610_A01,本館針對再版之圖書，在索書號標引年代號以資識別，請問年代號之標引，採民國年代抑或採西元年代？,有關索書號中之年代號標引，採民國年代抑或採西元年代均可，可由圖書館本身選擇一種方式使用之，並無規定非採何種標引方式不可。惟如採西元標引方式，若有跨年之年代號，則字符所佔之比特比較多（有9位之多）。,其他
23611,2010-01-01,23611_A01,以《中文目錄檢字表》為檢字工具，'梁'字應如何查檢？,應查11畫、點畫部，首尾和數為6之字列裡。,作者號及輔助區分號
23611,2010-01-01,23611_A02,以《中文目錄檢字表》以著者號取碼規範工具，'梁'字首尾五筆號碼如何標引？,首筆為'點'，其代碼為'1'，尾筆為'捺'，其代碼為'5'，首尾兩個號碼相加，其和數為'6'。,作者號及輔助區分號
23612,2010-01-01,23612_A01,以《中文目錄檢字表》為取作者號取碼規範工具，‘梁’字應如何標引？,以《中文目錄檢字表》為取作者號取碼規範工具，‘梁’之號碼應為‘6’。‘梁’字起筆為點，代碼為‘1’，收筆為捺，代碼為‘5’。取碼時首尾號碼相加，其和為‘6’（‘1 + 5 = 6’），故作者號標引為‘6’。,作者號及輔助區分號
23613,2010-01-01,23613_A01,中文書的作者雖為中國人，但取名時卻雜夾著西文字母或逕以西文取名，且手邊待編文獻又查不到有關作者簡介，作者號應如何標引？,假如臺端實在無法查獲待編文獻之作者，可以變通以題名來標引作者號。,作者號及輔助區分號
23614,2010-01-01,23614_A01,複本書若一本收藏於普通書區，另一本收藏於特藏書區，則此另一複本書索書號是否需標引「c.2」？,答案應是肯定的。之所以需加複本號「c.2」，主要有兩個目的：其一、為了識別館藏每一種文獻，甚至每一種文獻的每一分卷（或分冊）。易言之，即使得每一種文獻及每一種文獻的分卷（或分冊）在書架上都有確切位置，以確定在整個藏書體系中的地位，如此才便於出納作業。其二、是用以表徵財產紀錄的註記。準此而言，複本書若一本收藏於普通書區，另一本收藏於特藏書區，則此另一複本書索書號仍需標引「c.2」。,作者號及輔助區分號
23615,2010-01-01,23615_A01,圖書館收藏平裝本時，年代號應標引版權年還是出版年？,"西文圖書既有版權年（年代較早），又有出版年（年版較晚），年代號標引時，通常是先標引出版年再標引版權年。出版年與版權年二者間以逗號隔開，版權年後並加註小寫拉丁字母「c」，以資識別。以提問為例，精裝本應標引為「1999」，平裝本應標引為「2000, 1999c」。",作者號及輔助區分號
23617,2010-01-01,23617_A01,首尾五筆作者號與四角號碼作者號兩者的優劣為何？,有關首尾五筆法與四角號碼法兩種作者號取碼規範之優劣，頗不易論斷和比較，端視圖書館本身而定，可說是各有優缺點各有千秋，並非是涇渭分明。茲僅就本人所知，簡述如後：一、首尾五筆作者號碼法 1 優點：1.1 是編號法的一種，只要一學會，即可根據取號規則標引作者號，不必查檢相關規範工具；1.2 首尾五筆檢字法學習較易；1.3 作者號之首碼是作者時代號，使讀者一看便知其時代，時還可以滙集同類同時作者之作品於一處。 2 缺點：2.1 由於筆形只歸納成少數的5種筆形，字碼重碼比率比較高；2.2 西洋作者必須譯成中譯名，始可取作者號，增加翻譯的困擾。同時，同一作者若中譯名不同，會造成作者號取號，反而使同作者的作品分散。二、四角號碼作者號取碼法 1 優點：1.1 是編號法的一種，只要一學會，即可根據取號規則標引作者號，不必查檢相關規範工具；1.2 西洋作者只須根據羅馬字母（拉丁字母）即可標引作者號，不必譯成中文，真正實踐了中外作者統一取號的理想作法。 2 缺點：2.1 漢字四角、筆形及其號碼，有時不易確定；2.2 四角號碼檢字法的學習較困難；2.3 假如分類號碼中未標引時代號碼，就無法使同類同時代作者的作品依時代加以集中或區分不同時代的作者作品。,作者號及輔助區分號
23617,2010-01-01,23617_A02,是否應全面進行改號？,根據以上比較，可知事物之孰優孰劣並非絕對。建議貴館如無充分配合之人力、財力、物力等條件，以不調整變動為宜。畢竟臺灣地區各個圖書館，在有關分類法之選用上或有趨同的做法，而對於作者號則多『因館制宜』呈現多彩多姿的樣貌。,其他
23618,2010-01-01,23618_A01,外文翻譯作品的作者號應以原作者還是以翻譯者取作者號？,翻譯作品的作者號，依一般作法自應以原作者取其作者號（或著者號），如此才便於將同一作者同類但不同種的作品或同一種不同版本的同一作品滙集一處。除非某一作品設有專號，始例外地依譯者取作者號。例如《中文圖書分類號》（2007年版）即立有『873.412 綽塞別集』、『873.433 莎士比亞別集』等專號，此時才改依譯者取作者號。,作者號及輔助區分號
23619,2010-01-01,23619_A01,以『首尾五筆檢字法』為作者號取碼工具，它的取碼方法為何？,"依『首尾五筆檢字法』取碼規則，首先，將漢字筆畫歸納為『點、橫、直、撇、捺』5種筆形（或筆畫），然後再以阿拉伯數字『1, 2, 3, 4, 5』5個號碼代替之。第二，每個漢字各取其首尾筆形，並以其代碼相加，所得之和數即為該字之號碼。例如『史』『學』二字，其首尾筆形分別為『直、捺』與『撇、橫』，故該二字之號碼分別為『7』『6』。",作者號及輔助區分號
23619,2010-01-01,23619_A02,以『林』字為例，它的號碼為何是『7』？,『林』字首筆為橫筆，其代碼為『2』，末（尾）筆為捺筆，其代碼為『5』，故首尾號碼相加其和為『7』，故該字之首尾五筆號碼為『7』。,作者號及輔助區分號
23620,2010-01-01,23620_A01,《中文目錄檢字》中「慈」字的號碼是什麼？,作者號碼「慈」字依《中文目錄檢字》（即「首尾著者號取碼法」）標引，正確號碼應為「2」而不是「4」，即該字以「點」起筆，以「點」收筆，請編目同仁特別注意。,作者號及輔助區分號
23621,2010-01-01,23621_A01,何謂「權威檔」？,「權威檔」（authority file）又譯規範文檔。它是由權威記錄（authority record，又譯「規範記錄」）組成的電腦檔。由於權威標目的種類，包括書目記錄的檢索點（編著者名稱）、統一題名、叢書名、主題標目等。因此，權威檔可分為名稱權威檔、主題權威檔、叢書權威檔3種。其中，名稱權威檔包括個人名稱、國家名稱、機關團體名稱、會議名稱、地理名稱和統一題名等。,權威控制
23621,2010-01-01,23621_A02,「權威檔」有何種功能？,權威檔作用在於實行權威控制，保證機讀目錄中文檔標目的唯一性和一致性，以便有效實現對機讀目錄的統一管理。標目的唯一性和一致性，包括下列三層含義：2.1 標目的唯一性：對於同實異稱之標目，只允許選其一為標準形式；對於異實同稱之標目，則加註識別形式。2.2 標目的一致性：對於多人同時作業或同一人異時作業，其所選取之標目，為一致的、一貫的。2.3 標目間的關係：包括同實異稱標目間之「見」參照，機關名稱間之改名、改制、改隷之「參見」參照和異實同稱標目間之「說明語」形式。,權威控制
23622,2010-01-01,23622_A01,為學術研究用途（絕非營利），個人或是學術單位可否申請「中文名稱權威資料庫」的使用權？,「中文名稱權威資料庫」目前僅開放給NBINet合作單位使用，未來是否開放給其他機構使用及使用方式，將另行研議。,其他
23622,2010-01-01,23622_A02,是否需經由學校之圖書館取得合作授權後方可使用該資料庫？,目前無需經由學校圖書館取得合作授權，但使用權限僅限NBINet合作單位，未來是否需經由學校圖書館授權將視開放政策而定。,其他
23623,2010-01-01,23623_A01,何謂「線上目錄標題權威檔」？,就個人所知，似無需將「線上目錄」加諸「標題權威檔」之前，形成形容詞性的詞組：「線上目錄標題權威檔」，直稱「標題權威檔」豈不直接了當且簡明可取。 欲了解「標題權威檔」，先要了解什麼是「權威檔」？所謂「權威檔」（Authority File），又譯規範檔。是指由許多權威記錄組成的計算機文檔，其作用是實行權威控制（規範控制），保證機讀目錄中文檔標目的唯一性和一致性（統一性），以便有效地實現對機讀目錄的統一管理。權威檔可分為名稱權威檔、標題權威檔和叢書權威檔3種。 準上而言，所謂「標題權威檔」是指由許多標題權威記錄組成的計算機文檔，其作用是實行標題權威控制（規範控制），保證機讀目錄中標題標目的唯一性和一致性（統一性），以便有效地實現對機讀目錄中標題標目的統一管理。 標題權威款目依標目的性質或作用可分為「正式標題款目」和「非正式標題款目」兩種。其中，正式標題款目係作為標引或檢索使用的款目，依序著錄「款目詞（或標目詞）、代項同義詞、狹義詞、廣義詞、參項相關詞」等：非正式標題款目係不作為標引或檢索使用的款目，只作為指引使用者去檢閱正式標題款目使用的款目，依序著錄「款目詞」（或標目詞）及「用項同義詞」。 茲舉一例，以明體制。正式標題款目：「邏輯」，代「理則學、論理學」，狹「形式邏輯、數理邏輯」，參「因明、名學」。非正式標題款目：「理則學「用「邏輯」。,權威控制
23624,2010-01-01,23624_A01,作者檢索款目應如何著錄，才能集中其館藏文獻？,"應建立作者權威記錄並遵循以下著錄作法：(1)題名及著者敘述項(欄位200)仍以入藏文獻原題之作者名著錄；(2)檢索標目(欄位7__)應改為圖書館所建權威記錄之標準形式；(3)附錄項(欄位300或314)應註明文獻原題之作者名與檢索標目之作者名兩者之間的關係，例如「撰者本名 xx」、「撰者筆名 xx」等。透過權威控制機制，不論記錄為「700 $a貝松 $c(Besson, Luc)」或「700 $a盧貝松 $c(Luc Besson)」，讀者均可從「貝松」或「盧貝松」查到該作者所有館藏文獻。",編目法
23625,2010-01-01,23625_A01,欄位035的$a代表什麼意義？,欄位035係表示權威記錄的舊系統號。,機讀編目格式
23625,2010-01-01,23625_A02,欄位900的$a代表什麼意義？,欄位900係記錄圖書館的Local資料。,機讀編目格式
23625,2010-01-01,23625_A03,欄位901的$a代表什麼意義？,如欲知其詳，請逕詢本館書目資訊中心。,其他
23625,2010-01-01,23625_A04,欄位904的$a代表什麼意義？,如欲知其詳，請逕詢本館書目資訊中心。,編目法
23626,2010-01-01,23626_A01,編目時發現不同出版社編印相同名稱的叢書，應如何進行叢書名權威控制？,目前並無特別的分欄，以記錄『同名異實』的叢書名稱。惟參酌《中文權威紀錄機讀編目格式》的著錄樣例，可直接以出版社名稱加註於叢書名之後，並用圓括號加以標示，即可達到識別『同名異實』的叢書。,權威控制
23626,2010-01-01,23626_A02,權威紀錄檔中應如何區別同名異實的叢書？,例如遠流和源流兩家出版社約莫同時推出了《中國歷代詩人選集》叢書，二者權威紀錄格式著錄樣式如下： 230 __ $a中國歷代詩人選集（遠流出版事業公司） 230 __ $a中國歷代詩人選集（源流出版社）,編目法
23627,2010-01-01,23627_A01,「857.61 中國小說總集」與「857.63 中國小說別集」之區分為何？,「小說總集」係指匯編多人小說的作品集，而「小說別集」則指匯編一人多篇小說的作品集。兩者相同處為皆為匯編多篇小說的作品集，不同處在於總集為多人作品集，別集為一人作品集。至於二、三人小說作品集，依分類原則應分入小說總集。我國古代目錄對於二人以上的作品集，也是分入總集的，其作法可供參考。唯有時覺得分入總集，在分類揭示及檢索上又有被總集遮蓋之虞，因而有分入別集也許比較好的感覺。（如分入別集，可選在前或主要的作家為分類依據）基於前述的考慮，有關如何標引二、三人小說作品集，最好事前訂妥分類原則，以免實際作業時造成困擾。,編目法
23628,2010-01-01,23628_A01,「各國文學複分表」與「中國文學」類目順序是否存在不一致？,「中圖法」「各國文學複分表」的複分類目順序，與「中國文學」類目的順序有不一致之處，似乎未必盡然。其實中國文學的類目，本來就是配合「各國文學複分表」而編訂的，不信請參看下列對照表，便可思過半矣。各國文學複分中國文學類目備考────────────────────────2文藝批評821-829中國文學論3總集830中國文學總集4別集840中國文學別集5特種文藝850中國特種文學51詩851中國詩55戲劇-57小說857中國小說58民間文學858中國民間文學59兒童文學859中國兒童文學6雜著856中國函牘及雜著8地方文藝-9文學史820.9中國文學史───────────────────────────上列除少數中國文學類目外，大多數中國文學的類目，在其號碼結構上與「各國文學複表」具有很明顯的「同構性」。,編目法
23629,2010-01-01,23629_A01,敝單位係屬農業工程領域之小型專業圖書資料室，藏書中約有2∕3為農業工程相關研究報告，目前以研究報告執行單位加以劃分，並按年度及冊次組織排列之，這種方法是否可行？,對於同一學科領域中之研究報告，以研究報告執行單位加以劃分，並按年度及冊次組織排列之，應是可行辦法之一。如此可省卻分編工作的人力、物力和時間。其實，以筆畫對文獻或資料加以劃分聚集，由表面觀之，好像未曾分類，然深究之實已包含分類含意在內了。我們可以這樣理解：它是未明示名稱的隱含類目。以貴單位做法為例，其實就相當於先按農業工程類加以集中，然後再按執行單位名稱筆畫序排列。採用筆畫作為劃分並組織文獻的依據，就本人所知，還有國立中山大學海洋地質及化學研究所圖書室，只是他們是以著者筆畫來劃分並組織其收藏相關資料而已。但就所依據之原理原則而言，基本上應與貴單位相通。,其他
23629,2010-01-01,23629_A02,由於收集的資料都是研究報告，因此複本很多，應如何管理才比較適宜？是否有相關實例或書籍可資參考？,文獻單位收藏過多之複本，的確造成作業上的量增及管理上的困難（例如佔用了收藏空間）。針對這一點，本人建議，可事先訂定複本數限制原則，例如最高複本數不超過2本或3本，以此來控制複本數。其次，可與相關單位訂定交換或贈送辦法，加以消減複本數量。,編目法
23629,2010-01-01,23629_A03,敝本單位所收集的圖書中西文都有，因此分類規範工具採《杜威十進分類法》，請問是否有《杜威十進分類法》與《中國圖書分類法》對照表可資參考檢閱？,非常抱歉，就本人所知，臺灣地區似乎未有有關《杜威十進分類法》與《中國圖書分類法》對照表可資參考檢閱的資料。至於分類進修課程，倒有中國圖書館學會分編委員會每年暑期舉辦之分編進修課程可資利用。茲鈔錄中國圖書學會有關通訊資料如下： 地址：100-01臺北市中山南路20號（國家圖書館內） 電話：(02) 2331-2475；(02) 2361-9132轉184或185 傳真：(02) 2370-0899,分類法
23630,2010-01-01,23630_A01,待編文獻如已標明屆次或從序、編例、前言等可查知採每年定期連續出版方式之會議論文集，應如何處理？,待編文獻如已標明屆次，或從序、編例、前言等可查知採連續出版方式，採待續著錄法；待編文獻雖有屆次但層次較複雜，或只標明年代但未知是否採連續出版方式之會議紀錄或論文集，採分散著錄法。本館入藏文獻如已採分散著錄之連續出版品，不必刻意再進行合併處理。在適用本決議之際，請檢閱本組已發布之相關規範（編2006-009）有關『連續性出版品（非期刊形式）著錄範例』，請參閱附件一。,其他
23631,2010-01-01,23631_A01,有關檢索標目詞『香港』，著錄時欄位7__應標引為『香港』，抑或標引為『香港特別行政區』？,依文獻出版年代為準，凡1997年6月30日以前出版者標引為『香港』，凡1997年7月1日以後出版者則標引為『香港特別行政區』。同時為求類聚相關文獻起見，先後標引之兩標目間建立參見關係。,編目法
23631,2010-01-01,23631_A02,檢索標目詞『香港』的標引方式是否有年代斷限的問題？,有，以1997年6月30日為斷限，此前為『香港』，此後為『香港特別行政區』。,權威控制
23632,2011-01-14,23632_A01,是否有規範要求必須區分大仲馬與小仲馬的作者號？,沒有規範一定要怎麼做，要區分或不要區分，政策可依各館自定,編目政策與管理
23632,2011-01-14,23632_A02,國圖對於大仲馬與小仲馬的作者號如何處理？,在國圖來說是不分的。在國圖，大小仲馬都用D891，而後用abc...區別，如第一本作者為大仲馬，TX349 D891，第二本進館的書即使是小仲馬也是用D891，若是同類號就用TX349 D891a 請卓參,作者號及輔助區分號
23633,2011-01-14,23633_A01,本館的西文圖書作者號是依照什麼標準取碼？,本館的西文圖書作者號是依照中文圖書分類法附錄所載之羅馬字母號碼表取碼。,作者號及輔助區分號
23633,2011-01-14,23633_A02,當作者為單位名稱而非人名時，如何取足4碼？,與取個人作者號沒什麼不同。如您舉的例子，查CENTRE，在科特表中的對應數即可，不一定要取足4碼。,作者號及輔助區分號
23634,2011-01-14,23634_A01,《城市之窗：三重市文學獎全集》（ISBN 978-986-01-6715-3）預行編目之分類號為「830.86」，號碼中之「.86」是以哪一個複分表複分的？,《中文圖書分類法》（2007年版）之「中國時代表」加以複分，表示係指民國34年以後的作家。,編目法
23635,2011-01-14,23635_A01,本館待編文獻，按「國家圖書館書目記錄編目語文認定原則」認定作品為日文圖書，但其版權頁同時有原日文版權頁及中文代理之版權頁，其著錄依據應以何者為是？,若版權頁同時有原日文版權頁及中文代理之版權頁，其著錄依據應以中文代理之版權頁為主要著錄依據，若兩者資料有出入時，將原文版權頁內容於附註項說明。,編目法
23636,2011-01-14,23636_A01,目前是否有統一的英文名譯成中文名之參考工具或資料庫可以查詢？,臺灣沒有正式的官方譯名（或譯名標準），主要靠約定俗成，一般而言我們會參考：1.標準譯名錄/中央通訊社編 2.中華民國外交部國家與地區 中華民國官方的國家譯名 3.國立編譯館-學術名詞資訊網 http://terms.nict.gov.tw/ 4.國家圖書館譯名權威記錄處理原則（民國90年1月12日修訂）,其他
23637,2011-01-17,23637_A01,《中國機讀編目格式》欄位681 $b『7726』，其中$b『7726』指的是書號嗎？,《中國機讀編目格式》欄位681 $b7726，指的確實是書號。書號又稱書次號或同類書區分號，它可說是同類藏書進一步細分的號碼，是圖書排列先後的依據。在排架和出納管理上，分類號和書號組成索書號，它是藏書排架和出納的依據。較複雜的索書號，除了分類號和書號外，進一步還包括輔助區分號（例如著者區分號、作品號、年代號等）和特藏符號。索書號使圖書館裡的每一本藏書，都有它自己的號碼和位置，這樣就方便圖書的出納和流通作業。,機讀編目格式
23638,2011-01-17,23638_A01,地圖資料為何在編目規則中另成一種類型，立專章敘述之？,地圖資料因歷史悠久、類型繁富且編目具特點，故立專章敘述。其類型包括平面地圖、立體地圖、計畫圖、航空與航海地圖、天體圖、地圖集、地球儀、街道圖、區域圖、地形圖、航照圖、衛星影像圖、鳥瞰圖等。編目特點包括比例尺、投影法、經緯度及晝夜平分點等數據著錄。因類型多樣導致稽核計量單位複雜（如張、幅、軸、冊、座等），故專章敘述可簡明實用，避免分散敘述造成檢閱困擾。,編目法
23638,2011-01-17,23638_A02,立體地圖或地球儀能否歸於『立體資料』中論述？,立體地圖與地球儀雖屬立體資料，但其內在性質與用途屬地圖資料，歸入立體資料將導致主從失序、喧賓奪主。故編目規則將其歸入地圖資料敘述，較為順當。,編目法
23639,2011-01-17,23639_A01,政府機關編印的年報、統計出版品因組織變動導致刊名或出版者變更時，應如何處理編目作業？,"1 ""期刊變動問題""通常指刊名改變、刊期改變、出版者改變等情況。刊期改變、出版者改變兩種情況，反映在著錄上問題較小，通常於原書目紀錄附註項中加以說明，勿須另編一筆書目紀錄。2 至於刊名改變情況較複雜，一般有下列幾種情況：一是期刊內容性質改變而改刊名；二是數種期刊合併而改刊名；三是原期刊分衍為若干種期刊；四是刊名副刊名的變動等。除了第四種情況，可於原書目紀錄附註項中註明副刊名變動的情形外，其餘的最好另編製一筆書目紀錄，以使記錄文字較完整、詳備、清楚。3 方便檢索：刊名的改變，連帶而及地是期刊檢索的問題。尤其是刊名前幾個字有不同之處，如不另編製一筆或一條檢索款目，檢索上就有不便之處。為了方便檢索，通常會另行編製一筆書目紀錄，同時分別於新舊書目紀錄中加註說明文字，以說明兩刊之間的繼續或沿承關係。不過，現在由於電腦具備強大之功能，基本上需不需要另建一筆書目紀錄，基本問題不大。但附註項文字如過於複雜繁富，著錄時較不易交代清楚，對讀者的檢閱利用也比較不便。4 敘述清楚：也有人主張將改名前後之兩刊，記錄於同一筆書目紀錄中的作法。有此種作法自是可以，同時它還有簡化編目作業之效。但對於改刊名較頻繁之期刊，附註文字恐有『敘述雜夾，眉目不清』之虞。故為避免編目作業困擾起見，通常以建兩筆書目紀錄為原則，以建一筆書目紀錄為例外。5 期刊之附註文字可能比一般書要多很多，例如期刊著名之主編者或總編輯，期刊另發行之附刊、增刊、專號等，再版之某卷期或某號，在在都需要於附註項加以交代。因此，對於前後改名之兩刊，如只建一筆書目紀錄，可能有敘述不的弊病，但如分建兩筆書目紀錄，就可將附註內容敘述得一清二楚，文字簡約且條理分明。",編目法
23639,2011-01-17,23639_A02,貴館對於政府機關編印的年報、統計出版品刊名變更的處理方式為何？,通常以建兩筆書目紀錄為原則，以建一筆書目紀錄為例外。,編目政策與管理
23640,2011-01-17,23640_A01,USMARC是否仍在使用中或已停用？,"USMARC是否仍在使用中或已停用, 不得而知. 但某些資料在轉換中仍見USMARC的欄位 , 例如舊資料在被轉錄時, 仍然使用USMAR, 表示USMAR仍在流通.",機讀編目格式
23640,2011-01-17,23640_A02,MARC 21和USMARC的欄位是否有差異？,"MARC21的欄位直至目前仍在修訂中, 尚無發現有人作兩者差異的比較.",機讀編目格式
23640,2011-01-17,23640_A03,如果有，可否簡要說明重大差異的欄位為何？,"MARC 21是合併US和Canada兩種MARC, 新的MARC會考慮網路時代的元素, 它更便於圖書館系統轉換, 圖書館館際間館藏交換, 能配合Open URL, 可以和電子資源取得連結.",機讀編目格式
23640,2011-01-17,23640_A04,國內目前採用的是哪一種？,"國內目前的圖書館, 若不用CMARC, 會選擇採用MARC 21, 因MARC21優於USMARC.",機讀編目格式
23641,2011-01-17,23641_A01,機讀格式第三版的326段-刊期註 若要用90年版本的進行編目，應編到哪去？,300 $a即可 請卓參,機讀編目格式
23642,2011-01-17,23642_A01,如有一本12E之原文教科書翻成中文，同時原文的1E~11E並無中譯本。此際編目時，12E之中譯本版次是否為『初版』？,臺端的見解非常正確，不同版次原文之中譯本版次，應視為『沒有關係』，否則著錄時的確容易混淆。,編目法
23642,2011-01-17,23642_A02,同上題，若12E的第一版中譯賣了3年後，決定依市場反應推出精簡版（本）以增加銷售量。則此精簡後之版本，著錄時是否為『二版』？,文獻著錄時，是以手邊實際文獻為準。因此，不管我們根據原文書第幾版翻譯，著錄時一律是以中譯本的版次為準來著錄的。原文書之版次，如有必要則可著錄於題名後面，當做題名說明文字。其著錄格式舉例來說：『中譯題名：第12版』。,編目法
23642,2011-01-17,23642_A03,承第一題，但若該原文10E曾有中譯本，11E無中譯本，則10E之中譯本與12E之中譯本的版次是否仍為『初版』？,根據上述之原則，第一題應著錄為『初版』；第二題應著錄為『二版』（必要時可於題名後著錄為『精簡版』）；第三題10E之中譯本與12E之中譯本兩者，各著錄為『初版』。,編目法
23642,2011-01-17,23642_A04,個人認為，根據不同版次原文之中譯本之版次...,敬答如上，敬請 卓參。,其他
23643,2011-01-17,23643_A01,577.2類目之華僑「在定義上為何？,請用歷史文化與中華民族的概念來解釋「華僑」的定義，不要用狹隘的政治範疇來看這個問題，若以政治觀點，我國憲法中有華僑條款，指域外具中華民國國籍的人，但海外的華人，不見得是這樣看，他們有很多人同時視大陸與臺灣為祖國，或「中國」同時是中華人民共和國與中華民國的簡稱。,其他
23643,2011-01-17,23643_A02,承上，此處的「華」，所指為「中華民國」亦或泛指中國？,因特殊的歷史關係，此處「華」字，意指中華民族的「華」，若硬要用「國」分，有時反而分不清楚，宛若抽刀斷水水更流！試問，有位民國時期自中國大陸移居海外的僑民，故鄉在大陸，政府在台灣，你能說「中國」是「各國」嗎？,其他
23643,2011-01-17,23643_A03,再承上，若2.之解釋為專指「中華民國」，則577.72之類號是否有恢復使用之必要？,沒有恢復的必要。若您要用[.72]也可，國圖不會採用，「宜入」是建議更適當的類號。若視中國為一個文化圈的概念，則在每一個時代，都可超越政治或地緣定義的「中國」，幾千年的歷史文化與血緣不會像政治實體驟然改變。,其他
23644,2011-01-17,23644_A01,對於字符集外的字符著錄是如何處理的?,當著錄內容中的若干字形、符號或手繪圖案，無法在編目員所採用的系統中輸入相對應的字形或字碼時，可以用[]左右方括弧著錄之，必要時得於附註項以能組成該字形字號或手繪圖案之上下左右部件於方括弧中說明之。若該字形字號或手繪圖案難以附註說明時，可由編目員自行決定是否於附註說明,其他
23644,2011-01-17,23644_A02,"除了在100字段修正紀錄代碼值1""之外，還有其他的處理措施嗎?",除上述方括弧著錄方式外，尚有於附註項說明該字形字號或手繪圖案之組成部件，或由編目員自行決定是否於附註說明之處理措施,編目法
23645,2011-01-17,23645_A01,目前是否有藍光版的編目規則或固定格式？若無，稽核項是否可使用「數位影音光碟」做代表？,經會議討論結果，國圖的作法會是-- 某些地方採用「藍光光碟」的字樣，某些地方使用英文簡稱「BD」。在CMARC3中可能用到的欄位有: LDR 不用改 010 0 $b1張藍光光碟 215 0 $a1張藍光光碟 (或附件$e1張藍光光碟) 307 $aBD 館藏部分 資料類型用BD,機讀編目格式
23645,2011-01-17,23645_A02,特藏號是否依學校的要求而有所變化？,特藏代碼不另區分，仍沿用VD,其他
23646,2011-01-17,23646_A01,日本東京的遊記CIP上的取號有731.72609及731.926，何者為宜？,東京遊記，CIP上的取號有731.72609及731.926是因為分類法版本不同之故，前者為增訂七版的類號，後者是2007年版的類號，通常使用哪個版本會在MARC 681 $v說明。,其他
23646,2011-01-17,23646_A02,琉球遊記在分類法有專號為731.7889，似與前項有所衝突（731.78809或731.988），煩請解惑。,現根據2007年版中文圖書分類法，遊記的分法再說明：1. 有專號者，直接採用類表上指定的類號 如：琉球遊記 731.7889（731.78809為舊版採用；731.988 不建議使用，因有指定類號）,其他
23647,2011-01-17,23647_A01,國圖目前編目所使用的字碼為何？,國圖目前編目所使用的字碼為Unicode 4.0,其他
23647,2011-01-17,23647_A02,國圖目前使用的字碼表是第幾版？,無提供相關資訊,其他
23648,2011-01-17,23648_A01,副題名在MARC四版是否仍需於517欄位著錄？,若為MARC4的使用者，副題名仍需著錄於欄位517，與三版沒有什麼不同。,編目法
23648,2011-01-17,23648_A02,如何透過指標1的數值決定是否提供檢索？,是否要提供檢索，由指標1的數值來決定：0: 不做檢索 (517 01$a....) 1: 做檢索款目 (517 11$a.....),編目法
23649,2011-01-17,23649_A01,中國機讀編目格式民90年修訂版與第三版內容有何出入？,三版內容不會更新，除非是錯字或印刷上的錯誤。三版後之修訂是四版，四版後之修訂為九十年版。至於要用哪個版本，國圖不會規定的，各圖書館自己需決定，越新的版本囊括的需求應越完整，也越合乎國際標準。就國圖而言，一直用的都是三版，三版保留012-018為類似國際標準號碼使用，如國圖自定了012供ISRC用，而90年版係根據ISO 3901暫定於欄位016，但國圖沒有改，仍用三版，只有欄位856是新增於90年版。,編目法
23650,2011-01-17,23650_A01,翻譯作品同時有454及500劃一題名出現時，中文翻譯書的拼音書名是否需要著錄？,"中文翻譯書之拼音不能視為『譯自』。被翻譯之中文書，題名若另加了漢語拼音或羅馬拼音，可以不著錄，若要著錄是著錄在欄位200之$r 例如：教育的過程/ 布魯納Terome S. Burner撰; 陳伯璋,陳 伯達同譯 200 1 $a教育的過程$f布魯納Terome S. Burner撰 $g陳伯璋, 陳伯達同譯 $rChiao yu ti kuo ch’eng",編目法
23650,2011-01-17,23650_A02,500劃一題名分欄a是否在句末要加『.』點？,無法回答您『要』或『不要』呦！因為要視您們的系統而定。劃一題名若根據AACR2R記載時，是要加標點的，所以句末要加『.』但很多系統可以控制使其自動產出，若您使用的系統具備此能力，您就不用加點啦，所以，問問您們的系統工程師，或看看WebPAC上不鍵時是否可自動顯示?,編目法
23650,2011-01-17,23650_A03,做成權威時是否需要加『.』點？,無法回答您『要』或『不要』呦！因為要視您們的系統而定。劃一題名若根據AACR2R記載時，是要加標點的，所以句末要加『.』但很多系統可以控制使其自動產出，若您使用的系統具備此能力，您就不用加點啦，所以，問問您們的系統工程師，或看看WebPAC上不鍵時是否可自動顯示?,權威控制
23651,2011-01-17,23651_A01,編目遇到525.619這個類號，但查不到來由，請解惑,"單看525.619這類號，該書內容應是指有關大學其他教務行政的書。523.6 524.6 及525.6 這三個分類號分別是小學、中學、大學學校行政管理；再仿527.1-527.7來細分分。譬如大學學校管理入525.6；再按需要細分： .1教務行政 .2總務行政 .3學務行政 .4輔導行政 .5學校環境及建築 .6學校設備 .7衛生保健 .8大學校長 .9其他大學行政管理 每一項目也都可仿527再細分，如 .11入學 .12考試 .13升學畢業 .14學籍管理…… .19其他教務行政 所以, 525.619→大學其他教務行政 請卓參 錢月蓮敬答",其他
23652,2011-01-17,23652_A01,資料類型標示之著錄位置，若為同一著者之作品與不同著者之作品，應如何處理？,如係同一著者之作品，則記於諸題名之後；如係不同著者之作品，則記於最後之題名著者敘述項之後。,編目法
23652,2011-01-17,23652_A02,1.1.6.3範例中資料類型標示的位置和名稱有出入，應如何處理？,89年12月修訂二版 (P.10) 1.1.2.1是正確的；94年10月第三版 (P.11) 1.1.2.1例2有錯誤，應更正為：古今偽書考[微縮資料]/姚際恒著. 經籍舉要/龍啟瑞編. 儀禮石經校勘/阮元撰,編目法
23653,2011-01-17,23653_A01,US MARC與MARC 21有哪裡不同?,可至美國國會圖書館網站查詢差異，例如CONTENT DESIGNATOR HISTORY中說明：Field 705、715為USMARC獨有且已廢除，Field 751在CANMARC為獨有但MARC21新增，部分近期改變會以紅字標示。,機讀編目格式
23653,2011-01-17,23653_A02,現在國內是否都用MARC 21呢?,目前尚未查到全盤整理，但可能仍有使用USMARC的情況，建議參考美國國會圖書館網站的歷史紀錄以確認具體使用狀況。,其他
23653,2011-01-17,23653_A03,為何電子書廠商提供的MARC還都是US MARC呢?,可能因歷史資料留存或系統兼容性考量，建議直接查詢美國國會圖書館網站的CONTENT DESIGNATOR HISTORY以確認具體字段差異與使用現況。,機讀編目格式
23654,2011-01-17,23654_A01,為何CD-ROM的008段會出現兩種不同格式的書目資料？,因載體不同導致008段不同，若載體不同則需編2筆資料，008會隨載體類型而有所差異。,機讀編目格式
23654,2011-01-17,23654_A02,CD-ROM的書目資料應採用圖書格式或電子資源格式？,CD-ROM屬電子資源類型，應採用電子資源格式，並配合007及006字段著錄，008位址26應為｜，同時配合007/00代碼c及006/09。,編目法
23655,2011-01-17,23655_A01,機讀編目格式第三版中 欄位 312 、454和200中的並列題名如何區別,需根據中國編目規則1.1.3判斷並列題名：1.書名頁同時出現中英文書名時，若非翻譯作品，外文書名為並列題名（200字段$d$z）；若為翻譯作品，需判斷內文是否為中英文對照（視為並列）或僅中文（視為譯自，200字段$f$z，454字段$a）。2.替代書名頁視為書名頁，應著錄200字段$d$z並標註300字段$a。3.非書名頁的外文題名使用312$a或517$a，但第三版規則已擴展資訊來源範圍。,機讀編目格式
23656,2010-11-01,23656_A01,動產擔保交易法應歸類於584.121或584.26抵押權、584.27質權中的哪一類號？,適當的類號該入584.273。根據擔保法，按質物的不同種類，可將質押分為動產質押與權利質押。質押與抵押的區別：1.抵押與質押的標的不同。抵押的標的傳統上是不動產（現代立法已包括少部分動產），質押的標的是動產與權利。,權威控制
23656,2010-11-01,23656_A02,國圖館藏查詢頁面顯示的類號分歧原因為何？,因沒看到書，不予置評，也有可能編目人員不諳專業法律所致。,其他
23657,2010-11-04,23657_A01,貴館對於「低碳經濟」類圖書的主題與分類標引方式為何？,低碳經濟、綠色經濟、生態經濟等都是訴求環保的經濟發展模式，詞彙因提出人與時間而有差異，生態經濟較早被提出，之後，1989年英國經濟學家提出「綠色經濟」一詞，可能因時機成熟被廣泛使用，2003年英國首相提出創建「低碳經濟」，是較新的詞彙，著眼於節能減碳，低碳能源的開發。 以台灣地區來說用「綠色經濟」一詞者較多，其他還有「綠能經濟」，「低碳經濟」也有，使用者較少。從整個經濟生產的過程來看，減廢、 節能減碳是環保首選議題，凡經濟行為合乎綠色環保訴求，都可稱「綠色經濟」；其次，廢棄物再生利用，是生態經濟、循環經濟的概念；低污染能源之開發利用、石化及碳能源的替代等是綠能經濟、低碳經濟。 我們的主題詞，將這樣用: 綠色經濟 不用 生態經濟、循環經濟 參見 綠能經濟 綠能經濟 不用 低碳經濟,編目政策與管理
23657,2010-11-04,23657_A02,貴館對於「雲端運算」類圖書的主題與分類標引方式為何？,將新增 雲端運算 (Cloud computing) 數位圖書館雲端化 上述主題詞還會經每月分編討論會討論後定案。,其他
23658,2010-11-05,23658_A01,「中國圖書館學會」的著者號如何取碼？,"首尾五筆著者號碼取法: 著者時代 + 著者名字之首尾五筆號碼。首尾五筆號碼是根據五筆簡字法原理編製而成，點、橫、直、撇、捺分別對應1、2、3、4、5。例如「中」字起筆和尾筆筆劃都是直劃，故3+3=6。中國圖書館學會之作者號為8655，若作者號同號，再輔以冒號區別，如:2, :3,....",作者號及輔助區分號
23659,2010-11-05,23659_A01,年鑑書刊名異動是否適用於CMARC Tag4XX連續性出版品著錄方式？,"連續性資源經分衍而成數部分者，各部分之題名應註明於附註項並建立連結款目(CMARC3才用, CMARC4以後的版本取消連結段, 改用欄位530、531、536、546、552等), 茲以CMARC3例: 1.紡織工業年鑑 200 1#$a紡織工業年鑑 446 #1$12001#$a產業用紡織品年鑑 446 #1$12001#$a衣著及家飾用紡織品年鑑 衍成：產業用紡織品年鑑、衣著及家飾用紡織品年鑑 2.產業用紡織品年鑑 200 1#$a產業用紡織品年鑑 431 #1$12001#$a紡織工業年鑑 3.衣著及家飾用紡織品年鑑 200 1#$a衣著及家飾用紡織品年鑑 431 #1$12001#$a紡織工業年鑑 4.紡織產業年鑑 200 1#$a紡織產業年鑑 436 #1$12001 # $a產業用紡織品年鑑 436 #1$12001 # $a衣著及家飾用紡織品年鑑 紡織產業年鑑, 由產業用紡織品年鑑、衣著及家飾用紡織品年鑑合併而成",機讀編目格式
23659,2010-11-05,23659_A02,分散著錄及整套著錄的作法為何？,"分散著錄及整套著錄沒有一定標準, 視各圖書館自己政策決定，每次可衡量用哪種方式對讀者使用較有利。若是由我來決定，我會從下列幾點來考量，但不論從哪一種方式，叢書與子目都要被檢索得到才對。 1. 叢書的主題一致, 可考慮套編, 給子目作檢索款目, 分類 號一致。 2. 叢書函括好幾類或各單本若用套書方式處理, 會漏失重要資訊, 如稀珍古籍版本歷史敘述等, 我會考慮單本編。 3. 專門圖書館或研究圖書館若人力許可, 盡量單本編, 除非叢書有很強的套編原素。 MARC套編的著錄方式 200段 （叢書名+ 叢書主編） 327段 (內容註） 464段 (連結款目, 著錄各單冊題名著者) 此外還要注意LDR記錄標示段位址8的層次等及 MARC單本編的著錄方式 200段 (單冊題名 + 單冊作者) 225段 ＋ 410段 (集叢題名)",編目法
23660,2010-11-08,23660_A01,LC的類號中.I152是如何給的？,I152是作家Boris Vian在國會的排架號，因為作者很多，他們沒有一一表列，知道就好，既用LCC就照錄吧。,作者號及輔助區分號
23660,2010-11-08,23660_A02,文學作品是否可以加標題作為類號的一部分？,文學作品文本不加主題詞，作品文本為避免與研究評論之文獻混淆，所以不加標題或主題。,主題法
23661,2010-11-10,23661_A01,韓語發音規則的分類號給號原則為何？,"韓語分類號為803.2 → 參考各國語言複分表細分 本書為有關發音方面的書，故細分為""4""→803.24",作者號及輔助區分號
23662,2010-11-11,23662_A01,"西文作者為 $aLloyd Webber, $bAndrew. 在西文取作者號克特號要如何取??",Lloyd Webber是複姓，看貴館排架是否只取Lloyd或Lloyd後也跟著排Webber再排Andrew而定,作者號及輔助區分號
23662,2010-11-11,23662_A02,那克特號是為L775 還是 L779??,只取Lloyd→ L775 Lloyd Webber→ L779,作者號及輔助區分號
23663,2010-11-15,23663_A01,手機拍照應放入哪個類號?,"手機拍照, 談及的內容若為設備, 如比較不同廠牌畫素、優劣等, 可歸入攝影器才951.1攝影機. 若談及其他技巧性問題, 還是歸入攝影技巧的地方, 基本上, 不需要太複雜化, 它還是手機附加數位相機的功能.",其他
23663,2010-11-15,23663_A02,手機拍照可以放入951.9嗎?,"手機拍照若為設備相關內容, 應歸入951.1攝影機, 951.9為其他攝影器材類號, 不適用.",其他
23663,2010-11-15,23663_A03,606的標題應如何寫?,"606的標題應根據內容性質撰寫, 若為手機拍照技巧性問題, 可歸入攝影技巧相關類號, 並依主題撰寫標題.",編目法
23664,2010-11-18,23664_A01,一本七十年代出版的圖書，當時沒有申請ISBN，現在有重印版，書後貼了一張附ISBN的條碼/手寫的ISBN，請問這個新的號碼應該著錄嗎？,ISBN如同人的身份證，不能用手寫或影印的貼在書上。您可以不理會用手寫的ISBN。,其他
23664,2010-11-18,23664_A02,AACR2或中文編目規則有沒有列明相關的條例呢？,錢月蓮敬答,編目法
23665,2010-11-23,23665_A01,中圖法類號016跟複分表021兩者有何不同？（例如016.733與733.021）,016偏重的是某類某學科的目錄索引；021偏重的是某專書或語詞索引。016.733跟733.021基本上都是臺灣專題書目，兩者都可使用，視各圖書館政策而定，國圖採016是為了將所有的專題書目先集中，再按類來細分，便於掌握整個知識體系。,機讀編目格式
23665,2010-11-23,23665_A02,某本期刊的總目索引應分到016或依類給號後再以複分表021複分？,某本期刊的總目索引，歸入該期刊 + 021。,編目法
23666,2010-11-30,23666_A01,編目至民國95年6月30日前出版的圖書（ISBN為10碼）時，著錄010段是否需將ISBN轉換為13碼模式？,刷不刷都沒關係，重要的是寫在書上10碼的ISBN要能被檢索得到才重要。,機讀編目格式
23666,2010-11-30,23666_A02,系統是否有ISBN13碼計算公式？舊書刷13碼後10碼查不到時應如何處理？,有些系統有ISBN計算公式，有些沒有，所以您不妨試試，若舊書刷了13碼，10碼查不到時，還是要用10碼。,其他
23667,2010-12-18,23667_A01,越南民間故事-兒童文學是否可以編目至868.397？,建議可以分類至868.358 868.3是越南文學專號，還可細分至民間文學58 (照日本文學仿分),其他
23668,2010-12-21,23668_A01,貴館有聲書訂定之特藏符號為何？,國圖特藏代碼中，若為播放合一獨立式之有聲書且非上述形式者，建議使用 AB 錄音資料（有聲書）。其他情形依載體分別給予不同代碼：AC（卡式帶）、AD（唱片）、AM（MP3、MP4）、AP（雷射唱片、音樂CD）、AR（匣式帶）。電子書（有文字頁碼 + 聲音旁白）視為電子資源 DR，僅聲音者視為錄音資料。,編目法
23669,2010-01-22,23669_A01,「首尾五筆檢字法」之取號是否一定是要取自人名或團體著者？,「首尾五筆檢字法」是產生作者號的方法之一，與決定該筆記錄以誰為作者無關。以叢書來說，一般會以叢書編者或主編者為作者號，但也有以叢書名為作者號者。,作者號及輔助區分號
23669,2010-01-22,23669_A02,若取號取自書名或叢書名，第1碼的年代要如何取號？,若以書名或叢書名取號，第1碼時代號一律取8。,作者號及輔助區分號
23670,2010-12-22,23670_A01,此回溯工程的實施計畫是否有相關文件可供參考？,1.實施計畫為檔案或歷史紀錄，不適合供外界參考 2. 沒有必要回溯修改，因為系統可解決檢索上的問題，回溯工程浩大並不符合經濟效益 3. 可以直接用「教育史」,其他
23671,2010-12-28,23671_A01,若館已採用中文主題詞表2005年修訂版，往後中文主題是否應直接採用分項建立方式？,"對, 主題詞與標題不同, 標題是前組式主題法, 詞序已預先組配好. 順便提醒, 是用「旅遊-日本」 而非「日本-旅遊」 若貴館開始使用中文主題詞表, 請注意兩者在CMARC著錄時之差別: 606 $a旅遊$y日本 $2csh (標題用法) 606 $a旅遊$2cst 607 $a日本$2cst 標題有詞序問題, $2後以csh表示, 主題詞後用cst表示. 以上回答請卓參 錢月蓮敬答",主題法
23672,2011-01-06,23672_A01,五都直轄市改制前出版之書籍，編目時政府出版品欄位代碼應依據改制前或改制後之層級？,應依據改制前之層級。,編目法
23672,2011-01-06,23672_A02,五都直轄市改制前出版之書籍，如何判斷其政府出版品欄位代碼層級？,以2010年12月25日為時間斷線，出版日期為此日之前的政府出版品，層級仍沿用舊制。,其他
23673,2011-01-07,23673_A01,AACR2選定是否為main entry的基本原則為何?,"小安好, 回答問題如下: 作品的主要款目（不包括編者）是個人姓名款、目團體名稱款目或題名款目。大多數圖書形式的資料以個人作為主要款目；政府出版品和法律文書通常以法人團體標目為主要款目；連續性出版品和非書資料通常以題名為主要款目。另外，需注意選擇款目的規則： 一、以個人著者為主要款目 1. 個人著者：個人著者的作品以該個人作標目 (不管其姓名是否在所編目的文獻上提到)。 2. 共同責任：兩個人或多個個人共同負責的作品 以主要著者作主要款目或以最先提到的個人姓名作主要款目，其餘作附加款目。 3. 混合責任： (1)改編改寫重寫成兒童讀物或另一種文學體裁的人。 (2)作品經過修訂擴充更新節略壓縮如果原著者仍然被看作對該作品負責則以原著者為主要款目如果原著者不再被認為對該作品負責則以修訂者作為主要款目。 (3)翻譯作品的原著者。 二、出自團體的作品，以團體為主要款目 1. 該團體本身 2. 某些立法、政府出版品或宗教作品，涉及法律、行政法規或命令、憲法、法院判決、條約、立法聽證、宗教法律等 3. 記錄該團體集體思想的作品，如委員會報告，主要款目即以委員會名稱為標目 4. 會議報導、會議論文集 5. 以團體為責任的測繪資料 6. 演出團體除表演外，其責任尚包括錄音、錄影等 7. 國家、政府、國際團體之首腦、教皇、主教等之正式通信，以該團體標目為主要款目，俾便將同樣身份的個人文獻集中一處 如：United States. President (1953-1961：Eisenhower) 三、以題名作標目 凡不屬於個人或團體作主要款目之標目的作品，都採用題名為標目，如符合下列情形者： 1. 個人作者不詳、多個作者但沒有表明或無法確定誰是主要負責者 2. 有總題名之文集 (責任者為編輯)，以題名為主要款目 3. 出自團體的作者，但不符合上述二之條件者 可參考AACR第二部分 標目、劃一題名與參照及第21章 以上回答請卓參 錢月蓮敬答",編目法
23674,2011-01-12,23674_A01,國立臺灣美術館的取號方式為何？,"您好, 回答問題如下: 作者號取號各館可自訂規則。 以「國立臺灣美術館」為例，國圖是取時代8 + 「臺灣美」三個字的首尾五筆號，所以是8446 以上回答請卓參 錢月蓮敬答",作者號及輔助區分號
23675,2011-01-13,23675_A01,「圖書梧棲青少年新詩大展」作品2005-2010出版年有連續性，其200段的'h'編次名稱是2005-或是2005-2010？,200段的'h'編次名稱為2005-2010（連續性出版品編法），若以單本編則為2010或2008（依實際出版年份）,機讀編目格式
23675,2011-01-13,23675_A02,100段的出版年起迄格式為20059999?207，是否正確？,100段的出版年起迄格式為20059999，207字段為2005-（依實際出版年份著錄）,編目法
23675,2011-01-13,23675_A03,210段出版年是'2005-'，是否正確？,210段出版年為2005-（依最早一期著錄，後續變動於附註項說明）,編目法
23676,2011-01-13,23676_A01,「唸歌仔走江湖-楊秀卿的遊唱人生」此書cip分類號給983.39請問是幾版的分類號,983.39是仿日本戲劇分，19是「伶人傳記」，983.39就是臺灣伶人傳記的意思，這樣的作法是把臺灣的戲劇伶人都集中於此類號。,機讀編目格式
23676,2011-01-13,23676_A02,可入983.33嗎?還是入983.38呢?,983.33是歌仔戲，可以歸入，但983.38是臺灣戲劇史，涵蓋多種戲種，不建議使用。,其他
23677,2011-01-13,23677_A01,作者為資深報人，紀念集內容主要為其多年刊登在報章上的評論，內容涉及政經文教，可歸入文學類的雜著嗎？,凡紀念個人的論文集、講演集、慶壽集、逝世紀念集等，依該書所涉及的主題的學科性質歸類，如經濟類文集入550.7；如果內容涉及二個主題，此二個主題有輕重之別，可依比重較重之主題歸類；一書論及三個主題，如果這些主題可以包括在一個較廣泛的大類裡，就歸入這大類，如內容涵蓋教育、經濟、政治時，可入它們的大類，即社會科學論文集507；如果內容涉及許多方面，不能顯示主要主題時，就歸入總類普通論文集078，譬如內容涵蓋社會學、藝術、資訊科學時，因沒有共通的大類可歸就入總類普通論文集078；如果內容偏重於文藝性雜文則歸入855；如果內容偏重於評述所紀念人的生平事蹟時，就歸入此人的傳記。,其他
23678,2011-01-20,23678_A01,林桂枝是巴奈.母路的本名嗎？,林桂枝是巴奈.母路的漢名。國圖與台大都以漢名林桂枝為權威標目。,權威控制
23678,2011-01-20,23678_A02,巴奈.母路的編目方式是比照外國著者方式編目嗎？,200段照錄巴奈.母路，314註明不用巴奈.母路用漢名林桂枝，700用林桂枝不用另作770。若用原住民名巴奈.母路為權威標目，700段指標為0，姓與名是合在一起的，因為是本國人且不是中譯作品，也不用作770段。,編目法
23678,2011-01-20,23678_A03,母路是姓？巴奈是名？,母路是姓，通常姓放.之後，但最好查證一下。,權威控制
23679,2011-01-28,23679_A01,藏漢大辭典的分類號為何？,藏漢大辭典之分類為802.9331或802.9332。802.93是藏語分類號，參考《中文圖書分類表》p.584「各國語文複分表」，詞典是3，所以藏語辭典是802.93+複分3=802.933。藏語辭典很多種，是純藏語辭典? 藏漢對照? 漢藏對照? 或同時兼具藏漢對照與漢藏對照兩者? 所以再仿805.13英語字典予以細分。因為沒有看到書的內容，不確定屬於哪種，僅猜測可能之類號有二：802.9331 內容同時包括藏漢與漢藏對照者，802.9332 內容為藏漢對照辭典。,其他
23679,2011-01-28,23679_A02,其他書目的分類號如何查詢？,建議直接上國圖網頁https://www.ncl.edu.tw，利用國圖館藏目錄系統或全國圖書書目資訊網查詢即可。,其他
23680,2011-02-14,23680_A01,小型圖書室購買建置何種圖書系統適宜？以進行線上編目與讀者查詢。,"選擇圖書館自動化系統是很重要且極專業的工作，圖書館需分析自我的目標、任務，撰寫圖書館自動化系統需求書（Request for Proposal for Automated Library System，RFP），根據RFP考慮成本效益與效率、需求的等級與迫切性，選擇過程參與者應包括館員、資訊人員及使用者。可以參考一些期刊文獻或博碩士論文，如 1.圖書館自動化系統評估作業報告 書刊名：中央研究院計算中心通訊 作者：唐其慶 出版日期：20020311 卷期：18:6 (期刊文獻) 2. 圖書館自動化系統評估模式之建立與應用 研究生中文名：歐陽崇榮 研究生英文名：James C. Ouyang 畢業學年度：89 (學位論文) 3. 建立圖書館自動化系統的標準評鑑模式 書刊名：教育資料與圖書館學 作者：陳亞寧(Chen, Ya-ning) 出版日期：20020300 卷期：39:3 (期刊文獻) 4.我國大學校院WebPAC系統介面與特性之評估比較 書刊名：大學圖書館 作者：陳惠瑜(Chen, Hui-yu) 出版日期：20000900 卷期：4:2 (期刊文獻) 以上回答請卓參 錢月蓮敬答 20110215",其他
23681,2011-02-23,23681_A01,國圖支援CMARC和USMARC轉MARC21的程式下載位置在哪?,"國家圖書館編目組於2009年開發完成「CMARC3轉MARC21轉換系統」並免費授權予國內各圖書館使用。需要使用本系統之圖書館，可以公函向本館提出申請，經簽訂授權書、本館設定帳號密碼後，即可使用該程式。您可從紅字部分連結瀏覽較詳細之說明。MARC21是整合美加兩國USMARC與CANMARC的新資料格式, 可視為USMARC的更新版, 兩者間無需再做轉換。",機讀編目格式
23682,2011-03-01,23682_A01,2007年版中文圖圖分類法附表七中，河南省濟源市與濟源縣應使用哪一個代碼（142或239）？,"濟源市, 隋朝時即已設縣, 1988年由縣改設市, 位於河南省西北部, 焦作市及孟州市之間, 因此, 延用增訂七版代碼239較妥, 142之代碼可能為修訂2007年版時誤植, 請勿再使用。感謝您為我們除錯。",其他
23683,2011-03-04,23683_A01,"縣市府出版品依據《中文圖書分類法, 2007年版》歸納分類號時，應如何處理？",圖書分類基本上以圖書揭示的內容來分類，先撇開它是縣市政府出版品這個想法，歸類問題就很容易解決了。縣市政府出版的文獻若為一般性圖書，按一般圖書內容分類；若內容為臺灣地方文獻，建議可採以下兩種方式處理：1. 將臺灣地方文獻全部集中處理，歸入733.021-733.9（見類表p.533-543）；2. 未集中處理時，按類表指示入733.9臺灣分區志及臺灣各區複分表者歸入其類，否則先分入各專類再按地域複分。,其他
23684,2011-03-07,23684_A01,在查詢貴館的某篇碩士論文之機讀格式時，發現100與801欄位的日期不同，編目日應是哪一個日期？,日期不同也沒有衝突啊，在機讀編目格式中 100欄位的輸入日期，是該筆紀錄初始建檔日期，由系統控制產生，其後紀錄如有修正，此日期不變，因此，100的日期最常見的是採訪單位第1次建該筆紀錄的日期及下載CIP書目紀錄的日期，與後來欄位801原始編目或修改日期極有可能不同。您提供的資料，因為沒有書名等訊息，我無法去查它的處理流程歷史，只能推測20070823很有可能是我們採訪單位徵集建檔日，20090814為資料轉入編目模組日期，也有可能801的日期被修改過。,機讀編目格式
23685,2011-03-08,23685_A01,出版項中之出版地應以書名頁或版權頁為準?,按編目規則出版項的指定著錄來源是書名頁，但有些編目員會選擇照版權頁著錄，因為版權頁有明確的出版資訊，且ISBN的國別碼981確實是Singapore的國別碼，書名頁上只是列出該公司在世界各地office的據點。,編目法
23685,2011-03-08,23685_A02,著錄的順序應依據書名頁或版權頁?,應依據版權頁的順序，因為版權頁有明確的指出Published by .....Singapore，且該書ISBN的國別碼981確實是Singapore的國別碼，書名頁上只是列出該公司在世界各地office的據點。,編目法
23686,2011-03-08,23686_A01,分散處理時，易經、詩經、禮記、論語應如何分類？,分散編法: 群經合刻按類表p.52類目分，其他單本如易經入121.1；詩經入831.1；禮記入531.2；論語入121.22,其他
23686,2011-03-08,23686_A02,集中處理時，易經、詩經、禮記、論語應如何分類？,集中編法: 群經合刻按類表p.53入090.8，其他單本易經入091；詩經入093；禮記入094；論語入097.1,其他
23687,2011-03-16,23687_A01,西文圖書是否採用杜威分類法？,西文圖書不採用杜威分類法，而是使用克特號取碼法。,作者號及輔助區分號
23687,2011-03-16,23687_A02,作者號如何編碼？,作者號取碼與分類法間沒有絕對關係，圖書館可政策決定選哪種作者號取碼法。一般而言，西文書較適合用克特號取碼法。國家圖書館的西文圖書採用美國國會圖書館克特號擷取法，作者依姓氏首字母及其後第二個字母取號，著者姓氏取第一個字母，其後之第二個字母則參照克特表取碼。取碼規則可以參考「中文圖書分類法2007年版附錄3」。,作者號及輔助區分號
23688,2011-03-29,23688_A01,如何申請國家圖書館出版品的編目資料？,可至「全國新書資訊網」獲得相關資訊，在其網站中之書號中心導覽之業務項目下有「ISBN國際標準書號」及「CIP出版品預行編目」，對ISBN及CIP之相關作業有完整說明。若需申請表格，可至導覽下之「申請表單」，取得電子檔。如還有疑問，可連絡本館之國際標準書號中心。,其他
23689,2011-03-30,23689_A01,2007年版中文圖圖分類法附表七中「麗江地區」與「麗江納西族自治縣」是否需再修訂？,感謝告知，我們將會於編目園地公布周知 2007年版中文圖圖分類法 附表七 中國縣市表 P.707 440 麗江地區 441 麗江納西族自治縣 改成 440 麗江市     原麗江地區 441 玉龍納西族自治縣    原麗江納西族自治縣,其他
23689,2011-03-30,23689_A02,修訂後的「麗江地區」與「麗江納西族自治縣」如何調整？,440 麗江市     原麗江地區 441 玉龍納西族自治縣    原麗江納西族自治縣,其他
23690,2011-03-31,23690_A01,"平裝本版權頁同時出現精裝本的ISBN與原出版年，且出現'First published 2009, This digitally printed version 2010'，應以哪個年份作為260段出版年？",260.....$c2009 (2010 printing) 係根據AACR2 2.4G2。 digitally printed version屬於印刷方式，與First published屬於同版，按正常情況不應另有ISBN，視為印刷。,編目法
23690,2011-03-31,23690_A02,封底出現'Paperback re-issue'字樣時，應依據哪個出版年進行260段著錄？,Paperback reissue指平裝再刷，正常情況下ISBN應與第一版相同，視為第一版的複本，260項仍為第一版出版日期，印刷年加於出版年後，於附註項可說明reissue date。,編目法
23691,2011-04-01,23691_A01,編目分類號 673.29、677.3、733.3 的區別在於何處？,673.29 是將臺灣類號置於華南地區下的一個省，再以志書複分表複分，.9 是臺灣各地方，臺灣各縣市即在 673.29/ 下再細分，目的是將中國各省方志集中一處；677-678 的分法是將臺灣史地文獻自中國各省方志下另外分出，用意在特別強調臺灣文獻，適合臺灣各縣市圖書館使用，各細目較 673.2 詳盡；733 是將臺灣置於亞洲史地之下，各圖書館是否要變更可依自身政策決定。,其他
23691,2011-04-01,23691_A02,這些年分類號 673.29、677.3、733.3 的編定意義是在那裡？,673.29 的編定意義在於將臺灣各縣市圖書館的臺灣文獻集中於華南地區下，並透過複分表細分地方；677-678 的編定意義在於強調臺灣文獻的獨立性，凸顯臺灣各地特色；733 的編定意義在於將臺灣納入亞洲史地範疇，但各圖書館可依政策決定是否變更，分類法無絕對優劣之分。,其他
23692,2011-04-13,23692_A01,NBINET的系統建檔格式是什麼？,NBINet資料庫中仍保留過去合作館提供的USMARC紀錄，後續也可能會接收到USMARC的紀錄。,機讀編目格式
23692,2011-04-13,23692_A02,NBINET的核心書目紀錄標準是USMARC還是MARC21？,目前公布的核心書目紀錄的「必備」項目在USMARC及MARC21大致差異不大，次備項目之著錄規範較有彈性，可於後續進行處理原則之修訂。,機讀編目格式
23693,2011-04-21,23693_A01,使用鼎盛系統處理外國作者時，如何透過五筆取碼取得4個碼？,"五筆檢字法取4碼(時代1碼 + 姓1碼 + 名2碼)，若為單名也有3碼，姓與名只有一個字的情形極少。五筆檢字法並未針對羅馬字母取碼有所規定，不適合西洋作者號取碼。建議建立權威名稱再按權威名稱取號，若無權威可查出完整名字如「凱勒, 詹姆斯 R.」取碼時可取：8(20世紀人) + 5(凱字首尾筆) + 6(勒字首尾筆) + 6(詹字首尾筆)。作者號取法屬於內部管理規則，貴館若只取凱勒首尾筆也是可以的。",編目政策與管理
23693,2011-04-21,23693_A02,遇到只有一個字的中文時，如何取四碼？,五筆檢字法取4碼(時代1碼 + 姓1碼 + 名2碼)，若為單名也有3碼，姓與名只有一個字的情形極少。,權威控制
23694,2011-04-25,23694_A01,無法查到相關資訊的畫冊應如何編目?,"原則上就在編文獻著錄即可，有什麼就著錄什麼。但若是資料的必備欄位缺少可供著錄的資料，則編目員可參考其他文獻自訂之，但須加上方括弧 [ ]。如畫冊沒有題名，編目員可給予一個題名, 於附註項說明是由編目員自訂的，MARC格式參考如下： 200 1_ $a[xxx畫集]$fxxx繪 210 __ $a[出版地不詳$c出版者不詳]$f2011.04 304 __ $a題名由編目者自訂",編目法
23695,2011-05-13,23695_A01,處理中文資料CMARC中Tag100之位址26-29應選09或50，請說明選擇依據,50 是ISO 10646 Unicode編號（國圖目前字集採用Unicode碼，所以用50），09是CMARC3暫定使用的中文字集。CMARC第四版09為CCCII中文字集，但90年版09已改為ISO 8957 Hebrew set。100/26-29字集為必備，使用規則請參考中國機讀編目格式90年版，頁100-4和5之最新資料。50=ISO 10646（Unicode），90=中文字集1（CCCII），91=中文字集2（Big5），92=中文字集3（CNS 11643），93=中文字集4（GB）。,機讀編目格式
23696,2011-05-23,23696_A01,210段之分欄a及c（1）是否不必著錄？,210 $a與 $c不必著錄，直接取$d年代 即可。,編目法
23696,2011-05-23,23696_A02,是否可著錄為:$a[台南市]$c拍攝者？,"建議不要使用"" $a[臺南市]$c拍攝者""這樣的著錄方式，因為，提供這樣的訊息給讀者，似乎沒有多大的意義。",其他
23697,2011-05-23,23697_A01,對於國外出版（西方語文）的視聽資料，若資料外盒附有中文題名訊息，應入何種MARC？,"作品內容語文、正題名語文、出版項語文均為中文時，編目語文為chi；若作品內容為中文，正題名及出版項為中英並列，則編目語文為Chi, eng；其他情況依「國家圖書館書目紀錄編目語文認定原則」處理。",編目法
23697,2011-05-23,23697_A02,處理國外出版視聽資料時，是否有相關規範遵循？,國圖在95年曾訂定「國家圖書館書目紀錄編目語文認定原則」節錄有關視聽資料部分供貴館參考。,其他
23698,2011-05-23,23698_A01,館藏中102（出版國別）及801（出處欄）分欄a同時存在cw與tw代碼，上傳NBinet時會有什麼影響？,貴館書目資料若維持cw，在上傳NBinet 時，檢核系統會自動修正為tw。,編目政策與管理
23698,2011-05-23,23698_A02,館藏中102（出版國別）及801（出處欄）分欄a同時存在cw與tw代碼，上傳OCLC時會有什麼影響？,若使用的是國圖的轉檔程式，上傳OCLC時也不會有問題，Tag102不論是cw或tw都會轉成ch。,編目法
23699,2011-05-24,23699_A01,將國家代碼由cw改為tw是否會導致機讀格式使用版本不同之衝突？,"國家代碼不管您用的是CW或TW,都無機讀格式使用版本之衝突問題。",其他
23699,2011-05-24,23699_A02,TW之使用，其大小寫是否有差別？,Tw是國際標準ISO 3166-1 Code 使用，大小寫並無影響，但能遵循Code List上使用大寫更好。,權威控制
23700,2011-05-26,23700_A01,改用2007年版中國圖書分類法是否對原有編目有重大影響?,八版與2007年版在某些類上確實更動很大，換與不換圖書館可做整體性評估，一般而言，更換類表是不追溯既往的，可以切一個明確的時間斷限，若是以CMARC著錄，還可以在Tag681分欄$v註明所使用的分類法版本。,機讀編目格式
23700,2011-05-26,23700_A02,繼續使用2001年版中國圖書分類法會有什麼問題?,不換的優點是，資料可以一致性；換的優點是，類目較多，無類可歸的情形相對減少，且抄錄國圖及臺灣地區大學圖書館的分類號不必修改。,其他
23701,2011-05-25,23701_A01,依據中國圖書分類法凡例說明，臺灣相關圖書如「臺灣的古城」「臺灣的老街」等資料被分散在各類，是否符合分類原則？,分類係以學術性質為基本標準，主題概念與分類號並非總是1對1。臺灣涵蓋教育、藝術、社會等多領域，非所有臺灣相關資料均歸於同一分類號。例如「臺灣的古城」「臺灣的老街」若為名勝古蹟或遊記，一般歸入733.6。特殊文獻如學位論文會依管理需求調整索書號，圖書館會輔以書名、作者等檢索點。,其他
23701,2011-05-25,23701_A02,國圖線上分類表733部分標註「應歸入6XX」是否需要修正？,2007年線上類表中733分類號存在錯誤（P.537-538），因原書為PDF檔未更正，請參閱「中文圖書分類法（2007年版）勘誤表」。,其他
23702,2011-05-29,23702_A01,叢書與套書的定義分別為何？,"套書：「套」是一種量詞，計算成組事物的單位。一套書是指2本或2本以上的書組成一個整體，強調一個整體的概念，如上、下冊加起來是一個整體；1, 2, 3, 4, 5冊加起來是一個整體，少了其中一冊就稱不上完整的一套。叢書：「叢」是聚集在一起的人或事物；「叢書」是彙刊群書而成的書，此群書有一個總書名，在內容上涉及多種學科的稱為普通叢書，只匯集單種學科者稱為專科叢書。",作者號及輔助區分號
23702,2011-05-29,23702_A02,叢書與套書在使用上有何異同？,當我們視整個叢書為一個整體，以叢書名為此部群書的書名時，我們稱之為「一套叢書」，在叢書前加一個量詞「套」而已。一套書可能指一種書有好幾冊，也可能指好幾種書構成的叢書或叢刊，用法不同罷了。,其他
23703,2011-06-03,23703_A01,「景觀生態學」於2007年版類號367.91的範疇為何？,「景觀生態學 Landscape ecology」應入367.91。景觀生態學是一門兼具景觀的表層形式與生態的深層形式的科學。,其他
23703,2011-06-03,23703_A02,「景觀生態學」於2007年版類號929的範疇為何？,929指得是「景觀建築 Landscape architecture」，著重在建築藝術，著重對於視覺的探討與建築美學，未必兼顧生態系統的健全性。,其他
23704,2011-05-31,23704_A01,MARC21的082段，若是非LC給號，可否自行加上此段？,082是專門著錄杜威十進分類法索書號的一個欄位。指標2為索書號來源，為4時表示是美國國會圖書館以外的其他機構所使用，機構代碼要向LC申請。,機讀編目格式
23704,2011-05-31,23704_A02,082段為權威欄號(有特定取號組織)，是否不可自行新增？,082段為權威欄號，有特定取號組織，若貴館資料要作國際交換，第2指標應取4，機構代碼要向LC申請。,其他
23705,2011-05-31,23705_A01,國內所有公立(含學校)圖書館是否均使用同一種編目方法？,並未規定國內所有圖書館均得使用同一種編目方法,其他
23705,2011-05-31,23705_A02,若要學習編目方法，貴館是否有相關訓練課程？,如果您已是圖書館從業人員，可參加中華民國圖書館學會開設之研習班,編目政策與管理
23705,2011-05-31,23705_A03,訓練時間多長？,國家圖書館：「資訊組織基礎班」(8 月1 日至8 月5 日)、國家圖書館：「資訊組織進階班」(8 月8 日至8 月11 日),其他
23705,2011-05-31,23705_A04,若貴館未辦理訓練課程，是否有相關機構辦理？,中華民國圖書館學會辦理,其他
23706,2011-06-08,23706_A01,為何使用「中國-歷史」而非「歷史-中國」？,標題有詞序的問題，就以這個例子來說，為何用「中國-歷史」而不用「歷史-中國」? 熟先熟後是有一定的規範控制，標題表上應該都有註明。,權威控制
23706,2011-06-08,23706_A02,CMARC著錄時「$2csh」與「$2cst」的差別為何？,標題有詞序問題，$2後以csh表示，主題詞後用cst表示。,主題法
23706,2011-06-08,23706_A03,香港圖書館使用台灣中文主題詞表時，如何處理詞序與層次問題？,在WebPAC端的呈現模式，應該是，鍵入一個詞彙後，會出現與該詞彙組配的所有層次的標題表單，供使用者點選所需，如鍵入「中國」後，一般系統會呈現資料庫所有與之組配的標題清單：中國-文化、中國-歷史、中國-歷史-清(1644-1912)、中國-地理、中國-地理-文集…供讀者作更精確的選擇。,主題法
23707,2011-06-08,23707_A01,怎麼理解『標題是前組式主題法』?,主題法的形式，有前組式與後組式。標題是前組式主題法，所謂前組式用最簡單的說法，就是先期組配好的意思，編目員在標引詞彙前就已先組配好的固定形式，詞與詞間有詞序間的關係。,主題法
23707,2011-06-08,23707_A02,中文標題除了詞多外，中文標題和中文主題有什麼根本的不同？,主題詞是後組式主題法，就是在編表和標引時，事先不把檢索詞彙組配成固定的標題形式來表達文獻的主題。先組或後組各有優劣，但先組式不便於系統存儲、編排與檢索，後組式相對較為靈活。,主題法
23708,2011-06-16,23708_A01,最近手邊臺灣人物的傳記類圖書，其CIP都出現主題詞「臺灣傳記」，是新增的主題詞嗎？,不是新增的主題詞，詞表323頁，在「傳記」條目下，有舉例說明。 傳記是一種體裁，可於各科、各地域、各氏族名稱後加上傳記，如林氏傳記、臺灣傳記、佛教傳記、基督教傳記、醫療界傳記...等，詞目太多不會一一列出，有點像我們說的比照辦理。,其他
23709,2011-06-13,23709_A01,PZ7.後的作者區分號要如何給號？,PZ7.後的作者區分號一般都是參考LC給的號碼(LC的排架號),作者號及輔助區分號
23709,2011-06-13,23709_A02,若LC無參考作者，應參照哪個資源或方法來給號？,可以參考柯特號取碼法自己給號,作者號及輔助區分號
23710,2011-07-01,23710_A01,為何中國機讀編目格式第三版轉MARC 21 Bibliographic Format對照表已無法下載電子資料？,經測試，<<中國機讀編目格式第三版轉MARC 21 Bibliographic Format對照表>>之各PDF檔開啟皆無問題，請至國圖編目園地＞ 國圖編目訊息 ＞ 規範與解釋 ＞ 機讀格式，點選《中國機讀編目格式第三版轉MARC21 Bibliographic Format對照表》即可下載。,機讀編目格式
23711,2011-07-01,23711_A01,特藏號的C是甚麼意思,以國圖來說，特藏號的C代表Chinese studies，是有關漢學研究或中國研究的外文書。,其他
23712,2011-07-09,23712_A01,什麼是學術分類與圖書分類？,日常生活中隨處可見分類的方法，分類的方法應用於人類的知識上，便產生學術分類，應用於圖書上便是圖書分類法。,分類法
23712,2011-07-09,23712_A02,學術分類與圖書分類有什麼差別嗎？,理論上，圖書分類主要依照知識門類學術體系來分，但在實際應用上，兩者無法完全吻合，譬如，圖書分類會遷就圖書的體裁、形式及其實際應用面等因素，是故兩者相關但不相同。,其他
23713,2011-07-11,23713_A01,"2007年版中文圖書分類法 p.511 的書例, ＂濟南府志＂依地志覆紛表第一法為何入 671.24/100 而非 671.24/102 ?",正確的分類號應該是671.24/102。類表上是錯誤的，未校對出來，感謝您的細心與指正。,其他
23713,2011-07-11,23713_A02,2007年版中文圖書分類法 p.619 之 873.5 英國文學特種文藝底下有註明依英國時代複分，此種說明可通用於 873.51-873.8，還是只用於　873.5?,除873.5，也適用於873.51-873.8。是否要加時代複分，可視圖書館這類館藏多寡而定，若館藏豐富有必要加時代複分，如此更符合圖書的內容。,其他
23714,2011-08-09,23714_A01,"一套書共有五冊，但冊數是「上編之一」、「上編之二」、「中編之一」、「下編之一」及「下編之二」。請問冊次號應如何處理？1 「上編之一」作V.1.1 、「上編之二」作V.1.2、「中編之一」作V.2.1, 如此類推?",建議處理方式為：上編之一 v.1:1、上編之二 v.1:2、中編之一 v.2:1、中編之二 v.2:2、下編之一 v.3:1、下編之二 v.3:2。,作者號及輔助區分號
23714,2011-08-09,23714_A02,"一套書共有五冊，但冊數是「上編之一」、「上編之二」、「中編之一」、「下編之一」及「下編之二」。請問冊次號應如何處理？2 「上編之一」作V.1 、「上編之二」作V.2、「中編之一」作V.3, 如此類推?",建議處理方式為：上編之一 v.1:1、上編之二 v.1:2、中編之一 v.2:1、中編之二 v.2:2、下編之一 v.3:1、下編之二 v.3:2。,作者號及輔助區分號
23714,2011-08-09,23714_A03,一套書共有五冊，但冊數是「上編之一」、「上編之二」、「中編之一」、「下編之一」及「下編之二」。請問冊次號應如何處理？3 或有更好的方法?,建議處理方式為：上編之一 v.1:1、上編之二 v.1:2、中編之一 v.2:1、中編之二 v.2:2、下編之一 v.3:1、下編之二 v.3:2。,其他
23715,2011-08-05,23715_A01,國家圖書館的中央主管機關是什麼?,教育部,其他
23716,2011-08-08,23716_A01,NBINet包括哪些書目資料庫？,由NBINet維護的書目資料庫只有1個聯合目錄資料庫，書目來源由70餘個合作館提供。,其他
23717,2011-07-12,23717_A01,學齡前圖書的特藏號是什麼,特藏號沒有一定標準，各館可依其政策決定。一般以英文字母代表者居多，譬如「學前教育」的英文為Preschool，可以取PRE或PE或PR或PS....,其他
23718,2011-07-13,23718_A01,bibliographic coupling 書目耦合和 同被引 (Co-citation)的定義是什麼?,Bibliographic Coupling有不同的翻譯名稱：書目對（陳光華教授）、書目耦合、聚合性書目或書目連結（李德竹教授）。書目對是指源文獻通過被引文獻建立的耦合關係，與書目耦合密不可分的是「同被引」(Co-citation) 的概念。如果A和B兩篇文獻共同引用一篇或多篇相同的文獻，則稱A和B兩篇文獻在引用上具有耦合關係，而稱A與B為一「書目對」。耦合關係的程度可用「耦合強度」(或稱耦合頻率) 的指標衡量；耦合強度取決於A和B共有的被引文獻的數量，「耦合」的概念並不僅只限於同時引用的同一篇被引文本身之間的關係，並可推廣至相對於文獻的學科主題、期刊、著者…等特定對象的耦合關係。書目對反映的是兩篇「源文獻」之間的關係；同被引反映的是兩篇「被引文獻」之間的關係。(摘自陳光華教授書目計量學) Wikipedia也有解釋及參考書目可參考。,編目法
23718,2011-07-13,23718_A02,對文獻分析的影響是什麼?,透過分析文獻之間的引用關係，可了解文獻或學科研究之間的關聯性，進一步了解主題學術發展的脈絡，並據以預測學術發展的趨勢。,編目法
23719,2011-07-14,23719_A01,在CMARC3有效欄位或編目統一著錄處，除了欄位210分欄d外，還有什麼地方適合著錄「中間冊數」不同於起訖年之「出版年」？,在CMARC中除規定於100段及210段著錄起訖出版年外，對「中間冊數」之出版年沒有規定一定要著錄或要怎麼著錄。建議可以如下的方式處理：1. 於附註項欄位300一般註或欄位306出版項中說明。例：306__$a第2冊於民94年出版；第3冊於民95年出版......,機讀編目格式
23719,2011-07-14,23719_A02,為正確上傳NBINET系統，除了欄位210分欄d外，還有什麼地方適合著錄「中間冊數」不同於起訖年之「出版年」？,在索書號的地方顯示，於作者號後加上出版年。例：681__$a782.886 $b8467 8829 $y95 $v.2 $v增訂七版。此法的缺點是排架時冊次的序號可能被打亂。,作者號及輔助區分號
23720,2011-07-15,23720_A01,英文的碩士論文應入杜威分類法(DDC)的哪個類號？論文內容涉及企業管理。,"本館並非杜威十進分類法(DDC)的使用者，謹就經查DDC edition21及使用此法之圖書館館藏，提供意見如下：1. 視館藏量的多寡考慮論文是否要集中，若館藏量少，可當普通書般分入各類。2. 若館藏量多需要集中一處，可擇定一個類號，經查詢發現各圖書館處理方式各有差別,如高師大用378.2，臺灣師範大學以前用UMI的流水號後改分入各類的方式，從OCLC資料庫查詢，發現也有用[deg]取代分類號者。據DDC edition21 v.2 p.800 類表之說明 378.2 Academic degrees and related topics Standarad subdivisions are added for academic degrees and related topics together, for academic degrees alone Table 1. Standard Subdivisions (DDC edition21 v.1 p.16) －07   Education, research, related topics －071 Education －071 1 Higher education Table2. Areas, Periods, Persons (DDC edition21 v.1 p.35) －7    North America －73     United States 由上述表列，學位論文之分類號可由378.2＋總論複分＋地域複分(或國別)＋主題分類所構成。378.2＋總論複分＋地域複分(或國別)構成一組基本號碼，然後再加主題類號 如378. 2071173 → 為美國的學位論文 658 (企業管理分類號) K27(作者號) 以上回答僅供參考。",其他
23721,2011-07-18,23721_A01,建檔Tag100之位址26-29是應選09或50嗎？,您好: NBINet品管系統並沒檢核Tag100之位址26-29的值，所以09和50目前都接受。請使用者依據資料實際狀況著錄。,其他
23722,2011-07-18,23722_A01,國圖對於「線裝書」的加工方式（含加工作業耗材及SOP作業流程）為何？,古籍提調登錄→ 審視壞損情形→ 擬定修復方案→ 準備工具、材料→ 拆揭編碼 → 書頁清潔去髒→ 配紙→ 進行修裱(乾裱或濕裱)上板→ 陰乾→ 揭裱下板→ 整理（摺頁→ 齊欄→ 壓實→ 訂紙捻→ 裁切修邊→ 打磨→ 包角→ 裝書皮及綴訂→ 完成→ 入庫典藏。,編目法
23722,2011-07-18,23722_A02,國圖對於「線裝書」的管理措施為何？,線裝書的修補及裝訂由專門師父處理，僅有一簡單的流程和做法，刊於國家圖書館工作手冊，但未建立耗材及SOP的流程。,編目政策與管理
23724,2011-08-10,23724_A01,885.3加拿大文學的小說應如何歸類？,加拿大小說歸入885.357。,其他
23724,2011-08-10,23724_A02,館藏量少時是否無法再細分各國文學？,是否需要細分應由各館自行決定，不過基於資源分享與書目一致的理念，還是鼓勵細分。,其他
23725,2011-08-10,23725_A01,中文圖書分類表p.606的「中國作家作品複分表」是通用於842-848，還是只有848現代別集？,中文圖書分類表p.606的「中國作家作品複分表」，通用於842-848 請仔細看清楚「848中國文學別集」類目注釋： …圖書館收藏某一作家之作品極多時，擬採集中分類，方便閱覽時，可在各時代別集下，先取該作家之作者專號集中，其後再依以下中國作家作品複分表細分,分類法
23725,2011-08-10,23725_A02,魯迅作品的分類號為何是848.2，而不是848？,魯迅作品的分類號是848.2 848的8代表1912以後，民國及現代時期，還可再細分（參照附表二 中國時代表 p.670）： 82 民國38年以前（1912-1949） 86 民國38年以後（1949-） 87 中共建國以後（1949-） 魯迅逝世於1936年，屬於民國38年以前的人物，所以取848.2,作者號及輔助區分號
23725,2011-08-10,23725_A03,作者號為何是862？作者號不是有4碼嗎？,作者號若取筆名「魯迅」，加上時代號8則是3碼867 (原表862有誤) 作者號若取本名「周樹人」，加上時代號8則是4碼8639 按新修訂的中國編目規則（第三版），人名標目應擇其著稱者即取個人作品中最常用者（p.265），故應取碼867。有些圖書館資料量多，對舊有資料不會回溯修正，新建的權威標目才會遵從新規則，只要前後一致就好。,編目法
23726,2011-08-11,23726_A01,《試分晚清經學史》依總論複分表複分至07論文集時，應如何取號？,《晚清經學史》的類號應為090.9207，因內容局限於晚清，國別後需加地域複分，此處0不可省略，以區分其他國別或時代的經學史著作。,其他
23726,2011-08-11,23726_A02,NBInet參考各合作館類號中，090.927及090.9207哪一個為正確分類方式？,090.927為正確分類方式，2為國別（中國）、7為時代（清），中間0可省略，但若需在國別後加地域複分（如晚清），則應使用090.9207。,其他
23727,2011-08-11,23727_A01,小型圖書館仍使用舊有CMARC三版並參考MARC21對照表，是否可行？,本館採用MARC21後，仍會提供MARC21轉CMARC書目紀錄，對想要持續使用CMARC的圖書館並無影響。,機讀編目格式
23727,2011-08-11,23727_A02,小型圖書館使用CMARC三版並參考MARC21對照表，會不會仍有問題？,本館採用MARC21後，仍會提供MARC21轉CMARC書目紀錄，對想要持續使用CMARC的圖書館並無影響。,機讀編目格式
23727,2011-08-11,23727_A03,後續是否有其他系統取代MARC21？,RDA是內容著錄原則，不是規範機讀格式，RDA的修訂是在取代AACR2，使更符合國際編目原則，較注重網路環境和書目關係。為配合RDA的修訂，MARC21已做了一些調整，新增若干欄位及分欄，而且目前RDA的測試是在MARC21環境下進行的，所以是否未來有其他書目格式取代MARC21，請持續觀察國際編目趨勢之發展。,編目法
23728,2011-08-11,23728_A01,清代學術文化史論/王俊義著;文津出版，ISBN:957-668-564-8，於CIP預行編目所給類號112.7是如何拆解得出？是依總論複分表07論文集組配得出亦或依時代複分表7清;近代爼配而來？,"112.7→ 表示清代學術思想 由112 + 中國時代表7 清；近代（除總論複分號碼中間需加0外, 其餘通用複分表除號碼有衝到 時一般是省略0的）",其他
23728,2011-08-11,23728_A02,若是依總論複分表組配而成應為112.07才是(亦或敝人該法使用錯誤)；若112.7是依時代複分表組配而成，但該類號下並未明示可使用時代複分表複分時，該複分表是可隨意使用的嗎？,分類表不是查檢對照表，所以無法一一羅列出完整的知識體系，有些雖然沒有明白指出要怎樣分，但孰悉分類原理及類表內容後，是可以運用自如的，分類是一種技術，需要時間熟悉，請參考「複分方法的運用」(2007年版類表 使用說明xix),其他
23729,2011-07-26,23729_A01,分類號520.7所代表的中文涵意為何？,520.7 代表教育類論文或文集：520+07（主表520 + 總論複分表07構成）。520為教育類，07為總論複分號，代表論文集的意思。圖書若以論叢、論集、散論、論萃、文集、選集、演講集等單篇文章集合的形式出現時，在主要內容分類後，都可使用07這個複分。,分類法
23729,2011-07-26,23729_A02,為何最近兩版的中文圖書分類法找不到520.7這個類號？,複分是依據通用複分表或專論複分表複分，圖書分類時一般以主題歸類為主，即首先要以圖書內容的學術性質作為區分的根據，當學術標準無法滿足該書時，運用圖書的複分表再予以細分。複分表是依照圖書內容以外之體裁、地域、時代等形式上的特徵或實際應用上需要作的一種輔助分類。,分類法
23729,2011-07-26,23729_A03,344這個分類號的中文涵意為何？,344 代表理論化學（舊版之圖書分類法如增訂七版、八版所使用，2007年版已停用）。,其他
23729,2011-07-26,23729_A04,536.29與539.529這兩個分類號的中文涵意為何？,536.29 代表臺灣原住民的類號（為增訂七版使用之類號）。若為2007年版，536.2/9有其他涵義。539.529 代表臺灣原住民故事（為增訂七版使用之類號）。標準的機讀編目格式，在書目紀錄的681欄位分欄$v，會註明所使用分類法之版本。,機讀編目格式
23730,2011-07-28,23730_A01,杜威十進分類法的十大類別，翻譯成中文依序應為什麼呢?,根據DDC 21版資料回復如下: 000 - 總類 100 - 哲學與心理學 200 - 宗教 300 - 社會科學 400 - 語言 500 - 自然科學與數學 600 - 科技 (應用科學) 700 - 藝術 美術與裝飾藝術 800 - 文學與修辭學 900 - 歷史與地理學 摘自2009年網路資料： 000 - 總類 100 - 哲學與心理學 200 - 宗教 300 - 社會科學 400 - 語言 500 - 自然科學與數學 600 - 技術 (應用科學) 700 - 藝術與休閒 800 - 文學與修辭學 900 - 歷史與地理學 比較兩者，發現有所不同處，如想了解DDC最新資訊請至 WebDewey http://www.oclc.org/dewey/versions/webdewey/ or http://connexion.oclc.org 錢月蓮敬答 20110729,其他
23731,2011-08-17,23731_A01,中文圖書分類法中，加拿大小說是否應使用p.597的「各國文學複分表」小說體裁號碼(57)給予885.57分類號？,加拿小小說歸入885.357 (不是885.57)，用各國文學複分表複分。,其他
23731,2011-08-17,23731_A02,加拿大文學因無文學時代表，是否無法加入時代的複分？,有關研究或評論加拿大文學之著作，若館藏甚多，是有必要加時代複分的，雖然類表沒有列出，但可以參考加拿大歷史與文學史之分期，自訂一個文學時代表，若館藏不多也不必加時代複分。,其他
23732,2011-08-17,23732_A01,《學思與學潮:胡適傳》一書的CIP類號為782.886，其分類依據為何？,胡適傳的分類號是782.886 (中國時代表 民國38年以後 複分86),編目法
23732,2011-08-17,23732_A02,胡適卒於1962年，為何未採用782.887（中國大陸1949以後）的複分類號？,87是中國大陸1949以後的複分，請勿混淆了。,其他
23733,2011-09-12,23733_A01,到哪裡可看到「中文權威參考檔彙整作業基本規格」？,您好: 提供本館之「中文名稱權威紀錄彙整原則」及「團體權威整理作業手冊」，請參考! 國家圖書館編目組 敬上,權威控制
23734,2011-09-22,23734_A01,不同作者卻作者號相同時，應使用何種符號進行複分？,當分類號作者號相同，但是是不同作者寫的同類作品時用「：」。例如《教育改造與學校革新》林玉體著 索書號為 520.7 8735，《親職與師道》何福田著 索書號為 520.7 8735：2。,作者號及輔助區分號
23735,2011-10-03,23735_A01,作者號取號時，發現網路上table與OCLC釋出的Cutter Program不一樣，應以哪個為主？,選一種就好，避免一會兒用這個一會兒又用那個，只要同一作者沒有同時用2種號碼即可。,作者號及輔助區分號
23736,2011-09-17,23736_A01,我國是否會跟進SKOS及LINKED DATA的方式開放取用詮釋資料？,有文獻指出SKOS是一個強有力且簡單的工具，用來呈現與合作分享特定社群的關鍵詞彙術語，它將會實際的被運用在網路資源的分類與描述。如果用拓樸與語意關係來說，圖書館員要作的是探討世間萬物、意義和語言之間的關係，亦即整理出1對1、多對1和1對多等詞彙間的關係架構，至於怎麼使用RDF語法標準來描述，應該請教資訊工程人員，目前我們還只是關切它的發展而已。,其他
23736,2011-09-17,23736_A02,我國是否仍以上傳至OCLC的WORLDCAT為主而努力？,有文獻指出SKOS是一個強有力且簡單的工具，用來呈現與合作分享特定社群的關鍵詞彙術語，它將會實際的被運用在網路資源的分類與描述。如果用拓樍與語意關係來說，圖書館員要作的是探討世間萬物、意義和語言之間的關係，亦即整理出1對1、多對1和1對多等詞彙間的關係架構，至於怎麼使用RDF語法標準來描述，應該請教資訊工程人員，目前我們還只是關切它的發展而已。,其他
23737,2011-10-06,23737_A01,若西文套書無外文書名，依克特號或西文編目規則，應如何取作者號？,克特號適用於英文字母，該書若歸於西文書，想必內文非中文，應有外文書名才對，若沒有西文書名，建議將中文書名改用譯名或拉丁拼音，再取作者號並於附註項說明。,作者號及輔助區分號
23737,2011-10-06,23737_A02,中國重印西文套書的索書號應如何處理？,索書號該與初版相同，多加年代區別即可。,作者號及輔助區分號
23738,2011-10-11,23738_A01,書名以數字開頭時，如何取著者碼？,書名起始為數字時，可略過數字從第1個中文字開始取碼。,作者號及輔助區分號
23738,2011-10-11,23738_A02,以「100個即將消失的地方」為例，如何取碼？,以首尾五筆法取《100個即將消失的地 方》這本書，作者號為8654。,作者號及輔助區分號
23739,2011-10-20,23739_A01,《科學教授》一書的分類號為302.2，但中文圖書分類法中沒有302.2的分類號，請問此數字是如何產生的？,《科學教授》一書，從國圖書目紀錄及標題，得知共15冊，內容為以問答方式呈現的自然科學類套書。所以分類號取號以「科學總論300」＋「總論複分表-問題集022」→ 300.022，末一位或末2位均為0時，宜先將0刪除，故組配後為 302.2。,編目法
23739,2011-10-20,23739_A02,複分表的定義及使用方式為何？,複分表，是將主表中有相同標準劃分的某些類目配以特定號碼，單獨編列出來，可視需要彈性運用，用法之詳細說明，請參考中文圖書分類法類表的使用說明。,分類法
23740,2011-10-21,23740_A01,中圖法011.4下的子目設計是否與分國表衝突？,中圖法011.4下的子目設計並未與分國表衝突： 011.2   中國圖書史 011.4   各國圖書史 011.41 日本 011.42 韓國 011.43 其他東方各國 011.44-47 西洋其他各國,其他
23740,2011-10-21,23740_A02,目前設計是否無法容納世界圖書史及中國圖書史？,目前，並未有重號的情形，不過您的意見在下次修訂類表時會提出，盡量與分國表完全對映。,其他
23741,2011-10-21,23741_A01,青少年百科叢書在分類時應依據「叢書」還是「書名」給分類號？,叢書整套編與單本編一直是被討論的問題，孰好孰壞並無定論，單視個別的情況而定，有下列情形供參考：1. 文獻編目時採單本編目則「分散著錄，分散分類」，每個單本分別按各書的內容歸類；採叢書編目則「整套著錄，整套分類」。若叢書內容跨各類，可規入「普通叢書080」那一類中適當的類目；若為專科叢書，於該專科類號下，加通論複分08。作者號可取叢書名或叢書主編。2. 文獻編目時也可採「分散著錄，整套分類」，有些叢書的單本內容太過學術性，或版本或出版情況較複雜時，也可考慮記述編目部分採單本編，而歸類時選擇整套分類，用同一個索書號加上冊次來區別。以您所提及的《青少年百科叢書》為例，叢書名既為「百科」，想必各類的書都有，而內容的適用性屬青少年閱讀，知識的專門性不會太學術，排架時放置在一起，剛好可供青少年有一個整體的知識概念，所以，很適合整套編。分類號可取083.7。,作者號及輔助區分號
23742,2011-10-26,23742_A01,電子書附mp3音檔在CMARC及MARC21兩種格式中應如何著錄？,依據中國編目規則13.5.0序則規定，直接存取之電子資源需記載稽核項，遠端存取者如需註錄稽核項應包含容量大小、檔案格式等。Mp3為音樂檔案格式，不適合著錄於$e附件，應於附註項說明。CMARC環境直接存取時，215段$c可註錄「有聲，含mp3音檔」；遠端存取時215段$c註錄「有聲，含mp3音檔」。MARC21環境直接存取時，300段$b註錄「有聲，含mp3音檔」；遠端存取時300段$b註錄「有聲，含mp3音檔」。,機讀編目格式
23742,2011-10-26,23742_A02,CMARC能否著錄於215段$e，而MARC21著錄於300段$e？,CMARC可於215段$c註錄mp3音檔資訊，但$e段不適用。MARC21可於300段$b註錄mp3音檔資訊，但$e段不適用。,機讀編目格式
23742,2011-10-26,23742_A03,$e著錄mp3音檔是否有一定的規則？,Mp3為音樂檔案格式，不適合著錄於$e附件（附件需為有形實體）。應於附註項說明，或於稽核項其他細節欄位（CMARC的215$c、MARC21的300段$b）註錄mp3音檔資訊。,編目法
23743,2011-10-31,23743_A01,020段的國家書目號「分欄ａ」國家代碼是否有規定要用大寫或小寫？,CMARC中並無明文規定要用大寫或小寫，但範例中用得都是小寫，國圖也一向都用小寫。,機讀編目格式
23743,2011-10-31,23743_A02,若要將書目資料上傳至國圖，是否本分欄內容一定要用小寫？,書目資料上傳至國圖NBINet後，檢核程式會自動將大寫改成小寫，最終也變成小寫。$a紀錄的是代碼code，並非縮寫，所以，其實用小寫就可以了啦。,編目法
23744,2011-11-04,23744_A01,含有法文é的作者或團體所著書籍應如何編碼？,"法文也是按四角號碼羅馬字母號碼取法（見中文圖書分類法附錄1 p.774頁） 四角號碼法羅馬字母號碼： 0 1 2 3 4 5 6 7 8 9 A B C D E F G L M S HO P K T IJY UVW Q R N XZ 西洋著者或機關團體勿需譯成中文，逕依西文原名取碼即可。不用考慮音標、重音或字母大小寫的問題。個人著者取足4碼： 雙名著者姓氏部分依前兩個字母查表取2碼，名字部分依雙名之各自前1個字母取1碼；單名著者姓氏及名字兩部分，均依前兩個字母查表各取2碼。例如： Henry, O. B. 的著者號碼取He  O及B   為""0401"" Monroe, Paul 的著者號碼取Mo 及 Pa 為""8010""。",作者號及輔助區分號
23744,2011-11-04,23744_A02,法文在四角號碼的編碼方法為何？,"法文也是按四角號碼羅馬字母號碼取法（見中文圖書分類法附錄1 p.774頁） 四角號碼法羅馬字母號碼： 0 1 2 3 4 5 6 7 8 9 A B C D E F G L M S HO P K T IJY UVW Q R N XZ 西洋著者或機關團體勿需譯成中文，逕依西文原名取碼即可。不用考慮音標、重音或字母大小寫的問題。個人著者取足4碼： 雙名著者姓氏部分依前兩個字母查表取2碼，名字部分依雙名之各自前1個字母取1碼；單名著者姓氏及名字兩部分，均依前兩個字母查表各取2碼。例如： Henry, O. B. 的著者號碼取He  O及B   為""0401"" Monroe, Paul 的著者號碼取Mo 及 Pa 為""8010""。",作者號及輔助區分號
23745,2011-11-04,23745_A01,中國圖書分類法增訂八版的分類標記採用何種方式？,不論是《中國圖書分類法增訂八版》或《中文圖書分類法》（2007年版）其標記均採阿拉伯數字為標記符號。之所以說正解答案只有(C)漢字與字母，是因為在312.4電腦應用及其程式這個類目下可以加入程式語言代碼，這個代碼包含英文字母。其實，這不應視為整體分類表的標記制度，只是輔助區分用的代碼！,機讀編目格式
23746,2011-11-15,23746_A01,在> 2007年版中 312.4電腦應用及其程式這個類目下可以跟增訂八版一樣加入程式語言代碼嗎?,除特定用途之專科軟體以029複分外，可將電腦程式、電腦語言集中於「312.4電腦應用及其程式」這個類目下。 這個用法自增訂七版始至今未變，各館可依館藏情況增加所需，增加代碼的方式是用科特號取碼法取軟體的英文名稱。,其他
23746,2011-11-15,23746_A02,電腦叢書要分在那一類? 是312下面還是 4XX 應用科學類?,電腦叢書如果可以單本編最好單本編，因電腦類的書專指性較強，不適合泛泛的類號，除非是適用於青少年的概論性作品。若要整套編也是看內容的比重，選擇312或4XX，若兩者所占的比重差不多，以歸入312.08較適宜。,其他
23747,2011-11-08,23747_A01,團体著作含有「私立」、「財團法人」等字樣時，【標目】是否需要省略？,題名及著者敘述項不省略「私立」、「財團法人」等字樣。(參考中國編目規則 1.1.5 著者敘述),編目法
23747,2011-11-08,23747_A02,團体著作含有「私立」、「財團法人」等字樣時，【著作述敘項】是否需要省略？,欄位200 $f的名稱必須要照樣著錄，書上冠有「私立」字樣就需要加「私立」，書上若無「私立」字樣就勿需加。,編目法
23748,2011-11-16,23748_A01,正文前的頁碼計算要如何算呢?,國家圖書館於1999.11.24即已開會決議簡化稽核項之著錄：待編目文獻，記其正文部分之頁碼即可，其餘正文前部分和正文後部分之頁碼不必紀錄。,編目法
23748,2011-11-16,23748_A02,是算從書名頁之後有文字的頁碼嗎?,若您要著錄正文前頁碼，書上本來有標示頁碼者就照錄，沒有標示頁碼者則由編目員加總，加上方括弧[ ]。,編目法
23748,2011-11-16,23748_A03,若有空白頁要算嗎?,正文前沒有頁碼的部分，要不就不管它，要不就一律用合計的方式加[ ]即可。,其他
23748,2011-11-16,23748_A04,如果其中有幾頁是圖片(非較優質紙張)，要計入正文前頁碼還是算做圖版呢?,著錄頁碼只是揭示書有幾頁而已，不要想得太過複雜，花時間在計算頁碼上，倒不如花時間主動為好書紀錄內容摘要較來得較有意義。,編目法
23749,2011-11-17,23749_A01,詞表是否算作標題表？,<<中文主題詞表>>不算是標題表，<<中文圖書標題表>>可稱為前組式主題表。標題表是前組式主題法，主題詞(subject terms)是後組式主題法。,主題法
23750,2011-11-17,23750_A01,在「整套著錄，整套分類」與「分散著錄，整套分類」的情況下，應如何區別編次名稱的處理方式？,叢書「整套著錄，整套分類」或「分散著錄，整套分類」需視各館情況，不能一刀畫分。例如：分散著錄時，套名著錄於225段，各單本分別著錄；整套著錄時，可將套名與分類號統一於200段，類號不跟著單本內容歸類。,編目法
23750,2011-11-17,23750_A02,請以實際叢書名稱說明如何解說編次名稱的區別。,以「景印摛藻堂四庫全書薈要」為例：分散著錄時，各單本分別著錄，套名著錄於225段（如225 2_ $a景印摛藻堂四庫全書薈要）；整套著錄時，套名與分類號統一於200段（如200 _1 $a景印摛藻堂四庫全書薈要 $h經部 $i易類 $fxxxxx編），類號不跟著單本內容歸類。,機讀編目格式
23751,2011-11-22,23751_A01,國外作者譯名應以書籍本身的譯名為主，還是需要根據書目檔進行權威控制？,"人名要做權威控制，才好將同作者不同名稱的資料集中起來。在CMARC紀錄中，200字段的著錄通常取自題名頁並按照錄的原則，所謂照錄是書上怎麼寫就怎麼錄，書上用『史坦菲爾』就錄『史坦菲爾』，700段才用權威名稱，700/701/702段的人名名稱背後會連接一個MARC格式的權威資料檔，資料檔內會有該作者的生卒年、著作、筆名、別名....等，當然最重要的是會規範這個作者的哪個名字是要用的哪個名字是不要用的，查詢的時候不用的名字才會和用的名字一起被檢索到。如： 書目紀錄中 700 _1 $a史坦菲德 （要用的人名） $c(Stanfield, Brian, 1931-) 會連結到權威檔→ 200 _1 $a史坦菲德 （要用的人名） $c(Stanfield, Brian, 1931-) 400 _1 $a史坦菲爾 （不用的人名） $c(Stanfield, Brian, 1931-) 著錄在400欄位是不用的名字。這樣電腦才會將兩個名字的資料集中在一處，不管你用『史坦菲德』查或『史坦菲爾』查，查出的筆數都一樣多。314是附註說明，交代哪個是要用的，用的名稱要與7XX的名稱同。",機讀編目格式
23752,2011-11-25,23752_A01,原著和譯者時應取誰的作者號來編號?,"翻譯作品其實應取兩個作者號, 若不想這麼麻煩只取一個的話, 要取原著者的號碼.",作者號及輔助區分號
23752,2011-11-25,23752_A02,原著有英文名和中文翻譯的名字.則應取何者作為作者編號?,"一般取原著的翻譯名稱, 即該原著者的中文權威譯名。",作者號及輔助區分號
23752,2011-11-25,23752_A03,同時有多個作者時應如何取作者號編碼?是取第一個人的名字還是另有方法?,取第1個作者。,作者號及輔助區分號
23753,2011-12-06,23753_A01,翻譯書的外文作者，有譯名，是否可依原作者名，用四角號碼著錄作者號? 還是一定依譯名著錄?,"可以的。可以用原作者名為權威, 四角號碼取作者號。",作者號及輔助區分號
23753,2011-12-06,23753_A02,視聽資料的作者號，是否以導演姓氏著錄? 若無譯名是否以導演原性名用四角號碼著錄?,影片名稱若全為阿拉伯數字或符號時，可以以導演姓名取作者號；若無譯名但仍可用原名字母取號者，仍以 影片名稱取 號。,作者號及輔助區分號
23754,2011-12-08,23754_A01,申請ISBN時，出版單位一定要是出版社嗎？,個人之出版品，如在國內出版，於出版前可附上排版定稿之書名頁、版權頁、目次、序或內容摘要等附件，向本館書號中心申請ISBN。,其他
23754,2011-12-08,23754_A02,能否以個人名義出版呢？,除了填寫ISBN及CIP申請單外，還需填寫「中華民國國際標準書號中心出版者識別號資料單」，相關表格請至本館全國新書資訊網（http://isbn.ncl.edu.tw/NCL_ISBNNet/），可電話洽詢（02）2361-9132分機 701~706，有專人回答問題。,其他
23755,2011-12-09,23755_A01,CMARC記錄分隔以%表示，其英文應為Record Terminator還是Record Separator？,每筆紀錄的最末「符號」是用來表示紀錄與紀錄間的分隔也是一筆紀錄的終點，所以，Record Separator、Record Terminator兩者都可用，符號一般會與常用符號區隔，各系統選用哪種並不硬性規定，但必須符合ISO-646符號集之IS3，其十六進位為1D。,機讀編目格式
23755,2011-12-09,23755_A02,每筆資料的最末符號與每筆記錄的最末符號有何區別？,"每筆資料的最末符號以逗號(,)表結束，其英文稱為Record Separator；而%為記錄分隔符號，其英文稱為Record Terminator。一個是每筆資料的最後符號，一個是每筆記錄的最末符號。",作者號及輔助區分號
23756,2011-12-09,23756_A01,CMARC第一版是由國家圖書館還是中國圖書館學會出版?,《中國機讀編目格式》由國立中央圖書館出版。,機讀編目格式
23756,2011-12-09,23756_A02,CMARC第一版是在那一年出版?,《中國機讀編目格式》於1982年9月發行初版。,機讀編目格式
23757,2011-12-11,23757_A01,團體總部在臺灣且有分部在新加坡、澳洲、美國等，其出版年報是否應用地區複分表區別各地區？,內容若侷限於該團體相關的報導、分公司活動情形，其專指性在該團體，分類時並無國別或地域區分的必要，可由團體標目去區別；各地出的年刊以作品區分號處理即可。,編目法
23757,2011-12-11,23757_A02,團體在臺灣名「景盛」，而在澳洲的分部是「澳洲景盛」，著者號應如何處理？,作者號也沒硬性規定如何取，若貴館統一取前3個字也可以，或取「澳景盛」、「美景盛」、「新景盛」也好，只要做好權威控制避免重號皆可。,作者號及輔助區分號
23758,2012-01-04,23758_A01,教育部學校圖書館管理系統的作者號用首尾五筆檢字法取碼號，廖輝英的作者號為8268是否正確？,廖輝英的作者號應為 8568，該管理系統非國圖維護，敬請您向該單位反應。,其他
23759,2012-01-05,23759_A01,各圖書館的特藏號都是一樣的嗎？,因為沒有一個標準的特藏號，所以各圖書館的特藏號也不全然相同,其他
23759,2012-01-05,23759_A02,有沒有標準的特藏號列表可以給我嗎？,可能常用的特藏會一致，如「參考書」用「R」為特藏代碼；期刊用P或SE；地圖用M等。一般會用英文的大寫字母，各館可以自行訂定,作者號及輔助區分號
23760,2012-01-05,23760_A01,在MARC21編目時，標點符號是否有特別之處？,MARC21的標點符號並無特別之處，與CMARC一樣，都是遵照ISBD著錄，只是CMARC會由系統帶出標點符號，而MARC21要編目員自鍵。,機讀編目格式
23760,2012-01-05,23760_A02,在MARC21編目時，標點符號需要空格與不用空格的規則為何？,"依ISBD的著錄規則，除第一個著錄項目以外，所有著錄項目應前置標點、空格。以欄位245來說，分欄$a – Title：In records formulated according to ISBD principles, subfield $a includes all the information up to and including the first mark of ISBD punctuation (e.g., an equal sign (=), a colon (:), a semicolon (;), or a slash (/)) or the medium designator (e.g., [microform]). 245的$a，包含下一個分欄的前置符有「＝」、「、」、「：」、「；」、「/」 245的$b，包含下一個分欄的前置符，有第一作者說明「/」、分卷分節號$n的前置符「﹒」、分卷分節名稱$p的前置符「﹒」另空格的部分請看如下範例 245 _ _ Title proper空格:$b other title information空格/$c statement of responsibility空格;空格subsequent statement of responsibility.",機讀編目格式
23761,2011-12-15,23761_A01,在著錄著作敘述項時，機關團体名應採簡稱還是全銜?,題名及著者敘述項均應照原題著錄之，所以無機關團体名稱採全稱或簡稱的問題，在編文獻為全稱即以全稱著錄。全稱與簡稱的選擇適用於出版項。未來編目趨勢RDA其實已改用全稱的原則。,編目法
23762,2011-12-20,23762_A01,中國編目規則第三版第七章7.1.5條中，如何處理非表演、執行或解說等職責以外之其他參與者？,表演者只有在參與「錄音資料」製作時才被列入著者敘述項，21.4.1所提及的例子正是這種情形。,其他
23762,2011-12-20,23762_A02,第二十一章檢索款目擇定中21.4.1所舉的例子是否屬於著者敘述範疇？,21.4.1所提及的例子屬於著者敘述項，即除以貝多芬立檢索款目外，紐約愛樂交響樂團演奏也應列入著者敘述。,其他
23763,2011-12-21,23763_A01,自從國圖改用MARC21後，NBINET合作編目要點有沒有最新修訂？還是合作館可以視自己的情況使用CMARC、USMARC或MARC21？,依據今年合作館館長會議決議，NBINet合作編目要點中，與現況不合的條文內容（包括資料格式），將會研擬修訂案後，提下次會議討論。目前仍維持由各館自行決定採用的紀錄格式。,機讀編目格式
23763,2011-12-21,23763_A02,各館的權威格式是否仍以中國機讀權威記錄格式為基礎？,NBINet合作編目要點對各館採用何種權威格式的規定與書目格式相同--由各館自行決定。,機讀編目格式
23763,2011-12-21,23763_A03,國圖現在用的權威格式是否為MARC21的權威格式？,國圖自100年12月6日改由MARC21著錄書目紀錄，權威亦用MARC21的權威格式。,機讀編目格式
23764,2011-12-21,23764_A01,93原住民有一題如下下複分標題，何者為一般複分標題？(A)石油—開採(B)歐洲—史—現代（1990-）(C)通信，回憶(D)工程—字典、辭典,答案當然是C 「工程」一詞，本身不是一種形式複分，無法單獨存在，就主題的概念而言，它也無法表達一個完整概念，必須與其他名詞結合，才有專指性或才能表達一完整概念。如僅「工程」一詞只得是什麼? 很難解釋清楚，若說「空調工程」、「建築工程」、「土木工程」等，就能代表一完整概念了。所以，工程一詞不會單獨使用在主標題或複分標題。,其他
23765,2011-12-29,23765_A01,NBINet 推行的核心書目記錄著錄層次是依據編目規則的哪一層次？,NBINet 推行的核心紀錄欄位訂定參考編目規則的第二著錄層次，以及美國國會圖書館PCC BIBCO的Core record standard的規定。,編目法
23766,2012-01-02,23766_A01,西文書的版權頁中，若同時標註「First published in 2006」與「Reprinted in 2008」，在只能選擇一個年代的情況下應標註哪一年？,"請標示 2008 reprint (再版)之年. 有關出版日期, 要注意的有: 1. 再版之版次與年代取最近 (新)的年代. 2. 有出版年時, 印刷年(Printing or impression)通常被忽略. 3. 版權日期與出版日期不同, 著錄出版日期與最近版權日期；版權日期與出版日期相同, 可省略版權日期不錄.",編目法
23767,2012-01-03,23767_A01,達賴喇嘛十四世、達賴喇嘛三世應如何取作者號？,首尾五筆著者號碼法 = 著者時代號 + 著者首尾五筆號碼。 達賴喇嘛十四世、達賴喇嘛三世的作者號皆取「達賴喇」三個字的首尾五筆736，若作者號相同再以作者區分號「：」區別。按入藏先後次序加於：之後。 如：達賴喇嘛十四世 作者號 8736 達賴喇嘛三世 作者號 6736,作者號及輔助區分號
23768,2012-01-04,23768_A01,作者碼中符號（如&、@、‧等）的編法是什麼？,可以略過不取碼 錢月蓮敬答  20120105,作者號及輔助區分號
23769,2012-01-11,23769_A01,中文主題詞表是單元詞法還是敘詞法？,《中文主題詞表》從名稱上就可以解讀為是採用「敘詞」，一般我們稱「敘詞」為「主題詞」，以現代的自動化檢索系統來說，單元詞檢索已是過去的歷史了。敘詞由詞與詞組構成，大部分是應用詞組來表達完整的概念，但也有部份為詞。,主題法
23769,2012-01-11,23769_A02,「凱」字的首尾五筆檢字法號碼為4是正確的嗎？,「凱」字的首尾筆是5 錢月蓮敬答,編目法
23770,2012-01-18,23770_A01,在CMARC編目時，翻譯書譯自應著錄於哪個欄位？,CMARC欄位的劃一題名是著錄於欄位500，欄位454只是說明作品是翻自其他語文的題名，不見得是作品的原文題名，若該譯自的題名若是該翻譯作品的原語文題名，才是我們擇定的劃一題名。,機讀編目格式
23770,2012-01-18,23770_A02,在MARC21編目時，翻譯書的原語文題名應著錄於哪個欄位？,MARC21中沒有「譯自：」這一欄，國圖這邊的做法是將翻譯作品的「原語文」題名著錄於240或130。我們於去年12月29日公布「MARC21部分欄位著錄說明及注意事項彙整版」，其中第七條即為有關翻譯作品處理注意事項，節錄於後供參考：1. 編目文獻為翻譯作品時，其原文題名需作「劃一題名」130/240。,機讀編目格式
23770,2012-01-18,23770_A03,MARC21編目中，中文編目與外文編目在處理翻譯書時有何不同？,翻譯作品非譯自原題名語文時，譬如原題名作品語文為德文，在編文獻卻譯自於法文，240 10 $a德文原題名. $l中文。500 ## $a本書譯自《法文版之title名稱》。740 0# $a法文的title名稱。翻譯作品原題名之副題名，因欄位240無適當分欄著錄，原則不著錄副題名，但可視需要（如副題名比原翻譯題名更完整時）於欄位246著錄副題名。,機讀編目格式
23770,2012-01-18,23770_A04,240段在MARC21編目中是用來做什麼的？,一、MARC21格式裡欄位130／240／730，指得都是劃一題名（Uniform title）。以作者為主要款目時，劃一題名著錄在240段；以題名為主要款目時，劃一題名著錄在130段；730則是附加款目(如分析款目)的劃一題名。二、劃一題名的作用是當一作品有不同名稱時，擇定一個特定題名，將不同名稱的作品的書目紀錄匯集在一起。,機讀編目格式
23771,2012-01-20,23771_A01,在MARC21編目時，中日文書編目於100或700或110字段是否需要註明著作方式？,在MARC21格式中，著作方式用語著錄於分欄$e；著作方式代碼著錄於分欄$4。相關術語及代碼請參LC的MARC Code List for Relators。,機讀編目格式
23771,2012-01-20,23771_A02,在MARC21編目時，英文書編目是否不需要註明著作方式？,MARC21根據RDA發展，訂定了著作方式的描述詞彙及代碼，英文書編目時仍需依照相同規定註明著作方式。,編目法
23771,2012-01-20,23771_A03,在MARC21編目時，註明著作方式是否有一定規定？,MARC21根據RDA發展，訂定了著作方式的描述詞彙及代碼，著作方式用語著錄於分欄$e；著作方式代碼著錄於分欄$4。相關術語及代碼請參LC的MARC Code List for Relators。,編目法
23772,2012-01-21,23772_A01,根據中文圖書分類法，若書名與總論複分表分類號衝突，應如何處理？,類表若已有固定之專號，須遵照類表上指定的類號分類，類表沒有指定類號才依總論複分表複分。,分類法
23772,2012-01-21,23772_A02,《企業管理的理論與哲學》一書應如何取號？,根據2007年版中文圖書分類法，494.1的類目名稱為「管理理論Management theory；經營管理Operation and Management」，因此該書分入494.1較妥。,編目政策與管理
23773,2014-01-16,23773_A01,在於CMARC編目時200段並列題名是否有沒有分副題名呢?直接用標點符號:區分嗎?在510段也是?,CMARC 200記載題名及著者敘述項 200 1_ $a正題名 200 1_ $d並列題名 200.1_ $e副題名 若作品同時具有副題名及並列題名，其著錄方式為： 正題名 : 副題名 = 並列題名 例：贏的策略 : 從設計出發 = The strategy of anti-counterfeiting : innovative industrial design CMARC著錄：200 1_ $a贏的策略 $e從設計出發 $d The strategy of anti-counterfeiting $e innovative industrial desig,編目法
23773,2014-01-16,23773_A02,"請問翻譯書在書上都會有註明例如英文版第四版,但版權頁就已是註明中文書初版,那需要在305段在註明第四版嗎?",翻譯書的著錄，與原著版次相關者，可著錄於： 1. 454 2. 305 3. 200 (實際著錄須視書名頁與版權頁等著錄來源而定),編目法
23773,2014-01-16,23773_A03,現在有些書是合訂本有兩個書名兩個作者那在200段又該如何編目呢?,合刊本的著錄，須考慮是否有共同題名及共同的書名頁? 兩個書名的並列? 每個合刊本是否有其個別的書名頁? 須視著錄來源實際的描述而定。一般合刊本在CMARC格式中相關的欄位著錄有： 200 1_$a正題名 200 1_$c合刊本其他著者之作品 423 _1$12001 $a $f $1702_1$a$b$4,機讀編目格式
23774,2012-01-31,23774_A01,在MARC21中，765譯自款目和767譯作款目如何使用？,765譯自款目用於連接到原文版的書目紀錄，前導用語為Translation of「譯自」；767譯作款目用於連接到翻譯版的書目紀錄，前導用語為Translation as「譯作」。兩者皆為平行連接款目，提供原著書目紀錄訊息但不作為檢索點。例如：130段為劃一題名，245段為正題名，765段連接到原文版紀錄，767段連接到譯作版紀錄。,機讀編目格式
23774,2012-01-31,23774_A02,主題用語中，中文或日文是否在主題後使用$2 csht或$2 lcstt？,"主題附加款目6XX段的$2指標用於標註主題詞來源，其中csht為《中文圖書標題表》代碼，lcstt為《中文主題詞表》代碼。兩者皆為美國國會圖書館註冊的詞表，可參考MARC Code List for Relators, Sources, Description Conventions（http://www.loc.gov/marc/relators/）",主題法
23775,2012-01-30,23775_A01,「索引典中最常見的詞彙關係為廣義詞、狹義詞、同義詞」請問這句話有錯嗎？,"因不知原始的考題之用意，故不回答解答之「對」與「錯」，避免不要的爭議。以下針對索引典定義及詞彙關係回答，希望有助您了解。 索引典（thesaurus），也稱為敘詞表或類語辭典，是主題分析的一種實作方法。引用三種較權威的定義，都有提到詞間關係，供參考。 一、索引典的定義： 1. 國際標準組織（ISO 2788）：一種受控標引語言詞彙，從編製形式上明確顯示概念間的先顯關係（如：廣義和狹義關係）。 2. 美國國家標準（ANSI Z39.19-1980）：索引典就是將詞與詞組依照同義關係、層級關係及其他關係與附註規定編輯起來，其功能是提供一部標準化的詞彙，供資訊貯存與檢索之用。 3. 聯合國科教文組織全球科技資訊系統（UNISIST, UNESCO）：索引典可以其功能或結構定義之。就功能而言，索引典是一種控制詞彙的工具，其用途是將文獻、標引人員或系統使用者所用的自然語言，轉譯成更為規範的「系統語言」（文獻工作語言，資訊語言）。就結構而言，索引典是一部含有特定知識領域的詞彙，詞彙間有語義或從屬上的關係，且詞彙是控制的、動態的。 二、索引典的詞間關係 (參考黃惠株<淺談索引典>) 索引典構組的詞間關係包括等同、層級和聯想三種關係： 1. 等同關係：又稱用代關係，參照符號是「USE」及「UF」。凡具有這類關係的詞，彼此在概念或用法上是相 同或視為相同，包括同義、準同義詞。 2. 層級關係：又稱屬分、上下或等級關係，參照符號是「BT」及「NT」。凡具有這類關係的詞，彼此是上位與 下位概念的關係，相當於分類表中相鄰的上位類與下位類。 3. 聯想關係：又稱親緣、類緣或相關關係，參照符號是「RT」。是指兩個描述詞之間雖無等同或層級關係，但 從標引或檢索角度而言，有相互參照，提醒使用者有另一詞存在的關係。 索引典的基本展示有字順、分類與圖形三種。其中若以字順編排，主題詞按拼音或筆劃區分排列次序外，詞群的基本編排格式如下： 主題詞 注釋或定義（SN） 同義詞（用：USE；代：UF） 廣義詞（BT） 狹義詞（NT） 聯想詞（RT） 可參考更多期刊、專書或網路資源。",其他
23776,2012-02-02,23776_A01,同一本書的三章被分為四本獨立小書時，作者號應如何處理？,同作者同類的書必須以作品區分號「-」區分，「-」後加流水號，自2開始算起。依上述情況，假設四本書的作者為「張大政」，第一本書「生活」的索書號為177.2 8777-2；第二本書「慈祥」為177.2 8777-3；第三本書「歡喜」為177.2 8777-4；第四本書「愛心」為177.2 8777-4。,作者號及輔助區分號
23776,2012-02-02,23776_A02,如何用其他輔助區分方法（如年份或PT編號）處理此情況？,年代係用來區分同書的不同版本，兩者用法不同。,作者號及輔助區分號
23777,2012-02-03,23777_A01,為何在第十三章電子資源的資料特殊細節項中顯示「本項不適用於電子資源之著錄」，而其他資料類型如連續性資源、地圖、樂譜等都有對應的特殊細節項？,中國編目規則1.3與13.3存在文字上的矛盾，1.3提及電子資源屬資料特殊細節項範疇，但13.3明確規定「本項不適用於電子資源之著錄」。為避免矛盾，國圖編目組曾建議刪除1.3中的電子資源條文，但修訂尚未完成。,編目法
23777,2012-02-03,23777_A02,電子資源的特殊細節應如何描述？,電子資源屬特殊類型，其描述需善用附註項說明，可參考國家圖書館補充的規則說明及《電子資源編目手冊（初稿）》，並注意其可能兼具連續性資源、地圖等特性，需依實際情況使用特殊資料附註項。,其他
23778,2012-02-09,23778_A01,自從國圖全面改用MARC21及MARC21權威紀錄後，NBINET合作編目要點是否完全沒有修訂？,依據去年合作館館長會議決議，目前「NBINet合作編目要點」正進行整體內容修訂，將提報合作館會議通過後，再行公布。,機讀編目格式
23778,2012-02-09,23778_A02,NBINET合作編目要點中關於「權威資料以「中國機讀權威記錄格式」為基礎」的規定是否仍然適用？,有關權威紀錄的機讀格式，也將於修訂時，一併提請NBINet合作館討論確認。,編目法
23779,2012-02-08,23779_A01,實際上應用狀況如何？,Metadata是描述資料的資料，用來協助對網路電子資源的辨識、描述、與指示其位置，利用後設資料可以協助儲存、控制、管理、散布和交換數位資源。後設資料有好多種，DC與MARC只是其中的兩種，不同社群不同學科依資料的屬性選擇不同的後設資料格式，以達到不同知識層次的分析與詮釋。MARC是圖書館界最常用的處理資料的格式，但對網路資源的交流有其侷限性，DC以公眾檢索為導向，相較於MARC，在網路世界的發展更占優勢。,機讀編目格式
23779,2012-02-08,23779_A02,我國圖書館是不是還是以CMARC USMARC來整理電子資源為大多數？,MARC目前仍是國內國外圖書館界的主流，雖然近期美國會圖書館提出書目框架變更規劃，但仍為進行式，據其公布之資料，他們青睏的是XML與MARC的調和。至於DC實際的應用狀況，建議請教中研院數位典藏與數位學習國家型科技計畫的主事專家或學者。,機讀編目格式
23780,2012-02-09,23780_A01,同一作者同一作品，但出版年不同且ISBN不同時，是否需要作作品號？,可以分兩種情況來處理：一、再版時書名不變，同一作者同一作品的書號應該一致，因再版年代不同時以版次年代作區分；二、再版時書名已變更，該書當新書處理，於作者號後加作品區分號區分。,作者號及輔助區分號
23781,2012-02-17,23781_A01,西文MARC21中的100段應如何著錄，才能讓讀者用兩個作者名皆能搜尋到該本著作？,可建立著者權威紀錄，利用反見標目來達成二個名稱皆可檢索到該書。,編目法
23781,2012-02-17,23781_A02,西文MARC21中的245段應如何著錄？,須依照書名頁著錄。,編目法
23782,2012-02-22,23782_A01,CORC網路資源編目計畫所指的網路資源是什麼？與一般理解的網頁有何不同？,CORC並無規定哪些電子資源要收或不收。電子資源係指以數位方式儲存、並通過網路、電腦或終端等設備讀取之資料。按表現形式分資料與程式；按對話模式分互動式資源與非互動式資源；按訪問方式分本地訪問資源與遠端存取資源；按發行形式分為連線資料庫、連線館藏目錄、電子書、電子期刊、電子報紙、動態性資訊、軟體等等；按物理載體分實體資源（如光碟、磁片、磁帶、IC卡等）與遠端存取資源（如網路資料庫、即時性數位資源等）。※ 音資（如CD）及影音資（如VCD、DVD、BD）並未納入電子資源範圍。,其他
23782,2012-02-22,23782_A02,一般使用者要如何使用CORC整理好的網路資源？,From WorldCat accessible CORC，CORC提供系統功能得以自動產生資源示意圖，以利整合圖書館實體館藏與數位化資訊，方便使用者查詢相關主題的各類型資源。一般讀者可藉由WorldCat查詢CORC的資料，國圖有購買此資料庫，但因限制IP的關係必須入館才能使用，歡迎至國圖來。,其他
23783,2012-02-09,23783_A01,柏楊版資治通鑑一套72本，在編目的時候是否是編一筆書目資料(柏楊版資治通鑑)，然後將這72本分別編成其下的72冊？,以《柏楊版資治通鑑》套書來說，一套72本每本有單獨的題名，很適合採「單本編類號集中」的方式，不同題名的書分立不同的書目紀錄，將柏楊版資治通鑑視為集叢名: 如: 柏楊版資治通鑑第61冊為《黃巢民變》: (一)CMARC 200 $a黃巢民變 225 $a柏楊版資治通鑑 $v61 索書號 610.23 846 v.61 (二)MARC21 245 $a黃巢民變 490 $a柏楊版資治通鑑 ; $v 61 索書號 610.23 846 v.61 若要集中編，以《柏楊版資治通鑑》為題名，將各單本書的題名分別著錄於內容註，並作分析款目，也不是不可以，但看套書的排版形式及讀者使用的方便性來決定，只要不影響讀者查詢結果，編目員是可以自行決定的。,編目法
23784,2012-02-29,23784_A01,PHOTO BOOK是什麼?,PHOTO BOOK，係指「相片書」、「寫真書」或「寫真集」，就是把照片印刷成書的意思。,作者號及輔助區分號
23784,2012-02-29,23784_A02,MOOK又是什麼?,Mook一字，是英文外來語，源自日本，意指雜誌書。是由雜誌（Magazine）與書籍（Book）二字合在一起，成為獨具魅力的「雜誌書」。日本雜誌的編輯在做市場調查或是讀者投書中，發覺他們的讀者群對某些特殊題材有極大的興趣，便會針對這些熱門題材製作特集進行販售，這些特別增刊號具有雜誌的情報速度與印刷精美的彩色圖片，又兼具書籍製作的深度與保存價值，因而獲得空前的成功，更激勵了雜誌出版社企劃各類型受歡迎的雜誌專題的特集、增刊或別冊。台灣Mook出版社就是典型的代表。可以逛逛博客來網站，有一個Mook分類瀏覽館。,作者號及輔助區分號
23785,2012-03-02,23785_A01,312.52 系統程式設計是否泛指各類作業系統之程式設計？,312.52 系統程式設計此處專指作業系統之程式設計，一般程式設計入312.3，通訊介面軟體之程式設計入312.7,其他
23785,2012-03-02,23785_A02,若要集中某一作業系統程式設計(如:windows)，可否再依克特號碼取碼規則往下細分？,若要集中某一作業系統程式設計，如Linux的程式設計，是可以依克特號碼取碼規則往下細分的,其他
23785,2012-03-02,23785_A03,312.53 作業系統與312.54有何區別，是否單指Windows作業系統？,312.53 作業系統應放泛論作業系統的資料，如《作業系統概論》、《作業系統原理》、《精緻作業系統教學範本》等；312.54才將各型電腦作業系統分門別類,其他
23785,2012-03-02,23785_A04,312.54 各型電腦作業系統入此 Unix作業系統入此，Linux是否也歸入此？Linux有Fedora、Red Hat、Ubuntu等分支是否包含在內？,312.54 各型電腦作業系統入此包含Unix作業系統，Linux也歸入此。但Linux有Fedora、Red Hat、Ubuntu等分支，是否包含在內需依克特號碼取碼規則進一步細分,其他
23786,2012-03-03,23786_A01,國圖給號 863.0906 是否恰當？,國圖給號 863.0906 → 863.09為台灣史專號，再依中國時代細分，明清為06,其他
23786,2012-03-03,23786_A02,北市圖給號 863.09 是否恰當？,北市圖給號 863.09 → 也正確，未再細分而已,其他
23786,2012-03-03,23786_A03,中國文學史-年表 820.909 是否恰當？,中國文學史-年表 820.909 → 中國文學史類號為820.9 (820.09省略1個0) ；中國文學史「年表」專號：820.909,其他
23786,2012-03-03,23786_A04,仿中國文學史-年表，將臺灣文學往下複分為863.909 是否恰當？,仿中國文學史-年表，將臺灣文學往下複分為863.909 → 此類號用法不妥 863.9 為臺灣各地方文學 所用之類號，後面應依臺灣縣市表再細分； 若要從臺灣文學史細分出「年表」一項，其類號應為 863.0909 (仿中國文學史--年表方式細分),其他
23787,2012-03-06,23787_A01,資料代碼欄105和135並存是否有衝突？,在中國機讀編目格式中105和135無法並存，因為資料類型與LDR/06相關，若為圖書，LDR位址6選a，資料代碼欄就要選105；若為電腦檔要選l，資料代碼欄就要選135，主體只能選1種。,機讀編目格式
23788,2012-03-06,23788_A01,如何將MARC編目機讀格式轉出成XML格式？,需要兩種metadata的轉換程式。,機讀編目格式
23788,2012-03-06,23788_A02,需要用哪一種工具軟體？,"CMARC3-XML轉換程式，國圖已公布於編目園地： 首頁＞ 國圖編目訊息＞ 國圖編目作業規範與解釋＞ 機讀格式 機讀編目延伸標示語言文件網頁服務 計畫進度 ＞ 工作成果 ＞ CMARC3-XML轉換程式 http://cmarcxml.ncl.edu.tw/reader/is_register.asp?fileid=1&id=193,188,168,157,131&pagetitle=CMARC3-XML轉換程式",機讀編目格式
23789,2012-03-08,23789_A01,在中文圖書分類法中，如何定義電視及電影等劇本寫作、理論、創作、演出？,看此類之書，先釐清書的內容是屬於文學類還是表演藝術類：987或989是屬於演出的範疇，內文涉及表演藝術者入此。基本上劇本理論與創作是不會歸入987或989的。854.5是劇本文本，該在編文獻本身即是一個劇本，或該劇本之評論。824.8是劇話，專指「中國」戲劇理論或評論性資料歸入此；但個別作品之評論，我們會與該個別作品放在一起，歸入854.6-8類之下。812.3與824.8是同質性的，只是內容上包含中國與西洋兩方面的論述。您所提及劇本寫作法、劇本創作(創作一個文本)，基本上歸入854 劇本理論屬文學評論範疇，歸入812或824文學評論 電視電影之演出歸入987.8、989.2表演藝術,編目法
23789,2012-03-08,23789_A02,《電視劇藝術論》與《細說電影編劇》的分類號是否正確？,《電視劇藝術論》已查國圖館藏目錄，分類號為989.201非854.8，猜想所指「藝術論」恐怕是「表演藝術」論而非劇本文學理論。《細說電影編劇》國圖類號歸入987.34，該書內容可能涉及某部影片吧，因為二本書典藏地都在延平館藝術資料室，借閱較不方便所以沒有實際去翻閱，在此致歉。,其他
23789,2012-03-08,23789_A03,電視及電影相關書籍的分類規則有哪些？,錢月蓮敬答 20120312,編目法
23790,2012-03-09,23790_A01,關於Ruby及Rails開發技術的書目應歸入哪一個類號？,Ruby on Rails是一種結合Ruby語言與Rails平台的網頁程式語言，書的主旨是網站開發，所以CIP歸類於網際網路大項下，應歸入312.1695類號。只有內容專講某程式語言時，才歸入該電腦程式語言312.3類下面。,其他
23790,2012-03-09,23790_A02,國家圖書館程式語言代碼表是否尚在維護？,原始答案中未提及國家圖書館程式語言代碼表的維護狀態，因此無法提供具體資訊。,其他
23790,2012-03-09,23790_A03,若國家圖書館程式語言代碼表無維護，是否為各館參考克特號碼取號規則自訂？,原始答案中未提及此情況，因此無法提供具體資訊。,其他
23791,2012-03-12,23791_A01,敘詞法和標題法之間的差異在哪裡？,標題是主題標目(subject heading)的簡稱，標題表是將標題與其參照的關係依照字母或筆畫順序排列而成，主要的功用在於能夠幫助讀者自圖書館目錄中，查到關於某一主題的各種類型的館藏。標題與主題其實是同一個東西，都是用「詞語」來表達主題概念，兩者都是採用控制詞彙，只是組配的方式不同罷了。 表達主題的形式有前組式與後組式；標題是前組式主題法，敘詞是後組式主題法。 前組式(Precoordinated) 主題法：標引用的詞彙，先期已由編表人員組配好的意思，詞彙的先後次序是固定好的形式，詞與詞間有詞序間的關係，編目員在標引詞彙時，只要照表操課就好。譬如標題表規定「中國-歷史」，你就不能用「歷史-中國」。 後組式(Postcoordinated)主題法：就是在編表和標引時，事先不把檢索詞彙組配成固定的形式，而是在檢索文獻時，由使用者自行組合檢索的工作，組織主題概念，通常是經過控制(規範)的用語或詞彙(term)來表達單一的概念，譬如以「中國」、「歷史」二詞的組配或「中國史」單一敘詞來表達「中國歷史」這個概念。 先組或後組各有優劣，但先組式不便於系統存儲、編排與檢索，後組式相對較為靈活，因此，由敘詞表替代標題表已是趨勢。,主題法
23792,2012-03-16,23792_A01,日本人著者時代號應使用哪個時代表？,應使用(附表四)日本時代表。,作者號及輔助區分號
23792,2012-03-16,23792_A02,韓國人著者時代號應使用哪個時代表？,應使用(附表五)韓國時代表。,作者號及輔助區分號
23792,2012-03-16,23792_A03,西洋人著者時代號應使用哪個時代表？,應使用(附表三)西洋時代表。,作者號及輔助區分號
23793,2012-03-26,23793_A01,圖書與非書資料在分類方面的異同為何？,分類一般是以作品的內容歸類，因此只要具內容形式的圖書與非書資料都應使用一樣的分類表，並無差異；但有些非書資料類型形式特徵勝過其內容的表達時，如樂譜、靜畫資料、拓片…等，會打破按分類表排架的方式，以「類型」取代分類號，與圖書分開典藏，在機讀著錄時，以MARC 21為例，用欄位655(標題附加款目—類型形式)取代欄位084 $a(分類號)。,機讀編目格式
23793,2012-03-26,23793_A02,圖書與非書資料在編目方面的異同為何？,不同類型之資料有一般通用性編目規則，也有針對個別資料類型特徵所訂定之編目規則，如樂譜的特徵與錄音資料不同，錄音資料與錄影資料也不同，針對其特殊性需分別參考各自的資料特殊細節項與稽核項的描述規則等，中國編目規則除第二章圖書外，第三章是連續性資源，第五章是地圖資料，第六章是樂譜，第七章是錄音資料，第八章是電影片及錄影資料，第九章是靜畫資料，第十章是立體資料，第十一章是拓片，第十二章是微縮資料，第十三章是電子資源，可各自就不同資料類型遵循不同的編目規則。,編目法
23793,2012-03-26,23793_A03,圖書與非書資料在機讀格式著錄方面的異同為何？,從LDR開始就必須先區分出資料類型，針對不同資料類型各有相應的特殊欄位，以CMARC為例--- LDR/6紀錄類型，若為e印刷形地圖資料，與之配合的資料代碼欄，就不是一般圖書適用的欄位105，而是相對應地圖資料所用的欄位120、121、123、124等；其他相關欄位尚有204資料類型標示、206資料特殊細節項：地圖資料之製圖細節、稽核項、稽核附註項等。,機讀編目格式
23794,2012-04-02,23794_A01,道教機構小型圖書館應如何分類書目？,圖書數量若很少，可以按書本的登錄號(書籍入藏的先後次序)排架，不用分類也是可以的。圖書排架若以「索書號」排架，就必須先行分類，分類表建議採用「中文圖書分類法 2007年版」，因為那是臺灣地區最為廣泛使用的類表，要參考別人已編好的書目紀錄較為容易。分類號230為有關道教之分類。,作者號及輔助區分號
23794,2012-04-02,23794_A02,道教文獻應使用哪種編碼方法？,索書號的構成可參考「索書號及文獻排列法」http://catweb.ncl.edu.tw/portal_f2_cnt.php?button_num=f2&folder_id=85，作者號之取碼可參考附錄1或附錄2（頁773-777）。期刊與圖書分開處理，期刊以刊名字順排列先後次序即可，勿需分類。,作者號及輔助區分號
23795,2012-04-09,23795_A01,有中文圖書分類法對照大陸中國圖書館分類法的書目對照表嗎？,至目前為止，尚未查獲有關中文圖書分類法與中國圖書館分類法之對照表。,其他
23795,2012-04-09,23795_A02,館方是如何處理大陸簡體書之書目分類的？,本館大陸簡體字書的分類係採用《中文圖書分類法》與繁體字書並無不同，所以簡體字書多半為原編，閱讀簡體字書不會有困難，編目員按書的內容分類，當分類號較難決定時我們才會參考大陸書上的CIP的分類號，查閱《中國圖書館分類法》類號對照到中文圖書分類法之類號。分類是按書的主旨歸類和語文其實沒有關係。,編目政策與管理
23796,2012-04-12,23796_A01,中文館藏編目建檔改為MARC21後，標點符號與空格的正確使用規範為何？,在分欄與分欄間，標點符號前面空一格(後面不空)是正確的；在一個分欄中之敘述「：」「＝」等符號之前與後都要各空一格，如245段有2個副題名或有兩個並列題名時，就要「空格:空格」「空格=:空格」。分欄符號前系統會自動帶出空格，所以$b前我們「不會空」如:$b，:與$b間沒有空格。,機讀編目格式
23796,2012-04-12,23796_A02,不同合作館採用MARC21時標點符號模式不同，應如何處理？,MARC21標點符號的用法，要直接參考LC之MARC21 Standards (網址為http://www.loc.gov.marc/)的各分欄說明，不要用視覺上的認知，因為最後的呈現有時候會因排版或系統的關係，一點點的距離就造成很大的誤會。《MARC21書目紀錄中文手冊》上是因為排版及版面美觀的關係，致使MARC21標點符號之呈現有所誤差，日後本館修訂時將予以改進，對此造成混淆向您抱歉。,機讀編目格式
23797,2012-04-13,23797_A01,《MARC21書目紀錄中文手冊》的排版是否影響實際編目做法？,我的回答還是一樣的： 「MARC21標點符號的用法，要直接參考LC之MARC21 Standards (網址為http://www.loc.gov.marc/)的各分欄說明，不要用視覺上的認知。」,機讀編目格式
23797,2012-04-13,23797_A02,機讀格式中分欄符號「$」的正確使用方式為何？,很抱歉上次只提到有關書的排版，忽略與系統的關係，先說明一件事，在機讀格式中每個分欄符號「$或,機讀編目格式
23798,2012-04-16,23798_A01,套書共用一片光碟要如何進行編目?,"先檢視光碟片的題名--- 1. 假設光碟片""有""共同題名(有套書題名)時 (1)取共同題名於「題名著者敘述項」(CMARC的200段及MARC21的245段) (2)說明題名取自之來源 (MARC 21之500段或CMARC之300段) (3)內容註：將光碟片中的各單本書之書名等資料著錄於MARC 21之505段或CMARC之327段 (4)內容分析款目或連接款目 2. 假設光碟片""沒有""共同題名時，看看光碟片的盛裝盒是否有共同題名? (1)有，則按1之方式處理 (2) 沒有， 館員可以取一個總題名外加方括弧著錄於題名著者敘述項，如[XXXX詩集] 其它屬於光碟片特性之著錄也不可少，如LDR/紀錄類型、資料類型標示、稽核項等，該有的還是要有。",機讀編目格式
23799,2012-04-24,23799_A01,在MARC 21的100段中，日文姓名的正確寫法是姓在前還是名在前？,"MARC 21中100段的格式固定，姓要在前。例如：100 1_ $aUchida, Atsuto.",權威控制
23799,2012-04-24,23799_A02,在MARC 21的245段中，日文姓名的處理方式是什麼？,"245段採用照錄原則，所以兩種都有可能，書上怎麼呈現就怎麼錄。例如：xxxxxxxx /$c姓, 名 或 名姓。",機讀編目格式
23800,2012-04-26,23800_A01,CMARC與MARC21的差別為何？,CMARC與MARC21的差別是一個研究性議題，會牽扯到AACR2與中國編目規則的基本差異性。概括的說，我們完成一筆書目紀錄會運用到兩種規範標準，一是資源內容的描述(編目規則)二是紀錄的結構(MARC)，兩者之間有相當程度的關係。MARC21是美國與加拿大兩國機讀格式的彙整版，較為嚴謹與繁複但無法顧及中國特有的資源描述，如主要款目的概念、翻譯作品與劃一題名、名稱標目、善本古籍、拓片、中國樂器等…，未必在MARC21格式中能有百分百適當的對應。,編目法
23800,2012-04-26,23800_A02,準備初等考的話學MARC21有幫助嗎？,學習MARC21與初等考試是否有關實在很難回答，要看每次的典試委員會是否會出相關問題。考題中常會出現與發展趨勢相關的問題，國內有越來越多的圖書館改用MARC21是事實，所以該不該學習要問自己。不見得學什麼東西都要和考試掛勾。,機讀編目格式
23801,2012-04-28,23801_A01,以四角號碼為基礎，如何為國際佛光會中華總會配置作者號？,取「佛光中」這3個字的四角號碼為作者號。,作者號及輔助區分號
23801,2012-04-28,23801_A02,以四角號碼為基礎，如何為國際佛光會世界總會配置作者號？,取「佛光世」這3個字的四角號碼為作者號。,作者號及輔助區分號
23801,2012-04-28,23801_A03,以四角號碼為基礎，如何為國際佛光會紐西蘭北島協會配置作者號？,取「佛光紐」這3個字的四角號碼為作者號。,作者號及輔助區分號
23801,2012-04-28,23801_A04,以四角號碼為基礎，如何為國際佛光會西澳協會配置作者號？,取「佛光西」這3個字的四角號碼為作者號。,作者號及輔助區分號
23801,2012-04-28,23801_A05,使用四角號碼法為團體作者（如『國際佛光會』各分會或協會）配置作者號時，若團體名稱前三個字完全相同而無法區分，應如何取字與處理？,可以跳著選取，但需記錄在附著項，說明作者號是取哪幾個字。,作者號及輔助區分號
23802,2012-05-01,23802_A01,類似成果專刊這樣的刊物，是否可以沿用舊刊物的isbn編號？,ISBN (國際標準書號)：圖書裝訂格式或內容增修、版本不同時，需重新申請，號碼不可延用。,其他
23802,2012-05-01,23802_A02,每年印刷相同內容的成果專刊是否需要重新申請isbn編號？,若無內容增修或版本變更，可沿用舊isbn編號。,其他
23803,2012-05-03,23803_A01,統一以西元紀年作為年代號是否合適？,索書號的部分，統一以西元紀年，較具國際性也方便讀者辨識，是相當好的作法。,作者號及輔助區分號
23803,2012-05-03,23803_A02,不同紀年方式（如民國紀年、外國紀年等）應如何處理？,出版項的著錄，在中國編目規則尚未修訂前，仍希望按照規則1.4.5及1.4.5.1之方式著錄，凡有西元年者可直接錄著錄西元年，不必換算成民國年；但以民國紀年者仍維持以民國紀年的方式(如:民100)；其他外國紀年、干支或代字紀年者，一樣是照錄該紀年，但需要查明西元年註於該年後。例： 1. 民100 版權頁：中華民國100年9月初版一刷 2. 2011 版權頁：2011年9月初版一刷 3. 昭和27 年[1952] 於方括弧內加註西元紀年 4. 清同治戊辰[1868] 錢月蓮敬答 20120507,編目法
23804,2012-05-04,23804_A01,書名頁正題名旁的解釋性小字內容是否算副題名？,漫畫版、全彩圖文版是一種內容形式與版本之描述，就內容層面來說視其為副題也不能說不好，規則也並無明確規定有「版」字在的就不能看作是副題。,其他
23804,2012-05-04,23804_A02,書名頁正題名旁的解釋性小字內容應如何著錄？,"我個人較傾向以版本看待，可著錄於附註項或版本項的$b (版本說明的其他部分)，例如: 250 __ $a第一版, $b漫畫版 或 500 __ $a漫畫版",編目法
23805,2012-05-04,23805_A01,續編與補編的定義及在編目中的應用為何？,續編、補編是編次名稱，是出現在主要著錄來源上的，表示它的內容與正編相關，但已是另一本全新的創作，與二集、三集、四集…表達的意思其實是一樣的，都有連續或補充的用意，之所以要將編次名稱與題名分離，用意是在目錄顯示時能將它們集中在一起，不會因為編次不同致排序時分開。以您舉的例子來說例1與例4就是很典型的例子；例2與3確實是作品與部分的關係，若要將作品的每個部分單獨編一筆紀錄，可以利用編次與編次名稱。,編目法
23805,2012-05-04,23805_A02,續編、補編與版本敘述的區別為何？,續編、補編不可以與版本敘述混淆，所謂第二版應指「同一部作品」的不同版本，新舊版的差異僅在部分內容做了修訂，修訂後又重新排版發行，與續編要表達的概念基本上是不同的。書名頁上描述的版本有時與版權頁相同，只是強調的一種行銷的手法，有時候是涉及翻譯作品原書的版本描述，情況不一，但無論如何都不能以補編看待。以您所提及的《斐多》一書為例，該書是譯者楊祥重新校正其翻譯的修訂本，書名頁上的「第二版」若與版權頁的版次敘述相同(同樣用第二版這樣的語詞)，則直接將版本敘述著錄於版本項即可(如: MARC 21的250$a第二版)；若版權頁用再版、新一版…，與書名頁上之用詞有出入的話可，可利用附註項做說明，如: 250 __ $a再版 500 __ $a書名頁題第二版，為楊祥翻譯之修訂再版,其他
23806,2012-05-05,23806_A01,中國編目規則2.5.1.1款與2.5.2.1款如何區別？,"一、圖與圖版：圖版：書中含較優紙張(通常紙張較厚較光滑最常見為銅版紙, 與正文用紙不同)，精印且未列入正文頁碼之圖，稱為圖版。圖：書籍正文附有插圖者，稱之為圖，插圖的種類：像、地圖、設計圖、圖表、書影、譜系表、表格、樂譜等。圖書館可以自行決定是否要細分插圖種類，若要細分，各類插圖間以逗點(，)相隔；若不要細分，一律以「圖」代表記之。",編目法
23806,2012-05-05,23806_A02,如何運用中國編目規則2.5.1.1款與2.5.2.1款？,"二、面(葉)數記載之方式：(1)面(葉)數完全連貫：記其最後之面葉數廣告或其他與本文內容無關之資料頁數不予計入 (2)面(葉)數不相連貫：a. 正文前不連貫：合計其面(葉)數，加方括弧。b. 正文不連貫：連同正文前後即全書面(葉)數合計，加方括弧。c. 正文後不連貫：合計其面(葉)數，加方括弧。d. 未標面(葉)數或各章節面(葉)數各自起訖者：合計面(葉)數著錄，加方括弧。e. 書頁散失：得於現有面(葉)數後記加號 (+)，並於附註項中說明。三、範例：(1)中國編目規則2.5.1.1--書中含較優紙張精印且未列入正文頁碼之圖版,記「圖版XX面(葉)」於面(葉)數之後,隔以逗點。例：300 __ $a566面, 圖版19面 :$b圖, 像, 書影 ;$c21公分 ※ $a著錄頁數, 在$b之前用冒號(：)引出插圖及其他稽核細節, 在$c之前用分號(；)引出尺寸 非機讀格式之畫面呈現：566面, 圖版19面 : 圖, 像, 書影 ; 21公分",編目法
23807,2012-05-05,23807_A01,若兩本書書名、內容、出版社完全相同，但其中一本每個字都附有漢語拼音，後入館者應加註何種同類書區分號?,應加作品號(-)，附有漢語拼音的版本已與原版不同，需加註作品號，不能視為複本或原本的不同年代之出版品。,作者號及輔助區分號
23807,2012-05-05,23807_A02,若兩書正文文字完全相同，但字體大小、排版互異，後入館者應加註何種同類書區分號?,應加年代號，排版已不同，請加註年代號。,作者號及輔助區分號
23808,2012-05-05,23808_A01,若刊期期數為2位數時，是否可以縮寫西元年份改著錄為'V.'95'10-14'？,並沒有標準規定一定要怎麼做。不過，年代與卷期混合式的排法，還真是第一次看到! 不知讀者們看得懂嗎? 通常，年代與期數分開表示會比較清楚，兩者間以空格相隔，或另起一行。,編目法
23808,2012-05-05,23808_A02,若遇刊期期數為2位數無法著錄，有什麼更好的解決方式嗎？,"年代與期數分開表示會比較清楚，兩者間以空格相隔，或另起一行。例如： P 520.5 8534 1994 v.1no.1-v.4no.2（或v1n1-v4n2）※該雜誌的裝訂本是1994年的第1卷第1期至第2卷第4期 1994 v.1-6 ※該雜誌的裝訂本是1994年的第1-6卷, 可再同一行,但年代與期數間有一空格, 也可以分兩行 1994 n.1-6 ※該雜誌的裝訂本是1994年的第1-6期",編目法
23809,2012-05-06,23809_A01,年鑑題名有兩種形式，分別是什麼？,年鑑題名大約有兩種形式：1.年鑑題名+年度（例如：中華民國科學技術年鑑97年版）；2.年鑑題名（題名內含年度）（例如：中華民國八十三年出版年鑑）。,權威控制
23809,2012-05-06,23809_A02,合作館對這兩種年鑑題名形式的著錄方式有何差異？,合作館的著錄方式為：1.年鑑題名+年度形式，著錄為「年鑑題名. 年度」（例如：中華民國科學技術年鑑. 97年版）；2.年鑑題名（題名內含年度）形式，則直接著錄（例如：中華民國八十三年出版年鑑）。,編目法
23810,2012-05-06,23810_A01,"英鎊(價格)應如何著錄?是""£20""嗎?",可以的。中國編目規則1.8.3獲得方式：幣制宜採用通行之符號。如: 123 基價5.4元 HK$8 ￥5600 ※國圖的作法是新台幣(NT$)以外的，都將幣值符號改用文字敘述，一則輸入方便二則符號對讀者較陌生。,編目法
23811,2012-05-06,23811_A01,NBINet書目資料的集叢欄位未加圓括弧，是否可比照辦理？,在中國機讀編目格式環境中，系統會自動帶出標點符號，館員不必自鍵。,其他
23811,2012-05-06,23811_A02,館內自動化系統是否需符合ISO資料轉出標準？,不論系統是否為MARC格式或其他metadata，重要的是資料轉出符合ISO即可。,機讀編目格式
23812,2012-05-06,23812_A01,「mini Book」是否應著錄於題名項中以資鑑別？,因為兩個版本都用「初版」，為了識別是可以如實照錄mini Book,編目法
23812,2012-05-06,23812_A02,應如何著錄「mini Book」於題名項中？,245 10 $a用聽的背文法 :$b進階Level(mini Book) / 錢月蓮敬答 20120507,編目法
23813,2012-05-18,23813_A01,"中國機讀編目格式第三版有關010的編目範例1中，為何ISBN號碼中間的短橫""—""會不見？",標準書寫是有「—」的，網路上的資料有誤，可能是由紙本轉成pdf檔時造成的，我們會更正。,機讀編目格式
23813,2012-05-18,23813_A02,"說明1中是否必須填入ISBN號碼中間的短橫""—""？",網站上的說明1確實要求必須填入，但實際資料可能因轉檔問題導致短橫遺失，已更正。,其他
23814,2012-05-24,23814_A01,華僑行政在中國圖書法分類中的類號是什麼？,在中國圖書法分類與中文圖書分類法中，華僑行政此類目並未變動，類號為 577.21。,其他
23814,2012-05-24,23814_A02,中國圖書法分類與中文圖書分類法在華僑行政分類上有哪些異同？,類目「華僑 577.2」一項，修訂的只有註是說明文字：原中國圖書法分類法526.3(排版錯誤)在中文圖書分類法中更正為529.32。,分類法
23815,2012-05-07,23815_A01,在使用MARC 21編目時，如何決定是否要建立100段[主要款目-個人名稱]？,中國編目規則以題名为主要款目，應用時需將「著」、「撰」等對作品負有實際責任者，即原CMARC欄位700/710的個人、團體作者，著錄於MARC 21欄位100/110、111的主要款目。,編目法
23815,2012-05-07,23815_A02,在使用MARC 21編目時，如何決定是否要建立700段[附加款目-個人名稱]？,將「編」、「譯」、「校」、「釋文」、文字作品的「繪圖」等，原CMARC欄位701/702/711的作者，著錄於MARC 21的欄位700/710，即可區分主要款目與附加款目。,機讀編目格式
23816,2012-05-17,23816_A01,目前館內有一套中學生晨讀10分鐘的書籍共有4本，每本主題不同，類號也不同，每本作者與編者也不同，若是想套書分編的方式，請問該如何取作者號?,「晨讀10分鐘」是很值得推廣的運動，相應的書籍一定也不少，假設要將其集中一處，作者號可取叢書名，若書名是： 1. 中學生晨讀10分鐘成長故事集 可取主系列的2個字「中學」+ 副系列的一個字「成」 2. 中學生晨讀10分鐘科學故事集 可取「中學科」 三個字 當然，為避免同號的機率太高，也可以只取副系列的名稱，如： 3. 中學生晨讀10分鐘幽默散文集 取 「幽默散」 4. 中學生晨讀10分鐘放眼天下勵志文選 取 「放眼天」 作者號的取法屬內部管理，只要將怎麼取記錄下來讓以後的編目員知曉即可。,作者號及輔助區分號
23817,2012-05-14,23817_A01,MARC 21中「改編作者」與「原作者」在100段及700段的著錄方式為何？,"主要款目的選擇要根據每一作品的著者條件，也就是要思考一下，著者所做的貢獻是什麼? 「改編作者」是一種混合責任類型的作品，即2個或多個人或團體，在創作該作品中，承擔不同性質的創作，如：改編別人的作品，為別人的作品畫插圖，為歌詞配曲，對某作品評論......都屬於主要款目, 作者著錄於100字段。",編目法
23817,2012-05-14,23817_A02,格林童話改編的童話書為何在100段著錄改編作者？,"若著作性質已不同, 改編成童話劇、電影卡通，或內容改寫等都可視為新作品的主要負責者。",編目法
23818,2012-05-26,23818_A01,首五筆著者號是什麼？,"您好: 從您所提之問題來看, 未能瞭解您提問的意思, 可否請您詳述您的問題, 以便本館回覆, 謝謝! 國家圖書館 編目組 敬上",其他
23818,2012-05-26,23818_A02,尾五筆著者號是什麼？,"您好: 從您所提之問題來看, 未能瞭解您提問的意思, 可否請您詳述您的問題, 以便本館回覆, 謝謝! 國家圖書館 編目組 敬上",其他
23819,2012-05-28,23819_A01,漫畫家之總傳或別傳是否適合入940.98-99之類號？,適合。 有關繪畫與書法94X類目下之傳記，皆適宜歸入940.98-99之類號。,其他
23820,2012-05-28,23820_A01,套書共三本，每本前面都有圖版數頁(未計入正文頁數)，在稽核項應如何著錄呢?,稽核項中「套書」的單位既以用「冊」來計，圖版也不用計算數頁，只要以「圖板」字樣表示即可。如： 300 __ $a3冊 :$b圖板 ;$cxx公分,編目法
23820,2012-05-28,23820_A02,在MARC21的008的插圖代碼f是什麼情況時要使用呢?,MARC 21 中，008/18-21中的「f」意指plates，即書本整頁的插圖，不是分析紙張的紙質是看書中有沒有插圖。,機讀編目格式
23821,2012-06-01,23821_A01,NBINET目前是使用哪兩種機讀格式呢?,NBINET使用CMARC與MARC 21兩種機讀格式。,機讀編目格式
23821,2012-06-01,23821_A02,LC MARC等於US MARC嗎?,LC MARC以前等於US MARC，後來整合CANMARC ，兩種MARC修訂合成新資料格式，取名MARC 21，是表示該格式是 21 世紀的一種國際標準機讀格式。,機讀編目格式
23821,2012-06-01,23821_A03,MARC21五大機讀格式各代表著什麼意思呢?,五大機讀格式各代表五種不同作用的通訊格式(communication formats)：(1) 書目格式由三項要素組成：記錄結構(record structure)、內容標示(content designation)、記錄的資料內容(data content of the record)。(2) 權威資料格式的作用是將機讀紀錄中檢索點的名稱或主題，進行規範控制，使機讀紀錄中的標目具唯一性和一致性。(3) 館藏資料格式同書目格式一樣將資料結構化，分紀錄標示、指引、定常欄與變長欄。此外，MARC 21的五種格式是專為書目交換設計的標準格式，目前國內一般圖書館的應用也只限「書目」與「權威」這兩塊，至於館藏、分類及社區資訊三種格式未訂定相關的中文標準。,機讀編目格式
23822,2012-06-07,23822_A01,"查國圖館藏目錄查詢系統將資料結構:使用C書歸入312.73及312.32C兩個類號，請問同書名、同作者的不同版本會歸入2個不同類號下嗎？(以""資料結構:使用C /蔡明志著""一書為例)",蔡明志著《資料結構:使用C 》在國圖館藏目錄有兩個類號，分類號不同是一個問題，但書目控制不理想才是要檢討的，分類的判斷良窳是一回事，同作者同書名被分置兩處就是不應該，在書目控制上是很忌諱的，我們會盡快修正。,其他
23822,2012-06-07,23822_A02,"依據資訊組織諮詢服務回覆紀錄中曾提及""內容專講某程式語言時，將其歸入該電腦程式語言312.3, 否則會基於應用面考量其應用的那一方歸入其類""。""資料結構:使用C /蔡明志著""是否歸入312.73較適宜？",我也認為《資料結構:使用C 》這書用312.73較適宜。依我的判斷，會有編目館員將其歸入312.3電腦程式語言，是受註釋說明的影響：「總論程式語言者入此，特定語言之程式設計入該程式語言」，所謂特定語言之程式設計應指一書的內容專用某一種語言做程式設計，是專用某種語言教人作程式設計，譬如專用JAVE做成式設計….等，可歸入該種語言的專號；但如果運用該語言去做特定東西的程式設計，則應該入該特定的東西，因為特定的東西才是目的，語言只是一種手段，分類時應歸入「目的」即「應用」的一方。,其他
23822,2012-06-07,23822_A03,"查詢""Linux系統程式設計:使用C語言 /劉冰等箸""一書，目前各館多將此書歸入3...",《Linux系統程式設計：使用C語言》一書的類號也是一樣，我會將其歸入 312.52系統程式設計。錢月蓮敬答  20120608,其他
23823,2012-06-07,23823_A01,佛教圖書館館訊中「僧人的釋字四角號碼不取而央圖五筆要取」的處理方式是否正確？,中國編目規則22.2.3規定僧尼以法名為標目，法名前冠「釋」字屬於標目一部分，應「取」，否則會造成權威標目與所取作者號不同的情況。,編目法
23823,2012-06-07,23823_A02,國考題目中「釋玄奘」四角號碼0024被判定錯誤，解答為2707是否正確？,根據規則，「釋」字應計算進作者號，故國考題目解答2707未計算「釋」字屬錯誤，館訊中「四角號碼不取」的處理方式正確。,其他
23824,2012-06-10,23824_A01,中文圖書分類法持續變動中，圖書館如何進行目錄改編作業？,《中文圖書分類法 2007年版》使用說明「五、目錄改編」(p. xxii)已說明得很清楚，此處不再贅言，一般視圖書館的人力資源與經費狀況，選擇適合自己的方法。圖書館規模不大，藏書不多，有人又有錢，可以選擇最完美的方式「徹底改編法」，就是將舊號改掉重新編入新號的做法，方便讀者查檢，沒有新舊類號銜接的問題，是最合乎文獻管理的方法。若藏書豐富、人員少、歷史包袱重的圖書館，選擇「年代斷限法」較為適當，擇一個日期為基準點，以其做為劃分之前的舊類號與之後的新類號。國圖主要採「年代斷限法」，少部分有關臺灣類目(如原類號673.2)者，則採「圖書改編法」。詳細資料可參考：1. 國家圖書館文獻改編作業辦法 (2002.02.07) http://catweb.ncl.edu.tw/datas/2-1-18/chap11_2.pdf 2. 國家圖書館臺灣相關類目目錄改編作業步驟 (2007.06.09) http://catweb.ncl.edu.tw/portal_f2_cnt_page.php?button_num=f2&folder_id=... 錢月蓮敬答  20120613,其他
23825,2012-06-10,23825_A01,本館叢書如何編目？,叢書是將多種獨立的著作匯集為一套，冠有一個總題名的出版物，處理時會考慮兩種處理方式：其一，單本編目，即按分散方式處理，每本書各自成一筆書目，叢書名稱置於集叢項。其二，整套編目，即按集中方式處理，以叢書名為正題名以叢書的內容為標引，並為各單本書做分析款目。,編目政策與管理
23825,2012-06-10,23825_A02,如何選擇整套或單本編目的處理方式？,要選擇哪一種方式? 考慮的因素是啥? 判斷的標準為何? 考慮的因素有：出版品本身的特質、書的最大用途或讀者的利益、館員處理的難易。1. 出版品本身的特質，整套性強還是單冊的個別性較強--- (1)內容上有密切關係或明確的讀者對象，一次刊行出版者，適合整套編。 (2)多卷書適合整套編，多卷書是一種將同一完整著作分若干卷冊出版，有一總書名，各卷冊自成一單位，有的還有單冊書名，全書內容連貫成為一整體者。 (3)內容上各單書專業性較強，彼此間又沒有密切的關連性時，是合分散處理。 2. 考慮讀者使用的方便性或作者、出版社出書的目的--- (1)一套書以學習與教育為目的，整套書傳達或蘊意一完整的概念的，適合整套編目。如科普叢書，整套 物理學科普叢書，內容有量子論、力學、物質、熱學、光學…等等，目的是藉由一個個單本傳達整體 物理學的基本知識時，適合整套編目。 (2)整套編目會漏失傳達給讀者的重要訊息時，應考慮單本編目。如對古籍來說，古籍的版本與源流 是一項很重要的訊息，整套編往往要捨棄此重要資訊，對知識傳遞與讀者的利用是一大損失。 3. 考慮館員編目的簡易與複雜度--- 讀者的利益放在第一位，在不影響讀者資訊獲取的情況下，編目館員才要考慮資料著錄與分類標引時遭 遇的難易問題，選擇容易捨棄困難的方式處理。,編目政策與管理
23826,2012-06-14,23826_A01,用四角號碼以影片名取號時應如何取？,取幾個字與用什麼方法取碼無關。貴館一般作者號若是以取足4碼為原則，那麼影片名取號與人名取號一樣，也是取足4碼。,作者號及輔助區分號
23826,2012-06-14,23826_A02,應該取前三字還是取前四字？,以影片名《不可能的任務》為例，取「不可能的」前4個字的四角號碼。,作者號及輔助區分號
23827,2012-06-16,23827_A01,依中國編目規則24.2.4.8，外國政府機關之標目是否應冠國名？,機關名稱應冠國名。,權威控制
23827,2012-06-16,23827_A02,其他非外國政府機關之外國團體是否需冠國名？,一般外國團體原名中無國名時，不需另加國名於中譯名標目前。但有2種情形例外：1. 名稱中已帶國名或地名時，連同國名、地名一併著錄。如：英國國家廣播公司 (British Broadcasting Corporation) 2. 當2個標目相同需要做區別時，才冠以國名或地名作辨識，是著錄於分欄c。,其他
23828,2012-06-20,23828_A01,有關臺灣類目到底是哪種圖書改編法？,本館有關臺灣史地、臺灣傳記、臺語、臺灣文學等四個臺灣相關類目，是採徹底目錄改編的方式。,編目政策與管理
23828,2012-06-20,23828_A02,圖書改編法不是有三種嗎？,《中文圖書分類法 2007年版》使用說明「五、目錄改編」(p. xxii)已說明得很清楚，有年代斷限法、目錄改組法、徹底改編法3種。,其他
23828,2012-06-20,23828_A03,目錄改組定義是什麼？,目錄改組的方式是1. 編製新舊類目的對照標. 2. 於目錄導卡上註明新舊分類法類目間的參照關係說明，指引使用者從字順途徑查檢新舊分類法之類目，亦即透過目錄連結新舊兩者的關係，不是徹底將舊的類號改掉。,其他
23829,2012-06-22,23829_A01,「中國編目規則」1.3與13.3條款是否有衝突？是否還有未注意到的細節？,1. 中華民國圖書館學會已公布勘誤表（96.11.19增修），修正後1.3條款刪除電子資源之資料特殊細節項，僅適用於連續性資源（第三章）、地圖（第五章）、樂譜（第六章），及部分微縮資料（第十二章）。2. 電子資源作為特殊資料類型，可能同時具備連續性資源、地圖等特性，規則1.3與13.3的衝突與釐清，將待未來規則修訂。,編目法
23830,2012-06-27,23830_A01,稅務會計應歸入495.58或567.01嗎？,稅務會計宜入567.01。若不同意建議歸入567.01，也可刪除方括弧[ ]，變為歸入495.58。,其他
23830,2012-06-27,23830_A02,2007年版類表注釋文字是否存有抵觸情形？,注釋文字並無矛盾之處。『宜入』是『較適合入』的意思，表示總論入495.55，專論入各類之簿記（如稅務會計入567.01），兩者為彈性選擇，並無衝突。,其他
23831,2012-06-29,23831_A01,何謂標目？,標目是目錄上指引目錄排檢線索的項目，一般可分為題名標目、著者標目、主題標目、分類標目。,編目法
23831,2012-06-29,23831_A02,何謂款目？,款目是目錄、索引的最小單位，又稱條目，是編目員根據一定的著錄法，對某一文獻的形式和內容特徵所做的記錄。,編目法
23831,2012-06-29,23831_A03,標目與款目是不一樣或是一樣呢？,標目與款目是不一樣的。款目是文獻的描述記錄，標目是用來組織目錄的檢索項目。,編目法
23832,2012-06-29,23832_A01,「各國文學複分表」中的66遊記文學與遊記的使用方式有何不同？何時用遊記、何時用遊記文學？,引用《臺灣大百科全書》吳明益先生的解釋：「傳統文學將透過旅行經驗寫下的記遊文章稱為『遊記』，內容通常是作者遊歷陌生地域的主觀記敘。現代旅行書寫（Travel Writing）或旅行文學（Travel Literature），通常指因工業革命和城市興起，旅行經驗普羅化、專業化、多元化後，所興起的一種書寫風潮。旅行文學的定義相對嚴格，意指具有文學價值的旅行書寫。」 簡單的說，我會從這樣的角度去區別，遊記，較偏重『遊』和『觀光』，對一地的描述屬於浮面性的或資料性的報導，如一地的概覽、導覽。而旅行文學，內容上應該是來自作者個人旅行的體驗，藉由實地的觀察，和當地時空間的互動，所產生出的知性、靈性或感性的描述，其中添加了許多屬於個人自敘的元素，較偏向文學作品。,作者號及輔助區分號
23832,2012-06-29,23832_A02,《哈囉！瑪丹。：我在印度被男人包圍的日子》與《蒙田義大利之旅》若不分入印度遊記/義大利遊記，歸入旅遊文學應給予何分類號？,您提到的兩本書，我並未實際閱讀過，若其內容確屬旅行文學，可歸入作者所屬之該國的文學：1.《哈囉！瑪丹。：我在印度被男人包圍的日子》假設作者是中國人，可入中國文學855或848.35 (此號是將某作家之作品集中處理時) 2.《蒙田義大利之旅》假設作者為法國人，可入法國文學，再按p.597「各國文學複分表」複分66，索乙類號是876.66,作者號及輔助區分號
23833,2012-06-30,23833_A01,CMARC 是如下這樣拆解嗎,1. 紀錄標示0-23     如：00370cam  220010922 45 紀錄長度→  佔5個位址，所以是00370 紀錄性質→  佔1個位址，有c、d、n、o、p五種性質，沒有0這種東西 執行代碼→  佔位址6-9，分別代表紀錄類型、書目性質、層次等級、未定空格，cam 指標長度→   佔1個位址， CMARC格式中其值為2 分欄識別長度→ 佔1個位址， CMARC格式中其值為2 資料基位→  佔位址12-16， 上述範例為00109 ......其餘如此類推 每個細項及代碼，在《中國機讀編目格式》或《文獻分析機讀格式》中，說得相當清楚! 這兩書的pdf檔，在編目園地中都找得到。 2. 020004100000040000800041084001900049245011900068250001100187260003900198300002300237 上述ISO2709格式中，用紅字標出的即是MARC 21之欄號020、040、084、245、250、260、300。欄號(佔3個位數)後為資料欄長度(佔4個位數) ，再後為首字位址(佔5個位數) 3. 每欄包括欄號、資料欄長度、首字位址加起來共12個位址，n是欄號序號變數。至於n=35+12*m (m為正整數)?  這個問題要請教系統工程師不要問編目館員，編目館員不懂電腦數值運算! 4. 記錄分隔：ISO 646符號集IS3（1D）；欄間符號：ISO 646符號集IS2（1E），皆由系統自動產生；分欄識別：(1)ISO 646符號集IS1（1F）雖可由人工輸入但通常也由系統自動產生。IS1、IS2、IS3與1D、1E、1F作用是一樣的，只是前組為1-15位元使用字符，後一組是16進位使用之字符。 一般而言，我們按MARC標準著錄由系統透過ISO2709格式作書目交換，很少人倒過來去讀ISO格式，那是機器讀的，機讀格式中有許多地方如資料欄長度、首字位址、指引款目…等都是由系統自動產生，此部分問題並非編目員的專業! 該請教系統工程師， 煩請針對編目館員專業能力範圍內之問題提問。,機讀編目格式
23834,2012-07-02,23834_A01,「盲點 / 廖輝英著」的「著」可以省略嗎？,不能。作者的職責敘述很重要，代表作者對作品不同程度的貢獻，所以不能省略。未來的編目趨勢針對此元素，還會發展出特定的規範用語。,作者號及輔助區分號
23835,2012-07-05,23835_A01,中國機讀格式和中國編目規則目前最新的版本皆為第三版嗎？,目前最新的版本分別是：中國機讀格式 民國九十年版 (民91年12月) 中國編目規則 第三版 （民94年10月）,機讀編目格式
23835,2012-07-05,23835_A02,正題名含刪節號時要改成破折號，又說若太長者省略部分以刪節號表示，是否矛盾？,規則1.0.3、1.1.1.1及1.1.1.4同時都提到刪節號(...)，之間有關連但並無衝突之處。1.1.1.1已說明正題名之標點符號與本規則指定之標點符號相同而有礙辨識時，得改以適當符號或省略。若正題名含刪節號(...)及方括弧([ ])，應分別改為破折號(—)及圓括弧（( )），以免與指定之標準符號混淆。根據規則1.0.3，刪節號(...)用於標示省略句子；根據規則1.1.1.4，(...)須改為(—)或省略。以上三個根據也是要經過編目員的「判斷」，當原題名的刪節號(...)與規則指定之標點符號代表的意義一致時，不需要改為破折號。煩請記得規則中「有礙辨識時」此條件的限制。,作者號及輔助區分號
23836,2012-07-06,23836_A01,427.38的麵類是否只限中餐烹調的麵食？,若為義大利麵類食譜，該歸入427.38 「麵」類下應較為適宜! 此類專講麵的烹調作法，以食物的類型出發，沒有分中式與西式。,其他
23836,2012-07-06,23836_A02,為何義大利麵烹調不歸入427.38麵類，而是歸入西餐食譜？,可能的原因有: 1. 編目員可能不很熟悉類表，一看到「義大利」三個字，直覺想到的是「西餐」，不清楚還有屬於米飯與麵等的專號。 2. 書名雖稱義大利麵食譜，但內容卻夾雜一些非麵類的義大利飲食，編目員按照書的內容歸類。,其他
23836,2012-07-06,23836_A03,為何中式麵食不列在中餐食譜下，而獨立歸入麵類？,要相信自己判斷的能力，當文獻同時涉及幾個主題要素時，主體要素優於地理要素，先考慮麵這個中心要素，再考慮義大利這個地理要素。,其他
23837,2012-07-06,23837_A01,UNI MARC 是怎麼產生的?,UNIMARC最初由國際圖聯(IFLA) 創建的書目數據。,編目法
23837,2012-07-06,23837_A02,UNI MARC 還有人在使用維護嗎?,目前的第三版於2008年出版，係由UCA負責維護和發展。,機讀編目格式
23837,2012-07-06,23837_A03,UNI MARC 最新的(版本)發展如何 有像MARC21改名子什麼的嗎?,詳細訊息及最新資料請看IFLA網站： http://www.ifla.org/en/about-unimarc UNIMARC Concise Bibliographic Format (as of 2008) Special Update: Field 013 Int. Standard Music Number (ISMN) (2010),機讀編目格式
23838,2012-07-23,23838_A01,目前圖書館大多使用CMARC第三版嗎？,原始答案未明確說明當前圖書館是否大多使用CMARC第三版，僅說明856欄位新增方式。,機讀編目格式
23838,2012-07-23,23838_A02,要使用856欄位電子資源位址及取得方法可以自行新增嗎？,可以的，請系統廠商新增856欄位於CMARC第三版作業系統即可。,機讀編目格式
23839,2012-07-18,23839_A01,中圖法2007版類表中「480.25業名錄;行名錄」類號分法是否與總論複分法有所衝突？,480.25是增訂七版即使用的類號，我們視為專號，基於「穩定性」的原則在2007年版時也並未更動，雖然不符合主表與總論複分類號的邏輯性，但也行之有年。,其他
23839,2012-07-18,23839_A02,是否需要將「480.25業名錄;行名錄」修正為480.26？,謝謝您的建議，下次修表時可提出討論。,其他
23840,2012-07-09,23840_A01,套書單本個別標目時可彙集一處，請舉一個簡單的實例,"以MARC 21格式為例，啟用欄位490、830，將要被檢索到的集叢名稱著錄於830 _0 $a 即可。如: 490 1_ $a金融研訓叢書, 金融測驗全系列    (書目紀錄，與欄位830規範名稱不同之名稱) 830 _0 $a金融研訓叢書, 金融測驗系列      (書目紀錄，要被檢索的名稱)",機讀編目格式
23841,2012-07-19,23841_A01,環境經濟學、生態經濟學與綠色經濟在研究範圍及理念上有何共通與相異之處？,"環境經濟學是對環境的主流經濟分析，生態經濟學則把經濟視作為生態系統下的子系統，並強調保存天然資本，綠色經濟一般來說，就是生態經濟學在政治上更實在的應用。關於環境經濟學、生態經濟學和資源經濟學三者的關係，學術界還沒有一致的看法。有的學者認為，這三門學科的研究對象是相同的，只是名稱不同而已。生態經濟學是研究經濟發展和生態系統之間的相互關係，經濟發展如何遵循生態規律的科學，這同環境經濟學研究的對象和內容是相同的。資源經濟學是研究整個資源開發利用中的經濟問題。環境保護從實質上講也是保護環境資源、合理利用環境資源問題，兩者研究的內容基本上是一致的。有些學者認為，這三門學科研究的內容有密切的聯繫,其中既有共同的部分, 又有不同的部分。它們分別研究環境、生態系統和資源開發利用中的經濟問題，雖然有一部分重疊交叉，但研究的重點和角度不一樣，各自都是一門獨立的學科，也都可視為經濟學的分支。",權威控制
23841,2012-07-19,23841_A02,環境經濟學、生態經濟學及綠色經濟相關作品分類時，應使用何種最佳類號？,建議都可歸入550.16367,作者號及輔助區分號
23842,2012-07-25,23842_A01,愛新覺羅.溥儀的傳記著作號應取愛新覺羅還是溥儀？,"視貴館權威資料怎麼取而定 權威資料若取姓+名 100 1_ $a愛新覺羅, 溥儀.  → 以愛新覺三字取碼 為作者號 權威資料取名 100 0_ $a溥儀 → 以溥儀二字取碼 為作者號",權威控制
23843,2012-08-14,23843_A01,我國的中文圖書編目分類是依據哪個規則？,中國編目規則 中文圖書分類法 2007年版 MARC 21 機讀格式,機讀編目格式
23843,2012-08-14,23843_A02,我國的西文圖書編目分類是依據哪個規則？,美國國會圖書館分類法 英美編目規則 MARC 21 機讀格式,機讀編目格式
23844,2012-08-14,23844_A01,影抄和書影的意思不同在那裡，又如何分辦呢？,影抄：指複製圖書(摹寫)的方式或版本名稱。古代傳抄中的特殊形式，抄者以薄紙覆在底本上，按照原樣描摹影寫，倘得佳手，可以很逼真。愈能反映原本面貌的影抄本價值就越高。 書影：書籍版面的照片(可以是一本書的樣式、封面或書的內頁)。通常放在工具書、論文或雜誌內作插圖，作為書籍的介紹。,編目法
23844,2012-08-14,23844_A02,若是書內最前面或最後面有附摺地圖或大型紙型，是應編目在215^c段呢？還是215^e段呢？,跟書裝訂在一起，不能算「附件」，所以該著錄在CMARC 215段的$c摺圖或摺地圖。,編目法
23845,2012-08-24,23845_A01,同分類號、同書名、同作者但不同出版社和年份的書，可以作複本嗎？若不行要怎麼分？（不想加出版社的四角號碼）,同書名，同作者，但不同出版社 即使書名、作者相同，出版社不同就不能視為複本。後來的那本加上年代號即可。802.35    8556 802.35    8556    100 (或2011) ※年代區分號可以是同一出版社的第二版，也可以是不同出版社出版的同一本書,作者號及輔助區分號
23845,2012-08-24,23845_A02,同分類號、同書名、同作者、同年份但不同出版社的書，要怎麼分？（不想加出版社的四角號碼）,同書名，同作者，但不同出版社 即使書名、作者相同，出版社不同就不能視為複本。後來的那本加上年代號即可。802.35    8556 802.35    8556    100 (或2011) ※年代區分號可以是同一出版社的第二版，也可以是不同出版社出版的同一本書,作者號及輔助區分號
23845,2012-08-24,23845_A03,同分類號、同作者、同出版社和年份但不同書名的書，要怎麼分？（不想加出版社的四角號碼）,書名不同也是另編一筆書目紀錄，索書號的部分用作品區分號[- ] 區別，如 802.35    8556 802.35    8556-2,作者號及輔助區分號
23846,2012-08-30,23846_A01,ISBN為9780415495523之書的分類號為362.29'12008350941，若全印在書標上會顯示兩行，應如何取其分類號？是否只需取362.29？,分類號的繁簡層次由各圖書館視館藏自行決定。若該書確實需要這麼長的複分以揭示主題，長一點也無妨。讀者辨識是否方便屬主觀問題，建議聯繫臺北大學圖書館、輔仁大學圖書館等採用杜威分類法的圖書館，了解書標顯示方式。,其他
23846,2012-08-30,23846_A02,遇分類號過長時，是否有取小數點後第幾位為原則？,分類號的繁簡層次由各圖書館視館藏自行決定。若該書確實需要這麼長的複分以揭示主題，長一點也無妨。讀者辨識是否方便屬主觀問題，建議聯繫臺北大學圖書館、輔仁大學圖書館等採用杜威分類法的圖書館，了解書標顯示方式。,其他
23847,2012-08-30,23847_A01,對於原住民的作者，在CMARC中200段應如何編目？,在CMARC書目格式中，著錄方式為：200 1_ $a當世界留下二行詩 $f瓦歷斯.諾幹著。,編目法
23847,2012-08-30,23847_A02,對於原住民的作者，在CMARC中700段應如何編目？,在書目格式作者欄700會連接權威資料檔，權威格式為：200 _0 $a瓦歷斯.諾幹 400 _0 $a瓦歷斯.尤幹（不用的款目） 400 _0 $a瓦里斯.尤幹（不用的款目） 400_0 $a柳翺（不用的款目） 400_1 $a吳$b俊傑（不用的款目）。,機讀編目格式
23847,2012-08-30,23847_A03,對於原住民的作者，在MARC21中應如何編目？,MARC 21格式亦同，有分姓或名直接著錄，書目部分：100 0_ $a瓦歷斯.諾幹 245 10 $a當世界留下二行詩 /$c瓦歷斯.諾幹著。,編目法
23847,2012-08-30,23847_A04,對於西藏的作者，在CMARC中200段應如何編目？,採直敘式名稱標目，在CMARC中著錄方式為：200 1_ $a當世界留下二行詩 $f葛然朗巴.平措汪杰著。,編目法
23847,2012-08-30,23847_A05,對於西藏的作者，在CMARC中700段應如何編目？,在書目格式作者欄700會連接權威資料檔，權威格式為：100 _0 $a葛然朗巴.平措汪杰 400 _0 $a葛然朗巴.平措汪杰（不用的款目）。,機讀編目格式
23847,2012-08-30,23847_A06,對於西藏的作者，在MARC21中應如何編目？,在MARC 21中，以「100 0_ $a葛然朗巴.平措汪杰」表示。,機讀編目格式
23848,2012-08-31,23848_A01,立體書的內容屬於童話故事，是否應使用童話故事的分類號進行編目？,"分類最主要的標準是按書的內容，即其學科屬性來分，所以童話故事，如beauty and the beast , peter pan，屬兒童文學類。",編目政策與管理
23848,2012-08-31,23848_A02,立體書是否需要因形式特殊而改用其他分類號？,「立體書」只是其外形表現，不是它的內容，未來的編目規則會對這種特殊的表現形給予一說明的位置。您目前若要告知讀者此項訊息，可在附註項加以說明。,其他
23849,2012-09-04,23849_A01,國家圖書館的權威記錄格式是採用MARC21 Authority Format還是「中國機讀權威記錄格式(CMARC)」？,本館權威記錄格式採用MARC21 Authority Format，但因資料是從CMARC轉換成MARC 21格式，無法百分之百對映，致部分著錄格式與MARC 21不同。,機讀編目格式
23849,2012-09-04,23849_A02,關於日本作者的權威記錄，貴館有沒有細則或作業手冊之類？,日本籍作者之權威著錄，原則上若該作者有中文譯名時，我們的權威紀錄優先取漢字姓名，倘無法查出漢字姓名，則以片假名著錄。若漢字與假名皆不可得，才退而求其次用拼音著錄，可參考「國家圖書館譯名權威記錄處理原則」。 (編目園地→國圖編目訊息→國圖編目作業規範與解釋),編目政策與管理
23850,2012-09-05,23850_A01,Marc21書目紀錄中文手冊P.170中提到的504欄位著錄範例 $a........(略).......P. [255]-260，這樣的頁碼著錄是甚麼意思？,p. [255]-260或p.[249]-300: p. [255]，是表示255這個數字是編目員根據前一頁與後一頁頁碼推算給予的，不是原本出現在在編文獻上的。有時候剛好碰到該頁是空白頁或印刷有圖案，形成沒有編碼的頁，但從前與後可清楚的知道是第幾頁頁碼。,機讀編目格式
23850,2012-09-05,23850_A02,P141~143關於欄位336~338的舉例感覺不出有明顯的不同，可以再舉例或加以說明比較嗎？,MARC 21 336是指在編文獻的「內容」形式。 MARC 21 337是指在編文獻的「媒體」形式。 MARC 21 338是指在編文獻的「載體」形式。 336內容形式比較容易理解，譬如有些在編文獻是用文字來表的，有些是用音樂表演來表達的，有些是用繪畫來表達等；337媒體形式是表示用什麼方式或透過什麼器具來表現，如「音樂表演」，可以用audio(聲音播放)方式或video(影像播放)的方式呈現；338是在編文獻的載體，它可能是一片音樂光碟(audio disc)或一片影像光碟(video disc) 或一片數位影音光碟(digital video disc)等，前述所說媒體與載體之名詞，未來在$a著錄時，將有一個標準的中文的規範用語，目前只能。舉LC的範例： Authority record: 110 2# $aSystem of a Down (Musical group).$tHypnotize. 336 ## $aperformed music$2rdacontent 336 ## $atwo-dimensional moving image $2rdacontent 336 ## $atext$2rdacontent 錢月蓮敬答 20120910 Bibliographic record: 110 2# $a System of a Down (Musical group) 245 10 $a Hypnotize / $c System of a Down 336 ## $a performed music $2 rdacontent 336 ## $a two-dimensional moving image $2 rdacontent 336 ## $a text $2 rdacontent $3 liner notes 337 ## $a audio $2 rdamedia 337 ## $a video $2 rdamedia 337 ## $a unmediated $2 rdamedia $3 liner notes 338 ## $a audio disc $2 rdacarrier 338 ## $a video disc $2 rdacarrier 338 ## $a sheet $2 rdacarrier $3 liner notes,機讀編目格式
23851,2012-09-06,23851_A01,Marc21書目紀錄中文手冊P.650的指標2提到幾個美國國會與加拿大國家圖書館的標題表？,手冊p.229所提到欄位650指標2是著錄主題標引體系代碼，其中代碼7表示來源在$2說明。$2的簡稱代碼係由美國國會圖書館控制與維護：,機讀編目格式
23851,2012-09-06,23851_A02,若使用其他標題表應如何著錄？例如席爾斯標題表,查得席爾斯標題表的縮寫用語為sears。見  Subject Heading and Term Source Codes sears  Sears list of subject headings (New York: H.W. Wilson),編目法
23852,2012-09-06,23852_A01,Marc21書目紀錄中文手冊關於欄位245的$c字段中by作者的使用規則，有無約定成俗或定性的規則？,245段如同CMARC的200段，根據中國編目規則係以『照錄』為原則，有by就照著錄來源依樣著錄by，在手冊的113頁其實有範例。,機讀編目格式
23852,2012-09-06,23852_A02,健行科技大學與青雲科大的改名與復名對貴館編目或權威控制有什麼影響？,健行科技大學改名清雲科技大學，後又復名為健行科技大學，兩者間的權威標目必然要作控制，新舊名稱間要建立參見關係。例如：110 2_ $a健行科技大學 510 2_ $a清雲科技大學 110 2_ $a清雲科技大學 510 2_ $a健行科技大學,權威控制
23853,2012-09-10,23853_A01,《Marc21書目紀錄中文手冊》p.168提到的502欄位兩種著錄方式，各自有何優勢？,一種是用分欄$a著錄全部資訊（一長串語句，但內容完整），另一種是用分欄$b至$d分別著錄細節資料（結構化敘述，便於分欄資料的索引及再利用）。,機讀編目格式
23853,2012-09-10,23853_A02,在MARC21因應RDA發展的背景下，應優先採用哪一種502欄位著錄方式？,應選擇用$b至$d的方式，因結構化敘述符合資料索引及再利用需求，且此方式已應運資料管理需求而產生。,編目法
23854,2012-09-11,23854_A01,MARC21 300$a數量的量詞是否需要使用複數型態？例如書籍的「p.」是縮寫型態且未加複數，是否正確？,"是，應符合英文文法，可數的名詞要用複數方式表示，如： 300 ##$a27 leaves of plates, 4 p. ;$c31 cm. → 27葉圖版, 葉, 是可數名詞 300 ##$a10 boxes (24 linear ft.) → 10個 24英呎長的盒子, 盒子, 是可數名詞 300 ##$a160 slides :$bcol. ;$c2 x 2 in. → 160張幻燈片, 幻燈片可數",其他
23854,2012-09-11,23854_A02,不可數名詞如「linear ft.」在MARC21 300$a中是否需要加複數型態？,"300 ##$a95 linear ft. → linear 直線不可數 300 ##$a8 albums (550 photoprints) ;$c51 x 46 cm. or smaller. → 8本相簿, 相簿可數名詞",其他
23855,2012-09-11,23855_A01,MARC21書目紀錄中文手冊P25提到008/06字段，若出版情況為翻拍西文學位論文的微片，代碼用何者比較恰當？,微縮資料的出版年(複製日期)請著錄在MARC 21格式欄位533 的$d。008/06-14的位置不用于微縮資料，而是依據原文獻著錄。,機讀編目格式
23856,2012-09-12,23856_A01,貴館目前的名稱權威記錄有多少？是否包含未完整記錄？,"名稱權威記錄 1,325,994筆，包含未完整記錄。",權威控制
23856,2012-09-12,23856_A02,貴館目前的書目記錄有多少？,"書目記錄有 2,339,845筆。",編目政策與管理
23857,2012-09-13,23857_A01,MARC 21 100欄位、245欄位與502欄位在OCLC查詢中，有哪些大寫與縮寫的處理規則？,"外文圖書的著錄─ 100段的作者權威，原則上依據AACR2個人名稱標目的選取原則(著名、通稱及慣用的用法)，一般我們習慣按照美國國會圖書館的權威資料。 245段依ISBD「題名與責任說明項」的著錄原則，採「如實反映」的照錄原則！原題名用縮寫就照用縮寫，題名起頭一定大寫，專有名詞也一定大寫外，其餘用小寫(德文除外，凡名詞皆大寫)。如： 245 10$aCancer research :$bofficial organ of the American Association for Cancer Research, Inc. 245 10$aStatistics :$bfacts or fiction. 502段為學位論文附註，學位名稱一般用縮寫，如博士用Ph.D，碩士用M.A.；學校名稱為專有名詞用大寫： 502 ##$aThesis (M.A.)--University College, London, 1969. 502 ##$bPh.D$cUniversity of Louisville$d1997. 502 ##$bM.A.$cInternational Faith Theological Seminary, London$d2005.",編目法
23857,2012-09-13,23857_A02,各館對於MARC 21欄位的處理是否為自行決定？,…刪節號，除文獻本身即有外，不鼓勵隨意採用。,機讀編目格式
23858,2012-09-13,23858_A01,著者號=作者號嗎？,著者號=作者號,作者號及輔助區分號
23858,2012-09-13,23858_A02,種次號=作品區分號嗎？,種次號=作品區分號 建議不要用「種次號」這樣的名稱，現在很少人這樣說，因種次號不知道其所只涵義，但用「作品區分號」一看就懂！,作者號及輔助區分號
23858,2012-09-13,23858_A03,版次號=版本號=年代號嗎？,版次號≠版本；出版年≠年代號 版本：教育部重編國語詞典之解釋─版與本分別指古代的簡牔和縑帛，都是用來記載文字的工具，故二者合稱即是書本的通稱...（完整內容見原始答案中關於版次、版本、版次號與年代號的區別說明）,作者號及輔助區分號
23859,2012-09-13,23859_A01,中文圖書標題表的複分總共有幾種？,中文圖書標題表的複分標題，在頁45-48，稱「一般複分標題」。文獻若同時涉及幾種主題要素時會採用「多級標題」標引的方式，按主體要素、論旨要素、空間要素、時代要素、文獻形式要素的次序組配或複分。,主題法
23859,2012-09-13,23859_A02,中文圖書標題表的複分是否包含論題、地理、歷史、形式這四種？,論旨、空間、時代、文獻形式要素這4種方式並非只指複分方式，主標題表的多級標題也包含論旨要素、空間要素、時代要素。,主題法
23860,2012-09-14,23860_A01,國圖針對外國翻譯小說作者姓氏譯名不一致導致圖書取號混亂的狀況，有何具體作法因應？,"名稱權威的取法，請參考中國編目規則第22章人名標目、第24章團體標目；劃一題名的取法請參考第25章。舉MARC實例一則：如《白鯨記》原著題名：Moby Dick or, the whale，因不同的翻譯者有不同的翻譯--- 1. 白鯨記 / 赫爾曼.梅爾維爾Herman Melville 著 ; 葉晋庸譯 2. 白鯨 : 莫比-迪克 / (美)赫爾曼.麥爾維爾著 ; 曹庸譯 作品1先入藏，根據第一本譯作，取權威名稱「梅爾維爾」 100 1_ $a梅爾維爾 $c(Melville, Herman, 1819-1891) 240 10 $aMoby Dick or, the whale $l中文 245 10 $a白鯨記 / $c赫爾曼.梅爾維爾Herman Melville 著 ; 葉晋庸譯 作品2的翻譯與作品1不同時，100段取權威名稱，500段附註說明： 100 1_ $a梅爾維爾 $c(Melville, Herman, 1819-1891) →100段採用權威名稱 240 10 $aMoby Dick or, the whale →劃一題名，原著者之原文題名著錄於240段 $l中文 245 10 $a白鯨 :$b莫比-迪克 / $c(美)赫爾曼.麥爾維爾著 ; 曹庸譯 →245段照錄原書上的資訊 500 __ $a著者改譯梅爾維爾  →說明採用統一的譯名 以上為書目的部分。100段主要款目會連結到權威資料庫的權威紀錄： 100 1_ $a梅爾維爾 $c(Melville, Herman, 1819-1891)  　→要用的款目 400 1_ $a麥爾維爾 $c(Melville, Herman, 1819-1891) 　→不要用的款目 670 __ $a資料來源: 經典3.0, 大塊文化出版, 2010.05-2011.02 678 __ $a美國小說家、詩人, 生於紐約, 年輕時跟隨捕鯨船遊歷世界, 後定居麻州 700 14 $a Melville, Herman, $d1819-1891. 錢月蓮敬答 20120917",編目法
23861,2012-09-14,23861_A01,台灣地區圖書館的中文圖書除了賴永祥的分類法外，還有用哪些分類法？,除賴氏編訂的《中國圖書分類法》及以其為藍本增修的《中文圖書分類法》為臺灣地區最通用之分類法外，尚有：1. 何日章《中國圖書十進分類法》；2. 國立中央圖書館編印《中國圖書分類法》試用本。,分類法
23861,2012-09-14,23861_A02,台灣地區圖書館(曾經)使用過哪些分類法？,使用何氏十進分類法者有：中央研究院歷史語言研究所傅斯年圖書館、近史所郭廷以圖書館、國立政治大學圖書館、國立臺灣師範大學圖書館；輔仁大學圖書館為曾經使用過何氏分類法的圖書館。國圖期刊文獻中心使用《中國圖書分類法》試用本。,其他
23861,2012-09-14,23861_A03,中文圖書的標題有哪些例子？這些標題源自哪個標題表系統？,1. 中文主題詞表：書例《普哈拉的創新法則》標題源自lcstt代碼；2. 中文圖書標題表：書例《企劃案管理實務》及《新芽》標題源自csht代碼；3. 美國國會圖書館標題表：書例翻譯書標題源自LC的Subject heading；4. 抄錄中國大陸CIP資料：書例《企業競爭與信息利用》標題源自CIP資料。,主題法
23862,2012-09-20,23862_A01,如果一本中文書沒有中文作者，只有2位英文作者，應如何取作者的四角號碼？,如果一本中文書沒有中文作者，只有2位英文作者：1. 取第一位英文作者的作者號。2. 個人著者須取足4碼，雙名著者，姓氏部分取前兩個字母，名字部分，各取前1個字母；單名作者，姓氏部分取前兩個字母，名字部分取前2個字母。,作者號及輔助區分號
23862,2012-09-20,23862_A02,當書名頁有2位英文作者時，是否只需取第一位作者的四角號碼？,是的，只需取第一位英文作者的四角號碼。以Stephanie Jeffs為例，是單名作者，取姓Je兩碼 + 名St兩碼，按羅馬字母四角號碼對照表，其作者號當為4493。,作者號及輔助區分號
23863,2012-09-20,23863_A01,中文圖書分類法可以編中文、英文書以外的書籍嗎?,可以。圖書分類是按圖書的內容來分(通常按內容的學科性質分)，與書寫的語言文字無關。以國圖為例，中、日、韓文書籍就用中文圖書分類法分類，英文書籍因抄錄美國國會圖書館的書目資料較方便，所以採用國會圖書館分類法。若所有的書都用中文圖書分類法分類也是可以的。,其他
23864,2012-09-21,23864_A01,中文名稱權威資料庫目前可以在哪使用？,目前放置於編目園地首頁 ＞ 規範與諮詢 ＞ 編目規範 ＞ 中文 ＞ 權威記錄 下,權威控制
23864,2012-09-21,23864_A02,中文名稱權威資料庫的網上連結是否正常？,經測試，目前連線正常,其他
23865,2012-09-25,23865_A01,MARC21欄位245分欄'h'用於分欄'a'、'n'、'p'之後，分欄'b'及著者敘述之前，其原因為何？,這是MARC 21的著錄規定，同時也是ISBD的著錄規則! 根據ISBD的規則，$h係對應ISBD題名與責任說明項中的一般資料標示，著錄於$a正題名後，$h無前置標點符號。此處所指之正題名，係由$a和緊跟其後的$n 和$p所共同構成。 依據ISBD的著錄規則，$a包含下一個子字段的前置標點=、：、；、/ 等。既為前置符，必於其後帶出其他題名或責任者，如「=」、「：」為$b之並列題名與附題名；「/」為$c之著者職責敘述，所以，$h是屬於正題名部分的著錄，不可以將$h用於另一字段$b之後。,機讀編目格式
23865,2012-09-25,23865_A02,若因某些因素，是否可將分欄'h'用於分欄'b'之後，著者敘述之前呢？,不可以將$h用於另一字段$b之後。,其他
23866,2012-09-27,23866_A01,如果一本書是某人編著，那某人是著者還是編者呢？,編著是「編輯著述」的意思，所以，編著者是編者也是著者。此處的編輯者指對內容的取材負有構思編選之責者，不是一般作校對、排版設計等行政工作的編輯。,其他
23867,2012-09-28,23867_A01,書本為編著者時，四角號碼應取作者或書名？,編著者為團體作者，可以取作者號。,作者號及輔助區分號
23867,2012-09-28,23867_A02,書名為「大廣東上書局仝人編著」時，四角號碼應如何取？,若團體無習用簡稱，則取前4個字「大廣東上」的四角號碼作為作者號。機關團體著者的四角號碼取碼法可仿個人著者，如有習用簡稱依簡稱取碼，簡稱為兩個字者，每字各取2碼，三個字者，首字取2碼，其餘兩字每字各取1碼，四個字以上者，依前四個字取碼，每字各取1碼；若無簡稱則依全稱前四個字取碼。,作者號及輔助區分號
23868,2012-09-28,23868_A01,請問我要如何申請國家圖書館的編目資料 - ISBN號碼,凡是在中華民國臺灣地區出版發行的出版品，已排版定稿完成（即出版前之清樣稿），出版者可於出版前三個月內向書號中心申請。申請國際標準書號/出版品預行編目（ISBN/CIP）請將申請單併附件資料（相關表格請至本館全國新書資訊網（http://isbn.ncl.edu.tw/NCL_ISBNNet/）下載）。利用傳真、郵局寄送、或親自送件方式，向書號中心申請。傳真號碼：(02)2311-5330 圖書出版後請依「圖書館法」第十五條規定，送存一份提供國家圖書館典藏，本館收書後即會進行圖書的編目資料作業。,其他
23868,2012-09-28,23868_A02,從前發行的著作可否補申請編目資料-ISBN-登錄,已發行的圖書無法補申請ISBN，請於再刷或再版時提出申請，國際標準書號（ISBN）為圖書出版流通之用，ISBN無出版登記也無版權註冊之功能。若有疑問，歡迎來電詢問 敬祝 時祺 國家圖書館 國際標準書號中心 敬啟 電話：(02)2361-9132#701~706 傳真：(02)2311-5330,其他
23869,2012-09-28,23869_A01,MARC 100段使用Yu是否正確？,100段Yu是該圖書館人名權威所用的拼音。,機讀編目格式
23869,2012-09-28,23869_A02,書名頁與權威資料姓名不一致時應如何處理？,通常會在MARC 21 500段附註項做說明，如：「作者改用Chin Bang Yu」。不同圖書館可能有不同處理，建議採用與LC一致的資料以減少分歧。,機讀編目格式
23870,2012-09-28,23870_A01,標目可以稱作是檢索款目的一種嗎？,標目就是檢索款目。款目又稱條目，是目錄、索引的最小單位。編目員完成對文獻的描述後，還需要加上組織目錄的檢索點，這就是我們說的標目。,編目法
23870,2012-09-28,23870_A02,中文圖書分類法是使用列舉式索引嗎？,中文圖書分類法的索引應該算是列舉式索引(一條條列出按字順排)，比八版更為細膩的地方是，某些依形式細分之類名或類組類目也提作為索引款目，成為多級索引款目。,其他
23871,2012-10-08,23871_A01,書內容為某人的講錄時，著者號應取編者還是講錄的人？,應取講者。以MARC 21著錄格式為例，100段主要著者為講者，若有紀錄之人要立檢索款目，則著錄於700段。,編目法
23871,2012-10-08,23871_A02,若書為多人講錄結集，且有主編人時，如何處理著者號？,作者號應取對作品內容負主要責任之人，若內容為多人的結集，才考慮用編者，編著錄於MARC 21的700字段。例如書名《名家講論語》有主編「王大明」時，可取編者「王大明」為作者號。,作者號及輔助區分號
23872,2012-10-09,23872_A01,撰、著...等何時或何條件下要加中括號[]呢?,第一例 宋代書目考 [微縮資料] / 喬衍琯[著]，指在編文獻沒有提供作者的職責敘述，由編目員判斷自行加上的敘述，也用[ ]。第二例 歷代名賢確論 一百卷 [電子資源] / (宋)佚名撰，此處也是指資料類型標示。撰、著...等是照錄原則，當在編文獻沒有說明作者職責敘述由編目員所加時，就要加上方括弧[ ]。,編目法
23873,2012-10-11,23873_A01,國家圖書館編的《中文圖書分類法》是否有一本有關編索書號的規則的書？,抱歉，不曾聽聞有專門編索書號規則的書。每館可以採用不同的分類號，也可以採用不同的作者號取法，所以沒有放諸四海皆準的索書號取法。中文圖書分類法 2007年版 附錄1-3有作者號的取法，可參考。一般在圖書館學概論或圖書館管理方面的書也大都會提到索書號的構成。,作者號及輔助區分號
23873,2012-10-11,23873_A02,貴館對於編索書號時所用的規則是貴館自訂的？還是根據《中文圖書分類法》的編索書號規則？,各館可以採用不同的分類號，也可以採用不同的作者號取法，所以沒有放諸四海皆準的索書號取法。中文圖書分類法 2007年版 附錄1-3有作者號的取法，可參考。,作者號及輔助區分號
23874,2012-10-12,23874_A01,以書本來説，main entry 不用「陳一明」作為編者，是否仍可用「陳一明」取作者號？,可以。可用「陳一明」取作者號，將其著錄於700字段。,作者號及輔助區分號
23875,2012-10-12,23875_A01,微縮拍攝的碩博士論文其指導教授應該要著錄嗎？,若貴館紙本論文有著錄指導教授，那麼，微縮形式的論文資料也應著錄指導教授。雖然指導教授不是著錄必備項目，資料的詳簡層次可以自己決定，但站在提供讀者多元資訊的情況下，建議貴館還是著錄的好，有作者、論文題名要查得指導教授其實並不困難。,編目法
23876,2012-10-13,23876_A01,現代人物傳記分類號782.886中的「6」字是從何得之？,782.88是現代人物，還可以再按中國時代表複分 (中文圖書分類法2007年版 附表二 p.668),作者號及輔助區分號
23876,2012-10-13,23876_A02,現代人物傳記分類號782.886是否使用複分表？,782.88是現代人物，還可以再按中國時代表複分 (中文圖書分類法2007年版 附表二 p.668),分類法
23877,2012-10-15,23877_A01,"MARC21 100段與700段若100段為 $a黃居仁$q(Huang, Chu-Ren) 為同一個人的中英文名問題一245段 的$c 要用中文或英文 或兩者皆用?","國圖的作法是，若為中文作品又是本國人，會省略它的拼音。該書若以main entry，欄位100不加$c(Huang, Chu-Ren)；245段$c黃居仁著。若非main entry，245段$c黃居仁著，欄位700也不加$c(Huang, Chu-Ren)。",編目法
23877,2012-10-15,23877_A02,700段 需要使用嗎?,"國圖的作法是，若為中文作品又是本國人，會省略它的拼音。該書若以main entry，欄位100不加$c(Huang, Chu-Ren)；245段$c黃居仁著。若非main entry，245段$c黃居仁著，欄位700也不加$c(Huang, Chu-Ren)。",其他
23879,2012-10-16,23879_A01,原住民的作者在作者項要如何著錄如馬耀.谷木,原住民的名字很特殊，馬耀.谷木，兩個都是名字，谷木是馬耀父親的名字，作者項以照錄為宜。在MARC 21機讀格式著錄方式如下： 100 0_  $a馬耀谷木 245 1_  $aXXXXXXX /$c馬耀.谷木著 順便要提及，依現行中國編目規則範例，馬耀與谷木中的點在權威中是省略的，該不該省略其實頗有討論的空間，原住民命名的方式與漢人不同，不是姓與名的結合，點是自己名字與父親名字加起來的一個完整名字，按理應照錄保留。,編目法
23880,2012-10-19,23880_A01,被傳者的出生年與卒年若分屬不同時代時，應取何者作為時代標示？,被傳者的生年與卒年若跨兩個朝代，以卒年為準。依據中國編目規則22.2.2.2，人名前之朝代，以卒年為準；如有疑義或特殊情形時，得參照諸家著錄之。以卒年為準的原則也適用分類法傳記類的時代複分及首尾五筆著者號取碼之著者時代號。,作者號及輔助區分號
23881,2012-10-23,23881_A01,同一本書的不同冊次版本不同時，是否還可以用一個書目記錄？,版本若確實不同，要分別建立2筆書目紀錄，不能共用一筆書目紀錄。,編目法
23881,2012-10-23,23881_A02,如何處理版本項的記錄方式？,上述第三版的索書號必須加年代以區分。上冊和下冊是第一版可以編在同一筆紀錄上，索書號加部冊號v.1及v.3，如857.9 846 v.1 、857.9 846 v.3；中冊是第三版另編一筆紀錄，索書號除加部冊號還須加年代號，如857.9 846 85 (或1996) v.2,作者號及輔助區分號
23882,2012-10-25,23882_A01,書籍排架次序是否正確？版本不同是否需要分別建立書目紀錄？,排架不是只看部冊號。兩個版本其實就近在左右，不會造成影響。圖書館可以慢慢將兩個版本的缺冊補齊全。,其他
23883,2012-10-25,23883_A01,當一位著者有很多著作時，應整合起來還是根據書的內容分類，哪者比較適合？,哪種方式比較適合? 很難說，從使用者角度而言，針對某作者及其作品作研究的，會希望把一個著者的作品都整合起來，但使用者若針對某學科或某類型作品做研究時，資料因隨作者集中，喪失學科內容類聚的功能。,編目法
23883,2012-10-25,23883_A02,若將一位著者的著作放在一起，分類號應使用甚麼號碼？,通常，編目員會隨在編文獻出版行形式及分類法來決定，若在編文獻原本就以套或全集的方式出版，可以按以下原則規類： 1. 若作品都屬文學類，可以歸入840-848 2. 若作品屬某專科，可以歸入該專科類號+08(集叢複分) 3. 若作品包括多種學科，可以歸入089自著叢書 若在編文獻原本即單冊出版，除文學作品840-848外，我們通常不會刻意將其集中在一起，一定是按書的內容分入各類。,作者號及輔助區分號
23884,2012-10-26,23884_A01,標點符號一率用半形符號的規定是否適切？,標點符號一率用半形符號的規定是出自《NBINet何作書目資料處理原則》，因各合作館對標點符號之著錄方式不一會影響比對結果，另一方面某些符號在OPAC顯示時會產生亂碼，所以當時會有如此建議，優先選用鍵盤上的半形標點符號，若鍵盤上找不到所需符號才用螢幕小鍵盤的全形符號。,編目法
23884,2012-10-26,23884_A02,修改標點符號後是否影響語感或學術性？,能照錄又不影響檢索時，應盡量維持原貌是最好的！,權威控制
23885,2012-10-26,23885_A01,可以看到貴館博碩士論文的MARC21格式的顯示嗎？,若想查看國圖書目資料的機讀格式，可進國圖館藏目錄，查獲資料後，在該筆資料之所左上角會有兩個選擇方框，一個icon是標準，緊鄰其旁的便是機讀，點下去便可見機讀格式。,機讀編目格式
23885,2012-10-26,23885_A02,博碩論文的指導教授 MARC21應該如何著錄？,博碩論文的指導教授在 MARC 21格式中，是著錄在500欄位，如：500 __ $a指導教授：許仁華,機讀編目格式
23886,2012-10-27,23886_A01,各大專校院出版之醫學學刊、學報，該分入中文圖書分類法的哪一類呢?,普通學報可以入051，專科學報可以入專科，如會計學報495.051、醫學學報410.51,編目法
23886,2012-10-27,23886_A02,中文圖書分類法-使用說明中的通用複分，「總論號碼經組配後，以帶一個『0』為原則，以帶兩個『0』（其形式為『00』）或不帶『0』為例外」是什麼意思呢?,總論號碼經組配後，以帶一個『0』為原則：1. 末位數為一個『0』時，可以省略一個0，如410醫學，醫學期刊入410.5 (410 + .05複分→ 410.05 →省略一個0→ 410.5) ； 醫學論文集410.7 (410 + .07複分→ 410.07→省略一個0→ 410.7) 2. 末位數為二個『0』時，可以省略二個0，如500社會科學總論，社會科學期刊入505 (500 + .05複分→ 500.05→ 省略二個0→ 505) 當然，若省略後會與類表原本的分類號有所衝突時，則不能省略：工程學440，若省略後會與類表專號440.5工程師；建築師牴觸，所以不必省略，當它需要總論複分時是440.01-440.09。730亞洲史地，各國史地複分表，總論複分亦不能省略，如亞洲史地詞典為730.04。(順便提及類表p.523之複分表，總論下4、5、6是錯誤的，應更正為04、05、06) 611-619也是如此，610.1已是中國通史紀傳體之類號，610.01已是正史之《四史》的類號，所以類表已明訂出611-619之類號其實是依總論複分而來。,編目法
23887,2012-10-29,23887_A01,西文圖書索書號PR19 .D756 1990它的克特號有幾個？,若以此例而言，.D756應是克特號，只有一個,作者號及輔助區分號
23887,2012-10-29,23887_A02,每一索書號最多有幾個克特號？,因各館原則各自不同，因此無法確定最多幾個,作者號及輔助區分號
23888,2012-10-30,23888_A01,MARC21當中的260$b有時會省略書局、國立、財團法人等字樣，請問哪裡範例呢？上述省略也適用500或其他欄位嗎？例如著錄「國立臺灣師範大學歷史學報第十五期抽印本」有需要省略的字嗎？,260出版項的出版者，可以用簡稱也可以用全稱，可參考《中國編目規則 第三版》第二十四章 團體標目「24.1.3 不同形式之名稱」的做法。我個人是鼓勵用全稱的，未來的新規則RDA也是主張用全稱的，簡稱較有不一致的困擾。國圖的CIP以簡稱著錄，貴館若用簡稱，取法可以照預行編目上的資料。若按中國編目規則「24.2.1」的規定，團體標目可以省略「私立」、「財團法人」，國立是不省略的，當然出版者的簡稱並不是標目，僅供參考。,編目法
23888,2012-10-30,23888_A02,資訊組織諮詢服務的資料庫除了問題、答覆內容、回覆時間外，能否增設姓名/暱稱的搜尋？,感謝所提有關增加「姓名/暱稱」的搜尋建議！,其他
23889,2012-10-31,23889_A01,"杜威分類法中 270 History, geographic treatment, biography of Christianity 的 geographic treatment 應如何翻譯為中文？",geographic treatment 或可譯為 ： 地區性治理,其他
23889,2012-10-31,23889_A02,杜威分類法 270 大類中的 geographic treatment 具體涵義為何？,綜合該大類，意指基督教的歷史、治理地區、人物傳記等，亦即關於：時、地、人之歷史記載,權威控制
23890,2012-11-05,23890_A01,索引典中的『相關詞』就等同於『聯想關係』嗎？,應該說「聯想關係」僅是一種相關詞。,其他
23890,2012-11-05,23890_A02,『聯想關係』的定義是為何？,聯想關係是相關詞中的一種，指詞彙間彼此有相關關係，參照符號是「RT」。聯想關係就是相關關係，指類目間除上述關係外的其他關係，如果用縱橫的概念，聯想關係就是詞間橫向的分散關係。例如植物生物物理學雖屬植物學的下位類，但與生物物理學密不可分，必須在植物生物物理學的詞條下註明「參見 植物學、生物物理學」。,其他
23891,2012-11-06,23891_A01,假如有一個著者名字叫F. Shum，但我查不到作者的 F. 的長寫，那我該怎麼取四角號碼？,應該要先上網或詢問出版社，查一查作者是否真的是單名或查得F.的全稱。若真的查無，四角號碼規定一定要取四碼，權宜的做法是Shum取三碼，作者號為9055。,作者號及輔助區分號
23891,2012-11-06,23891_A02,假如查不到著者的外文全名但有中文姓名，我是否應以他中文名稱取四角號碼？,以國圖來說，翻譯作品，著者有中文姓名，以他的中文名稱取碼；原文作品，仍以原名取碼。貴館不一定要與國圖相同。,作者號及輔助區分號
23892,2012-11-07,23892_A01,為何選項(B)是正確答案？,B：RT是相關關係，「參見」的意思，所以，選B才對。,其他
23892,2012-11-07,23892_A02,為何選項(C)不是正確答案？,C：NT是下位主題詞是狹義詞時的標識符 → 請問 勞工 是 勞工局的狹義詞嗎? 錢月蓮敬答 20121112,其他
23893,2012-11-07,23893_A01,同分類號、同書名、同作者、不同出版社的書，若均未標示年份，應如何區分？,古籍除外，近代普通圖書應有出版年或影印年。若查無任何資訊，可用入藏年代替出版年，並於附註項說明。,作者號及輔助區分號
23894,2012-11-10,23894_A01,依照中國編目規則，連續性出版品的並列、副題名有更易時，是否需要另行編目？,視在編文獻上著錄來源的版次、出版年及ISBN的狀況而定。,其他
23894,2012-11-10,23894_A02,依照中國編目規則，連續性出版品的並列、副題名有更易時，具體有哪些情形需要另行編目？,1. 同出版社二版時，變更並列或副題名，不同版次要另新編一筆書目。 2. 同出版社另以新的初版方式重出，此時，看ISBN是否與原先的ISBN相同─ 相同→ 當複本書處理，於附註項說明並列或附題名的改變。 不相同→ 另新編一筆書目，索書號要加年代區分。 3. 換不同出版社又出版的書，另編一筆，索書號加年代區分。,編目法
23895,2012-11-10,23895_A01,一本合刊的書(一本書由幾部作品集成)，作者號是不是取第一部作品的作者？,作者號取法沒有放諸四海的標準，假設上述「取第一部作品的作者」為作者號，是貴館取號的既定政策，就不該有第二種想法與已定的規則相違背。,作者號及輔助區分號
23895,2012-11-10,23895_A02,如果沒有作者、編者之類的，就取第一部作品的書名為作者號？,作者號取法沒有放諸四海的標準，假設上述「取第一部作品的作者」為作者號，是貴館取號的既定政策，就不該有第二種想法與已定的規則相違背。,作者號及輔助區分號
23895,2012-11-10,23895_A03,那如果第一部作品只佔整本書的很少很少頁，而後面兩篇卻佔了一半頁數或是比較主要，那作者號也是取第一部作品嗎？,若要強調比重，那規則應該這樣訂定：以比重較重者為第一作者，當比重不相上下時，以第一作者為取號對象。,作者號及輔助區分號
23896,2012-11-16,23896_A01,為何中文主題編目規範系統與中文圖書分類法的高階程式語言類號不同？,是新舊版所用的類號不同 312.932是舊類號，2000年國家圖書館新增訂「電腦科學 類號為312.9」，312.932是高階程式語言。2007年版將電腦科學改為312，高階程式語言就成為312.32。,其他
23896,2012-11-16,23896_A02,類號中的「9」這個數字從何而來？,「9」來自2000年國家圖書館新增訂的「電腦科學 類號為312.9」。,其他
23897,2012-11-16,23897_A01,《嗯！Visual Basic 入門應用》此書的四角號碼應如何取?,以排在第一位的作者 VB Tech Lab. 取作者號，以四角號碼來說，取 VBTL 四個字母的四角號碼：5137,作者號及輔助區分號
23897,2012-11-16,23897_A02,以書名取四角號碼時，《嗯！Visual Basic 入門應用》應如何取碼?,取「嗯VB入」四個字，略去!標點符號，作者號為：6518,作者號及輔助區分號
23898,2012-11-19,23898_A01,中文圖書分類法2007年版336頁將水產、漁撈歸入437.8是否正確？為何館內部分漁業圖書被分至437.8而非438？,抱歉，是審核作業上的疏漏，會提出更正。437.8是中國圖書分類法增訂七版的類號，2007年版類表修正後，相關類目修訂的查核未臻完善所致。應修正為：捕撈漁業入438.3、水產養殖入438.6、水產品加工入439.7。,其他
23899,2012-11-22,23899_A01,依四角號碼取著者號，「國家圖書館」的著者號為何？,國的四角號碼─6015、家的四角號碼─3023、圖的四角號碼─6060、書的四角號碼─5060。各館可自行決定怎麼取用：1. 取簡稱：「國圖」二字，取「國」字2碼60，加上「圖」字2碼60，作者號為6060。2. 取全稱：擇前四個字「國家圖書」，作者號取每字的第1碼，為6365（本館不採用四角號碼，上述號碼按四角號碼十種筆形取碼，若不正確請自行更正）。,作者號及輔助區分號
23899,2012-11-22,23899_A02,依據中國編目規則修訂二版，為何不能選「台灣學生書局」作為出版社名稱？,中國編目規則修訂二版1.4.3.3規定，出版者名稱在不妨礙辨識的情況下，以最簡明字樣著錄之。因此選「正中」，而「臺灣學生書局」簡稱為「臺灣學生」。目前使用的規則為《中國編目規則 第三版》，已修訂為「宜採用全稱或簡稱直接著錄」。,編目法
23899,2012-11-22,23899_A03,中國圖書分類法總共有幾個附表？,若單算名稱為「附表」者，有10個；若將插表與附錄之表計算在內，共44個表（按中國圖書分類法目次計算）。,分類法
23900,2012-11-22,23900_A01,敘述編目和主題編目的「編目流程」是否一樣？,「複本查核->圖書分類編目->圖書加工->移送」是標準流程沒錯。此乃流程大綱，每項作業視需要可以再細分加以說明。,編目政策與管理
23900,2012-11-22,23900_A02,「複本查核->圖書分類編目->圖書加工->移送」這樣的流程正確嗎？,「複本查核->圖書分類編目->圖書加工->移送」是標準流程沒錯。此乃流程大綱，每項作業視需要可以再細分加以說明。,編目政策與管理
23901,2012-11-23,23901_A01,在中國編目規則中，投影片(Transparencies)屬於靜畫資料還是縮影資料？,投影片是指一種透明片，上可書寫或影印字體、圖形等，放置在投影機上，將其上的字體、圖形投射到預定的映面上，它並沒有利用縮影技術，將較大的資料文件縮小製成軟片，所以，是屬於靜畫資料。,編目法
23902,2012-11-24,23902_A01,同一作者的3本書(索書號皆為225.75 2244)，應如何區分？應使用「-」還是「v.」？,若是單本編單本給號，以作品區分號「-」區別同作者同類作品。若是整套編在一筆紀錄上，可以用部冊號「v.」區分。,作者號及輔助區分號
23902,2012-11-24,23902_A02,一套叢書不齊全時，是否仍可作為叢書分類？,叢書不全也可以叢書套編，書可以補齊，齊不齊全不是判斷的唯一標準，叢書單本編或套編熟好熟壞很難有一定的標準。,其他
23903,2012-11-25,23903_A01,只有「相同地名」須做區別時，才要加原名於中文譯名之後嗎？,只有「相同地名」須做區別時，才要加原名於中文譯名之後。 根據中國編目規則23.1.4 ：外國地名如有習用之中文譯名，照錄之。如無習用者，則參考地名辭典及其他資料選定之。例：1. 新加坡 (不用星加坡) 2. 舊金山 (不用三藩市)…直接用中文譯名即可，並不加原文。,編目法
23903,2012-11-25,23903_A02,全部的外國地名都得加中文譯名嗎？,"中國編目規則23.3 相同地名之區別：外國地名之原名得記於中文譯名之後，加圓括弧。如美國的愛荷華州和佛羅里達州都有地名叫「邁阿密」，為了區別加原文於中文名稱之後： 美國愛荷華州邁阿密(Miami, Iowa, U.S.A.) 美國佛羅里達州邁阿密(Miami, Florida, U.S.A.) 錢月蓮敬答  20121128",編目法
23904,2012-11-25,23904_A01,《老夫子魔界夢戰記》的Main entry應否是「謝繼昌」？作者號應如何取？,寫故事作者謝繼昌已為作品主要負責人，理當由他為Main entry，其於相關作者為附加款目；作者號取書名。,作者號及輔助區分號
23904,2012-11-25,23904_A02,《三國演義連環圖》的作者號應取「羅貫中」還是繪者？若無繪者名字如何處理？,若以圖為主，分類歸入連環圖類，則以圖的作者為Main entry，若繪者未敘明是何人，245段可用「繪者不詳」代替；作者號取書名。,作者號及輔助區分號
23905,2012-11-26,23905_A01,國家圖書館資訊組織諮詢服務能否解答我關於正體中文標點符號工具列的問題？,有關您所提的問題，國家圖書館書目資訊中心已提供回覆，並說明政府機構公文文書處理規定與標點符號應用相關規定。,其他
23905,2012-11-26,23905_A02,除教育部、全字庫及台北市政府外，是否有其他政府單位可能提供我需要的標點符號相關資訊？,行政院秘書處於99年3月訂定的「文書處理手冊」(http://www.ey.gov.tw/Upload/RelFile/38/66178/04911435671.pdf)在「貳-十六-(四)２、內文」條文中規定中文標點使用方式，但對於Unicode碼並無明確規定。,其他
23906,2012-11-28,23906_A01,「五筆檢字法」最多可以取到幾碼呢?,個人著者之姓名每個字取1碼，最多取3碼，佔2-3位；加上著者時代號取1碼（佔1位），即構成完整的著者號碼（佔3-4位）。時代號1碼：1=先秦、2=秦漢三國、3=晉南北朝、4=隋唐五代、5=宋遼金元、6=明、7=清；近代8=民國；現代。團體著者取碼可仿個人著者。,編目法
23906,2012-11-28,23906_A02,「四角號碼」最多可以取到幾碼呢?,不論個人著者抑或機關團體著者，著者號碼以取足4碼為原則。個人取碼方式：單姓雙名（姓取2碼；名各取1碼）、單姓單名（姓取2碼；各取2碼）、複姓單名（姓各取1碼；各取2碼）、複姓雙名（姓與各取1碼）。團體取碼可仿個人著者，無習用簡稱則依全稱前四字取碼。,作者號及輔助區分號
23906,2012-11-28,23906_A03,「四角號碼」和「五筆檢字法」有規定嗎?,五筆檢字法有規定：個人著者取碼包含時代號1碼及姓名最多3碼；團體著者取碼可仿個人著者。四角號碼有規定：不論個人或團體均取足4碼，並說明簡稱取碼規則及全稱起始部分排除字樣。,作者號及輔助區分號
23907,2012-11-30,23907_A01,同一類同一作者第二本書索書號如何標示？,以作品區分號「-」表示：假設《水是故鄉甜》為入藏的第一本，索書號為 855/854；其後第二本《母心佛心》索書號為 855/854-2,作者號及輔助區分號
23908,2012-12-01,23908_A01,「中文圖書標題表」中類號411.4；427.46代表什麼意思？,「賴氏表」的類號，以中國圖書分類法為藍本編列,編目法
23908,2012-12-01,23908_A02,「中文圖書標題表」中類號(411.46)代表什麼意思？,「試用本」的類號，全名《中國圖書分類法 (試用本)》，民68年出版，係本館期刊中心在用的類表,主題法
23909,2012-12-02,23909_A01,CMARC民國九十年版採用的書目著錄規則是否為CCR(第二版)和AACR(第二版)?,CMARC民國九十年版的修訂，仍以UNIMARC為基本架構，內容上則以參考MARC 21為主。至於著錄文獻時要使用的規則，自始至終都以中國編目規則為主，AACR2當然是必備的參考資料。MARC是機讀格式的規範，CCR或AACR2是內容著錄的規範，兩個規範相關但作用不同，應釐清此點。,編目法
23910,2012-12-04,23910_A01,作者姓名中含居士，若居士為名字的部分（如字號、別名、筆名等），取著者號時是否需要包含居士？,須包含居士在內，如了無居士應看作完整名稱。例：100 0_ $a了無居士 以首尾五筆檢字取作者號為8554,作者號及輔助區分號
23910,2012-12-04,23910_A02,作者姓名中含居士，若居士為佛教界對在家信徒的稱呼（如南懷瑾居士），取著者號時是否需要包含居士？,不必包含在內，權威名稱取南懷瑾，作者號也取南懷瑾。例：100 1_ $a南懷瑾 作者號為8564,權威控制
23911,2012-12-05,23911_A01,欄位490與830的關係為何？,兩者皆與集叢著錄有關：最基本的區別，一為非權威控制欄位（490），一為權威控制欄位（830）。490集叢項為非權威控制欄位，830集叢附加款目（集叢劃一題名項）為權威控制欄位，集叢的權威題名著錄於此。,機讀編目格式
23911,2012-12-05,23911_A02,欄位490與830的著錄標準為何？,490的著錄，指標1=0時，集叢不被檢索 → 不需再建欄位830；指標1=1時，集叢要被檢索 → 需建立集叢的權威名於欄位830 #0 $a。著錄830時，一定先要有490 1# $a的存在，說明在編資料的集叢資訊。一般正常情況，490與830的名稱相同；但當叢書名稱不一致時，需以830的權威名稱為準。國圖做法為：490與830的名稱需一致，且830為權威名稱。,編目法
23912,2012-12-07,23912_A01,一書稽核項之面頁數記載為75面，圖版[5]葉，這樣算是幾面呢？,"面=頁(page) 一般指兩面印刷的書籍、雜誌、資料等印刷品的一張紙的一面。計量單位就是一般書上標明的頁碼序號。如，1本書有300頁，第298頁至第300頁附有參考書目等等。 葉=單面印刷的一張紙 (leaf 	wo pages) 這題很難回答，因為我個人認為「面」跟「葉」目前只有圖書館書目資料在如此標示，兩者都是書頁的計量單位，有些論文單面印刷，我們用「葉」做計算單位，一葉(leaf)就是書頁的一張的意思，即兩頁two pages。「葉」字，段玉裁《說文》注:「小兒所書寫,每一頁謂之一葉,今書一紙謂之一頁。或作葉,其實當作枼。」 以上回覆供參，是研究需要考證量詞的歷史變? 否則，親愛的編目員，您哪需要如此費思量？將寶貴的青春耗費在計算幾頁與葉上嗎？建議您，一書有流水序號的頁碼，翻到最後一頁，號碼若是542，您就在稽核項著錄「542頁」或「542面」吧。",其他
23913,2012-12-07,23913_A01,博士論文的編目格式可否提供一範例,提供1筆 臺灣大學碩士論文供參： LDR 00886cam a2200241Ii 4500    紀錄標示001   001278085  系統號 003   ChTaNC      系統號標示 005   20110308181600.0    最後更新日期 008   040108s2003    ch     e bm   000 0dchi d      定長欄 016 7_,機讀編目格式
23914,2012-12-10,23914_A01,索引典的層級關係之多層級（polyhierarchical)什麼意思呢?,Polyhierarchical意味著一個術語可以有一個以上的廣義術語作參考。例如：社會心理學 BT 心理學 BT 社會學；生物化學 BT 生物學 BT 化學。,其他
23915,2012-12-11,23915_A01,LCSH中SA(see also)和NT兩種參照關係有何差別？,SA是一般參照，用於涵蓋一完整群組意義的標題間的參照，即涵蓋範圍較廣的某群組詞，在尚未完整建立特定詞間廣狹關係時，用一群組詞參照另一相關的群組詞。NT適用於某個明確的或特定的(specific individual headings)詞與詞間的廣義與狹義的指示，如 Vehicles BT Transportation NT Motor vehicles。SA和NT兩種關係用法本來就不同，NT適用於特定詞間的廣狹關係，而SA用於群組詞間的參照。,主題法
23916,2012-12-12,23916_A01,有關論文贈書的處理辦法有哪些？,國家圖書館為論文指定送存單位，所以沒有另建一套論文收藏的專門清冊，但我們會在內部作業系統中「來源項」勾選「PP送存」，至於書目記錄中並不會作特別的標示，而是在書最後一頁，蓋一贈送的戳記，並寄收到謝函。貴館若有人力，除書上要蓋贈送者及日期戳章外，還可建一完整的贈送清冊，並在書目紀錄的一般附註項說明是某某人或某某單位贈送，讓讀者知道該書贈閱的來源。最重要的，別忘了寄謝函!,編目政策與管理
23917,2012-12-13,23917_A01,給詞典的類號時，「條目性質」或「語言」哪個優先？,圖書分類都是以學科的性質為主。因此，內容為有關日文的姓名辭典，不可能入一般日語詞典803.13，而是入與「姓名」有關的詞典,其他
23917,2012-12-13,23917_A02,日文的姓名辭典應歸入哪個類號？,假設是一般日本人名詞典歸入783.104。,其他
23918,2012-12-13,23918_A01,被傳者在A地方出生，後去B地方生活一段時間，又去C地方生活，應屬於哪個地方的傳記？,宗教界開祖及宗教界主要人物傳記收入於各該宗教，故關於佛教傳記，會考慮入229或226相關子目。229→總傳，不分宗派，依國分再依時代表複分。依國分通常指該被傳者的國籍，非生平活動的地域和時間比重。,編目法
23918,2012-12-13,23918_A02,被傳者在X和Y兩地生活的時間和貢獻相同，應入X或Y地方傳記？,依國分通常指該被傳者的國籍，非生平活動的地域和時間比重。,其他
23919,2012-12-14,23919_A01,中國圖書分類法802.7與811如何區別？,"802.7 寫作；修辭 → 偏重語文的修辭與寫作的風格，內容有關如何調整語文表意的方法，設計語文優美的形式，使精確而生動的表現出說者或作者的意象；較偏重語文與應用文方面。如: 1. 漢語比喻研究史 / 馮廣藝著 2. 作文運思藝術 / 顏景農, 馮樹琪, 李向榮著 3. 文法與作文 / 黃潔如著 4. 如何捷進寫作詞彙 / 黃淑貞編 5.作文應用詞語手冊 / 許宜編 6.進階作文範例 : 怎樣寫好作文 / 蔡澤玉示範 811 寫作；翻譯；演講 → 偏重方法，即教人如何寫作(文學作品)及各種文章的作法。如： 1. 泥土巢寫作散論 / 浩然著 2. 作家的條件 / 汪靜之編 3. 文體寫作概論 / 姜啟主編 4. 大學中文寫作 / 國立清華大學寫作中心編著 5. 文學寫作概要 /高瑞卿主編 6. 文章體裁學 / 趙建中編著 這兩類很難涇渭分明，內容應有部分交融的現象，我個人處理的技巧會考慮作者寫作意含的兩個觀點，作文與寫作。若是偏重中學生作文、應用文、修詞等歸入802.7，此類較偏重語文方面的表答。若是教人寫文學作品及討論各種體裁風格者入811，此類較偏重文學方面。",編目法
23920,2012-12-18,23920_A01,中文抄錄編目主要來的「全國圖書書目資訊網」目前採用之中文字集為何？,「全國圖書書目資訊網」目前提供下載書目資料的內碼是UTF8。,其他
23921,2012-12-21,23921_A01,依照中國編目規則，「文字印刷本」需要著錄「資料類型標示」嗎?,"一般印刷文字圖書我們沒有加「資料類型標示」, 也沒有必要加。之所以要加「資料類型標示」是要標示較為特別的資料，如地圖、手稿、微縮資料......，中國編目規則所用術語「文字印刷本」，係參考ISBD及AACR2，我認為是指英文的text，只有文字印刷在大字本(large print)的情形下才需要標示：如[text (large print)]。",編目法
23921,2012-12-21,23921_A02,中國編目規則1.4.2.4中「香港;臺北市:道聲」指所的是1:香港是出版地 2:臺北市是編目所在地那道聲是香港還是臺北市的出版者呢?,依上述規則，所舉「香港；臺北市：道聲」例子中，香港與臺北市都是指出版地，道聲出版社在香港、臺北皆有公司，因臺北是我國編目機構所在地，依規則也要將其著錄於書目中。否則，假設這本書的兩個出版地都在國外，一為香港一為星加坡，我們只要著錄在前的出版地「香港」即可。,編目法
23922,2012-12-24,23922_A01,在229佛教傳記分類中，若法師出生中國內地但後遷居台灣，且國籍不詳，應分入229.3中國佛教傳記或229.63臺灣佛教傳記？,我個人會將他們分入中國傳記。中國圖書分類法原來類表的架構，傳紀是依國分，即依被傳者之國籍入各國傳記，當被傳者若國籍不詳，會以出生地所在國為國籍。中國傳記若內容與各地方有密切關係時可入各省地方志，依方志複分表歸入各地傳記。我將兩位師父傳記歸入229.3中國佛教傳記的理由基於下列三點：1. 聖嚴法師、廣欽老和尚兩位大師出生中國；2. 2007年版分類表未誕生前，兩位師父的傳記即已依舊類表歸入中國傳記，沒有必要改號。3. 臺灣非國家名稱，是屬於中華民國轄下的地理名詞，以往中華民國的簡稱也是中國，若非政治與法律上需要特別區分的話沒有必要如此涇渭分明；兩位師父畢生從事的工作與表現也與臺灣意識無關，無需特別歸入臺灣傳記。,編目法
23923,2012-12-25,23923_A01,發信給各學校圖書館請教論文贈書處理問題，是否有不妥之處？,建議先自行搜索「贈書處理」相關資料，草擬處理要點後，再針對未解決問題請教學校圖書館，比泛泛詢問更有效。,其他
23923,2012-12-25,23923_A02,國圖作為論文指定送存單位，其贈書處理方式是否與一般學校圖書館不同？,是的，國圖在贈送論文的處理上有別於一般學校圖書館。,其他
23924,2012-12-25,23924_A01,參考書(年鑑、統計、手冊等週期性出版的參考書)一般收錄的年限為何?,書刊淘汰不是某個館員說了算，應有一個依循的淘汰要點或辦法，而且這個淘汰實施要點或辦法須經該館館務會議通過。通常各圖書館在訂定淘汰辦法時，依據的都是圖書館法第十四條的規定。不同館藏類型有不同的淘汰條件，就參考書而言，一般原則是過時不合時宜者或破所不堪使用者，但我認為像年鑑、統計等史料價值較高的參考書，就不一定照收錄年限的限制，總之，就各圖書館空間、使用者需求、館藏資料之新穎性、適用性等因素去考量，決定屬於自己的淘汰政策。,編目政策與管理
23925,2012-12-25,23925_A01,由行政院長游錫堃報告的「行政院施政報告」，應如何立其作者檢索款目？,行政院施政報告是一個連續性出版品，我們會取「行政院」為檢索款目。,編目法
23925,2012-12-25,23925_A02,為何答案是:除以「行政院長游錫堃」立檢索款目外，另以「游錫堃」立檢索款目？,這應該不是我給的答案呦。不記得曾這樣回答過!,其他
23926,2012-12-25,23926_A01,「中文圖書標題表」的複分標題單元收錄在哪裡？,「中文圖書標題表」的一般複分標題，收錄在「中文圖書標題表」內(第45-48頁)。,主題法
23926,2012-12-25,23926_A02,「中文圖書標題表」是否有「使用說明」？,與中國編目規則無關。,其他
23927,2012-12-28,23927_A01,圖書目次應該著錄在機讀格式的哪一段？,目次的作用在表現文獻的內容，所以，適合著錄於MARC 21欄位505內容附註項或500一般附註項。505是Formatted contents note，需按一定格式，視需要分別啟用$a、$g、$r、$t、$u，500則無格式限制。,機讀編目格式
23928,2012-12-28,23928_A01,書目分類法是由誰創立的?,"書目分類法是由美國布里斯(Henry Evelyn Bliss, 1870-1955)創立。他於1935年以「書目分類體系」為題發表分類表大綱，並於1940～1953年以《書目分類法》為名陸續出版詳表和索引，共4卷。後於1967年英國學校圖書館協會出版節略本，1969年起英國布里斯分類法協會將其全面修訂更名為《布里斯書目分類法》(簡稱BBC或BC2)。",編目法
23928,2012-12-28,23928_A02,主題分類法是由誰創立的?,主題分類法是由英國圖書館學家詹姆斯·達夫·布朗（James Duff Brown，1862年11月6日－1914年2月26日）創立。,其他
23929,2012-12-31,23929_A01,中英雙解辭典是否等同於中英對照辭典及英中對照辭典？若是，是否均歸入中國圖書分類法的「英漢辭典」類別？,英漢漢英雙解詞典 ≠ 中英對照辭典 ≠英中對照辭典 = 英語字典 英漢字典，英文字母排列，英語為主配以中文翻譯解釋，書例：遠流英漢活用辭典； 漢英字典，以中文為主排列或注音符號或筆劃，從中文字出發找其對應之英文翻譯，書例：林語堂《當代漢英詞典》； 英漢、漢英雙解詞典 ，則據英翻中中翻英兩種功能，書例：牛津英漢雙解詞典。 在中文圖書分類表中，漢英、英漢兩用字典入805.131；英漢字典入805.132；漢英字典入805.133，各有所屬。,主題法
23929,2012-12-31,23929_A02,目前CMARC使用的字集是否為CCCII？,至90年版之中國機讀編目格式，雖說仍以中文資訊交換碼CCCII為基準，但事實上目前大多數圖書館皆已趨向使用Unicode。Unicode為每種語言中的每個字元設定了統一且唯一的二進位編碼，以滿足跨語言、跨平臺間所進行的文本轉換、處理的要求，並廣泛地應用於電腦軟體的國際化。國圖也在民國97年更換系統時改用Unicode。,機讀編目格式
23930,2013-01-02,23930_A01,「續輯」是編次嗎？「第71輯」是編次名嗎？,「續輯」、「第71輯」都是編次。,其他
23930,2013-01-02,23930_A02,「第705-706冊」指的是附屬集叢的集叢號，還是主要集叢的集叢號？,「第705-706冊」指的是「續輯」(續編)的總集叢編號。,作者號及輔助區分號
23931,2013-01-02,23931_A01,「metadata元資料」是一種自然語言嗎？,自然語言通常是指一種自然地隨文化演化的語言，例如英語、漢語、日語等。Metadata本身不是自然語言，是一種機讀格式，用以結構化描述龐雜的資料並建立資料間的相互關係，屬於人機對話的介面語言與人造語言。,其他
23932,2013-01-03,23932_A01,中文主題詞表與中國圖書標題表之間有什麼不同呢？,中文主題詞表與中國圖書標題表都是用「詞語」來表達主題概念，兩者都是採用控制詞彙，其間的差異只是組配的方式不同罷了。標題表是前組式主題法，中文主題詞表是採後組式的主題法。前組式(Precoordinated)主題法：標引用的詞彙，先期已由編表人員組配好的意思，詞彙的先後次序是固定好的形式，詞與詞間有詞序間的關係，編目員在標引詞彙時，只要照表操課就好。譬如標題表規定「中國-歷史」，你就不能用「歷史-中國」。後組式(Postcoordinated)主題法：就是在編表和標引時，事先不把檢索詞彙組配成固定的形式，而是在檢索文獻時，由使用者自行組合檢索的工作，組織主題概念，通常是經過控制(規範)的用語或詞彙(term)來表達單一的概念，譬如以「中國」、「歷史」二詞的組配或「中國史」單一敘詞來表達「中國歷史」這個概念。先組或後組各有優劣，但先組式不便於系統存儲、編排與檢索，後組式相對較為靈活，因此，由主題詞表替代標題表已是趨勢。,主題法
23933,2013-01-04,23933_A01,《中國編目規則 第三版》是中華民國圖書館學會出版嗎？,《中國編目規則 第三版》是中華民國圖書館學會出版。,編目法
23933,2013-01-04,23933_A02,《中國機讀編目格式 民國九十年修訂版》是國家圖書館出版嗎？,《中國機讀編目格式 民國九十年修訂版》出版者是國家圖書館。,機讀編目格式
23934,2013-01-09,23934_A01,同分類號、同書名、同作者，但不同出版社和年份時，是否可以作複本？,同分類號、同書名、同作者，但不同出版社和年份，應作不同的紀錄。索書號加年代區分。,作者號及輔助區分號
23934,2013-01-09,23934_A02,同分類號、同書名、同作者，同年份但不同出版社時，是否可以作複本？,同分類號、同書名、同作者，同年份但不同出版社，也應作不同的紀錄。索書號亦加年代區分。假設有第三個出版社在同年也出版了同樣的書，那麼，第二筆與第三筆資料索書號同，會在第三筆資料的年代後加上(-2)。,作者號及輔助區分號
23935,2013-01-10,23935_A01,《企業管理的理論與哲學》一書的正確類號應為494.001還是494.0101？,《企業管理的理論與哲學》一書的分類號為494.1 企業管理理論，在《中文圖書分類法 2007年版》中已有固定之專號(p.341)，不用考慮複分問題。類目名稱為： 「.1  管理理論 Management theory；經營管理Operation and Management」，該目的上位類是494企業管理。,其他
23935,2013-01-10,23935_A02,國家圖書館目前的機讀格式是MARC 21嗎？,國家圖書館於2011年12月6日起，正式以MARC 21格式編目。,機讀編目格式
23936,2013-01-13,23936_A01,圖書館有3套內容相同的DVD，分別來自中國大陸、臺灣和香港，且包裝無年份資訊，應如何分別編製索書號？,必須先釐清編目作業上一個重要觀念，就是處理此類文獻不能單以包裝上的資料為憑--- 1. 若包裝上有出版年，還需要讀取壓製在載體本身的資訊，看是否一致。 2. 若包裝上無出版年，以載體本身提供的資訊著錄，優先次序為出版年、版權年、製作年。 3. 若沒有出版年、版權年，則以製作年代替出版發行等的未知日期，據我所知，DVD上沒有製作年者，微乎其微。即使製 作年若沒有出現在影片的說明中，也可以從檔案總館按右鍵讀取。 4. 若很不幸，真的沒有出版年、版權年、製作年可得，可以推測年取代，表示方式有── [1999?] 大約年 [199-] 確知在10年內 [199-?] 可能在10年內 5. 若推測年也不可得，則以入藏年(到館日期)取代出版年。 上述3套DVD因不同公司出版，所以要編3筆紀錄，分類號、作者號後要加年代註記，比如── (1) 987.83 / 823 (2) 987.83 / 823 2002 (3) 987.83 / 823 2002-2 (1) 987.83 / 823 (2) 987.83 / 823 2002 (3) 987.83 / 823 2003 (1) 987.83 / 823 (2) 987.83 / 823 2003? (3) 987.83 / 823 2003?-2 視情況給予適當的著錄,編目法
23937,2013-01-14,23937_A01,依中國編目規則24.2.4.8，外國政府機關之標目是否需圓括號加原名？,24.2.4.8外國政府機關之標目只規定一定要加「國名」，並無硬性規定必須加註原文，但在規則使用手冊或機讀編目格式的範例中某些範例有標註原文，因此，若能掌握外國政府機關的原名，並將其著錄於書目中是很優質的作法。,編目法
23937,2013-01-14,23937_A02,CMARC與MARC 21格式中，外國政府機關原名的著錄方式有何不同？,CMARC格式中著錄原文於分欄$c，格式為：71X 01 $a$a國名 $b機關中文譯名 $c(機關原名)。MARC 21格式中沒有對應於$c的適當分欄，建議將原名置於最後一層次，即最後一個$b的後面：11X 1# $a國名 $b機關中文譯名(機關原名) 71X 1# $a國名 $b機關中文譯名(機關原名)。,機讀編目格式
23938,2013-01-15,23938_A01,1.10.2 作品中以一資料類型為主，其餘各資料類型以附件記於稽核項末（見 1.5.4 款），或記於附註項（見 1.7 款）。***可以麻煩舉例嗎?,一、1.10.2 作品中以一資料類型為主，其餘各資料類型以附件記於稽核項末（見 1.5.4 款），或記於附註項（見 1.7 款）。 此條文的意思是，一作品若含有附件時，其處理的方式： 1. 在主件稽核項末，以加號「+」連接所要著錄附件描述。 2. 將附件著錄於主件的附註項中。 例：文淵閣工作室著《快快樂樂學PowerPoint 2003使用技巧》一書，附光碟片一張，在MARC 21中的著錄： 1. 245 1_ $a快快樂樂學PowerPoint 2003使用技巧 /$c文淵閣工作室著 300 __  $a1冊：$b彩圖；$c23公分 +$e1張光碟片 2. 245 1_ $a快快樂樂學PowerPoint 2003使用技巧 /$c文淵閣工作室著 500 __ $a附光碟片一張，光碟片內容：微軟Office 2003自動展示程式，範例習作檔案，IE 7.0，壓縮解壓縮程式WinZip...,編目法
23938,2013-01-15,23938_A02,1.10.3 作品中未以某資料類型為主，除本章及以後各章相關條款外，依以下各款著錄。***其中「未以某資料類型為主」是標示為「多媒體組件」嗎?,二、1.10.3 作品中未以某資料類型為主，除本章及以後各章相關條款外，依以下各款著錄。 「未以某資料類型為主」意思是，多種資料類型組成的作品，沒有一項是明顯的主件。但若都用「多媒體組件」來表示似乎不夠縝密，有待討論，因為在MARC 21中，LDR/06紀錄類型(Type of record)包含a、d、e、f、g、i、j、k、m、o、p、r、t等形式，其中o表示Kit，才是中國編目規則所說的「多媒體組件」(multimedia item)，主要用於教學，如一套教材，其中包含試題、答題單、得分指南、說明手冊、錄影帶等。但還有一種以p表示的混合型資料(Mixed materials)，混合型資料也是由2種或2種以上形式彼此相關的資料組成，但不用於教學，它是一組包含文字、照片、錄音資料等的以檔案與手稿為主的資料類型，就不適合以「多媒體組件」作標示。,編目法
23939,2013-01-17,23939_A01,為何84年版CCR仍留在網站上未下架？,舊版放著也無妨呀，保存文獻供研究用。,編目法
23939,2013-01-17,23939_A02,目前是否還有使用者在採用84年版CCR？,您的意見會請園地版主與主管商討後定奪。,其他
23939,2013-01-17,23939_A03,84年版CCR為何沒有10、12、14等章節？,點一下[2]，或「下一頁」，即可看見84年版第10、12、14章等其餘部分。,編目法
23940,2013-01-17,23940_A01,CCR當中提到三種著錄層次圖書館使用上都會完全尊守嗎?不遵守會有何問題產生?,各館可視其需要採用適當之著錄層次，一般圖書館很少硬性規定要用三種著錄層次的哪一層，而是視資料的類型決定不同詳簡層次。層次著錄錯誤會發生何問題?我沒有深入研究。可能之一是，有檢核功能設計的書目系統，會告知該筆書目紀錄少了某個必備欄。,編目法
23940,2013-01-17,23940_A02,有沒有可能圖書館適用屆於兩個層次間的註錄方式呢?例如符合簡略層次但又含概部分標準層次呢?,有可能一個圖書館的資料庫中，包含三種層次的資料。每筆資料的層次在LDR/17表示。,其他
23941,2013-01-18,23941_A01,CCR的1.3是否應該修改?,1.3資料特殊細節項的條文應修訂。以分項符號（.--）與前項相隔，僅用於連續性資源（第三章）、地圖（第五章）、樂譜（第六章）、電子資源（第十三章），在某些情況下，也適用於微縮資料（第十二章），詳見上述四章。,編目法
23941,2013-01-18,23941_A02,2011年11月15日電子版是目前CCR最新的版本嗎?,第三版自民國94年10月出版以來，並未全面修訂過，惟每次再刷時會更正一些錯字。96.11.19增修「中國編目規則第三版勘誤表」已修正1.3資料特殊細節項。,編目法
23941,2013-01-18,23941_A03,1.3樂譜的部分少第六章對否?,1.3資料特殊細節項中樂譜（第章）很顯然是誤漏，應更正為樂譜（第六章）。,其他
23941,2013-01-18,23941_A04,第三版增修說明xxxvi中提到資料特殊細節項不適用於電子資源之著錄，是否矛盾?,13.3「資源特性」改為「資料特殊細節項」，本項不適用於電子資源之著錄，刪除資源類型及檔案大小之著錄。增修說明中的「資料特殊細節項」與13.3條文用詞不同但所指為同一件事，電子資源是資料類型，問題癥結在是否需視為「特殊」資料。,編目法
23942,2013-01-19,23942_A01,圖書分類次序應為何?,圖書分類的流程依地域、時代、體裁先後次序進行。地域與時代係就文獻內容作更深一層的分析，體裁係就文獻外在的形式作說明。,編目法
23942,2013-01-19,23942_A02,為何有人說主題/內容、地區、時代、體裁的順序?,兩者沒有什麼差別，表述的方式不同罷了。分類本都是依文獻內容的學科性質來分，主題只是將內容所表達的抽象概念轉化為文字或符號，文字指主題詞或標題等之詞彙，符號則指分類號。,其他
23943,2013-01-21,23943_A01,CMARC的339館藏註轉換為MARC 21時，應放置於哪個欄位以供讀者於WebPAC看見？,CMARC中的339館藏註轉換為MARC 21時，相對應的欄位是500一般附註。500可重複也可顯示於WebPAC。,機讀編目格式
23943,2013-01-21,23943_A02,經費來源與財產編號在MARC 21中應如何處理？,經費來源與財產編號屬內部註記，一般不會註記於書目記錄中。財產編號若為圖書登錄號供讀者檢索，在書目系統中應有固定key in的位置，通常與採訪模組、館藏模組結合，不會記錄於書目紀錄的附註項。,機讀編目格式
23944,2013-01-23,23944_A01,《中文圖書分類法》（2007年版）類表編若有錯誤或變更，會進行修正嗎？,類表編為原書的PDF檔，不會直接在上面做修正。,其他
23944,2013-01-23,23944_A02,《中文圖書分類法》（2007年版）類表編的修正部分如何處理？,修正部分另有勘誤表與修訂檔。,其他
23945,2013-01-23,23945_A01,921希望工程系列的書，索書號應當編為多少比較合適,921希望工程系列圖書，國圖的分類號是548.31708。548.317為震災救濟事業，08為叢書複分號，將整套921希望工程系列書集中於此很合適。921希望工程是慈濟志業災後重建計畫的成果集結，集中於此類號下，符合救濟事業也可掌握整個重建計畫的全貌。,其他
23946,2013-02-05,23946_A01,CD內的歌曲全是某甲主唱的時，處理作者號的基本原則為何？,詞曲者是1人→作曲填詞者為主要款目(欄位100)；主唱某甲為附加款目(欄位700)。作者號取作曲填詞者。,作者號及輔助區分號
23946,2013-02-05,23946_A02,CD主要是紀念某作詞人的，故由不同人唱他的歌曲時，處理作者號的基本原則為何？,詞人(欄位100)、演唱者(欄位700)，作者號取詞人。,作者號及輔助區分號
23946,2013-02-05,23946_A03,收錄不同人唱不同歌曲，一個大雜會時，處理作者號的基本原則為何？,作者號取題名。,作者號及輔助區分號
23947,2013-02-19,23947_A01,如何處理系列書因著者編者不同而分散排架的問題？,按館長的意思將整套書集中排架，採用同一分類號和作者號。例如將《羅賓漢》與《傲慢與偏見》集中歸入世界文學名著集，作者號取叢書名《Black Cat 有聲名著階梯閱讀系列》，即可解決因著者編者不同而分散排架的問題。,編目政策與管理
23947,2013-02-19,23947_A02,如何表示不同Level的分級？,"1-6不同程度的分級可運用作品區分號[-2, -3,…]或部冊號表示。例如Level 2若有5冊，可用v.2:1、v.2:2、v.2:3、v.2:4、v.2:5表示。具體索書號格式如：800 8446 v.2:4（首尾五筆檢字法）或800 1720 v.2:4（四角號碼）。",作者號及輔助區分號
23948,2013-02-25,23948_A01,在廠商客製自動化系統時，ISO2709轉出或轉入功能中，US MARC館藏段欄號是否可由館方自訂？例如指定805或095或092等，或ISO2709格式中已固定US MARC館藏段欄號？,每種機讀格式都允許有自訂的欄位，一般在09X或9XX段。以中國大陸CALIS聯合目錄系統的USMARC欄位來說，館藏訊息在欄位920，如同CMARC的805段、MARC21的852段；CALIS的093/094/095/096分屬不同分類號，如CMARC的681、MARC21的084段( Other Call Number)。哪個自訂欄位要做什麼請與系統廠商討論。,機讀編目格式
23948,2013-02-25,23948_A02,館藏段分欄除了中國機讀編目格式民90年修訂版中載明的13項分欄外，ISO2709格式中還有哪些必備的分欄項目？例如：盤點日期、報廢日期、報廢原因、建檔日期、修改日期、訂...,每個系統架構不同，書目記錄中的館藏段不見得等同於館藏資料(data)，換句話說，你心中要有Bibliographic data和Holdings data的概念，兩者是嵌入式(Embedded)或分開的(separate holdings)。書目轉出歸書目轉出，館藏轉出歸館藏轉出，兩者各有對應標準，書目與館藏間兩個data再做連結。一般而言，館藏類型很複雜，類型不同詳簡層級就不同，許多系統都已將館藏格式表格化而非機讀的格式呈現，所以館藏的轉出與轉入光看書目記錄中的分欄是不夠的。USMARC Format for Holdings Data即是針對館藏部分的陳述，涉及的標準有ISO 10324、ANSI/NISO Z39.71等，此非我們專長，還是要請教熟悉US MARC的系統工程師。,機讀編目格式
23949,2013-03-11,23949_A01,圖書館對於中文期刊與外文期刊是依照出版地區來分，還是依照語文來分？,照期刊內容的語文來區分。,其他
23949,2013-03-11,23949_A02,出版社是台灣出版社，但是內容卻是英文，這樣應該屬於中文期刊還是英文期刊？,台灣出版社出的英文期刊，內容為英文，屬英文期刊。台灣出版社出的中英文對照期刊，可視為中文期刊。,其他
23950,2013-03-19,23950_A01,《運動員傳奇》應歸類為528.999或528.9099？為何不需加入099？,導因於類表不是說得很清楚，國圖本身資料庫中也有兩種類號，不過後來統一用528.999，理由是2007年版已將528.99定為各國體育史之專號，根據論複分表，傳記於「09歷史及現況」再細分為099，既已有史的專號就不宜另闢於528.099。,其他
23951,2013-03-19,23951_A01,主題詞能否自己創作以適合我館？,若有需要，主題詞是可以新增的。選詞原則如下：1. 以名詞、名詞詞組及動名詞為主，具有實際檢索意義，並考量詞頻。2. 單一概念的主題詞。3. 以複合詞代替容易誤解的兩個單詞組配，如「教育傳播」與「傳播教育」是不同概念的複合詞，避免使用「教育」與「傳播」兩個單詞組配，會分不清是指教育傳播或傳播教育。4. 新詞優於舊詞。5. 以不含褒貶的中性詞為原則。6. 宜選自稱詞。,其他
23951,2013-03-19,23951_A02,創作主題詞時應注意哪些原則？,可參考《中文主題詞表》使用說明之選詞原則 p.17-18，或參閱電子版，網址：http://catweb.ncl.edu.tw/portal_e3_cnt_page.php?button_num=e3&folder_id=73&cnt_id=123&sn_judge=1。對於「常識」、「科學普及」、「哲學普及」等詞彙，需注意「科學」為主題內容，「普及」為內容形式，國圖目前仍會用「科學」與「通俗作品」組配，貴館若使用「科學普及」需考量與「科普」、「大眾科學」等詞彙的詞間關係。,其他
23952,2013-03-01,23952_A01,請教《Around the World in Eighty Days》（ISBN 9780746063026）的著錄方式範例,"可以直接抄錄美國國會圖書館的索書號。若不抄錄，有關Around the world in eighty days的書籍的分類號與作者號取法，應先考慮一個問題，是原著作品或改寫作品? 1.原著作品：國會圖書館分類號取PQ2469.T7，作者號取原著者Jules Verne，柯特號為V594(根據C. A. Cuttwe’s Three-figure alfabetic-order table取號，版本不同時將略有差異)。 2.改寫作品：與原著差異很大，如已改為童書，分類號歸入兒童文學類，作者號取改寫者。 以您提供的此書(ISBN9780746063026)為例，因本館無此書，根據網路上查得之書目資料: Around the world in eighty days / adapted by Jane Bingham ; illustrated by Adam Stower，知道是已改寫為兒童讀物的作品，以MARC 21格式著錄如下，僅供參考： 084 __ $aPZ7.V594 $bB513 100 1_ $aBingham, Jane. 245 1_ $aAround the world in eighty days. / $c adapted by Jane Bingham ; illustrated by Adam Stower. 500 __ $aThe original work by Jules Verne.(主要著錄來源無原著訊息時，編目員可利用附註項) 700 1_ $aStower, Adam. 700 1_ $aVerne, Jules, $d1828-1905",編目法
23953,2013-03-21,23953_A01,是否可以同時使用總論複分表（如歷史09）與中國省區表（如香港38）進行標引？,總論複分大致可分內容與編制形式兩種，標引時內容複分優先於形式複分。屬內容方面者：01哲學理論、03教育及研究、09歷史。中國省區表亦屬通用複分，按類目中的說明指示使用，類目說明外若有需要也可自行增加，方式是→總論複分09(歷史與現況)+2(分國表)+中國省區表。,分類法
23953,2013-03-21,23953_A02,總論複分表與中國省區表的使用是否有先後次序？,總論複分優先於形式複分，屬內容方面者包含09歷史，中國省區表可與總論複分結合使用，方式是→總論複分09(歷史與現況)+2(分國表)+中國省區表。,編目法
23954,2013-03-25,23954_A01,於[110段-資料類型代碼]選擇 h=年鑑、年報是否正確？,中國機讀編目格式欄位110位址3「資料類型代碼」係指連續性資源「整體」屬於某種資料類型；而欄位110位址4-6「內容性質代碼」係指該連續性資源「含有」某種資料特性，且最多以3種為限。 因此，以台端所舉「中華民國年鑑」為例，其本身之性質即為年鑑，於欄位110位址3「資料類型代碼」著錄「h」即可，可不必於欄位110位址4-6「內容性質代碼」再行著錄「h」。,編目法
23954,2013-03-25,23954_A02,於[110段-內容性質代碼]時，是否仍需再選擇 h？,可不必於欄位110位址4-6「內容性質代碼」再行著錄「h」。,編目法
23955,2013-03-22,23955_A01,目前有完整的《中國圖書分類法》（增訂七版）與《中文圖書分類法》（2007年版）對照表嗎？,《中國圖書分類法》（增訂七版）與《中文圖書分類法》（2007年版）對照表，目前已完成至1-4類之審訂。本月底前 4類的對照表Excel檔會公布於編目園地。,其他
23955,2013-03-22,23955_A02,目前各圖書館內是中國圖書分類法和中文圖書分類法並存使用，還是已全面更改為中文圖書分類法（包含以前已編目完上架的書）？,全面性的回溯改編舊書鮮少見，所以，書架上新舊類號並存是很正常的事。新舊分類法更替時，一般圖書館會選定一個基準日期作斷限，這個日期之前編目的圖書採舊版分類，這個日期之後所編目的書則採新分類法。,分類法
23955,2013-03-22,23955_A03,再版文獻應跟從舊類號或新類號？舊目錄是否需要進行改編？,當然還有一些較細節的問題須做討論，如再版文獻，要跟從舊類號? 還是從新類號? 若跟從新類號，舊目錄是否要進行改編? 等等政策面的問題要確立清楚。,其他
23956,2013-03-28,23956_A01,國家圖書館有書籍可供參閱嗎？,國內多數圖書館包括國圖在內，西文書書目資料皆抄錄自美國國會圖書館，建議可直接查詢LC的書目資料。若要參考這兩種分類法，可利用網路資源，LC分類表見下列網址： LIBRARY OF CONGRESS CLASSIFICATION OUTLINE http://www.loc.gov/catdir/cpso/lcco/ DDC分類表見下列網址： DDC 22 print (Web版必須付費) https://www.oclc.org/zhtw-asiapacific/dewey/versions/ddc22print.html,其他
23956,2013-03-28,23956_A02,臺灣經濟戰略研討會論文集索書碼中47後面的07是怎麼編輯來的？,592.47是經濟戰略，07是總論複分中的「論文集」，表示該書的內容是由多篇論述經濟戰略的論文結集成的。,其他
23957,2013-03-29,23957_A01,有ISBN是9566920300060嗎？這是在DVD盒上看到的ISBN，通常一般都是957或986或962開頭嗎？,9566920300060此號碼非正常的ISBN碼。此碼是13碼沒錯，但正常的13碼ISBN第1組碼是EAN978或979，若是舊10碼ISBN，則以國別碼開頭，956代表的是「智利」，應該10個碼也不是此13碼，因此，若此碼前冠有ISBN字樣，一定是錯誤的ISBN! 可以電詢該出版社號碼從何而來? 推測該號碼可能的來源是─ 1. 出版社內部自製的商品條碼。 2. 為電子產品編碼(EPC)，EPC需與RFID技術相互配合，是EAN.UCC全球統一標識系統的重要組成部分，截至2007年，已應用於雜貨、電子消費及醫藥等單品之標簽。因費用匪淺，推測出版社自製商品碼的可能性較高。,其他
23957,2013-03-29,23957_A02,對照表是公佈在那裡，且5-9類的對照表又是何時會公佈呢？,已公布之對照表置於編目園地首頁→ 資訊組織規範→ 編目規範→ 中文→ 分類法項目下，網址為：http://catweb.ncl.edu.tw/portal_e3_cnt.php?button_num=e3&folder_id=28   敬請參閱。錢月蓮敬答  20130401,其他
23957,2013-03-29,23957_A03,可以盡快回覆我嗎？謝謝!!感恩!!另外感謝您回覆我對照表的問題,中國圖書分類法增訂七版與中文圖書分類法2007年版之對照表，其迫切性已隨2007年版出版的時間逐年降低，完成日目前並無時間表，不過，仍會盡速處理並公布。假設貴圖書館有需要其中某項類號之對照，可來電告知並優先處理該部分。,其他
23958,2013-03-29,23958_A01,編目時用到等號（=）用於連續性出版品之標準號碼項以引出識別題名，請問可以舉一個簡單的實例嗎?,舉英文範例如下： 22 0_ $a0090-9319$l0090-9319$21 222 _0 $a101 gardening and outdoor ideas 245 0 $aWoman's day 101 gardening and outdoor ideas. 以上為MARC 21的著錄格式，在WebPAC端呈現樣式為： ISSN [number]0090-9319 = 101 gardening and outdoor ideas = [Key Title] 等號 = 不是編目員給予的，是系統依據LDR/18、022段、222段判別自動產生的，至於識別題名則由國家ISSN中心分配，有則著錄。 中文期刊有識別題名者不多，若期刊上有印出key title，如東海大學工學院學報： Key title: Dōnghai xuébào (Gōngxuéyuàn) ISSN 2226-3144 也可以如法泡製分別於LDR/18、022、222、245等欄位著錄訊息。,機讀編目格式
23959,2013-03-29,23959_A01,附件正題名與主要作品相同時，應參考哪些著錄規則點？,附件之著錄須依據規則1.5.4：依下列三種方式擇一著錄。(1)視為另一作品著錄。(說明：附件為重要之視聽資料時)(2)著錄於附註項。例：註云：本書附有教師手冊及習題解答各一冊(3)著錄於稽核項末例：1.321面：彩圖；23公分+1冊教師手冊2.321面；23公分+1捲錄音帶附件若須詳細著錄稽核事項，參閱本規則1.5.1、1.5.2及1.5.3各款。例：1.321面：彩圖；23公分+1冊教師手冊(20面：地圖；20公分)通則外，其他如針對圖書按規則2.5.4；針對連續性資源按規則3.5.4及3.7.1(12)；針對善本按規則4.5.4及4.7.1；針對地圖按規則5.5.4)；針對樂譜按規則6.5.4；針對錄音資料按規則7.5.4；針對電影片及錄影資料按規則8.5.4；針對靜畫資料按規則9.5.4；針對立體資料按規則10.5.4；針對拓片按規則11.5.4；針對微縮資料按規則12.5.4；針對電子資源按規則13.5.4著錄。,編目法
23960,2013-03-29,23960_A01,作品含若干部分而無共同題名時，應參考編目規則哪些條款？,請參考 1. 中國編目規則1.1.6 無共同題名之作品 ( 其他如規則2.1.6、4.1.6、5.1.6、6.1.6、7.1.6、8.16、9.1.6、10.1.6、11.1.6、12.1.6、13.1.6皆依據1.1.6款著錄) 2. 規則1.1.2.1作品無共同題名之資料類型標示,編目法
23961,2013-03-29,23961_A01,各著錄來源均未載題名時，應如何處理？,編目員可以自定題名，並加於方括弧內。作品及諸家著錄俱不能取得適當之正題名，編目員得依己意裁定，加方括弧，並於附註項中說明。,編目法
23961,2013-03-29,23961_A02,各著錄來源均未載題名時，應依照編目規則第幾條處理？,依據規則1.1.1.5,編目法
23962,2013-04-01,23962_A01,CCR改版說明第一點第一章總則所稱出版者名稱，若已載於題名及著者敘述項時，應如何著錄？,第三版1.4.3.4款內容如下：若出版者名稱已載於題名及著者敘述項時，基於提供出版者檢索點之考量，宜採用全稱或簡稱直接著錄，不用「著者」、「編者」、「該部」、「該館」、「該會」等字樣著錄。修訂二版1.4.3.4款內容如下：若出版者名稱已載於題名及著者敘述項時，得以「著者」、「編著」、「該部」、「該館」、「該會」等字樣著錄；或逕著錄出版者名稱。兩相比較即知第三版起，出版者名稱已不再用「著者」、「編著」…等字樣著錄。,編目法
23962,2013-04-01,23962_A02,關於第一點可以舉例改版前與改版後的簡單實例一則嗎？,範例：1. 舊規則著錄方式：245 00 $a自動化經濟績效之評估與建議 / $c行政院經濟建設委員會編 260 __ $a臺北市 $b編者 $c1986 2. 新規則著錄方式：245 00 $a自動化經濟績效之評估與建議 / $c行政院經濟建設委員會編 260 __ $a臺北市 $b行政院經濟建設委員會 $c1986,編目法
23963,2013-04-03,23963_A01,在編目園地的編目規範之主題法下，中文主題詞表以及中文圖書標題表在什麼情況下會被使用？如何使用？,圖書館以分類號與主題詞揭示文獻內容主旨，供讀者檢索。編目員在主題編目時會用到《中文主題詞表》與《中文圖書分類法》，建議使用「中文主題編目規範系統」查詢主題詞與分類號。作業步驟為：1.根據文獻題名、序言、目次確定內容主旨；2.查尋分類表與主題詞表，找出分類號與主題詞，著錄於機讀格式中。,主題法
23963,2013-04-03,23963_A02,標題表與主題詞表有何不同？詞後方數字用途為何？以「攜手玩科學.9.奇妙的能源」為例，如何使用中文主題詞？,標題與主題詞均以文字詞語揭示內容，詞後數字為對應分類號，供參考。兩者差異在組配方式：標題為前組式（如「中國-歷史」），主題詞為後組式（如「中國史」或「中國」「歷史」組配）。標題表為前組式主題法，主題詞表為後組式，後組式更靈活，因此建議採用《中文主題詞表》。,主題法
23964,2013-04-04,23964_A01,360-369的中文名稱應如何選用？例如應標示為『生物科學』還是『生物科學總論-微生物』？,建議與分類表類目名稱一致：360-369   生物科學總論 – 微生物學,其他
23964,2013-04-04,23964_A02,400-439的中文名稱應如何選用？例如應標示為『人類學；醫學；家政；農業』還是『人類學-農業』？,建議與分類表類目名稱一致：400-439   應用科學總論 – 農業,其他
23965,2013-04-04,23965_A01,在著錄電子資源時，是否有著錄「檔案格式」的必要？如果有，要如何著錄呢？,電子資源格式著錄於010標準號碼及其他必要記載項。不同檔案格式會有不同的ISBN，所以ISBN項必會標註說明哪種格式配哪個ISBN。格式更細部之需求說明則著錄於附著項(MARC欄位538)。,編目法
23965,2013-04-04,23965_A02,「檔案格式」是否應著錄在「標準號碼及其他必要記載項」中？,是的，電子資源格式著錄於010標準號碼及其他必要記載項。,編目法
23965,2013-04-04,23965_A03,是否可將「檔案格式」著錄在「稽核項」或「附註項」中？,電子資源的數量、容量和單位著錄於稽核項。或是附註項都可說明。不同格式之電子資源會有不同系統需求，將系統需求著錄於附註項。,編目法
23966,2013-04-05,23966_A01,三國志與羅貫中著作分入不同分類號是依據哪一個分類法準則？,分類須按書的內容與文體形式來歸類。 1. 陳壽撰《三國志》是一本正式的紀傳體歷史書，內容記述三國時代之歷史，所以歸入 622.301。 622.3三國歷史(p.493) + 01紀傳體 (根據p. 489中國斷代史複分表而來) 2.羅貫中所撰的《三國演義》，內容屬歷史小說，所以歸入小說類857.4523。(p.609),編目法
23966,2013-04-05,23966_A02,CCL新版中有特別說明嗎？還是在之前版本有說明？,錢月蓮敬答  20130410,其他
23967,2013-04-05,23967_A01,作品無共同題名，無論是否同一著者，其資料類型標示之著錄，記於第一作品『正題名』之後。地二舉例 古今偽書考 / 姚際恒著[微縮資料]....是否改成 古今偽書考[微縮資料] / 姚際恒著 才正確?,是，感謝指正。勘誤表早已公布過了!,作者號及輔助區分號
23968,2013-04-06,23968_A01,將紙本書的內容數位化，並且放在電子書平台銷售的個人或團體，應著錄為電子書的「著者」或是「出版者」呢？例如「華藝數位股份有限公司」之於「伊索寓言」這本「重製」的電子書（也就是電子書與紙本書的內容完全相同）,判斷孰是作者並不困難，作者是作品內容的貢獻者，所以，若電子書與紙本書的內容完全相同，電子書的作者仍為原書的作者。以華藝數位股份有限公司轉製的伊索寓言為例，作者為伊索；華藝數位股份有限公司著錄於出版項260段 (依據中國編目規則13.4.6款，電子資源的製作者著錄於出版項) 。,編目法
23968,2013-04-06,23968_A02,以現有的紙本書為基礎，製作一「新版本(new edition)電子書」的團體或個人，應著錄為此電子書的「作者」或是「出版者」呢？,很抱歉，因為需要付費只看到部分PDF版試閱內容，雖然從廣告畫面與說明知道數位版有許多不同於平面出版的創作，但我們著錄資料是要以規則指定的著錄來源著錄。以《烏龜娶親》為例，原創作者為主要作者沒有疑義，至於電子書新增之數位內容創作，是否需要視為作者之一? 但看電子書主要著錄來源、盛裝物、標簽等的說明而定，假設上面有所說明，是可以在原著之外再加其他作者的職責敘述。若無，也不必自行增加，編目員若覺得有某些重要訊息必須告知讀者，可多利用附註項說明，但245段所著錄的題名與作者敘述項內容，應遵照規則所指定的著錄來源上的資料。,編目法
23968,2013-04-06,23968_A03,電子書無論有無紙本形式的出版品，是否需要著錄出版者及其相關訊息？,電子書無論有無紙本形式的出版品，都有出版者及其相關訊息，仍要著錄於出版項，可參考中國編目規則13.4各款。,編目法
23969,2013-04-06,23969_A01,集叢著錄可以參考中編規則的哪些點?,中國編目規則有關叢書著錄的部分─ 主要按總則1.6集叢項、1.7(13)附註之集叢項著錄。第一-十三章中，除第三章連續性出版品，其餘各章各類型資料之集叢項著錄皆依據1.6各款之規定。第三章增加3.6.1.1.1，說明連續性出版品集叢敘述若有增刪或改變，且此改變在集叢項不能清楚地描述時，視其重要性，記於附註項3.7.1附註(13)。,編目法
23970,2013-04-06,23970_A01,中圖法增訂八版中字母與數字合用的詳細使用規則與說明，可以在哪裡找到？,"1. 008.020M 分類號的用法常見於類目下方之注釋說明。增訂八版008類目注釋在第23頁，2007年版008類目注釋在第29頁。008.020M是增訂八版008類號的組配方式，其構成為008分類號後 + 學科分類號 + 學位級別 (碩士用M, 博士用D)。若圖書館收藏各校論文，則可於008類號之下一行，加註學校系所代碼，學校系所代碼可由各館自訂，用英文字母或阿拉伯數字皆可，如臺灣大學可以用001或NTU或NTU01…。例：008.020M →圖書館學研究所碩士論文 001 或 NTU →臺灣大學 1998 →畢業年代 國圖目前採用的是2007年版008第二法，依系所所屬之學科分入各類，然後再依學校代碼細分。例：820 →學科 001D → 學校及學位級別 2000 → 年代 國圖使用之學位論文代碼表，公布於編目園地可供參考 http://catweb.ncl.edu.tw/portal_f4_cnt.php?button_num=f4&folder_id=1 2.各種應用程式、各種套裝軟體取碼原則：(1) 312.949後 + 英文名稱或中文名稱拼音之克特號碼順序排列(八版)。(2) 312.49後 + 英文名稱或中文名稱拼音之克特號碼順序排列(2007年版)。克特號碼擷取法可參考國家圖書館克特號取碼法(2007年版第778頁)。例：文淵閣排版系統，漢語拼音或羅馬拼音為Wen yuan ge或Wen yuan ko，以 We取克特號，按2007年版第779頁表3.4取碼為W4，所以分類號為312.949W4；若避免取碼重複W4之後可按表3.5規則取至名稱的第3個字母n，即為312.949W46。(312.949W45為國圖早期使用類號，最後一碼5並非遵循3.5規則擷取而來，是內部排列序號)",機讀編目格式
23971,2013-04-10,23971_A01,使用MARC 21機讀格式處理書名「一步一腳印叢書列：人間萬事 7.倫理觀」時，tag 490應如何著錄？,"490 1_ $a 人間萬事. 7, 倫理觀 本叢書名要做題名檢索時，設指標1為1。但因490此欄並非規範或權威控制欄位，所以，將權威紀錄記於830段。",機讀編目格式
23971,2013-04-10,23971_A02,使用MARC 21機讀格式處理書名「一步一腳印叢書列：人間萬事 7.倫理觀」時，tag 830應如何著錄？,"830 _0 $a人間萬事. $n7, $p倫理觀.",機讀編目格式
23972,2013-04-11,23972_A01,書名頁同時載有作品之共同書名及個別書名，且共同書名出現在書背、個別書名在書名頁、另有集叢項時，書名應以共同書名還是個別書名為準？,若書無共同題名，集叢項為總書名，應以集叢項為正書名。例如：總理百年誕辰紀念文集(二)為集叢項，書名頁的個別書名為子題名，書背及逐頁題名為實際內容題名，應以集叢項為正書名，並依編目規則標註各部分題名與集叢關係。,編目法
23973,2013-04-15,23973_A01,中文圖書分類法的克特號編碼規則依據是什麼？,中文圖書分類法「附錄3 國家圖書館克特號取碼方法」，編製的根據是「美國國會圖書館克特號取碼法」，不過附加了但書「取碼規則略有細微不同」，至於哪裏不同也並未說明，容以後修訂時改進!,編目法
23973,2013-04-15,23973_A02,克特號第二位阿拉伯數字是如何確定的？,"克特號第二位阿拉伯數字是根據字母順序及取號規則調整的，例如：Sa=S2；n=6, p=7, s=7, u=8。當同作者有多本書時，會根據出版年份、主題、地名等進行調整，並為未來新書預留空號。例如Sankar→S2+6，Sapienza→S2+7，Sasaki→S2+7，Saunders→S2+8。2碼以後的第三碼不同是極為平常的。",作者號及輔助區分號
23974,2013-04-18,23974_A01,標題表與主題詞表的差異為何？,標題與主題詞都是用「詞語」表達文獻主題，差別在詞彙組配方式。標題表為前組式主題法，詞彙及複分次序依詞表固定形式，例如「中國-歷史」；主題詞表為後組式主題法，詞彙組配於檢索時由編目員或讀者自行組織，例如「中國史」或「中國-歷史」。標題表MARC著錄如：650 _7 $a血液 $x疾病 $2csh；主題詞表MARC著錄如：650 _7 $a血液疾病 $2lcstt。,主題法
23974,2013-04-18,23974_A02,編目時主題分析應使用標題表、主題詞表，或兩者皆用？,建議使用主題詞表。標題表為前組式，不利系統存儲與檢索；主題詞表為後組式，較為靈活。《中文主題詞表》詞彙較《中文標題表》豐富，且能根據不同情況選擇單一敘詞或組配方式，例如「血液疾病」或「中國史」。,主題法
23975,2013-04-17,23975_A01,在MARC21欄位240著錄《無の探求》、欄位500說明譯自關係、欄位740分別著錄兩本譯作題名，是否適當？,以《無の探求》《中國禪思想史》《禪與中國》為例說明如下： 100 10 $aXXX 240 10 $a無の探求 $l中文 → 最好加上翻譯作品的語文，因為原著作品可能被翻譯成多種語文。 245 10 $a中國禪思想史 / $c柳田聖山著 ; 吳汝鈞譯 500 __ $a本書譯自日文原文「無の探求〈中国禪〉」 → 翻譯作品語文與原著作品的語文關係，應於MARC欄位041段表示： 041 1_ $achi $hjpn  → 翻譯品原文著錄於$h 500 __ $a另一題名翻譯作品：《禪與中國》→ 於附註項說明還有另一題名的翻譯作品，若館藏有此作品，要讓此作品被檢索得到(240未建立權威資料檔)時，另於740建立相關題名之檢索款目。 740 0 $a禪與中國 740 0 $a無の探求,機讀編目格式
23975,2013-04-17,23975_A02,是否應改著錄730欄位？,"《無の探求》已出現在240的劃一題名，怎會又出現在740呢? 解釋：730與740不會同時存在，740則是非控制性題名，730是控制題名(題名可在權威檔查得)，即所謂附加款目的劃一題名。舉一個730用法的例如下： 100 1_ $a Barwise, Jon. 245 14 $a The language of first-order logic :$bincluding the Macintosh program Tarski’s world 4.0 / $cJon Barwise and John Etchemendy. 730 02 $aTarski’s world. 注意上述例子的副題名《including the Macintosh program Tarski’s world 4.0》，是一個麥金塔電腦程式語言，若要為它做權威名稱，即著錄於730字段。(可Google search “MARC 21 730”即可瀏覽一些範例)",其他
23975,2013-04-17,23975_A03,如何正確著錄譯自關係？,根據CONSER標準書目記錄的規定，譯自關係仍須同時著錄題名附加款目(730 或740)及連結欄位(765及767)。因此，最標準的著錄法是，若您的館藏同時有原著《無の探求》這筆書目紀錄，與《中國禪思想史》這兩筆書目紀錄時，可利用欄位765及767將兩筆書目紀錄連結。例如： 假設書目紀錄(1)為原著《無の探求》(系統號00001、ISBN9879576xxxxxx)；書目紀錄2為譯作《中國禪思想史》(系統號00008、ISBN9879577xxxxxx)，著錄範例如下─ 在編文獻為原著作品時(紀錄1)： 245 10 $a無の探求 / $c柳田聖山著 500 __ $a中譯本：《中國禪思想史》、《禪與中國》 740 0_ $a中國禪思想史 740 0_ $a禪與中國 767 0# $t中國禪思想史 $z 9879577xxxxxx $w 00008 767 0# $t禪與中國 $z 987xxxxxxxxxx $w xxxx 欄位767之前導用語「譯作(Translation as)」 在編文獻為翻譯作品時(紀錄2)： 240 10 $a無の探求 $l中文 245 10 $a中國禪思想史 / $c柳田聖山著 ; 吳汝鈞譯 765 0# $t無の探求 $z 9879577xxxxxx $w 00008 欄位765之前導用語「譯自(Translation of)」 解釋：765及767段是連接功能，在WebPAC端兩筆資料可以直接link，與740段透過索引呈現檢索的方式(間接的)不同。CONSER為簡化編目，若干書目關係的著錄已直接用連接欄位取代同時著錄題名附加款目及連接欄位的方式，但特別強調二種例外——譯自及其他語言版本。另國圖目前使用的Aleph系統，無MARC 21連接段(76X到78X)功能，該系統有自己簡單格式化的連接功能(LKR段)，國圖的資料也並未著錄(76X到78X)。,編目法
23976,2013-04-22,23976_A01,在編文獻為原著作品時，如何正確著錄中譯本《中國禪思想史》及《禪與中國》？,在編文獻為原著作品時：245 10 $a無の探求 / $c柳田聖山著 500 __ $a中譯本：《中國禪思想史》、《禪與中國》 740 0_ $a中國禪思想史 740 0_ $a禪與中國 767 0# $t中國禪思想史 $z 9879577xxxxxx $w 00008767 0# $t禪與中國 $z 987xxxxxxxxxx $w xxxx （WebPAC顯示→譯作：禪與中國） 欄位767之前導用語「譯作(Translation as)」,編目法
23976,2013-04-22,23976_A02,在編文獻為翻譯作品時，如何正確著錄原著《無の探求》的譯作？,在編文獻為翻譯作品時：240 10 $a無の探求 $l中文 245 10 $a中國禪思想史 / $c柳田聖山著 ; 吳汝鈞譯 765 0# $t無の探求 $z 9879577xxxxxx $w 00008 （WebPAC顯示→譯自：無の探求） 欄位765之前導用語「譯自(Translation of)」。765不提供原著款目的檢索，是連接的作用。CMARC3轉MARC21對照表中，將原CMARC3欄位454(譯自)轉入MARC21欄位765，是不恰當的。本館MARC轉換時有參考若干文獻並徵詢美國圖書館資深編目員的意見，致與對照表不同。,編目法
23977,2013-10-23,23977_A01,《香光莊嚴》期刊附有別冊時，應如何處理？,應將每本「別冊」或「專輯」單獨做一筆紀錄；於雜誌主書目紀錄中註明別冊題名和刊期；利用MARC 21欄位770及772做兩筆書目紀錄的連結。主刊書目紀錄中建欄位770連接特刊；特刊(別冊或專輯)的書目資料建欄位772連接主刊。,機讀編目格式
23977,2013-10-23,23977_A02,光碟片型式出刊（含錄影/錄音資料）是否應視為期刊或另類資料？,應視資料類型另行編目。例如：錄影資料（108期）及錄音資料（109期、111期）應作為視聽資料處理，並於主刊書目紀錄中註明其為特定刊期的延伸資料。,其他
23978,2013-04-23,23978_A01,使用中文圖書分類法的通用複分表與中國時代表複分表時，07碼在不同情境下代表不同意義，是否有規範可區分兩者？,通用複分表的使用方法，詳見《中文圖書分類法 2007年版》使用說明(三)複分方法運用(p.xix)：1. 總論複分號碼標引時，如待分文獻同時具兩種複分號碼時，採先「內容」後「形式」的原則。2. 複分號碼之組配，應依類目注釋指示文字進行。3. 總論複分不用兩次。例如：中國婦女研究文集→ 544.592（按類目指示複分，依分國表複分後不必再按形式複分）。中國清代女性→ 544.59207（依國複分後可再按該國時代表細分，兩者都是內容複分）。中國清代女性研究文集→ 544.59207（此處07是中國的時代複分，非文集的形式複分）。,分類法
23979,2013-04-29,23979_A01,索書號521.8446中446的分類依據是什麼？,521.8446的分類號結構: 521.8 教科書 (類表類目) 521.84 職業教育教科書 (4是指職業學校，國圖自訂的各級學校級別號碼表) 521.8446 學科分類，46指化學工業460 可參考國圖「各級學校及學習用書分類標引要點」 首頁 ＞ 國圖編目訊息 ＞ 國圖編目作業規範與解釋 ＞ 分類法 上述作法是將所有教科書集中一處時使用。,其他
23980,2013-05-01,23980_A01,CD-ROM的資料類型、稽核項及特藏代碼是否正確？,CD-ROM [電子資源] 光碟片 DR,編目法
23980,2013-05-01,23980_A02,音樂CD的資料類型、稽核項及特藏代碼是否正確？,音樂CD [錄音資料] 雷射唱片 AP,編目法
23980,2013-05-01,23980_A03,CD-ROM(mp3.mp4)的資料類型、稽核項及特藏代碼是否正確？,CD-ROM(mp3.mp4) [電子資源] 光碟片 AM [錄音資料] 雷射唱片 (CD應該沒有動態影像視訊功能吧?),權威控制
23980,2013-05-01,23980_A04,DVD-ROM的資料類型、稽核項及特藏代碼是否正確？,DVD-ROM [電子資源] 數位光碟片 DR,編目法
23980,2013-05-01,23980_A05,DVD-Video的資料類型、稽核項及特藏代碼是否正確？,DVD-Video [錄影資料] 數位影音光碟片 VD,權威控制
23981,2013-05-02,23981_A01,書名開頭為數字時，如何取四角碼？,掠過數字取國字即可。例如《100個感人的故事》取「個感人」三個字的作者號，四角號碼取「個感」兩個字的作者號。,作者號及輔助區分號
23982,2013-05-06,23982_A01,IFLA在2007年版的「權威資料功能需求」（FRAD）定義了16個實體是哪些？,FRAD實體-關係： (1)個人(Person)、家族(Family)、團體(Corporate body) (2)作品(Work)、表現形式(Expression)、具體呈現(Manifestation)、單件(Item) (3)概念(Concept)、物件(Object)、事件(Event)、地點(Place) (4)名稱(Name)、識別符號(Identifier)、受控檢索點(Controlled access point)、規則(Rules)、代理者(Agency),權威控制
23982,2013-05-06,23982_A02,FRAD的16個實體有什麼使用的簡單實例嗎？,"例如：1. 376$a家庭類型，描述家庭、宗族、王朝、王室等類型 例：Pahlavi為伊朗王朝，將100段括弧( )內資料格式化，為046$s為開始年代；046$t為結束年代；376 $a類型 2. 376 $b傑出的家庭成員 例：Medici (Royal house : $gMedici, Lorenzo de', 1449-1492 3. 376 $c世襲頭銜 例：Cholmley (Family) 400 3# $a Cholmeley (Family) 400 3# $a Cholmondeley (Family) 376 ## $aFamily $c Marquesses of Cholmondeley",機讀編目格式
23983,2013-05-07,23983_A01,若書籍依光緒元年[1875]的版本印，且1945年出版/印刷，編索書號加年代號時應使用哪個年份？,請著錄1945年。一般而言，古籍影印再版，版式大小及裝訂多與原書不同，應視為不同版本，所以有必要加註年代以區別之。,編目法
23983,2013-05-07,23983_A02,若書籍僅註明依光緒元年[1875]的版本印，但不知印刷年，編索書號加年代號時應使用哪個年份？,盡可能查出一個最近的年代，從序言、出版社目錄、或其他古籍目錄、拍賣目錄等，總之，推測一個合理的年份，並於附註項說明原版版本及據以推測的年代，推測年代需加註方括弧。也有圖書館為了省事以「入藏年」代替者，即著錄到館的日期。,其他
23984,2013-05-07,23984_A01,叢書編索書號時，作者號應取叢書名、書名或主編名（若主編相同）嗎？,"套書：「套」是一種量詞，計算成組事物的單位。一套書是指2本或2本以上的書組成一個整體，強調一個整體的概念，如上、下冊加起來是一個整體；1, 2, 3, 4, 5冊加起來是一個整體，少了其中一冊就稱不上完整的一套，如《胡適全集》。此套書的索書號可取作者「胡適」的作者號。其他如書名相同的一套書，有很多作者可以取主編名也可以取書名為作者號，如《中副文選》10本，可以取編者「XXX」或書名「中副文」，自己館決定一致就好!",作者號及輔助區分號
23984,2013-05-07,23984_A02,一套叢書每本的作者都不同時，作者號應取叢書名還是書名？,叢書：「叢書」是彙刊群書而成的書，此群書有一個總書名，該題名出現在主要著錄來源，我們視整個叢書為一個整體，以叢書名為此部群書的書名，以叢書名取作者號(大套叢書或出版中的叢書，主編者可能多人或不確定同一人，較適合用叢書名取名)。一套叢書，由多種書組成，每種各有其不同書名及作者，建議單本編，將叢書名著錄於集叢項。分別取各單本書的作者為作者號。,作者號及輔助區分號
23985,2013-05-09,23985_A01,"中國機讀""權威""記錄格式有改版沿革嗎？",中國機讀編目權威記錄格式初稿 / 圖書館自動化作業規劃委員會中國機讀編目格式工作小組編撰   75.02 2. 中國機讀權威記錄格式 = Chinese MARC format for authority records / 國立中央圖書館中國機讀權威記錄格式修訂小組編撰    83.12,機讀編目格式
23985,2013-05-09,23985_A02,"中國機讀""權威""記錄格式最新版是哪一版？",83.12,機讀編目格式
23985,2013-05-09,23985_A03,"中國機讀""權威""記錄格式有改版說明嗎？",此本為目前最新的版本，修訂經過在序言中有略做說明。,機讀編目格式
23986,2013-05-06,23986_A01,附屬集叢名是什麼?,附屬集叢名是附屬集叢名稱，附屬集叢是從屬於主要集叢後之相關集叢。,作者號及輔助區分號
23986,2013-05-06,23986_A02,可以舉例何為附屬集叢名嗎?,例：家庭圖書館. 營養與健康系列 天下叢書. 科普系列,其他
23986,2013-05-06,23986_A03,附屬集叢名可單獨著錄嗎?,既名「附屬」，表示不單獨著錄，應著錄於主要集叢名之後。根據中國編目規則1.6.7：附屬集叢，不論其名稱是否具有獨立性，均著錄於主要集叢之後，用圓點及一空格相間。,編目法
23987,2013-05-06,23987_A01,附集叢號是什麼?,附集叢號是附屬集叢的編號。,作者號及輔助區分號
23987,2013-05-06,23987_A02,可以舉例何為附集叢號嗎?,例：天下叢書. 科普系列；53 490 1_ $a天下叢書. 科普系列；$v53 830 _0 $a天下叢書. $p科普系列；$v53 錢月蓮敬答 20130507,其他
23988,2013-05-06,23988_A01,中國機讀記錄格式有改版沿革嗎？,一、出版歷史 1. 中文圖書機讀編目格式 第一版 民70.01出版 2. 中文圖書機讀編目格式 第二版 民70.07出版 3. 中國機讀編目格式 第三版 民78.10出版 4. 中國機讀編目格式 第四版 民86.06出版 5. 中國機讀編目格式 九十年版 民91.12出版,機讀編目格式
23988,2013-05-06,23988_A02,最新版是哪一版？,5. 中國機讀編目格式 九十年版 民91.12出版 → 此為最新版,機讀編目格式
23988,2013-05-06,23988_A03,圖書館在用嗎？,二、本組不曾做過使用情況調查，應該還有圖書館在使用。,其他
23988,2013-05-06,23988_A04,國圖的權威機讀與書目機讀，中西文圖書都採用MARC21了嗎？,三、國圖的書目與權威資料已全面採用MARC 21。,機讀編目格式
23989,2013-05-09,23989_A01,MARC21有哪些書目TAG應該對應寫入權威tag130？,書目格式中與權威Tag130相關的字段有： 130 主要款目劃一題名(Main Entry—Uniform Title) 630 主題附加款目劃一題名(Subject Added Entry—Uniform Title) 730 附加款目劃一題名(Added Entry—Uniform Title) 830 叢編附加款目劃一題名(Series Added Entry—Uniform Title) 請參考： 編目機構可自行訂定政策，決定是否要採用劃一題名及劃一題名的哪些附加成分。,機讀編目格式
23990,2013-05-09,23990_A01,如何申請出售書籍的條碼（ISBN）?,一般坊間出售圖書之條碼，大都以圖書的國際標準書號（ISBN），轉換成商品條碼而來。您可在正式出版前3個月內向本館書號中心申請ISBN號碼。取得ISBN號碼後，可再請排版或印刷公司轉換成商品條碼即可。第一次申請ISBN需填寫「出版者識別號資料單」及「國際標準書號/出版品預行編目申請單」，表單可至「全國新書資訊網」下載。申請時需附印刷前排版定稿之書名頁、版權頁、目次、序言（或部分內容）等附件清樣影本；其他媒體需附出版品標籤影本。申辦方式有傳真、郵寄或親自送件等。,其他
23991,2013-05-15,23991_A01,InterCat是使用MARC來運作嗎？,是的，InterCat是1994-1996年間由OCLC主導的實驗計畫，使用USMARC、AACR2及856欄位進行合作編目。,編目法
23991,2013-05-15,23991_A02,NetFirst是使用MARC來運作嗎？,NetFirst資料庫收錄的資料並非USMARC記錄，雖然使用MARC-like tagging技術，但並非傳統MARC格式。,機讀編目格式
23992,2013-05-15,23992_A01,台灣有字典式目錄嗎？,目前無法得知臺灣有哪個圖書館採用過此種混合式字典式目錄。,其他
23992,2013-05-15,23992_A02,有簡單實例嗎？,字典式目錄係將目錄的各種標目如書名、著者、標題或他們的分析片等，按字的一定順序混合排列，形式如同字典或辭典中各字的排列法。,主題法
23993,2013-05-16,23993_A01,使用複分表時，何時需省略類號末位的0？,主類號中如末一位或末兩位為0，則宜先將0去掉，然後再進行組配。例如：《宗教雜誌》之分類號為205（200.05），類號末位數為一個0或二個0者，除表中特別註明外，其0可省略之。,作者號及輔助區分號
23993,2013-05-16,23993_A02,使用複分表時，何時需以原本的格式寫於類號之後？,當主類號末位數為非0時，可直接將號碼01-09添附於主類號之後。例如：《森林學論文集》之分類號為436.07（436 + 總論複分07論文集），或《教育論文選集》之分類號為520.7（520 + 總論複分07論文集）。此外，若類表已有組配好之專號（如p. 127），應直接使用不再運用總論複分。,其他
23994,2013-05-21,23994_A01,由於當年所學為機讀編目格式第三版，現轉換為四版後，已找不到原先之「單冊分析464」欄位檢索項目，請問若一張光碟片內容含多項內容單元時，各分項題名該如何著錄？又該於編目時，應將各分項內容標題記載於何項機讀欄位內，俾便於讀者檢索之用？,"四版因為刪除了連接款目段，所以沒有464單冊分析這一字段，但可以欄位327、517及7XX取代。(四版第196頁，「本版使用欄位312, 517, 7--」中312應為327，四版亦無欄位312)如： 200 題名及作者 327.內容註 → 著錄光碟片內容所含多項單元 517 其他題名(可重複欄位) → 著錄光碟片單元題名 (若有3個單元，應建3個517供檢索) 7XX 作者",編目法
23994,2013-05-21,23994_A02,606主題標題若有多項相關主題著錄，請問每一主題項下都要標示2 csh嗎？或是一次可著錄多項標題名稱，僅輸入一次標題系統代碼即可(csh)？,606為可重複欄位，一個標題著錄於一個欄位606，二個標題就著錄於2個606段，每個欄位606都要加$2csh，csh是指所使用標題系統的代碼，即《中文圖書標題表》之代碼。,主題法
23995,2013-05-29,23995_A01,「中國圖書分類法電子書」在部分電腦無法以中文字搜尋的原因是什麼？,最可能的原因是字形編碼的問題，此與當時製作電子書時所採用的原始pdf檔字形有關，遇電腦更新時都有可能發生。,其他
23996,2013-06-06,23996_A01,日文書日文作者名應如何取作者號？,"本館日文作者取名以首尾五筆號碼取法，根據五筆檢字法原理編有「日文假名號碼表」一種，重點如下以供參考：該表將日文片假名之筆形歸納為點、橫、直、撇、捺五種，分別以阿拉伯數字1, 2, 3, 4, 5五個數字表示。編碼時，以假名首尾筆形之代碼加起來，求其「和數」、即得出該假名的號碼，例如「工」之號碼為4，「才」之號碼為6，「力」之號碼為6，「八」之號碼為9，「二」之號碼為4等，其餘類推之。該法已整理成「國家圖書館假名首尾五筆號碼表」直接對照取號即可。首頁 ＞ 國圖編目訊息 ＞ 國圖編目作業規範與解釋 ＞ 其他：國家圖書館假名取碼法要點 http://catweb.ncl.edu.tw/portal_f2_cnt.php?button_num=f2&folder_id=80",作者號及輔助區分號
23996,2013-06-06,23996_A02,使用四角號碼法應如何取出日文著者號？,以四角號碼取日文著者號非吾所長，解釋不出其原理，但可提供直接參照之一覽表，即您可採用香光尼眾佛學院圖書館 – 日文五十音取碼對照表： http://www.gaya.org.tw/library/classify/author-jp.htm,作者號及輔助區分號
23997,2013-05-30,23997_A01,中國機讀編目格式的第四版與中國機讀編目格式民國九十年修訂版之間的關係為何？,九十年版係以第四版為藍本，參考國際機讀編目格式手冊及美國國會圖書館書目機讀格式所修訂。,機讀編目格式
23997,2013-05-30,23997_A02,中國機讀編目格式在第四版之後是否有其他版本，或是否更改了版本上的編排方式？,中國機讀編目格式僅發行至第四版及九十年版，九十年版為目前最新版本。第四版之後未發行第五版、第六版，僅於九十年版新增若干欄位，如識別段、代碼資料段及著錄段等欄位。,機讀編目格式
23998,2013-06-10,23998_A01,工程論文研究領域過深時，標題（主題）應如何取？,標題或主題詞是控制詞彙，不宜用自然語言的關鍵詞取代。應先了解論文內容再標引詞彙，將內容概念轉換為主題詞。若中文主題詞表無適當詞彙，可新增規範用語。主題詞選詞原則為：以名詞為主、單義詞、複合詞符取代易誤單詞、優選常用詞、中性詞、自稱詞。,主題法
23998,2013-06-10,23998_A02,可否將台灣博碩士論文知識網的關鍵字當成標題？,不可直接使用關鍵字當標題。應藉由知識網的關鍵字了解論文內容，再將內容概念轉換為主題詞。關鍵字搜索雖易查獲資訊但不夠精確，需配合主題詞選詞原則進行規範化處理。,其他
23999,2013-06-14,23999_A01,367.4與445.9的差異？,367.4與445.9同樣是環境污染的分類號，但內含不完全相同：367.4是探討生態環境的污染。影響環境的因素有自然的與人為的，其中因人為因素導致生態環境的汙染即屬此類，即總論公害或環境汙染者歸入此；445.9的內容是探討環境工程，為避免環境遭到破壞所必須作的一些防治措施，包括預防與補救措施，如工廠須有廢水處理及廢棄物處理標準與設備等，是對造成汙染的解決之道或預防措施。許多談及環境污染防治或環境管理的書，會兼談自然環境的破壞或汙染，易造成我們分類上的困擾，此時，我們可以從作者寫作的主旨與兩個類號的上位類來判別基本上的不同，即一為生態學的範疇，一為市政與衛生工程的範疇，便很容易區分了。譬如《最新科技家庭與工業廢污水處理》一書之面向，很明顯在衛生工程廢污水的處理，所以歸入445.93「水汙染及其防治」；《水的關懷 : 河川環境與水源保護研討會論文集》一書之內容較偏重水污然造成生態環境影響或與生態環境間的關係等，則適合歸入367.47「水及土壤汙染」。,其他
24000,2013-06-16,24000_A01,中文主題詞表可以說是簡化的索引典嗎？,索引典就是主題詞法。「中文主題詞表」是索引典，只是對詞間關係的處理較為粗糙而已。,主題法
24000,2013-06-16,24000_A02,中文主題詞表與中文圖書標題表各館的使用率高嗎？,《中文主題詞表》與《中文圖書標題表》使用率想必很高，此兩種詞表已電子化納入「中文主題編目規範系統」，可查詢分類號也可查詢主題詞或標題，是編目員作主題編目必備工具。,主題法
24001,2013-06-18,24001_A01,分類時是根據內容分類還是以形式為先？,分類時「內容」永遠比「形式」為先。有主題內容的書，應先以主題內容歸類，再考慮該書的形式複分，如先主題後再依形式如會議論文集、手冊、圖錄等等區分。,編目法
24001,2013-06-18,24001_A02,繪本內容涉及勵志時，應如何分類？,繪本（Picture Book），是指有圖畫、主題簡單、情節內容簡短的「故事書」。主要是針對幼兒、兒童設計的出版品，但也有供成人閱讀的繪本。基本上繪本是圖畫藝術與故事結合的創作，圖畫的多少是另一回事，但終究不脫離「故事」的本色，換句話說，故事情節可能寓有某些勵志與啟發智慧等作用的內涵，但本身並不是討論「勵志」這個主題的書，所以歸類時仍歸入「故事」或「兒童故事」。,主題法
24002,2013-06-18,24002_A01,關於諺語內容的書籍應如何分類？,按內容「諺語」歸類，入中文圖書分類法539.9。,其他
24002,2013-06-18,24002_A02,中英雙譯書籍的MARC著錄方式為何？,作品語文則著錄在MARC 21機讀格式的008 / 35-37、041、546。假設一書為中英對照，其著錄方式如下： 1. 008 / 35-37 = chi 雖有兩種語文，但定長欄008位址35-37只能著錄一種語文代碼，以本國語為主。 2. 041 0_ $a chi $a eng 3. 546 __ $a中英對照 → 用欄位546語文註，來解釋出版品正文所用的語文。,機讀編目格式
24003,2013-06-19,24003_A01,款目的意思為何？,根據一定的著錄法對某一文獻的形式特徵和內容特徵所做的一項項紀錄，如按性質可分為題名款目、責任者款目、分類款目和主題款目等。,編目法
24003,2013-06-19,24003_A02,標目的意思為何？,當完成對文獻的客觀描述後，還需加上組織目錄的檢索點以供查詢，此檢索點就稱標目。書目紀錄的標目涉及的內容有：個人和團體名稱、地名、題名、文獻的主題詞或標題等。,權威控制
24003,2013-06-19,24003_A03,標題的意思為何？,即主題標目，作為文獻主題內容的檢索款目。,編目法
24003,2013-06-19,24003_A04,主題標目的意思為何？,即主題標目，作為文獻主題內容的檢索款目。,編目法
24003,2013-06-19,24003_A05,書目系統的意思為何？,是圖書館提供知識服務時最原始的系統性界面(引自《廣域書目系統學 》p.28)。如圖書館館藏目錄查詢系統、書目管理系統、虛擬聯合目錄…等都屬之。,其他
24004,2013-06-19,24004_A01,題名目錄與題名標目，是一樣的嗎？,題名目錄：即書名目錄。目錄的排列以書名的字順筆畫先後次序排列，供使用者從書名查詢取得所要的資訊。 題名標目：有權威控制的題名或集叢題名。與題名目錄的性質及功能不同，在卡片目錄時代，是指目錄款目中作為檢索點而置於目片頂端的書名。,權威控制
24004,2013-06-19,24004_A02,檢索款目和主要款目差別為何？,檢索款目：也稱標目，即可供檢索的款目。著錄於書目紀錄上的標目，是一個書目紀錄的檢索點也是一個目錄的款目。 主要款目：在選定的檢索款目中，必定有一個款目提供了該書目紀錄最完整的資訊 (卡片目錄沿習的觀念)，稱之為「主要款目」，通常是以著者(包含個人及團體)名稱為主要款目，其他檢索款目就稱為附加款目。,編目法
24004,2013-06-19,24004_A03,哪個指的是檢索點呢？,檢索款目：也稱標目，即可供檢索的款目。著錄於書目紀錄上的標目，是一個書目紀錄的檢索點也是一個目錄的款目。,編目法
24005,2013-06-28,24005_A01,西文書的傳記其作者之克特號取號原則是否仍仿照中文圖書一般先取被傳者再取著者？,視情況而定。假設分類號已有被傳者所屬之專號，取作者號時就不需要先取被傳者再取撰者，如林肯、成龍的傳記，以美國國會圖書分類法為例： Lincoln: a life of purpose and power /Richard Carwardine. 索書號：$aE457 $bC43 2006,作者號及輔助區分號
24005,2013-06-28,24005_A02,若西文書的傳記未有所屬專號，克特號取號原則是否仍需先取被傳者再取著者？,假設沒有所屬專號，為使被傳人的資料集中，是有必要先取被傳者再取撰者。錢月蓮敬答 20130701,作者號及輔助區分號
24006,2013-06-19,24006_A01,文學家的傳記資料，其分類號中的年代復分號（.54）是依據著者還是被傳者的生卒年？,作者的生卒年區間可以幫助我們判斷作品在文學分期的哪個位置，找到該表中適當的複分號碼。,作者號及輔助區分號
24006,2013-06-19,24006_A02,著者號是取著者還是被傳者？,著者號同時取兩者較宜，以被傳者為第一作者號以作者為第二作者號。,作者號及輔助區分號
24008,2013-07-17,24008_A01,未註明適用總論複分表是否仍可使用？,類目雖未註明依「總論複分表」複分，但有需要時仍可按複分表使用原則加以複分。例如：海峽兩岸園藝學術研討會論文集 / 國立屏東科技大學農園系暨系友會等主辦 ; 國立屏東科技大學農推廣委員會協辦 ; 顏昌瑞主編，既是論文集，按理可加「論文集」的複分號07，故該書之分類號為435.07。例如：園藝學詞典，分類號為435.04。,其他
24008,2013-07-17,24008_A02,繪畫展覽的DVD可否使用947.66分類號？,繪畫展覽的DVD，可依展覽作品內容分類後加展覽複分066。若為某作品集所附DVD，類號仍歸屬某種作品集，不必特別標示「展覽會」的複分號066。若以類號947.66來表示「西洋繪畫展覽」的話，是一個錯誤的分類號，應該是947.066才正確。切記，複分完後要檢視一下主表類號! 947.66按理是947.6的下位類，而947.6類號是指西洋繪畫材料與用具，顯然與DVD內容不符。,編目法
24009,2013-07-17,24009_A01,一部電影是改編自英國小說，並將拍攝內容變成小說作品，這本小說作品是否仍歸於英國小說？日本拍攝改編自美國小說的電影，所成的電影小說是否屬於美國小說？,若確實是小說體，根據改編改寫原則，內容改變不多，以原著作者為main entry，分類號與原著同，改編或改寫者為第二作者立檢索款目。若從電影劇本改寫成小說，體裁已改變，作者及分類號都要從新，即以改寫者為main entry，分類號取改寫者國籍所屬之該國的文學，再按「各國文學複分表」加小說複分57。,作者號及輔助區分號
24009,2013-07-17,24009_A02,一部電影不...,若僅紀錄電影各角色的對話，視為是語文讀本，歸入各該語文之讀本。※文學作品改寫本分類原則：文學作品的節本、縮寫本、改寫本、改編本，如保持原作文體且篇幅改動較小，隨原作品分類，但如為特定對象，例如為兒童青少年而編寫者，依原作者分入該國兒童文學類下；如從一種文體改為另一種文體，例如從戲劇改編成小說，或從小說改編成電影，則屬再創作之作品，依新作品進行分類。,其他
24010,2013-07-22,24010_A01,處理視聽資料時，若有商品碼(471開頭)建議著錄嗎?,"有471的條碼當為EAN碼（European Article Number）。EAN為國際商品條碼協會（International Article Numbering Association）所負責，成立於1977年，初期以歐洲國家為主體，EAN碼由國別碼、廠商號碼、產品編號及檢查碼等13個碼組成，可以說是「商品身分證統一號」。我國於1996年取得 EAN會員國資格，以「471」為國家代碼，由中華民國商品條碼策進會（Article Numbering Center of R.O.C, CAN）負責推廣工作。 MARC 020、022、027都有已定義的標準號碼，所以，EAN商品碼該著錄於024字段，指標1選擇用3，為EAN所用代碼: 024 3_ $axxxxxxxxxxxxx",編目法
24010,2013-07-22,24010_A02,若建議著錄的話請問是否中文一樣放在010、西文放020還是024呢?,EAN商品碼該著錄於024字段，指標1選擇用3，為EAN所用代碼: 024 3_ $axxxxxxxxxxxxx,編目法
24011,2013-07-31,24011_A01,預借書有光碟或CD片時，如何查找其編號？,本館館藏光碟均採閉架典藏，請利用本館館藏查詢系統查詢，依查詢結果洽詢櫃檯或線上申請調閱。,其他
24011,2013-07-31,24011_A02,預借書有光碟或CD片時，要如何一起借閱？,於閉館前至服務櫃檯領取。如為圖書所屬附件光碟，同樣可利用上述方式申請調閱。,其他
24012,2013-08-04,24012_A01,MARC21的主辦單位跟承辦單位應放於110還是710?,主辦、協辦、承辦單位等團體標目，視為附加款目─團體名稱，著錄於MARC 21 710段。,編目法
24013,2013-08-06,24013_A01,見、反見、參見、反參見與權威控制款目、參照款目之間的關係為何？例如蘇東坡參見蘇軾，蘇東坡與蘇軾是否皆為權威款目？,見、反見、參見、反參見為主題法的語義參照符號，用於說明詞間關係。權威控制款目為被選用的標準詞目，參照款目則為指引讀者至正確款目。例如蘇東坡為不用款目，蘇軾為用款目，故蘇東坡非權威款目，蘇軾為權威款目。,權威控制
24013,2013-08-06,24013_A02,權威控制與參照款目如何解釋？例如A、B兩款目，B不用只用A，是否能解釋為B(參照款目)見A(權威款目)？還有別種解釋方式嗎？,參照款目用「見」指引至權威款目，如B為不用款目，A為用款目，則B(參照款目)見A(權威款目)。其他解釋方式如「參見」用於相關詞間關係，但「見」專指同義詞的選用控制。,權威控制
24013,2013-08-06,24013_A03,編目規則第3版是否為最新版本？,編目規則第3版為最新版本，但需配合各機構實際使用之標準與符號說明進行確認。,編目政策與管理
24013,2013-08-06,24013_A04,請舉例說明權威控制款目與參照款目的應用方式。,例如：「蘇東坡見蘇軾」表示蘇東坡為不用款目，蘇軾為用款目；「國家圖書館參見國立中央圖書館」表示兩者皆為權威款目，並相互參照。MARC格式中用100/400標記用款目與不用款目。,機讀編目格式
24014,2013-08-09,24014_A01,若有兩名不同作者，其作者號經檢字法取號後兩者號碼皆相同時，應如何區分這兩名作者？,分類號相同時，才要區分相同作者號的不同作者，以冒號「：」做為區分號。例如：1.中國名人幼年故事 / 施孝文編著 ; 楊先民圖 859.6 8446 2.楊小妹在加拿大 / 卜貴美著 ; 楊榮慶圖 859.6 8446：2 3.中國諺語故事 /胡巍懷編著 859.6 8446：3 4.雄鷹金閃子 / 沈石溪著 859.6 8446：4。上述4本書都是兒童故事，分類號相同皆為859.6，五筆檢字取作者號也相同是8446。當第一本書入館時取859.6 8446，第二本書取859.6 8446：2，第三本書取859.6 8446：3，第四本書取859.6 8446：4。,作者號及輔助區分號
24015,2013-08-12,24015_A01,《石油一生：李達海回憶錄》是否可以將分類號由782.886改為457石油工業？,"可以的。此書可歸入專科傳記，即457.099。(利用附表一 總論複分表 p.666, 傳記 + 複分099)",其他
24015,2013-08-12,24015_A02,《日本の食品工業》是否可歸入463食品化學工業而非481糧商業？,可以的。481是指食品販賣業(商業或商店、食品行)而非463製造食品的行業。《日本の食品工業》可歸入463.0931。(就書名分類，故僅供參考) 即便是專門圖書館，也應有跨類或其他類的書，比重較少而已，按圖書的內容歸類是不變的基本原則。,其他
24016,2013-08-17,24016_A01,中文圖書分類法2007版何處借得到紙本或買的到而非電子資源?,"中文圖書分類法2007版目前已買不到紙本, 各圖書館應該都有典藏, 唯其屬參考工具書性質, 應該都不可能外借。在尚未再印之前，就勉為其難用電子書或PDF版吧",其他
24016,2013-08-17,24016_A02,CMARC國圖有出版入門書嗎?網路書局買得到嗎?,"CMARC目前常用的版本：1. 中國機讀編目格式第三版民78.10出版 2. 中國機讀編目格式第四版民86.06出版 3. 中國機讀編目格式九十年版民91.12出版 → 此為最新版。博客來網路書店或三民書局都可買得到。上述書籍內容, 本身即有名詞解釋、欄位及分欄和指標等之使用說明及範例, 可視為手冊或入門書。",機讀編目格式
24017,2013-08-21,24017_A01,以書名取作者號時，是否僅取第一個字的前幾個字母？例如Long term care與Long-team care的處理方式有何不同？,以書名取號時，取第一個字的前幾個字母：例Long term care取long這個字的前幾個字母lo，Long-term care取long-term這個字的前幾個字母lo，兩者的結果應該相同。,作者號及輔助區分號
24017,2013-08-21,24017_A02,書名為Smith's and...開頭時，作者號是取Smith還是Smith's？,書名為Smith's and...的書，若以書名取號，是取「Smith's」，但其結果與取Smith相同，作者號為S6。,作者號及輔助區分號
24018,2013-08-21,24018_A01,"中國圖書分類法是沒有202的,但在200之下卻說202-209依總論表複分,為甚麼呢?","類表雖然沒有將各類目一一列出來, 但有必要時是可以運用總論複分表複分的。例如： 202.1 宗教目錄 202.2 宗教問題集 書例: 對宗教的101個問題 / 無名編著 202.3 宗教法規 書例: 大陸地區宗教法規彙編 / 行政院大陸委員會編著 202.5 宗教圖錄",分類法
24018,2013-08-21,24018_A02,"一本介紹中國大陸國家宗教事務局的書籍,可以用206.61嗎?","一本介紹中國大陸國家宗教事務局的書, 其分類號為206.1 若類表中的類目, 已按總論複分立類者如宗教史209, 宗教叢書208, 宗教文集207, 宗教團體206, 哲學辭典104......等, 則不必再複分一次。如「中國大陸國家宗教事務局」, 為宗教團體, 所以直接歸入206即可, 因為團體種類很多若需要再細分, 則參考總論複分表061為政府機關。 您可以這樣推理： 200. + 總論複分061 = 206.1",編目法
24019,2013-08-23,24019_A01,作者名只有單一個字時，以五筆檢字法取作者號應如何操作？,"可以這樣做：1. 直接取書名。2. 取單名 + 書名 2碼 (如取""尋""3，會是83 + 書名2碼)。政策可以自己訂，重要的是一經確立後，執行要延續與一致性。",作者號及輔助區分號
24020,2013-08-27,24020_A01,四角號碼要取自題名但題名有阿拉伯數字時，是否需要省略數字直接從中文字取？,略過阿拉伯數字，取文字。,編目法
24020,2013-08-27,24020_A02,題名:36種不可不知的化學知識，是否應取「種不可不」四字取四角號碼？,例：36種不可不知的化學知識，取前四個字「種不可不」各取左上一碼，作者號是：2111。,作者號及輔助區分號
24021,2013-09-10,24021_A01,為何C. A. Cutter's Three-Figure Author Table中Q的編號與其他字母不同?,國圖典藏的是Sanborn改良版《Cutter-Sanborn Three-Figure Author Table》，該本未列Q字母。國會filing rules規則為：1) Qu後的字母按a、e、i、o、r、t、y分別取3、4、5、6、7、8、9；2) Qa-Qt不論後續字母，克特號取2-29，可視使用頻率調整。Cutter設計可能與字母發音有關，因Q後通常接母音aeiou，無子音。,作者號及輔助區分號
24021,2013-09-10,24021_A02,遇到Cutter原表Q的編號時該如何取號?,可依國會filing rules：Qu後字母按a=3、e=4、i=5、o=6、r=7、t=8、y=9；Qa-Qt不論後續字母，克特號取2-29，可預留常用字母號碼（如Qa較多可留21-22）。亦可直接依原表所列號碼給號：Q 1 Qa 11 Qa 12 Qe 13 Qe 14 Qi 15 Qi 16 Qo 17 Qo 18 Qo 19。,作者號及輔助區分號
24022,2013-09-10,24022_A01,像漫畫人間條件這本體裁已改為漫畫，但原著者較著名，應如何歸類？,原著作品若與改編或改寫作品，在內容或作品表現形式上已不同或有很大的改變，則視為一部新作品，要以新作品之內容與形式分類，並以新作品之作者為主要款目。,編目法
24022,2013-09-10,24022_A02,作者應以漫畫者還是原著者取號？,例：《漫畫人間條件》一書 100 1_ $a吳美慧 240 10 $a漫畫人間條件 / $c吳美慧漫畫 ; 吳念真原著 (或著錄於 500 $a) 500 __ $a原著：吳念真編劇《人間條件》 700 1_ $a吳念真 $t人間條件 說明：假設「吳念真原著」，出現於書名頁，245段應照錄；若出現於封面，可著錄於500附註項說明，至於附加款目檢索點700段，基於讀者服務的立場，我個人偏向於都要著錄。,作者號及輔助區分號
24023,2013-09-16,24023_A01,將建築知識的多媒體教學分入512.57是否合適？,512.57? 是否為筆誤呢? 該指521.57 電腦輔助教學吧? 此類號是總論電腦輔助教學法，若未指明哪一學科之電腦輔助教學可入此。,其他
24023,2013-09-16,24023_A02,若不適合分入512.57，應分入512.5992或512.692嗎？,各科教學法以入各科為宜...若內容是建築知識的多媒體教學，我會這樣做： 分類號標引441.3033；主題詞標引「建築學」(或建築工程)、「多媒體教學」。,其他
24024,2013-09-20,24024_A01,同一本書為何會出現兩個不同的索書號？,這是相同題名的書，因出版社不同所以有兩筆紀錄。同一本書有兩個分類號，是編目員的疏失。,作者號及輔助區分號
24024,2013-09-20,24024_A02,如何更正錯誤的索書號與標題？,我們會修正類號為PN6110.M7，標題改為Music - Poetry。本書是一本「詩集選」，內容為有關音樂或籟(聲音)的專題詩，由Duncan & August Macdougall選編，應歸入文學作品類的詩(poetry)而非音樂作品。,其他
24025,2013-09-20,24025_A01,標題的複分法有多種，但下列何者不在其中？（A）地理複分 （B）限定形式複分 (C）語言複分 （D）主題複分,此問題本身並未說明得很清楚，所以不予置評，如同一般參考諮詢問題，館員不回答法律、醫學、考試與習作解答等。,其他
24025,2013-09-20,24025_A02,什麼是「語言複分」？,某種語言(指語種，如中國語言、英國語言、法國語言)通常是用於「主標目」的位置，著錄於機讀格式中的$a，不用於主標目的複分標目，即不作為某主題的複分標目($x)。 語言本身有共通性，將共通性以表列方式呈現，作一種模式標題(pattern heading)則是有的，如以英國語言為例： $a英國語言 $x方言 $a英國語言 $x文字 $a英國語言 $x文法 $a英國語言 $x修辭...... 其他語言可以仿其複分，換句話說「方言」、「文字」、「文法」、「修辭」等才是語言的複分標題。,編目法
24026,2013-09-24,24026_A01,若西文書有publish年代，另有多個印刷或發行年代，是否需要在書目中著錄這些年代？,應視實際情況而定，通常，與出版相關的年代著錄在008/06日期類型與初版情況，以及008/07-14。250版本、260出版項及必要時於500附註項說明(期刊除外於362說明)。屬於008/06的類型就有15種，無法籠統或一一加以說明，煩請提出在編文獻的書名及版權頁等相關資料，才好做正確的回答。,編目法
24026,2013-09-24,24026_A02,"例一：""First published 2004 by Routledge ; First issued in paperback 2011""，出版年應著錄2004或2011？或二者皆取？",(1) 訊息若同出現在一本書上：008/06 = s 008/07-10 = 2004 260出版項取2004 於500附註項說明First issued in paperback 2011 ※ 基本上裝訂並不影響版次，內容改變才稱再版 (2) 訊息若分別出現在兩本書上，2004年出版的書已入藏，平裝本後入館 008/06 = r 008/07-10 = 2011 (重印日期) 008/11-14 = 2004 (原版日期) 260出版項取2011 (與008/07-10一致) 於500附註項說明原版日期,編目法
24026,2013-09-24,24026_A03,"例二：""hardback published 2010 ; 1st paperback printing in 2012""，應取哪個出版年？",取精裝本的出版年。精裝本出版年代較早，表示是1st出版或發行的年代。總之，Publish出版 / Print 印刷 / Reprinted 再版 / Issue發行，大致上與中文書的著錄方式雷同。版刷弄清楚後處理起來就不困難了。,編目法
24027,2013-09-25,24027_A01,不在此表中的其他部會及改制或新設的部會是否亦能有建議類號?,關於「行政院各部會及所屬機關表」，我們會再重新整理公布，感謝提醒。,其他
24027,2013-09-25,24027_A02,類號431.101已非交替類號，但行政院農業委員會仍入573.57是否不妥?,類號[431.106] 農政機關 Agricultual adminstrative institutes 是交替類目，下有註釋說明：「宜入573.57」。因此我們仍將政院農業委員會歸入573.57-。所謂交替類目是選擇性類目，假設您是農業專門圖書館，便很適合使用431.106。 (說明：類表431.101是印錯的類號，431.106才符合複分原理。),其他
24028,2013-09-25,24028_A01,《中國散文家叢書》中的每本散文集是否適合獨立編目？,上述叢書的確適合單本編。,其他
24028,2013-09-25,24028_A02,獨立編目時，作者號應使用原作者還是叢書編者？,至於索書號，可以取單本索書號也可以取集叢索書號，視各館政策而定，若要將整套書集中放置，可以取編者或集叢名之作者號加作品號「-2、 -3....」,作者號及輔助區分號
24028,2013-09-25,24028_A03,各單本叢書項的登錄方式為何？,以《冰心散文集》為例：1. 單本編取單本類號 855  862-(作品號) 19xx (年代號) 2. 單本編取集中類號 855 8657-2 (取集叢名為作者號 + 作品號)    或 835.8 8657-2 (835.8 為中國散文總集類號， 國圖未用)  或 835.8 8657 862 (取集叢名為第一作者號，各單本作者號為第二作者號 ) ※ 作者號取法為各館自訂，可視狀況選擇適當者。,作者號及輔助區分號
24029,2013-09-28,24029_A01,國小綜合活動課本應分到哪裡？,根據2007年版中文圖書分類法521.8教科書之類目注釋說明，採用第一種方法可歸入523.39；採用第二種方法則歸入521.81。,其他
24029,2013-09-28,24029_A02,國小綜合活動課本習作應分到哪裡？,根據2007年版中文圖書分類法521.8教科書之類目注釋說明，採用第一種方法可仿各級學校教學及習用書分類標引要點區分；採用第二種方法則歸入521.81 (7)。,其他
24029,2013-09-28,24029_A03,國小綜合活動課本教師手冊應分到哪裡？,根據2007年版中文圖書分類法521.8教科書之類目注釋說明，採用第一種方法可仿各級學校教學及習用書分類標引要點區分；採用第二種方法則歸入521.81 (1)。,編目法
24030,2013-10-01,24030_A01,第二版平裝本版權頁為copyright 2011 ; paperback edition 2013時，出版年應如何著錄？,"請勿再這樣問問題! 編目員編目是「Take what you see」，在資訊不足的情況下很難作適當的解答。請問版權頁上的資料究竟是怎樣的呢? ISBN相同嗎? 出版者相同嗎? 請多告知一些資訊，甚至書名? 凡我所回答的問題都會署名，用意是怕解答錯誤或有不周延處由我個人承擔，不要怪在國圖身上。 假設所說「第二版」資訊正確，就只要考慮第二版平裝本版權頁上的資訊""copyright 2011 ; paperback edition 2013""即可，著錄方式： 008/06-14部分： 008/06=t (出版日期與版權日期) 008/07-10=2013 008/11-14=2011 260部分： $c2013, c2011",編目法
24031,2013-10-03,24031_A01,中文圖書分類法的523.4小學課程與523.3的小學教學法這兩者有何不同呢?教師手冊、習作的書能不能歸類於此當中?還是只能照各級學校教學及習用書分類標引要點來細分呢?,課程與教學法關係密切，要達到課程目標教師必須運用很多教學法：課程是指為達教育目標，由學校及老師安排指導學生所從事的一切活動或一種教學計畫，透過精心設計，向學習者傳授知識。教學法是指教師教授學生學習各種學科的知識、技能所採用的具體方法。一般分為普通教學法與各科教學法。若要深入了解其內涵，可閱讀教育學的書籍。有關教師手冊、習作的書都是配合各科教學與習用參考書，在中文圖書分類法中，有二種不同的處理方式：一可歸入各級各科之課程；二可集中於521.8。各圖書館可選擇適合自己的方式。,分類法
24031,2013-10-03,24031_A02,"請問""各級學校教學及習用書分類標引要點""的第七點是什麼意思呢?可以舉例嗎?到底是說可以加在分類號後來細分，還是只能加在著作號右側來註明?","類表中「521.8教科書」之類目並未分級、分科，若將所有教科書集中於此其實很不恰當，所以可參考國圖訂定的細分規則「各級學校教學及習用書分類標引要點」，其中第七點是指教科書的各種類型，依適用對象及編寫目的，可區分為教師手冊、學生手冊、作業本、解答本、複習書等，將不同形式代碼著錄於作者號右側圓括弧( )內。521.8分類號之結構：包括分類號、輔助區分號、部冊號3部分：第一行分類號，自左至右依次為521.8、學校級別號碼、課程科目號碼。第二行為輔助區分號，即編制形式號碼，包括教科書、教師手冊、學生手冊、作業本、解答本、複習書等。編制形式號碼著錄於作者號右側圓括弧( )內。第三行為相當於部冊號，即學年學期號碼。例：國民小學自然與生活科技教師手冊 / 施惠主編 521.813→521.8 + 1 (學校級別, 1為小學) + 3 (課程科目號碼, 3為自然科學) 843(1) → 括弧內之1，代表編制形式「教師手冊」。※這只是國圖自己的做法，其他圖書館不一定要跟進。例如，第七點編制形式也可置於第一行課程科目號碼後，如此同科目、同形式的教科書就可聚集在一起。",作者號及輔助區分號
24032,2013-10-04,24032_A01,「動態」的新聞攝影若要歸類，可歸至何類較合適?,目前，953.8還是最恰當的類號，期待未來類表修訂時，能加上注釋與說明，或隨新科技的發展新增適當類目。,其他
24033,2013-10-06,24033_A01,新竹城隍廟(新竹市)這個標目錯在哪裡？,根據中國編目規則24.2.9.2，若寺廟、教堂之名稱已包含所在之地名，則不必重複記載地名。因此應刪除圓括弧及括弧內「新竹市」之地名，正確標引為：新竹城隍廟,編目法
24034,2013-10-08,24034_A01,哪裡可以看到中文圖書標題表(全表)呢？,若要看《中文圖書標題表》全表，目前只能使用紙本。,主題法
24034,2013-10-08,24034_A02,如何取得《中文圖書標題表》的說明及使用方法？,《中文圖書標題表》之編列與使用說明PDF檔，可見中文主題規範系統。(中文主題規範系統→ 點選系統功能項「類表說明」) 若要瀏覽標題表文本，可選擇系統功能「資料瀏覽」項，不過也是按筆畫區分，一次只能瀏覽一種筆劃數的資料。,機讀編目格式
24034,2013-10-08,24034_A03,複分是如何處理的？,標題表文本是按筆畫區分，一次只能瀏覽一種筆劃數的資料。,編目法
24035,2013-10-08,24035_A01,CIP中的「貓」、「軼事」、「英國」是叫做主題詞嗎？,上述「貓」、「軼事」、「英國」都是主題詞。,主題法
24035,2013-10-08,24035_A02,一本書的標題詞或主題詞有規定不能超過幾個嗎？,每本書的標題是按書籍內容來決定，並無個數的限制，只要確切反應書的內容主旨即可，以我個人的習慣，標引數約1-3個。超過4個以上似嫌太多，不如新增一個較確切的標題。,主題法
24036,2013-10-24,24036_A01,關於增修《中文圖書分類法》網頁公告之類目修改，547.1類目是否要將「社會福利泛論」修改為「社會工作泛論」？,已刪除該條資料。因資料發布時間距今已有一段歷史，無法解釋為何如此，當時輸入資料為何人也無從得知。查閱當時的會議紀錄，曾對社會工作及社會福利相關類目之涵義作解釋，但並未加修訂，因此已刪除該條。有關總論社會工作（或社會福利）之文獻，入《中文圖書分類法 2007年版》類號547；有關各種社會福利設施方式之文獻入類號547.11-547.18；有關各種社會福利工作之文獻類號入547.51-547.56。類號547.1及547.5基本上可以不用來標引文獻。,其他
24036,2013-10-24,24036_A02,「國家圖書館 中文主題編目規範系統」是否已同步更新2007年版分類號？,中文主題編目規範系統是個古老的系統，去年始新增「新增類目」的2007年版分類號，故近二年「新增」類目的類號應有同步更新，但修訂部分礙於系統關係，有些尚無法同步更新。系統公司目前仍因無法在舊類目部分「批次」作2007年版分類號欄位的設定，只能每次1000筆緩慢進行，等欄位設定好後，我們會再慢慢回朔更新資料。,其他
24037,2013-10-25,24037_A01,關於「國家圖書館編目作業公布事項 99年13號」新增或修改的三類目（486.69 液化石油氣供應業、221.09 經典選要、595.49 軍事交通），是否已更新至《中文圖書分類法》頁面？,感謝指正，已更新完成!,其他
24037,2013-10-25,24037_A02,作業事項公布內的增修內容是否會一併更新至查詢系統與excel表中？,作業事項公布內的增修內容，基本上應該會一併更新至excel表單，至於查詢系統，新增類目應無問題，舊有之類目修訂欄位則不見得每項都可更改。,編目法
24038,2013-10-25,24038_A01,一套連續出版雜誌的ISSN應照中國編目規則第三版的哪一項著錄？,ISSN是國際標準叢刊號，連續性資源唯一的識別號，應照規則1.8.1標準號碼著錄。在機讀格式中也有固定的欄位CMARC的011，MARC 21的022。,機讀編目格式
24038,2013-10-25,24038_A02,是否需要同時在1.6.5集叢項與1.8.1標準號碼項記載ISSN？,1.6.5集叢所指的是「叢書」。錢月蓮敬答  20131028,其他
24039,2013-10-28,24039_A01,中國機讀編目格式200段採用照錄原則的原因為何？,200段是採照錄的原則，所以保留一些與版本相關的詞彙，如「欽定」「增補」「最新」等等。,編目法
24039,2013-10-28,24039_A02,另立檢索款目的用意為何？,因為多了這些語詞造成同一部書無法集中一處的情形，所以才有「另立檢索款目」這樣的規則，用意與使用劃一題名是一樣的，期於目錄中將作品匯集一處便於檢索。,其他
24040,2013-10-31,24040_A01,中文主題詞表有標題權威記錄檔嗎？,主題詞表或標題表是否要做權威記錄? 由各圖書館自行決定。以國圖來說，國圖的主題標目沒有做權威紀錄，通常是由館員自行查核所要標引的語詞是否為「中文主題編目規範系統」上的用詞。中文主題編目規範系統所列的主題詞本身即是一種規範控制語彙，若能做權威當然是更好啦，不過要衡量一下人力狀況。,權威控制
24040,2013-10-31,24040_A02,CSH無權威控制係指什麼？,CSH是中文圖書標題表的代稱，CSH無權威控制係指國內可能沒有圖書館做標題的權威紀錄與其書目紀錄相連。,主題法
24041,2013-11-01,24041_A01,根據中國編目規則24.2.1，會議名稱中若包含屆次、時間、地點字樣應如何處理？,中國編目規則24.2.1(4)：團體名稱中如含(4)會議、研討會、展覽、博覽會等名稱之「屆次、時間、地點」字樣，宜省略之。『宜省略』是得省略、可省略的意思，是選擇性條款，需視標目本身情況來衡量。,權威控制
24041,2013-11-01,24041_A02,為何會議名稱包含地點時，仍可能出現於標目中？,若出現24.2.6.4(2)規定的情形『會議名稱內如已包含會議地點』，則不必重複記載地點，也就是可以省略團體權威標目機讀格式中『$c會議地點』的著錄，因為$a會議名稱中已包含地名。,權威控制
24042,2013-11-02,24042_A01,如何判別某個 record 是 cmarc 還是 marc21？,在機讀格式書目資料中，沒有一席之地是標註「MARC類型」的，只有交代用何種編目規則。判斷是CMARC或MARC 21較容易，CMARC題名段用200；MARC 21用245。但要判斷USMARC與MARC 21就比較不容易，USMARC與MARC 21本來就是一家，USMARC不過是融入部分CANMARC，但主體未變。以7XX來說，USMARC原本有705、715字段，改成MARC 21後就停用了，所以，若發現欄位有715或705的書目，理當是USMARC。目前想到的，只能從這些欄位來判斷了，但這不是很好的方法，因為這些欄位不是必要欄位。,機讀編目格式
24042,2013-11-02,24042_A02,使用 yazpp 這個 c++ library 為什麼總是取得 USmarc 值？,因為您取到的值一直都是 USmarc，表示它轉出的程式已被設定為USMARC，除非有其他MARC可供選擇，否則永遠得到的都是USMARC。,其他
24043,2013-11-03,24043_A01,台灣目前館藏量最多的圖書館是哪一類型的圖書館呢?,一、沒有現成的所有資料，請自己花功夫尋找，想知道個圖書館館藏統計，可參考: 教育部全國圖書館系統網 <學校圖書統計> https://read.moe.edu.tw/jsp/national_lib/pub/index_page.jsp?schno=000000 國家圖書館全國圖書館調查統計系統 http://libstat.ncl.edu.tw/nclstatFront/a_libcatalog/search_map.jsp?searchType=map&level=1 公共圖書館統計系統 http://publibstat.nlpi.edu.tw/index.php?do=faq,其他
24043,2013-11-03,24043_A02,圖書館的構成要素是什麼呢?,二、圖書館構成要素，指構成圖書館的各個組成部分和相關條件，我認為館藏資源、館舍及設備、管理組織、讀者等都是，類型不同構成要件應該也不同。,其他
24044,2013-11-03,24044_A01,紀錄書目資料是什麼意思呢?,書目資料用最簡單的詞語解釋，就是提供一本書的基本資料，如書名、作者、出版者、ISBN、頁數、裝訂形式等等之訊息。,編目法
24045,2013-11-03,24045_A01,中國編目規則22.1.1的條款適用於什麼情境？,中國編目規則22.1.1的條款是適用在「權威紀錄」中的人名標目，即在擇定某一人名為權威名稱時的選詞原則。,權威控制
24045,2013-11-03,24045_A02,CMARC 700人名-主要著者是否按照著者敘述項的著者著錄？,書名頁上的作者是被紀錄在「書目紀錄」中題名作者敘述項(CMARC 200 /MARC 21 245)，此項適用的是中國編目規則1.1.5著者敘述的照錄原則。,編目法
24045,2013-11-03,24045_A03,為何會有選擇性？,正因為照錄，會導致相同作者不同名稱時資料的分散，所以才要立「權威標目」讓檢索結果集中。,權威控制
24045,2013-11-03,24045_A04,選擇性何時會用上？,選擇性用於「權威紀錄」中的人名標目選詞時，即在擇定某一人名為權威名稱時的選詞原則。,權威控制
24046,2013-11-05,24046_A01,國圖線上是否有中國機讀編目格式第3版轉Marc21格式的欄位對照表,本館編目園地中已有線上之《中國機讀編目格式第三版轉MARC21 Bibliographic Format對照表》，該對照表位置於編目園地首頁 ＞ 資訊組織規範 ＞ 編目規範 ＞ 中文 ＞ 機讀格式 ＞ 《中國機讀編目格式第三版轉MARC21 Bibliographic Format對照表》，也可直接連結至此網址http://catweb.ncl.edu.tw/portal_e3_cnt_page.php?button_num=e3&folder_id=231&cnt_id=646&sn_judge=1,機讀編目格式
24047,2013-11-07,24047_A01,一個人名可以有幾個標目呢?,人名標目通常取一個最著稱者為標目，其餘另立「不用」之參照款目引見之；但若同一作者以不同筆名或本名題署於不同寫作領域之作品，且各署名也都很著稱，則可同時採用不同署名名稱為標目，並立「參見」參照款目連結之。,權威控制
24047,2013-11-07,24047_A02,假設某作者有三個非常著名的筆名(也都經常使用)那是否這三個筆名都會成為標目呢?,若同一作者以不同筆名或本名題署於不同寫作領域之作品，且各署名也都很著稱，則可同時採用不同署名名稱為標目，並立「參見」參照款目連結之。請看中國編目規則22.0通則，22.1人名標目之選擇知相關規定。,編目法
24048,2013-11-07,24048_A01,中文是否會直接表達參照關係，還是僅用於表示權威記錄的中文意思？,中文只是用於表示權威記錄的中文意思，不會直接出現在任何地方。,權威控制
24048,2013-11-07,24048_A02,劃一提名的參照關係是否會在讀者端顯示？,讀者端應該不需要顯示這樣的指示，只需直接顯示查詢結果即可。,其他
24049,2013-11-11,24049_A01,公報、年鑑或年報的資料類型該用期刊或圖書？,公報、年鑑或年報的資料類型屬「連續性出版品」者較多，不過，仍需視在編文獻的「發行情況及出版頻率」來決定，是否當書編還是當連續性出版品編。,編目法
24050,2013-11-13,24050_A01,取碼原則是依據何者？,基本上《中國著者號碼編製法》已表列《四千家姓註解》中4035個姓氏，外加作者補遺，總計4066個姓氏，直接查表即可，是一種按筆順的「查表法」。該法也是一種五筆檢字法，將每姓之第一筆、第二筆、第三筆等筆劃形狀各以點、橫、直、撇、屈五類分列，按順序排比編號。該法我們沒有使用過，若要知詳細情形，請自己查閱該書，國圖有典藏，索書號是023.37/8366。,編目法
24051,2013-11-12,24051_A01,歷史重建法是什麼？,歷史重建法（the historical reconstruction method）：係利用所有書卡上的流通日期，再現每本藏書自採購以來的整個利用歷史，作為是否要淘汰該書的客觀依據。,編目法
24051,2013-11-12,24051_A02,電腦輔助法是什麼？,電腦輔助法（the computer assisted method）是什麼? 個人沒有涉獵，推測是利用電腦輔助統計的方法。,其他
24052,2013-11-16,24052_A01,中國編目規則第三版1.4.5.2若版權年跟出版年不同應著錄請問版權年跟出版年的差異為何?,版權年為版權持有人授權日期，出版年為出版商實際出版作品的年份。兩者可能不同，此時根據編目規則需同時著錄。,編目法
24052,2013-11-16,24052_A02,一書的CIP流程以及國圖法定寄存流程為何?,CIP流程請參閱新書資訊網：http://isbn.ncl.edu.tw/NCL_ISBNNet/main_ProcessLevel3.php?PHPSESSID=n9lvf1a98fg6qm6dggacqj33q5&Ptarget=37；國圖法定寄存流程請閱讀簡耀東先生 <淺談我國出版品法定送存制度> 一文：http://isbn.ncl.edu.tw/NCL_ISBNNet/C00_index.php?PHPSESSID=jf3g4e5ejohc4ftv8r59a8ogc4&Pfile=253&KeepThis=true&TB_iframe=true&width=900&height=650,其他
24053,2013-11-17,24053_A01,國家圖書館博碩士論文的典藏管理是採用分散方式還是集中方式？,國家圖書館博碩士學位論文「集中」於學位論文區(近五年論文)，以開架方式供讀者閱覽，年分較舊的論文置於書庫，需填調閱單借閱。,其他
24053,2013-11-17,24053_A02,國家圖書館博碩士論文是否有特藏號？,索書號基本構成：系所代碼 + 畢業年 + M 或 D + 該年度該系論文流水號。國家圖書館學位論文學校及系所代碼表：http://catweb.ncl.edu.tw/portal_f4_cnt.php?button_num=f4&folder_id=1,作者號及輔助區分號
24054,2013-11-15,24054_A01,光碟所附的教材或是書籍於索書號如何呈現？,依據本館附件代碼標識法，App.全稱為Appendix是附件的意思，在沒有代碼可標識的情況之下使用。其餘附件為影音光碟時，其代碼為VCD；數位影音光碟，其代碼為 DVD；書，其代碼為book。,作者號及輔助區分號
24054,2013-11-15,24054_A02,app.的意思是不是apparatus設備的意思？,App.全稱為Appendix是附件的意思，而非apparatus設備的縮寫。,其他
24054,2013-11-15,24054_A03,MARC 856段的附件項中App.(大寫)代表什麼？,您在MARC 856段所看到的App.，應是在分欄$z(公開顯示之附註)中指附件的附註。,機讀編目格式
24054,2013-11-15,24054_A04,視聽資料於索書號中如何呈現？,主件為一張數位影音光碟，附件為一張雷射唱片，其附件雷射唱片的索書號如例：VD…………………主件特藏號 913.602…………….分類號 8456………………..作者號 CD …………………附件代碼 其餘附件為影音光碟時，其代碼為VCD；數位影音光碟，其代碼為 DVD；書，其代碼為book。,作者號及輔助區分號
24055,2013-11-25,24055_A01,賽德克族是否應新增獨立類號？,"很好的建議, 我們應該會從善如流吧, 經分編討論會議定後再行公布。",其他
24055,2013-11-25,24055_A02,是否可於中文主題編目規範系統新增賽德克族等四族主題詞？,"族名是自由詞標引, 需要時可以自擬, 所以不會一一臚列在主題詞表中, 系統中的資料基本上是民國94年編訂的主題詞表, 所以2007年版分類表的類目不見得查得到, 不過基於公平起見, 我已一一查核14族族名, 補了噶瑪蘭族和凱達格蘭族, 其餘賽德克族、撒奇萊雅族、太魯閣族原本即有新增, 只是系統索引出狀況, 已及時修正。",其他
24056,2013-11-25,24056_A01,書目裡的系統號功用是什麼？,系統號可以用來鏈接書目及識別書目，它有一定的命名方式在該系統中是唯一性的，可比擬人的身分證或書的ISBN號碼。,機讀編目格式
24056,2013-11-25,24056_A02,系統號等於系統識別號嗎？,系統號等於系統識別號。,其他
24057,2013-11-26,24057_A01,一本書寫真物語目前出了上集，後續可能會再出版中下集(但目前尚無出版)，在編目時以套書方式編目，出版年是否以2012[民101]- 開放方式著錄？,出版年：008/06=m 008/07-10=2012 008/11-14=9999 260 $c=2012- 或 2012[民101]- （視版權頁情況）,編目法
24057,2013-11-26,24057_A02,稽核項的冊數該如何著錄？因為不知道之後會出幾本？,稽核項：300 __ $a冊 :$b圖 ;$cxx公分,編目法
24057,2013-11-26,24057_A03,部冊號是否就著錄v.1？,部冊號: v.1,編目法
24058,2013-11-26,24058_A01,若書名作者一致且內容純粹，應整套編目還是單獨編目？,若像「深夜食堂」那樣，書名作者一致內容也很純的話，很適合套編。,編目政策與管理
24058,2013-11-26,24058_A02,若以整套編目及分類，索書號的年代應如何標示？,索書號不會加「年代」，是在008/06、008/07-14及260段表示出版情況。若貴館是屬於每本書都加年代的話，於每單冊分別註記該單本出版年代即可，若已知起訖年，亦可用[-]表示，如101-102。,作者號及輔助區分號
24059,2013-12-03,24059_A01,中文主題詞的適用範圍除了圖書，還包括了哪些？,中文主題詞表雖是為綜合性圖書而設計，但若要應用於其他類型之文獻或專科性圖書也是可以的，只是若干詞彙或許會不足，須按選詞原則自行增補。,主題法
24060,2013-12-01,24060_A01,一本關於某個「企業管理」講座的場刊，若沒有任何講座内容、撮要，只介紹講者和主辦機構等，應如何決定分類號？,建議類號歸入該主辦機構 (若需要複分，可加065會議)。假設該講座係由臺塑主辦，可歸入499.33  8438 (065) 499.33        →  基本號，查自類表 8438 (065) →  臺塑首尾五筆號 + 065,權威控制
24061,2013-12-02,24061_A01,中國編目規則第三版中，資料特殊細節項有沒有包含電子資源?,中國編目規則第三版中，資料特殊細節項沒有包含電子資源。,編目法
24062,2013-12-04,24062_A01,傳記中的被傳者作者號規定是什麼意思？,傳記資料作者號取碼方式是先取被傳者，再取作者之作者號。目的是為了要讓相同的傳記人物被放置在同一處，再按作者之作者號排定先後次序。嚴格說被傳者號是自己獨立的一個號碼，就功用來說可視為分類的細分，只是它的取碼方式與取作者號相同，為方便起見我們就稱第一作者號第二作者號了。,作者號及輔助區分號
24062,2013-12-04,24062_A02,索書號的標籤裡可以塞兩個作者號嗎？,"如寫胡適傳的人有好多：羅志田、沈衛威、小田, 季進、易竹賢、戚宜君......等。若只取782.886分類號加作者號，書肯定會被打散，若能加上被傳者號，書便能集中。",作者號及輔助區分號
24063,2013-12-05,24063_A01,RDA國圖已全面採用嗎？,RDA尚未全面採用，目前國圖僅試用於西文書的編目，做法是：抄錄編目部分：原資料為RDA就用RDA，原資料為AACR2仍保持AACR2。（國外是新舊並存Hybirds bib）原編：採用RDA,編目法
24063,2013-12-05,24063_A02,國內有哪些圖書館已全面/小規模採用RDA？,國內應該沒有圖書館全面採用RDA，如國圖部分採用RDA者應有臺大、淡江，其他不知未作調查。,其他
24063,2013-12-05,24063_A03,採用RDA一定要配合使用MARC21嗎？,是! 為了未來新書目框架能符合FRBR概念，目前MARC 21就要配合預作準備，俾便日後書目資料轉出。,編目法
24064,2013-12-10,24064_A01,在各種圖書分類法中，標記制以數字為標記，採層累制編成的是哪一種？,杜威十進分類法（DDC）是採用層累標記制，以阿拉伯數字為標記符號，屬於小數層累制。,分類法
24064,2013-12-10,24064_A02,為何題目答案不是選項A（杜威分類法）？,根據說明，杜威十進分類法確實採用層累標記制，因此正確答案應為A。可能題目或答案存在誤解或錯誤。,其他
24065,2013-12-11,24065_A01,依據中國編目規則，若發現國際標準號碼錯誤，是否可以直接更正？,錯誤號碼必須照錄，著錄於CMARC 010之分欄z 或 MARC 21之020分欄z。若知正確號碼，可重複欄位010或020，將正確號碼著錄於分欄$a。同時也可以於附註項作說明文字。,編目法
24065,2013-12-11,24065_A02,依據中國編目規則，是否可一併附上資料來源？,以下引用之規則及機讀格式著錄，皆來自原典PDF檔及LC網站MARC資料: 1.中國編目規則1.8.1.4 ... 2.中國機讀格式(CMARC)： ... 3.MARC 21亦同： ...,機讀編目格式
24066,2013-12-12,24066_A01,中國圖書分類法幾大類,賴永祥先生編訂《中國圖書分類法》從0類至9類，共10大類： 0 總類 1 哲學類 2 宗教類 3 自然科學類 4 應用科學類 5 社會科學類 6 中國史地類 7 外國史地類 8 語文類 9 美術類,分類法
24067,2013-12-17,24067_A01,在編制CIP時，附註項的東西會寫在CIP上嗎?,"CIP掌握的訊息是圖書出版前的訊息, 不確定性較大, 除內容有不同語文(如中英對照等)、不同版本(簡體字版等)需註明外, 不會著錄其他附註項。",編目法
24067,2013-12-17,24067_A02,ISBD所規定的符號是12個還是15個?,"ISBD(G)第0-10 至 0-15標示的符號有：破折號 或 連字符號 ( -- )、分項符號 ( .-- )、刪節號 ( … )、方括號 [ ]、等號 ( = )、冒號 ( : )、斜撇 ( / )、分號 ( ; )、圓點 ( . )、逗號 (, )、加號 ( + )、圓括號 ( )，其他於稽核項還可見到乘號 ( x )。算有幾個有何意義? 知道用法就好! 有些是兩個符號組配的, 算一個或兩個呢? 錢月蓮敬答  20131219",機讀編目格式
24068,2013-12-18,24068_A01,本館有典藏故宮文物月刊，其中有幾期有多1本複本，且該期主題符合館藏重點，想將複本當成圖書編，提供流通借閱，原本期刊書目紀錄不變動，另鍵新的書目紀錄是否妥當？,有主題的專刊另編一筆書目時，正題名要以專刊的名稱（例如：佛教雕塑）著錄，不要加雜誌名稱及卷期，雜誌名稱及卷期著錄於一般附註MARC 21 500(不檢索時)或集叢項490 (可檢索)，也就是說將它視為一本「書」在處理。同時，兩本書目紀錄若能做連結更好(視圖書館客觀狀況而定)。,編目法
24068,2013-12-18,24068_A02,若另鍵新的書目紀錄，正題名是否加期數較為妥當？例如：正題名著錄為『故宮文物月刊259期』或『故宮文物月刊.第22卷』？,正題名不要加雜誌名稱及卷期，雜誌名稱及卷期著錄於一般附註MARC 21 500(不檢索時)或集叢項490 (可檢索)。例如：245 00 $a佛教雕塑.... 500      $a故宮文物月刊.第22卷 第7期專輯 490 1_ $a故宮文物月刊 $v22:7 830 _0 $a故宮文物月刊 $n22:7,編目法
24069,2013-12-24,24069_A01,醫學人文的書有特定類號嗎？,若內容不是探討醫學人文學本身(410.16119)，而是文獻內容涉及醫學人文學的話，需就在編文獻實際內容討論。所以，希望能掌握實際的書名及相關資料再作說明。,其他
24069,2013-12-24,24069_A02,醫療品質相關書籍如何歸類？,醫療品質是屬於醫療服務的品質管理，如果泛論性的作品視內容可歸入419.2醫院內部行政，419.3各國醫療設施狀況。不過仍要就文獻的內容決定，如強調其中的某一項如醫病關係或成本效益合理化等等，仍應分別歸入所屬的類。所以，也是希望能掌握實際的書名及相關資料再作說明。,其他
24070,2013-12-24,24070_A01,MARC21中，三人以上作者應放100段或700段？,著錄於100或700段需視該作品的職責敘述而定。當可區分作品主要負責的作者時仍應著錄於100段，除非無法區分誰是主要作者，才著錄於700。例如：若書名頁明確標示主要作者，則著錄於100；若無法分清主要作者，則著錄於700。,編目法
24070,2013-12-24,24070_A02,各館（如台大、北市圖、成大）對三人以上作者的編法有何差異？,各館可能因實際操作或政策不同而有不同處理方式，但核心原則仍依作品職責敘述判斷。建議參考AACR2第21章21.0A關於主要款目與附加款目的說明，以理解各館可能的編法差異。,編目政策與管理
24071,2013-12-24,24071_A01,「主題式資源指引網站」是什麼樣子的網站？,主題式資源指引網站(Subject Gateway)是一種網路資源服務，多由政府、教育或學術等非營利機構所建置，目的是為便於學術研究人員取得特定範疇之資源而設計，內容通常以收錄資源的「主題範疇」來區分，可視為網路時代的資訊示意圖，保存網路上有用並優質的資源，加以分門別類。,其他
24071,2013-12-24,24071_A02,「主題式資源指引網站」和一般的網站有什麼不同？,它與一般網站最大的不同是經過專業人員選擇與編輯整理的指南，簡單說明至此。,其他
24071,2013-12-24,24071_A03,請提供相關網站的連結。,可以參考國圖的知識資源參考服務網站: 網路資源示意圖、網路知識燈塔等相關之網路資源服務。如臺灣學術網路資源選介主題資料庫:http://tair.ncl.edu.tw/tairFront/hotSubject.action,其他
24072,2013-12-24,24072_A01,設計連續性刊物之文章所用的索引典系統，詞彙收錄應考慮哪些方面？,應考量學科範圍、資料類型以及資訊檢索效率（檢準率、檢全率、詳盡性、專指度）等因素，詞量多少不是第一考慮因素，資訊檢索效率才是重點。,其他
24072,2013-12-24,24072_A02,詞彙收錄是概念詳細詞量多，或是概念簡略詞量中等較為合適？,詞量多有好處，可避免常遇到詞彙不足的窘境，但需注意過度使用近似與廣義詞會減少專指度。,主題法
24072,2013-12-24,24072_A03,是否可方便一並附上資料來源？,建議自行查找相關文獻，資料來源需由主事者自行處理，不可假手於他人。,其他
24073,2013-12-31,24073_A01,《中文圖書分類法》2007 年版的號標記（notation）的方式是指像333.66 是怎麼組成的嗎?,《中文圖書分類法》2007 年版的標記符號為數字，電腦程式語言312.3及電腦應用程式312.49則於標記符號後輔以排架或排列號，排列順序採美國國會圖書館克特號為英文字母加數字。,機讀編目格式
24073,2013-12-31,24073_A02,有使用非數字的部分像電腦類或是用 R F 代表參考書或小說 的標記 要去哪查找使用方法?,R與F稱特藏代碼，R代表Reference參考書；F代表fiction小說，各圖書館對特藏代碼的需求不盡相同，如國圖沒有把小說視為特別的一類集中典藏，所以，沒有用F。若要參考國圖特藏代碼，請上編目園地擷取: 首頁 ＞ 國圖編目訊息 ＞ 國圖編目作業規範與解釋 ＞ 其他 : 國家圖書館特藏符號一覽表,其他
24074,2014-01-01,24074_A01,職棒年鑑按中國圖書分類法分類屬於哪一類？,職棒屬球類運動，中文圖書分類法2007年版類號為528.955。年鑑為特定形式之資料，可於528.955後加年鑑的複分058，職棒年鑑的分類號為528.955058。,作者號及輔助區分號
24075,2014-01-03,24075_A01,《中國編目規則》第三版中，何者不需著錄資料特殊細節項？ (A)圖書(B)連續性資源 (C)地圖資料 (D)電影及錄影資料 (E)電子資源,"答案是A, D, E 資料特殊細節項不適用於圖書、電影及錄影資料 及電子資源。",編目法
24076,2014-01-03,24076_A01,共同執筆作者的四角號碼應如何取得？,"假設在編資料的書名頁或版權頁題:「張學孔.張馨文.陳雅雯共同執筆」，取為首之作者「張學孔」之四角號碼。根據中國編目規則1.1.5.3，三人以內作者併錄之： 084 __ $axxx $b1171(張學孔四角號碼) 100 1# $a張學孔 24510 $a綠色交通 / $c張學孔, 張馨文, 陳雅雯共同執筆...... 700 1# $a張馨文 700 1# $a陳雅雯 張學孔作者號四角號碼： 張=1123，姓取2碼 學=7740，名個取1碼 孔=1241",作者號及輔助區分號
24077,2016-11-27,24077_A01,為何MARC STANDARDS(簡明版格式)不能列入一種?,"小蔣: 您好, 簡明版也有五種格式: Authority Format Bibliographic Format Classification Format Community Information Format Holdings Format 此處說得「種」是就資料格式作用來說，不是每種格式的詳簡度。",其他
24078,2014-01-15,24078_A01,館內已有一本印刷出版的圖書，後來又買進一本相同內容的電子書，館藏應著錄一筆或二筆書目？,著錄一筆或二筆書目是政策問題，國圖與LC的做法不同。建議參考LCRI 1.11A及CONSER Module 31。LC做法：電子書若面頁數與原件相同，視為「電子複製品」，著錄於原紙本印刷的書目紀錄中（一筆）；若頁數不同，則另編一筆。判斷是否為複製品，可參考LC將複製品定義為「不作任何改變的複製或複印」，如PDF電子書即屬此類。,編目法
24078,2014-01-15,24078_A02,如果是1筆又該如何著錄？,於原有紀錄中增加MARC 21欄位533，將電子複製品的主要描述著錄於此欄位。同時於紙本紀錄中增加電子資源856段的連結。例如：在533欄位標註「Electronic reproduction」並說明出版資訊，於856欄位提供線上連結。欄位533的用法可參考LC網站資料。,編目法
24079,2014-01-06,24079_A01,20091030中文圖書分類法2007年版勘誤表是否為最新版本？,目前無新的勘誤表。,其他
24079,2014-01-06,24079_A02,是否有更新的勘誤表版本？,"我們將重新檢視勘誤表內容, 並內入本月之公布事項。",其他
24080,2014-01-07,24080_A01,舊版賴永祥圖書分類法中提到的幾個通用分類原則是什麼？,賴永祥圖書分類法增訂七版「圖書分類簡則」可於中文主題編目系統下載： 中文主題編目系統→ 類表說明→ 增訂七版「圖書分類簡則」 http://catbase.ncl.edu.tw/App3/html/%BCW%ADq7%AA%A9/%B9%CF%AE%D1%A4%C0%C3%FE%C2%B2%ABh.pdf,其他
24081,2014-01-07,24081_A01,MARC21 有哪些比較常用的欄位？,"請參考： NBINet各型核心書目紀錄─MARC 21 欄位總覽 http://nbinet.ncl.edu.tw/FileUpload/Fckeditor/file/合作聯目標準書目目標解析原稿2008/ch4_all.pdf 核心欄位是必備欄位應該稱得上""常用""。",機讀編目格式
24082,2014-01-20,24082_A01,由於政府組織修法導致政府機關更名，期刊的作者或出版者應依新舊名稱中的哪一種進行著錄？,中國編目規則3.1.5.5─連續性出版品著者敘述項中個人或團體若有增刪或改變，不必另行編目。若其改變具重要性，記於附註項。整合性資源，若最新資料之著者有增刪或改變，以最新資料之著者著錄。若舊著者敘述具種要性，記於附註項。新舊名稱之權威紀錄分立「參見」或「說明參照」款目。例：紀錄1 110 2# $a中央圖書館 510 2# $a國家圖書館 紀錄2 110 2# $a國家圖書館 510 2# $a中央圖書館,編目法
24082,2014-01-20,24082_A02,如何檢索已更名的作者或出版者？,中國編目規則3.4.2.1─連續性出版品之出版地、經銷地若有改變而具有重要者，可記於附註項。整合性資源之出版地、經銷地若有改變，以最新資料之出版地、經銷地著錄，舊出版地、經銷地具重要性者，記於附註項,編目法
24083,2014-01-22,24083_A01,簡略書名頁等同於書名頁嗎？,簡略書名頁 不等同於書名頁。,其他
24083,2014-01-22,24083_A02,若無書名頁，題名之著錄來源以何者為主？,若無書名頁，題名之著錄來源以版權頁為主。,編目法
24083,2014-01-22,24083_A03,根據編目規則2.0.2.1，簡略書名頁位於版權頁之後，是否代表應以版權頁為主要著錄來源？,照中國編目規則2.0.2.1所列次序著錄。,編目法
24084,2014-02-12,24084_A01,本圖書館使用賴永詳第八版2001年分類法，當一本書為北海道遊記，是否分類為731.789或731.7909類法，以上有關類號那個較為正確呢？,《中國圖書分類法》增訂八版第473頁，731.78北海道是錯誤的，應更正為「731.79北海道」，此類號應與第474頁「日本分區表」對照著看。北海道遊記應入731.7909：731.79北海道 + 遊記複分9 → 731.799，但此類號會與北海道各地方91-998號碼重疊，故中間補0，正確分類號為731.7909。,其他
24084,2014-02-12,24084_A02,有關731.7909類號為何後部份加上09，而不是直加上9號就可以呢？,因731.79北海道 + 遊記複分9 → 731.799會與北海道各地方91-998號碼重疊，故中間補0，正確分類號為731.7909。,其他
24085,2014-02-12,24085_A01,法國旅遊應歸入742.89或742.9類號時，兩者是否意義一致代表法國旅遊書籍？,法國旅遊應歸入742.89。此類號為類表已指定之專號，無需懷疑。依據各國史地複分表(p.468)，89本為遊記，9為備用，如不另指定，得收遊記於9。,其他
24085,2014-02-12,24085_A02,742.9類號是否可用於法國旅遊書籍？,742.9為摩納哥專號，不能用於法國旅遊。,其他
24086,2014-02-15,24086_A01,人造衛星是歸類至單一名詞主題還是形容詞詞組主題？,人造衛星是屬於形容詞詞組。形容詞詞組是指具形容詞性的詞組，如人造的衛星，由人造與衛星兩個複合名詞組成；單一名詞是單個不能再分解的詞，如人造衛星可分解為「人造」與「衛星」二詞，故不能算是單一名詞。,其他
24087,2014-02-18,24087_A01,有聲書的朗讀者應著錄於何欄位？,編目員應學習理解與判斷，所以不會直接告訴您「朗讀者」應著錄欄位。需視在編文獻的作者職責敘述及正題名項主要著來源而定。思考方向為：1. 朗讀者與作品的關係；2. 是否需立檢索款目；3. 若需立款目，應著錄於主要款目1XX、附加款目7XX或511 Participant or Performer Notes。例如：(1)正題名未出現發聲者時，通常著錄於511；(2)原作者與朗讀者為同一人時，著錄於100；(3)其他情況可著錄於7XX。,編目法
24088,2014-02-19,24088_A01,改用UTF8編碼後，100段字集項應著錄「09中文字集」還是改為「50Unicode」？,改用UTF8時應採用CMARC3，100/26-29字集用50。,機讀編目格式
24088,2014-02-19,24088_A02,第三版機讀格式是否包含「50Unicode」選項？,第三版無此選項，CMARC3 100/26-29字集為必備欄位，佔4位，用於表示基本七位數元組之符號交換碼。,機讀編目格式
24089,2014-02-21,24089_A01,中文主題詞可以使用複分嗎？例如「#a電影片#z冰島」這樣是正確的嗎？,必須寫成「650 #a電影片」「651#a冰島」。,主題法
24089,2014-02-21,24089_A02,中文主題詞必須如何書寫？,必須寫成「650 #a電影片」「651#a冰島」。 主題詞是採用後組配方式，所以沒有用複分詞，讀者可以先查詢「冰島」再查詢「電影片」，也可以先查詢「電影片」再查詢「冰島」或「電影片 + 冰島」。,主題法
24090,2014-02-23,24090_A01,「中文主題編目規範系統」於哪一年開始提供線上查詢？,系統公告中指明為民國95年7月3日起開放使用。,其他
24090,2014-02-23,24090_A02,為何在該系統中找不到系統相關介紹？,系統於民國94年12月10日前已完成安裝與建置，經測試後正式上線，但系統公告中未提供詳細介紹，僅說明開放帳號及查詢方式。,其他
24091,2014-02-25,24091_A01,在MARC 21中，附錄、索引和參考書目是在哪個欄位著錄呢？,附錄、索引和參考書目在MARC 21中著錄於欄位： 500 __ $a附錄：xxxxxxx 500 __ $a含索引 (一般註) 504 __ $a含參考書目 (書目註) 504 __ $a含參考書目及索引 504 __ $a參考書目: 面272-274,機讀編目格式
24091,2014-02-25,24091_A02,請提供一英文博士論文的編目格式範例,"英文博士論文的編目格式範例： (1). Electronic properties of II-VI superlattices and III-V tunnel structures /by Yu-shu George Wu (紙本原文Thesis) (2). Studies on mycoplasma gallisepticum ;autoradiography of chromosomal DNA fibers from Chinese hamster cells /by Arthur Dale Riggs (UMI公司再製) (3). Race, citizenship, and the negotiation of space: Chinese, Japanese, and Mexicans in Fresno, California, 1870—1949 / Christina Morales Guzman (轉錄自電子資料庫中的學位論文)",機讀編目格式
24091,2014-02-25,24091_A03,"作者為Bureau of Health Promotion, Department of Health, R.O.C.(Taiwan)時，110段要如何著錄？","Bureau of Health Promotion, Department of Health, R.O.C.(Taiwan)團體著者的著錄: 110 1_ $a China (Republic of). $b Executive Yuan. $b Department of Health. $b Bureau of Health Promotion.",編目法
24091,2014-02-25,24091_A04,在MARC21中，008段肖像是依據書中如何判定？,"肖像(Portraits)的定義：利用繪畫、雕塑、攝影等方式所形成的人像，主要表現方式是對五官進行細緻刻畫，所以以半身像占大多數。 若書中有肖像圖錄，著錄於定長欄008及欄位300稽核項，如： 008/18-21＝c 300 __ $a172面(或頁) : $b圖, 像 ; $c21公分",機讀編目格式
24091,2014-02-25,24091_A05,請問在MARC21中830段著錄標準,"簡單說明MARC 21 830集叢附加款目的用法如下： (1). 集叢附加款目，須與欄位490搭配(指標為1集叢要檢索)。 例：490 1_ $a中國方志叢書. 華北地方 ; $v第346號 830 _0 $a中國方志叢書. $p華北地方 ; $v第346號 此例說明「中國方志叢書」要被檢索，490指標1＝1，並用830登錄權威集叢款目。 (2). 為欄位533分欄$f複製品提供集叢款目。例： 533 __ $aElectronic text and image data. $bAnn Arbor, Mich: $cScholarly Pub. Office, University of Michigan Library, $d2005. $eIncludes both TIFF files and keyword searchable text. $f([ACLS Humanities E-Book]) 830 _0 $a ACLS Humanities E-Book 將複製品533 $f之集叢敘述著錄於欄位830 詳細說明請看LC網站: http://www.loc.gov/marc/bibliographic/bd830.html 或參閱徐蕙芬、戴怡正兩位老師的著作《MARC 21書目紀錄中文手冊: 圖書、連續性出版品》",機讀編目格式
24092,2014-03-01,24092_A01,依中國編目規則，「客家風雲」停刊後，「客家雜誌」作為新刊名，編目時附註項應如何標明其與舊刊名的關係？,依中國編目規則第三章連續性資源3.7.1附註(7)2，原資源之題名應記於附註項。若依「客家風雲」編目時，表示題名段為舊題名，附註項應註明「改名：客家雜誌」。,編目法
24092,2014-03-01,24092_A02,為何考選部公布的答案選(A)改名而非(B)繼續？,「繼續Continues」與「改名Continued by」是相配對的。舊刊名的書目紀錄應註明「改名：新刊名之題名」，新刊名的書目紀錄應註明「繼續：舊刊名之題名」。因此正確選項為(A)改名。,編目法
24093,2014-03-03,24093_A01,545.9與367.4在環境污染方面的分別為何?,367.4為環境汙染（八版/2007年版同），而545.9為八版所用類號，用以標示社區與環境，2007年版已移除545.9，故環境污染相關文獻歸於367.4。,其他
24093,2014-03-03,24093_A02,545.9與445.9在環境污染方面的分別為何?,445為市政工程；環境工程（八版/2007年版同），而545.9為八版所用類號，用以標示社區與環境，2007年版已移除545.9，故環境科學相關文獻歸於545.9。,其他
24094,2014-03-04,24094_A01,此書編目分類在413.09的原因為何？,413.09此號從何而來? 為何歸入此號? 請說明清楚。,其他
24094,2014-03-04,24094_A02,此書是否應修改為世界傳記類的781？,歸入781世界傳記(多國多人之傳記)似不太恰當。,其他
24095,2014-03-06,24095_A01,為何英文書《On a Rabbit Hunt》作者Elizabeth Pulford的杜威分類號為823.2，而非823.92？,"杜威分類法文學類分類方式：照文學作品之語言分，再依照體裁、作者時代、主題等先後次序複分。 1. 查詢主類表的基本號與複分表配合 2. 主表會指示複分的方式： a. 單一作者使用Table 3A複分文學體裁，若體裁不只一種，分入最為人知的一種；如無法辨識，可分入雜著。 b. 單一作者或可不區分體裁，全部集中於「雜著」項下。 c. 二位以上作者使用複分Table3B，依Table3B指示使用Table3C複分主題。 3. 杜威法的彈性處理：於語言複分後，提供先以國家複分的方式。 以On a Rabbit Hunt / Elizabeth Pulford為例，類號為823.2或A823.2： 823基本號 + Table 3A→據Table 3A－31-39 Specific periods說明分，類號為823.2，2來自於Optional period Table for English, For Australia, 2 1890-1945 (作者出生於1943.01.01) －31-39有一個選項Option：Where two or more countries share the same language, follow one of the options given after step 3 at beginning of Table 3A, e.g., fiction in French by a Cannadian author of the colonial period C843.3 or 848.99233。因此，本書類號還可以為A823.2 →A是Australia起首字母；2是依據Optional period Table for English 以上供參。提醒您本館未採用杜威十進分類法! 上述回答僅就類表上的說明而作，建議下次碰到問題可與採用杜威分類號的圖書館相互切磋。",其他
24096,2014-03-06,24096_A01,在MARC 21格式下260段 $c的出版年份資料應該著錄民86年還是民101年?,應著錄民86年(初版一刷的年代)。,編目法
24096,2014-03-06,24096_A02,索書號上的年代號應著錄86或是101?,應著錄86。,作者號及輔助區分號
24097,2014-03-07,24097_A01,"兒童英文繪本分類號如何分類,有規則依循嗎? 是依作者國別或內容來分類?","分類一般按文獻內容所屬學科分類, 不會按文獻類型分類, 所謂繪本, 是圖文並或圖多文少的一種文獻類型, 可歸屬各類, 適用對象有成人也有兒童, 所以不會有特別的類。若內容為兒童詩歸入兒童詩類, 若內容為兒童故事則歸入兒童故事, 若為科普則歸入科學類....。 貴館選用哪種分類法就按原本的類號歸類, 若非要集中一處，可視其為一種特藏，給這類書一個特藏代碼，譬如JP之類的，將其集中於圖書館的一區內即可。",其他
24097,2014-03-07,24097_A02,"如果書上無作者,有繪圖者,作者號如何?是否作者與繪圖者是同一人?",有可能是同一人，沒看到書我怎麼會知道呢? 以你所見為憑著錄。,作者號及輔助區分號
24097,2014-03-07,24097_A03,"下面依克特號取碼? Qadriri, Quabbe Queener Quick Queist 謝謝!",克特號： Qadriri → Q2 Quabbe  → Q3 Queener  → Q4 Quick  → Q5 Queist  → Q4a 或 Q41 (重號區別可用英文字母或阿拉伯數字) 中文圖書分類表附錄3不都有嗎?,作者號及輔助區分號
24098,2014-03-10,24098_A01,"PZ8.3.M418 B877 2008PZ8.3.M418 Br 1995PZ8.3.M418 C533 2010上列B877,Br,C533代碼的意思?","B877,Br,C533→指LC內部排架規則(通常抄錄編目不用抄到別人家的排架號)，若真要探究，可參考：1. Filing Rules for Author and Title Catalogs 2. Library of Congress Filing Rules",其他
24098,2014-03-10,24098_A02,"中國圖書分類法民78年增訂七版813,815系列如何區分?","中國圖書分類法增訂七版 813→總集→世界文學全集之類入此，還可以按文學體裁再細分為813.1詩總集、813.2韻文總集.....此類目下不收各國的文學總集,各國的文學總集入各國文學。815→特種文藝→此類是為便利閱覽而設，即一個圖書館欲將某一種文學體裁集中一處時可利用此類，是一種彈性作法，原本應分入文學評論或總集、別集等之文獻，全部集中此處按體裁分。",其他
24098,2014-03-10,24098_A03,小學生的英文繪本分類號可否以中文分類號為依據?,小學生的英文繪本分類號可以以中文分類號為依據，此為各館政策問題。,其他
24099,2014-03-13,24099_A01,台灣遊記的主題詞為何？,根據主題詞表，有關某地的遊記，應是用地名 + 遊記二詞組配的方式來表示。CIP上直接著錄「臺灣遊記」，是根據2007年增補的一份與中華民國、臺灣相關主題詞的文件。,主題法
24099,2014-03-13,24099_A02,是否比照傳記方式自行加國別處理，或請貴館增修表加註方便查詢？,待本月分編討論會討論後再作調整。錢月蓮敬答  20140317,其他
24100,2014-03-16,24100_A01,作者名的第一個字 - 阿拉伯數字'1' 要怎麼以首尾五筆法取號?,請略過阿拉伯數字'1'，取「號女生」三個字的首尾五筆。,作者號及輔助區分號
24101,2014-03-17,24101_A01,有沒有特別/特定的數字來表示目錄和索引？,(021)中的021是表示目錄索引之意，可參考中文圖書分類法「總論複分表」(p.665)。有專號的單本書的語詞索引，我們會將021加於分類號後，如詩經索引831.1021。此處加於作者號(經名)之後，一為區分它本身是目錄索引，二為為集中套書與該套書之目錄索引於一處之故。,作者號及輔助區分號
24101,2014-03-17,24101_A02,閣下建議用的括號跟<國家圖書館輔助區分號一覽表>中的括號(複分號)是不同意思的吧？,（括號）是複分號，與您建議使用的括號為同一概念，用以表示複分號。,其他
24101,2014-03-17,24101_A03,在排架的時候，應該是‘─’號先排，還是‘()’先排？,按排架的規則，()應先於-排。「-」是作品號，為同作者的其他作品，一部經書中，經書本身與查檢它的目錄索引應視為一個整體，而非兩種作品！依排架次序，()是被置於該套書的最後一本。不過，有些圖書館為便於讀者查閱利用，會將其放在第一本。,作者號及輔助區分號
24102,2014-03-18,24102_A01,是否有類似Mesh database的檢索系統可用？,建議使用「中文主題編目規範系統」查詢中文主題詞或中文圖書分類法。 http://catbase.ncl.edu.tw/App3/main_query.php?PHPSESSID=498ec7c489958753546487011d38f819&Pact=classQuery 該系統於民國95年啟用，比起MeSH雖然有落差，但比使用電子書要方便得多。,其他
24103,2014-03-21,24103_A01,類號 873.8 與 884.1 在意涵上是否有重複？,中文圖書分類法，文學類是依國分而非按語言分，所以，884.1是愛爾蘭共和國文學，873.8是北愛爾蘭文學(英國地方文學)。,其他
24103,2014-03-21,24103_A02,如何解決類號 873.8 與 884.1 的意涵重複問題？,建議可以修訂分類表873.8英國地方文學之注釋「愛爾蘭」為「北愛爾蘭」，便不會混淆了。,其他
24104,2014-03-29,24104_A01,現在的《中文圖書分類法》最新是哪一版哪一年? 是不是2009年?,《中文圖書分類法》2007年版是目前最新的版本，出版日期為民國96年12月20日，後續有修訂若干內容，係每月公布於編目園地。,其他
24104,2014-03-29,24104_A02,貴館是用哪一版的《中文圖書分類法》?,目前國圖使用的版本為2007年版。,其他
24105,2014-04-02,24105_A01,在102初等考試中，關於連續性資源的開放性款目處理方式，選項(a)卷期項、(b)出版年、(c)冊數單位、(d)題名及著者敘述項中，哪一項可能涉及開放性款目？,卷期項、出版年、冊數單位可能出現開放性款目。卷期項以「-」表示持續出版；出版年以「-」表示資料持續未結束；冊數單位標示數量單位而非固定數量。題名及著者敘述項不視為開放性款目，因內容自第一期起即確定。,編目法
24105,2014-04-02,24105_A02,何謂開放性款目？,開放性款目適用於連續性出版品的著錄，表示款目內容是活的、持續進行中的資料。例如卷期項以「-」標示持續出版，出版年以「-」表示資料持續未結束，冊數單位標示累計數量單位而非固定數量。,編目法
24106,2014-04-07,24106_A01,大學、專門、國家圖書館是由哪些人負責選書？,一般而言，大學、專門、國家級等圖書館，或成立選書小組進行選書工作或由採訪館員負責選書與購書，以國家圖書館而言，是由圖書館採訪館員依據館藏政策蒐集相關書目後交由本館組成的選書委員進行審查後採購,編目政策與管理
24106,2014-04-07,24106_A02,這些人員的職責或工作項目為何？,採購書目來源可以是多元的，除館員自己所選的書外，也接受學者專家或一般讀者的推薦，實際運作方式依各圖書館的館藏與採購政策而定,編目政策與管理
24107,2014-04-13,24107_A01,現在有哪些圖書館採用《主題表》？,本組目前無相關統計資料，無法提供名單。但可透過統計合作館中 tag 6XX $2 標示為「lcstt」者，即可得知使用主題詞表的圖書館。,主題法
24108,2014-04-13,24108_A01,處理英文書的作者號有哪些通用方法？,英文書的作者號一般可採用 1. 四角號碼著者號取碼 請參考中文圖書分類法2007年版附表附錄1: http://catbase.ncl.edu.tw/App3/html/080815/b13_app01.pdf 2. 克特號取碼方法 請參考中文圖書分類法2007年版附表附錄3: http://catbase.ncl.edu.tw/App3/html/080815/b13_app03.pdf 錢月蓮 20140414,作者號及輔助區分號
24109,2014-04-15,24109_A01,登錄號187824-149是依據何種原則或分類來編號的？,登錄號的構成設計很多元，由系統廠商配合使用機構需求設計產生，若為圖書館自動化系統，一般有兩種情形，一是機構館藏條碼流水號，一是系統自動產生的虛擬條碼號，此種號碼通常以系統號 + 流水號的形式呈現。,其他
24109,2014-04-15,24109_A02,登錄號187824-149屬於哪個機構的典藏？,187824-149是「至元通行寶鈔」拓片的登錄號，為中央研究院歷史語言研究所的典藏，該號碼可能是原始拓片登錄編號，被註記於青銅器拓片資料庫中，也可能是青銅器拓片資料庫本身的文件編號。,編目法
24110,2014-04-17,24110_A01,本館西文圖書採國會分類法，如遇到索書號全部一樣時，區分號如何取?,"同類號又同作者號時，再區分方式有2種： (1) 在作者號後 + 阿拉伯數字 或 (2) 在作者號後 + 英文字母。When two authors share the same number, it is advisable to add a digit. A good number to select is 5, as there is then room on both sides for additional interpolation as necessary. A book already in the collection by Richard Colby would be C686. A new book to be added to the same classification number by another author named Colby would need a different author number. A book by Simeon Coby could then be C6865. This leaves room for the insertion of additional authors between Richard and Simeon ─ using C6862, C6863 and C6864. 上述原文摘自Cutter表中""How to use the Cutter-Sanborn Table""，係用阿拉伯數字的作法，第一位用C686, 第二位同號作者用C6865, 是預留2-4間的空號。當然也可以採用流水號1, 2, 3, …的方式。 國圖是用a, b, c,…. 的方式 如第一位作者C686, 第二位同索書號的作者用C686a, 如此類推。",作者號及輔助區分號
24111,2014-04-18,24111_A01,介紹臺灣某一縣市地方美食的圖書，分入538.7833適合嗎？,"類號427是收錄飲食及烹飪方面的文獻，重在食物的烹飪方法與食材的保存及餐桌餐具佈置等。類號538.78是收錄各國飲食風俗的文獻，是各國相沿而成的有關飲食方面的風尚習慣，譬如中秋節吃月餅, 上元節吃元宵, 或過新年要吃哪些食物等等。若為介紹臺灣某一縣市地方美食的圖書，個人以為歸入臺灣各縣市旅遊或人文較為適當。",其他
24111,2014-04-18,24111_A02,為何同作者同性質作品會分為427.07與538.78兩類？,實際仍須以在編文獻的內容來歸類。,作者號及輔助區分號
24112,2014-04-21,24112_A01,「匾額」圖書分類號是否適當分入929.7？,歸類上因沒有實際看到在編文獻，不敢隨便斷言，僅提供幾個建議的思考方向：921.7 建築裝飾 綜論匾額者、932.72 建築雕塑 專論匾額製作與雕刻者、856.4 應用文範 專論匾額賀詞者，可入語文類應用文。,其他
24112,2014-04-21,24112_A02,「匾額」圖書標題該如何給？,匾額在《營造法式》中稱為「牌」，是中國傳統建築中的一種裝飾，一般掛在門楣與簷頂之間，或於大門廳堂，或於亭台水榭，或於船坊，用做建築的標記，除建築園林匾，也有用於商店招牌，或祝賀獎勵。,主題法
24113,2014-04-22,24113_A01,Windows與Microsoft Outlook的取碼是否正確？,您的做法是正確的： Windows 取碼 W5 Outlook 取碼 312.949O9 或 312.949O97,其他
24113,2014-04-22,24113_A02,Microsoft Office按2007年版第778-779頁應如何取碼？,Microsoft Office按3.1規則取碼為O3，f在字母d與l之間，取前者d之對應碼3。但這也不是絕對的，還須配合各館各自的館藏情況而定，以本例來說：1. 若館藏O3原本已被其他軟體所用，又不採用3.5規則，也有可能取碼為O4。2. 若館藏O3原本已被其他軟體所用，再採3.5規則取第3個字母之對應碼，則取碼為O33。,機讀編目格式
24114,2014-04-23,24114_A01,原本已在書庫的圖書，一般圖書館會如何處理？是會回溯修改嗎？還是既往不咎？或有其他建議？,"一般不會回溯修改, 擇定一個時間分界點即可。 若貴館資源充裕要全部或部分回溯修改也無不可, 此為政策性問題, 選擇適合自己的方法即可。",其他
24115,2014-04-28,24115_A01,855.48 是什麼分類?,應該沒有這樣的分類號! 請問資訊得自何處? 按2007年版中文圖書分類法，現代散文之總集及別集都入此，只有855這個類號!,其他
24116,2014-05-01,24116_A01,有關類號 855.48 的使用情況，請說明,該類號並非國圖所採用。建議不要使用，該類號並不符合類表的邏輯架構，855 下的註釋說明已經說得很清楚：「現代散文總集及別集入此」，何需再自行複分？錢月蓮敬答 20140328,其他
24117,2014-05-06,24117_A01,室內設計類的書刊應歸入「422.1」或「967」，哪一類較適合？其分別為何？,室內設計入967為宜。但如家具選購擺設、窗簾等則入家庭裝飾422.3。,其他
24117,2014-05-06,24117_A02,教消費者如何購屋的書刊，應歸入「544.89」或「422.1」，哪一類較洽當？,教消費者如何購屋的書刊可考慮554.89是房地產業或422.1購屋要則 Guidelines for buying house；建屋要則 Guidelines for building house，視文獻的內容而定。422.1此類號偏重整體居住環境所須注意的相關事項，554.89則著重購屋的交易與買賣。,編目法
24118,2014-05-14,24118_A01,同一本書的附錄(如成果報告一本，附錄為另一本)是否需另編不同的登錄號呢？,附錄若為另一本，仍要編不同的 登錄號 。 登錄號的作用(1)表示館藏及財產號；(2)便於清點與管理；(3)用登錄號可進行精確檢索結果,編目法
24118,2014-05-14,24118_A02,專門圖書館是否需要編訂索書號才能便於管理呢？,按理照索書號排較好，可以精確揭示館藏的學科或專科風貌,其他
24119,2014-05-11,24119_A01,《常用成語典》的作者號為什麽是 8347（國家圖書館）？,《常用成語典》作者為「弘雅圖書辭典編纂委員會」，國圖編目員取「弘雅辭」三個字為作者號8347，是從$a弘雅圖書公司取2碼，附屬層級$b辭典編纂委員會取1碼而來。貴館可以按先後次序逕取前三個字「弘雅圖」8345即可。,其他
24119,2014-05-11,24119_A02,《面對人生的10堂課》的作者號為什麽是 8729（國家圖書館）？,國圖編目員是取該書的主編「林慈敏」為作者號。有些圖書館會以叢書名為作者號，即取書名前三個字「面對人」8449為作者號。,其他
24119,2014-05-11,24119_A03,《第一次英語大發現 : 親子手冊》的作者號為什麽是 8933（國家圖書館）？,國圖的編目員將作者號直接取了編譯者「朱燕翔」。這樣的作法會導致原本應該放在一起的書被拆散，建議您該這樣取：805.18 8826 (026) → 叢書名8826的手冊 8933 → 手冊作者「朱燕翔」的作者號8933 如此，親子手冊才能與(1)《第一次英語大發現: 語音CD》及(2)《第一次英語大發現 : 中文導讀》歸置一起。,其他
24119,2014-05-11,24119_A04,《第一次英語大發現》套書又應如何編目？,此套書的第一個主體應為《第一次英語大發現 : 語音CD》，顧名思義是教兒童英語的讀物；《第一次英語大發現 : 中文導讀》是輔助前套CD的衍生物，或可視為前套CD的中譯本，兩套書間應建立相關關係，除利用欄位787作連結外，應以書名取作者號，如此兩套書才能夠集中。而《第一次英語大發現 : 親子手冊》顯然是給父母親閱讀的書，目的是教導父母如何幫助孩子閱讀這兩套書用的，是前兩套書的使用手冊，所以也不應與前兩套書分開。同樣的透過欄位787連結前兩套書。,編目法
24119,2014-05-11,24119_A05,如果套書是兒童書（J），親子手冊、導讀亦應當作兒童書（J）？,基本上三者應視為一個整體來處理。《中文導讀》與《親子手冊》都是輔助該套書的閱讀工具。假設J特藏代碼的書與沒有J的書是分開排架的話，《中文導讀》與《親子手冊》建議也應冠特藏代碼「J」。,主題法
24120,2014-05-18,24120_A01,兒童書為套書時，若出版社加入另外作者，是否可以取叢書名為著者號？,叢書作者若不只一人，作者號取叢書名或主編名，個人較鼓勵大家用叢書名，有些叢書的主編會換。,作者號及輔助區分號
24120,2014-05-18,24120_A02,同一作者的套書如《亞森羅蘋全集》，是否應取作者為著者號？,叢書的作者號 叢書作者若為同一人(或稱套書)，作者號取該書作者。,作者號及輔助區分號
24120,2014-05-18,24120_A03,為什麽國家圖書館《亞森羅蘋全集》分類號是876.57而不是876.77？,《亞森羅蘋全集》為法國小說，類號是876.57。作者Leblanc Maurice為法國人，先取法國文學876，再依照各國文學複分表(中文圖書分類法 2007年版 p.597)，文學體裁為小說，取複分號57，所以是876.57。,其他
24121,2014-05-19,24121_A01,有些叢書是沒有編號的，例如，《格林愛與關懷繪本》、《格林認識自我繪本》，如何處理？,沒有編號又要整套編，就自訂編號並於附註項說明。,其他
24121,2014-05-19,24121_A02,有些叢書是有編號，但又與書籍本身不相符，例如，《用點心學校》系列，如何處理？,"非計畫性出版的叢書最好單冊處理。...單本編用續編號「‧」點來表示。若硬要整套編取叢書名的編號v.301, v.310, v.314...是一定無法集中的。除非捨棄叢書編號，於分類號後先取叢書名當第一個作者號，再取各單本書的各別作者號。",其他
24122,2014-05-21,24122_A01,「Colonial modernity in Korea」ISBN 0674005945 一書的260出版年應如何著錄？,"出版日期和版權日期不同時，可同時著錄於260 $c 。例如： $aCambridge, Mass. ：$b Harvard University...,$c2000, c1999",編目法
24123,2014-05-21,24123_A01,甚麼是專業複分表？,我們沒有使用「專業複分表」這樣的用語，我想您可能指得是「專用複分表」或「專類複分表」。複分表：又稱附表或輔助表，是分類法必要的構成。複分表的功用：是將類目中有相同細分標準的子目特徵抽離出來，編製成表單並配以特定代碼，供主表相關類目進一步細分所用。,編目法
24123,2014-05-21,24123_A02,專業複分表的特質為何？,複分表的種類：通用複分表、專類複分表。通用複分表，指除少數例外可適用所有的大小類目；專類複分表則只限用於某大類或是某一大類下的子類。以中文圖書分類法而言，此種專用的類表共有45種，如經書複分表、中國哲學家複分表、各國文學複分表...，即針對某個類目專用的複分表。,分類法
24124,2014-05-25,24124_A01,公共圖書館上級主管機關為何？,公立公共圖書館種類及其主管機關： 1. 國立圖書館。主管機關：教育部 2. 直轄市立圖書館。主管機關：直轄市政府 3. 縣(市)立圖書館及縣(市)文化局(中心)圖書館(以下簡稱縣市圖書館)。主管機關：縣市政府 4. 鄉(鎮、市)立圖書館(以下簡稱鄉鎮圖書館)。主管機關：鄉鎮市公所及縣市政府 (依據圖書館法第三條：本法所稱主管機關，在中央為教育部；在直轄市為直轄市政府；在縣(市)為縣(市)政府),其他
24125,2014-06-03,24125_A01,台灣大學圖書館若要採用統一分類法處理中西文圖書，應選擇哪一種分類法？原因為何？,若西文書較多，可選擇國會圖書館分類法或杜威分類法，因抄錄LC書目資料較方便；若中文書較多，則應採用中文圖書分類法。但需注意，使用統一分類法會增加編目成本，因無法抄錄中文CIP或國圖書目資料，需自行原編，且人力不足時會導致待編書堆積。,編目政策與管理
24125,2014-06-03,24125_A02,統一處理中西文圖書是否比分開處理更優？,統一處理會增加編目成本且可能導致待編書堆積，而分開處理可善用抄錄資料機制。就閱覽服務而言，中外文混排不被歡迎，且讀者多以主題詞查詢，不必過度重視分類號。可嘗試在外文書目中增加中文主題詞作為折衷方案。,其他
24126,2014-06-09,24126_A01,《News coverage of coal miners' strikes in the United States》一書的杜威分類號070.4493318928223340973是如何組配的？,"此號070.4493318928223340973組配過程可分成4部分說明： 070.449 ＋ 3318928 ＋ 22334 ＋0973 1. 070.449 → Journalism- Specific subjects 新聞專題報導基本號 從書名或內容上就已知道此書是有關美國礦工罷工事件之新聞報導，所以先選070.449新聞專題報導，在此類號下有說明再依001-999主題複分，所以在選strikes罷工方面之類號 2. 331.8928 → Strikes (331.892) – Strikes by industry and occupation (331.8928) 在331.8928下有說明文字：以331.8928為基本號，可再細分，細分方式根據6類之620-690，也就是照某些製造業或行業再予以更精確的分類，於.89282 - .89289 3. 22334 → 查表622.3為Mining for specific materials － 622.33 Carbonaceous materials － 622.334 Coal, graphite, solid and semisolid bitumens 就內容知道其為煤礦，所以於331.8928後在加22334，(4則是根據.331-.337說明要再參考553.21-553.27而來) 4. 0973→ 因報導內容為美國，所以最後加美國史地複分 (Table1-2) 得出070.4493318928223340973這樣複雜的號碼!",其他
24126,2014-06-09,24126_A02,《Circulation in monkey brains》一書的杜威分類號573.8621198是如何組配的？,"思考的方向是Circulation是集中或分入各別器官或系統? 查表得知573.1 circulatory system類目下有說明：For circulation in a specific system or organ, see the system or organ, plus notation 21 from table under 573，所以決定分類先後次序： (1) 573.86 Central nervous system 腦入此 Life science－Biology－Nervous and sensory systems－Central nervous system (Class here brain) (2)573.86按照573的複分表 (DDC22 v.2 p.1113)＋21 Circulation in the system複分→ 573.8621 腦循環 (3)573.8621→再按571.1指示說明＋198，1是animal, 98是靈長類 573.8621198→靈長類動物的腦循環系統",其他
24127,2014-06-10,24127_A01,西文書版權頁上的數字排列代表什麼意思？,確實有看過這樣的數字，但不是編目著錄的元素，是出版社自己內部的識別代號，只有出版社自己用得著。,機讀編目格式
24128,2014-06-11,24128_A01,在西文書編目中，精平裝共用一筆書目時，若下載的書目300段分欄c為精裝高度，但實際手邊為平裝書籍，是否需要將下載的精裝高度改為平裝高度？,請以在編文獻確實著錄。若手中資料為平裝，即便抄錄的資料是精裝的公分數，也請改為平裝! (除非貴館同時有精裝和平裝),機讀編目格式
24128,2014-06-11,24128_A02,國外編目規則是否有說明精平裝共用書目時的處理方式？,目前，我個人還沒有讀過這麼細節的編目規則，或許，在某個圖書館的作業手冊中會有說明吧。,其他
24129,2014-06-15,24129_A01,在版權頁與 CIP 資料不一致時，編目時應如何處理版本及出版年資訊？,"取在編資源上實際印有的資料著錄。CIP的資料是出版前的資料與後來實際出版的資料有所出入是很常見的事，因為有很多出版社在申請CIP後仍會自行修正出版資料而未通知書號中心，造成資料上的歧異。不過，編目仍應取編目員本身所看到的資料著錄，所謂Take what you see。所以，此例的處理方式可以是這樣的： 250 ## $a革新初版 260 ## $aXXX :$bXXXX, $c2010印刷 500 ## $a本書為2010年3月革新初版第12刷，預行編目資料錄有「初版2003年」",編目法
24130,2014-06-17,24130_A01,在MARC21裡欄號008出版年該為什麼呢?,"junior的問題：在版權頁上只有「革新初版第12刷 2010年3月」,但在 CIP 卻錄有「初版 2003年」。編目時版本及出版年應這樣處理：除260著錄印刷年外, 定長欄008的部分可以這樣著錄: 008 / 06 日期類型 = r  重印再發行日期與原版日期 008 / 07-10  著錄重印日期  2010 008 / 11-14  著錄原版日期  2003",編目法
24131,2014-06-17,24131_A01,中文名稱權威資料庫是否已建立並可供使用？,已整合入臺灣書目整合查詢系統，該系統於102年4月啟用。,權威控制
24131,2014-06-17,24131_A02,如何取得中文名稱權威資料庫的使用操作說明？,相關使用操作說明已請國家書目中心與您連繫說明。,編目政策與管理
24132,2017-03-22,24132_A01,圖書有哪3個內容主題的標目方法？,"Yuki: 您好, 以文字表述圖書主題的方式，一般有： 1. 標題詞 2. 主題詞 (又稱敘詞、敘述詞) 3. 關鍵詞 關鍵詞為非控制自然語，標題與主題詞則為控制語詞，受詞表控制，兩者的差別，在詞彙的組配方式不同。標題是前組式主題法，主題詞是後組式主題法。",主題法
24133,2017-03-23,24133_A01,中文圖書分類法(2007年版) 中「509 安西縣」地名類目是否需修正更新？,"Fumi: 您好, 我們會盡快更正。 感謝您的提醒，有您真好! 錢月蓮敬答  20130323",其他
24134,2014-06-19,24134_A01,為何大多圖書館的OPAC檢索只允許使用右(後)切截而不允許左(前)切截？,傳統的書目檢索系統，受限於資料庫管理系統特殊的索引製作方式，僅能以布林邏輯及右切截比對功能提供資料查詢，但新一代全文資訊檢索系統則無此限制。,其他
24135,2014-06-20,24135_A01,「第x屆國際研討會論文集」這樣的圖書，定長欄會議代碼要給「1」嗎，還是不算會議紀錄呢？,「第x屆國際研討會論文集」，屬於會議出版品，這樣的圖書008位址29用代碼1 (008/29=1),機讀編目格式
24135,2014-06-20,24135_A02,兩個出版者都在台北市時，210字段是用兩個「$c」區隔，還是用逗號區隔即可？,"出版地同，只要著錄一個。260 ## $a臺北市 :$bXXX出版 :$bXXXXXX發行, $c2014.06 (MARC21) 210 ## $a臺北市 :$cXXX出版 :$cXXXXXX發行, $d2014.06 (CMARC)",編目法
24136,2014-06-23,24136_A01,使用地方名如城市名（London）、省州名（Ontario、California）等有什麽指引？,"地方名為自由詞，屬增詞範圍。可參考中文主題詞表附表三標引詞目, 查無者可自行增加，若主題詞有作權威檔,則可參考 中國編目規則第二十三章 的相關規定。",主題法
24136,2014-06-23,24136_A02,使用地理名如美國南部等有什麽指引？,"「描述」是動詞, 不適合作主題詞, 其實用該地的地名即可, 或另再加「概況」一詞。",其他
24136,2014-06-23,24136_A03,《主題表》沒有「描述」一詞，城市介紹（不是遊記）應怎樣處理？,"「描述」是動詞, 不適合作主題詞, 其實用該地的地名即可, 或另再加「概況」一詞。",主題法
24136,2014-06-23,24136_A04,《主題表》沒有「讀本」一詞，兒童英語讀本應怎樣處理？,"兒童英語讀本, 可以這樣標引:「英語」、「讀本」、「學齡兒童」或 「學前兒童」。",主題法
24136,2014-06-23,24136_A05,英漢字典是否用：英語、漢語、字典呢？這與漢英字典有何分別？,"漢英詞典與英漢詞典，基本上是這兩種語言的詞典，所以可以這樣標引：「漢語」、「英語」、「詞典」。 主題詞的作用僅在用語詞標示文獻的內容, 有其限制性，不同於書名關鍵詞檢索，應視情況選擇適切的檢索策略。不過，可以於分編討論會提出， 看是否要新增「漢英詞典」「英漢詞典」「漢法詞典」...這類詞目!",主題法
24137,2014-06-24,24137_A01,兒童英語讀本應如何標引？,"請用「中文主題編目規範系統」查詢主題詞。《中文主題詞表》內容自2005年修訂版後就未再出新版, 所以紙本內容沒有更新, 但系統中的資料有更新。",主題法
24138,2014-06-27,24138_A01,外文編目中，MARK21的830欄位，分欄n、分欄p、分欄v要如何區分？可否舉一個實際例子同時包含此3個分欄？,"欄位830:#0 $a集叢題名. $n集叢編次, $p集叢編次名稱；$v集叢編號例:830 #0 $a中學生文庫. $n6, $p史地類；$v20",機讀編目格式
24138,2014-06-27,24138_A02,該集叢名稱應用於欄位240和490時，又該如何著錄？,"欄位490沒有$n、$p：490 1# $a中學生文庫. 6, 史地類 ; $v202. 與830相關欄位為490、500、533與240似無關係。劃一題名：130 主要款目劃一題名 (沒有1XX段, 以書名為主要款目)240 劃一題名 (有1XX段) 630 主題附加款目劃一題名 730 附加款目劃一題名830 集叢附加款目劃一題名",編目法
24138,2014-06-27,24138_A03,"Survival in Athens and Sparta, vol. 1在欄位240中，vol. 1要如何著錄？","Google Search已知Survival in Athens and Sparta共2冊, 此為一套書，而非叢書，翻譯作品, 可以套編, 2冊著錄於稽核項, 若要單冊編, 240段不錄部冊號, 245段著錄於$n：240 10 $a Survival in Athens and Sparta $l中文( 在欄位240段沒有著錄vol. 1的分欄)245 10 $a雅典•斯巴达大历险. $n1 /$c….錢月蓮敬答 20140630",編目法
24139,2014-06-27,24139_A01,CMARC格式中，兩個出版者出版方式相同時，應使用逗號還是$c字段？,二個出版者(CMARC)之機讀格式著錄:210 ## $a臺北市$c台大出版$c文成出版$d民XX錢月蓮敬答 20140630,機讀編目格式
24140,2014-06-30,24140_A01,"《分類法》的909.8, 909.9 和 910.99 是否分別對應藝術家和音樂家？而810.9 是文學史，是否沒有文學家的分類號？","《分類法》的909.8, 909.9 和 910.99 確實分別對應藝術家和音樂家。810.9 是文學史，但沒有專門的文學家分類號。",其他
24140,2014-06-30,24140_A02,為何《分類法》中沒有專門的文學家分類號？,"沒有專號就沒有啊，並不影響。總傳入782.24文苑；分傳入782.8-。若內容含傳記，但大部分在探討其文學作品者，歸入該作家之文學作品。我認為這樣安排也不無道理, 因文學家與其他學科專家的重疊性相對較高, 譬如許多理工學者或藝術家本身也擅長寫文學作品, 它們的傳記您要歸文學類還是其他專科呢?",其他
24141,2014-07-01,24141_A01,中文圖書分類法是否有包含fiction等小說類的書？,小說是一種很普及的文學體裁，在圖書分類法中絕對不可能缺席。中文圖書分類法與小說相關的分類： 小說評論 812.7世界小說總集 813.7中國小說評論 827…中國小說文本 857…其他各國小說，是在各國文學後加複分57。如：日本小說 861.57韓國小說 862.57英國小說 873.57美國小說 874.57德國小說 875.57…,其他
24141,2014-07-01,24141_A02,小說類的書是否都歸在800語言學及文學之下？,不是都歸在800語言學及文學之下。中文圖書分類法中，小說類別有獨立的分類碼，如世界小說總集 813.7、中國小說評論 827、中國小說文本 857，以及各國小說在該國文學後加複分57（如日本小說 861.57）等。,其他
24142,2014-07-02,24142_A01,澳洲作者的兒童文學應如何編分類號？,中文圖書分類法中有關文學作品的分類是按作者的國籍，所以澳洲作者所寫的兒童文學作品是歸在887.159。887.1是專號，再依「各國文學複分表複分」＋59＝887.159。,作者號及輔助區分號
24142,2014-07-02,24142_A02,中文圖書分類法的分類號格式規則為何？,中文圖書分類法基本號為3位數，3位數後＋「．」點細分，為基本類型，複分時不會另加點。只有方志類例外，如672.19/101.4，除符號「/」後可能有「．」出現外，其他不會有2個點的情形。,分類法
24143,2014-07-02,24143_A01,不同類號，但作者號相同怎麼處理？是否還是加:2？,不同類號但作者號相同時，索書號本就不相同，因此不需要加作者區分號。例如，同一位作者的兩本書因類號不同，其索書號自然不同（如520.9 8758與855 8758），不會產生重號問題。常用輔助區分號「:」與「-」的用法：1.「:」用於同類書不同作者但作者號相同的情況，此時後到的書需在作者號後加「:2」、「:3」等；2.「-」用於同類書相同作者且索書號相同時，用作品號「-」區分先後次序（如855 8758-2及855 8758-3）。,作者號及輔助區分號
24144,2014-07-03,24144_A01,同作品但不同語言的出版品在作者號區分上是否算不同著作要加-2？,分類是按作品內容分，同作品的不同語文只能算不同表現形式(或不同版本)，兩書的索書號是相同的，此時要進一步區分重號的問題,作者號及輔助區分號
24144,2014-07-03,24144_A02,如何區分同作品不同語言出版品的重號？,1. 可以加版本的年代來區分，即在索書號後加出版年代。如：861.57 8354 2013 2. 可於中譯本中另多加翻譯者的作者號。如：861.57 8354 8357 我個人比較喜歡第二種作法，不僅可以將原作品的不同翻譯版本集中，又可區分其中翻譯本的再版。,作者號及輔助區分號
24145,2014-07-03,24145_A01,國小外文圖書適合用哪一種分類法?,這個問題屬於政策性問題與管理問題，不應由我回答或某個館員決定，應由貴校圖書館(室)工作人員討論後共同決定。可以提供幾個思考的方向：1. 需要仰賴抄錄編目嗎？2. 採購的外文書都屬哪類？單純的兒童文學類書籍嗎？假使外文書不少又沒有專業館員幫忙處理，須抄錄LC的編目資料，那麼，選擇LC或杜威法皆可，但因為杜威法的分類符號架構與中文圖書分類法相似，若選擇杜威法，應避免與中文圖書分類相互混淆，管理上應另置一區或有特藏符號以資區分才是。假使採購的外文圖書都是兒童故事書，不涉及判讀圖書內容主旨，又有多語種館員會編目，外文書其實也可以用中文圖書分類法來取分類號，作者號則取四角號碼之羅馬字母號碼，也不失為一種很好方式。,編目政策與管理
24146,2014-07-08,24146_A01,外國古代帝王(例如路易十六世)分傳應歸入783-787各國傳記分傳，或各國歷史？,"分類有原則但不是規則，是活的是很藝術性的，不是機讀格式或編目規則說一是一，您用「...該分入...」只能算是一種原則, 需以實際在編文獻內容為準。一般而言，講帝王的傳記，內容多半會牽涉到那個時代的政治與歷史, 涉及層面超乎個人, 所以會考慮將帝王傳記歸入各國之歷史，是因為內容講述很多帝王的政績。但一本書只是講帝王個人的嗜好、收藏品或羅曼史...等, 並無涉及那個國家的政治與歷史或簽社的層面不多, 仍應歸入各國個人傳記。分類是按書的內容主旨及作者意圖來歸類。",其他
24147,2014-07-08,24147_A01,西文編目時，副題名要另作相關題名嗎？例如另作517段,不論中西文或不同資料類型文獻，都應該完整著錄副題名，除下列情形例外:1. 副題名不具檢索意義。2. 副題名過於冗長，可省略其無關重要部分(參見中國編目規則1.1.4.1),編目法
24147,2014-07-08,24147_A02,若要另作517，標點符號要去掉嗎？,標點符號著錄請參考中國編目規則1.0.3。以(：)引出副題名。副題名的著錄與正題名一般，都是照錄原則，若文字間出現標點符號是照錄的，不確定您所說「標點符號要去掉嗎？」是什麼意思。系統會自動帶出標點符號(根據分欄內設好的)，館員不用自己鍵，但並不表示要去掉標點符號，CMARC標點符號也是依據ISBD著錄，是國際標準。,編目法
24147,2014-07-08,24147_A03,有意義的句子才另作517，沒意義的，例如「：law and legislation」這種的副題名就不用作517嗎？,law and legislation個人認為可以作副題名，題名關鍵詞檢索會用得到!,其他
24148,2014-07-09,24148_A01,簽名書在編目上是否有需要注意的事項？,一般在編目上沒有特別需要注意的，可以在採購模組作內部註記。,編目政策與管理
24148,2014-07-09,24148_A02,簽名書的處理方式為何？,假設要在WebPAC顯示「XXX簽名書」，可註記在一般附註項。,編目政策與管理
24149,2014-07-09,24149_A01,圖書附件應如何處理？,圖書附件應隨書放置在一起，除非附件另需要特殊的保存環境或播放設備。隨塔羅牌的書附送的塔羅牌，應與書同放在一起。,主題法
24149,2014-07-09,24149_A02,附送的塔羅牌可否外借？,"隨塔羅牌的書附送的塔羅牌，應外借。若怕遺失的話, 可另置一盛裝盒或紙袋置於書架上,三者分別貼上條碼號及書標。",其他
24150,2014-07-11,24150_A01,圖書館有採購一些國外圖書，可書上的ISBN無法在教育部聯合書目或國家圖書館書目中心查詢到相關資訊，造成外文書籍編目困難是否有更合適的方法?,"外文圖書書目資料查詢最佳網站，應是美國國會圖書館的線上目錄查詢系統。 Library of Congress Online Catalog http://catalog.loc.gov/ 一般網路上書商的目錄雖沒有提供機讀格式，但有很多附有分類號(國會圖書館分類號或杜威分類號),自己加作者號即可, 若實在查不到又不會分類, 就找一本內容相近的書, 抄它的分類號吧。",其他
24150,2014-07-11,24150_A02,對於外文姓名的作者，通常是用翻譯過來的中文字姓名來取作者號，還是使用作者的原文姓名?,"對於外文書的作者，若該本書為翻譯本, 原作者有中文翻譯名字, 當中文書處理, 用中文圖書分類法分類, 以中文譯名取作者號。 原文外文書, 應用原文姓名取作者號。",作者號及輔助區分號
24150,2014-07-11,24150_A03,外國的作者該如何取得作者號?,"外國作者的取號, 可用「克特號」或「四角號碼羅馬字母號」, 取號方法可參見中文圖書分類法附錄1(p.774)及附錄3(p.778-779)。",作者號及輔助區分號
24151,2014-07-24,24151_A01,如何定義版次及版本?,"版本最初用於描述書籍的不同形式、狀態或內容。書籍以外, 現今版本也常用於描述電影、軟體等事物。一個事物可能因各種原因而有不同版本，如作者修訂、發布環境改變、傳播過程影響等。不同版本的差異形形色色，如某歌手所發行的同張專輯可能同時發行CD和錄音帶版本；某部法律為適應社會新變化，於經過修訂後發布並生效新版本。版次是說明版本的編碼方式。",作者號及輔助區分號
24152,2014-07-25,24152_A01,465.2染色工藝與478.13製造程序在印染概念上的差異為何？,465.2染色工藝指染料化學，研究染料分子如何通過吸附、擴散等作用轉移至纖維，涉及染料分類、結構、製法、性能等；478.13製造程序則指纖維工程中的染整製程，包含染前處理、印染過程（含染色或印花）及染後處理等步驟。,編目法
24152,2014-07-25,24152_A02,465.2與478.13兩類號在給予上的區隔為何？,465.2屬於化學工業的染料化學領域，478.13屬於纖維工程的製造程序領域。前者研究染料的科學特性，後者著重於工業製程的實際應用，因此在類號歸屬上分屬不同領域。,其他
24153,2014-07-31,24153_A01,4人以上中文文獻是取著錄後的第1位作者還是取題名？4人以上西文文獻其作者號是否取題名？,根據中西文編目規則，凡4人以上之著者，著錄時以首位作者為主加以著錄，其餘作者可省略不著錄。作者號取碼自然是依首位作者取碼。,編目法
24153,2014-07-31,24153_A02,西文資料以題名取作者號的情形是否正確？,西文資料以題名取作者號的情形，是表示沒有負主要責任的作者，包含：1.個人作者不知或不清楚（三人以上共同負責的作品，沒有表明主要作者）；2.在編輯者指導下產生的文集或著作且有總題名者；3.宗教文件或古老的佚名作品。,作者號及輔助區分號
24154,2014-08-04,24154_A01,單張字卡(盒裝64張)應如何編目?,"單章字卡, 我們稱閃示卡。閃示卡詳細之著錄規則，應看中國編目規則「第九章 靜畫資料」。摘要著錄重點如下:1. 主要著錄來源閃示卡主要著錄來源為作品本身及其不可分離之盛裝物。2. 閃示卡題名取主要著錄來源上的共同題名, 若無共同題名, 可依次自下列來源中取得：盛裝物、文字附件(手冊)。3. 著錄閃示卡稽核細節, 如：共64張閃示卡裝於塑膠套內, 或紙盒內… (閃示卡單位用張)閃示卡為彩色, 高廣為 30 X 15公分4. CMARC欄位116資料代碼欄(圖片)選用j5. MARC21 LDR 06=k (閃示卡屬二維非放映圖像);008 → 視覺資料(Visual materials) 008/18-20=nnn 008/33=o (閃示卡)007 → 非放映圖像(Nonprojected Graphic) 007/00=k(非放映圖像) 007/01=o(閃示卡)",編目法
24154,2014-08-04,24154_A02,比較屬於教具類 若要列入編目 應如何處理較妥當呢?,"閃示卡為彩色, 高廣為 30 X 15公分",其他
24155,2014-08-06,24155_A01,圖書館書目記錄不一致且資料欠缺時，應如何處理？,建議先從未處理的圖書開始處理，行有餘力再回溯或修正舊有的書目紀錄。可參考NBINet各類型核心書目紀錄(Google Search)，訂定自家圖書室必要著錄之項目，作為資料著錄標準。處理原則應紀錄下來，供後繼者依循，避免書目不一致情形。若為抄錄編目，建議固定抄錄某一、二個圖書館的書目資料。,其他
24155,2014-08-06,24155_A02,作者號不足時，如何取其姓之四角數？,作者號四角號碼取碼規則有一定之做法，請參考中文圖書分類法附錄1，至於姓名的四角號碼取號可利用輔仁大學圖書館採編組四角號碼查詢系統http://140.136.208.9/training/4codes/4codes.asp,作者號及輔助區分號
24156,2014-08-07,24156_A01,規劃漁類書刊圖書室時，如何進行初步整理與分類？,"1.確定要編目者與暫不編目者:如圖書與期刊分離, 期刊依刊名排列於書架上先暫不編目, 只要知道有哪幾種期刊即可；小冊子(50頁以下)先置於立式盛裝盒內；2.淘汰太破舊、殘缺不全...等不必要典藏的圖書文獻。",編目政策與管理
24156,2014-08-07,24156_A02,僅有一人負責時，如何建立圖書編目與管理系統？,"1.將待編書區分為參考書、普通書，參考書、新書、讀者推薦之書應優先編目。 3.1萬5千冊圖書數量不多, 若沒有正式的圖書管理系統, 可利用Excel應用程式建立書目查詢清單：建立幾項查詢欄位：如登錄號、ISBN、書名、作者、出版社、出版者、出版年、索書號，待以後有屬於自己的圖書館自動化系統後, 可將Excel書目檔轉成MARC標準書目格式。",編目政策與管理
24156,2014-08-07,24156_A03,如何建置漁類書刊的索書號（分類號+作者號）？,"魚類分類:388.5 (見中文圖書分類法2007年版p.208頁),漁業分類:438 (見中文圖書分類法2007年版p.283-285頁),作者號取法 (見中文圖書分類法2007年版附錄1-3, p.283-285頁),分類號詳簡可自行斟酌。",作者號及輔助區分號
24157,2014-08-07,24157_A01,中國圖書分類法增訂八版中945.6類號如何使用？,"945.6 中國畫冊專譜(中國圖書分類法增訂八版) 應指「個人畫家」畫的中國畫作品, 作品內容體裁含各種中國畫, 如含山水畫也有花鳥畫。",編目法
24157,2014-08-07,24157_A02,中國圖書分類法增訂八版中945.5類號如何使用？,"945.5 中國畫冊叢譜(中國圖書分類法增訂八版) 應指「多人畫家」畫的中國畫作品, 作品內容體裁含各種中國畫。",其他
24158,2014-08-09,24158_A01,有關讀書會的書籍的分類號「528.18」是什麼來源？,「528.18 讀書會」是國圖於2010年1月新增的類目，是八版使用的類號。,其他
24159,2014-08-13,24159_A01,國圖目前對西文RDA編目中超過三人以上合著的處理方式為何？,一、有關西文RDA編目超過三人以上合著，打破不過三的原則，LC於245段平等對待每一位著者。至於100和700的問題，應先看是Creator或Contributer，若為創作者，第一位作者仍著錄於100段，245段指標1應為1；若是編者或其他屬Contributer者，第一位作者應是著錄於700段，245段指標1應為0。,編目法
24159,2014-08-13,24159_A02,國圖目前對西文RDA編目中超過三人以上合著的兩種處理方式導致著者號取法依據不同的情況，可否給予建議？,"二、上述2冊圖書：1. ISBN 9780415524377一書，著錄於100和245/10應沒有問題；2. ISBN 9780321910066一書，Diversity amid globalization : world regions, environment, development / Les Rowntree, Martin Lewis, Marie Price, William Wyckoff.(Sixth edition)較有疑問，有兩種可能:(1) 作者群原本即是編者。(2) 因為是第6版，前面已有5版，故作者號取號從舊，仍取書名為作者號，將作者全著錄於700段。",其他
24160,2014-08-14,24160_A01,編目時須著錄無效的ISBN嗎？,"標準號碼的著錄也是遵循照錄規定, 手中的在編資料, 若有無效的ISBN要照樣著錄, 照錄在$z。ISBN碼印錯, 重複給號後修正...等都可能產生無效的ISBN",編目法
24160,2014-08-14,24160_A02,無效的ISBN代表什麼意義？,"即便是錯誤的ISBN, 仍是一個查詢書目的檢索點, 讀者只知一串的號碼而不會分辨孰是錯誤的號碼, 若因為錯誤而不著錄會喪失一個獲得資料的檢索點",其他
24161,2014-08-19,24161_A01,"若書籍為影印本(由於原本珍貴),著錄時該怎麼說明(欄位編目)?","關於影本書目紀錄的處理:若以手邊的「影印本」編一筆書目紀錄, 書目紀錄主要部分即用來描述「影印本」該著錄的項目。另利用欄位534說明原始版本的相關資料, 分欄依序如下：534##$p, $a, $t, $b, $c, $e, $f, $n$p前導說明$a原版主要款目$t原版題名$b原版版本敘述$c原版出版項$e原版稽核項$f原版集叢項$n原版註詳見MARC 21 534http://www.loc.gov/marc/bibliographic/bd534.html例：中文圖書分類法2007年版因已買不到, 所以於2014年8月18日影印一本入藏。書目資料以影印本著錄完後, 於欄位534著錄原版之資訊:534##$p原版資訊: $c臺北市 : 國家圖書館, 2007.12, $t中文圖書分類法.2007年版. 以上供參錢月蓮敬答 20140819",編目法
24162,2014-08-26,24162_A01,如何將MARC 21轉成 C MARC？是否有轉檔程式？,如果例行編目作業需要CMARC書目紀錄，建議使用本館的「臺灣書目整合查詢系統」，可將查到的書目，以貴館所需的CMARC格式輸出。網址為 http://metadata.ncl.edu.tw ，系統使用方式可查閱該網站提供的說明，或逕洽本館書目資訊中心，聯絡方式為：nbinet@ncl.edu.tw 或 02-23822374。本館目前並無MARC21轉CMARC之批次轉換外掛程式。,機讀編目格式
24162,2014-08-26,24162_A02,因沒有經費請廠商提供 C MARC，是否有其他解決方案？,建議使用本館的「臺灣書目整合查詢系統」，可將查到的書目，以貴館所需的CMARC格式輸出。網址為 http://metadata.ncl.edu.tw ，系統使用方式可查閱該網站提供的說明，或逕洽本館書目資訊中心，聯絡方式為：nbinet@ncl.edu.tw 或 02-23822374。,其他
24163,2014-08-26,24163_A01,是否有UTF-8轉成CCCII字碼的程式可用？,若貴館是由本館全國圖書書目資訊網(NBINet)轉出之書目檔案，可利用本館編目園地提供之「CMARC3-XML 轉換程式」進行 UTF-8轉成CCCII字碼，該程式提供免費下載與離線使用，相關檔案下載及操作方式請詳見編目園地網頁說明(http://catweb.ncl.edu.tw/portal_d8_page.php?button_num=d8&cnt_id=8),機讀編目格式
24164,2014-09-03,24164_A01,請問下列LC類號的正確排序為何？,上述排架順序為(5)(2)(3)(1)(4),其他
24164,2014-09-03,24164_A02,LC類號排序遵循哪些規則？,"採美國國會圖書館分類法之西文圖書排架方式：1. 分類號及作者號: 字母後按數值(numerical value) 按字母順序後再依「整數小大」排列, 小數點後之數字則依「小數點之小大」排列：第一層: 英文字母 + 數字 (按數值 ) 如: HC53, HC532, HC54 順序是「HC53→ HC54→ HC532」第二層: 小數點 + 英文字母 + 數字(小數點後數字由小到大,一個數字比一個數字) 如: KK968.T72, KK968.T67, KK968.T78, KK968.T725, 順序是「KK968.T67→ KK968.T72→ KK968.T725→ KK968.T78」2. 年代號 3. 部冊號 如1898→ 1990→ 2001→2014 如 2001 v.1→ 2001 v.2…→2001 index→2001 suppl. 但，亦有圖書館將index置於最前面者，是基於方便讀者利用的觀點，因排架是左至右, 置於最前面最方便的位置：如 2001 index→ 2001 v.1→ 2001 v.2…→2001 suppl.",機讀編目格式
24165,2014-09-09,24165_A01,"台灣之中研院雖是由中國遷渡來台,但目前大陸仍有該機構,則其出版品是否宜入062.1呢?","目前只有一個中央研究院。中華民國政府在南京建立的中央研究院以及北平研究院，後因國共內戰隨政府遷往今台北市南港區。中華人民共和國成立後一個月(1949年11月)，於北京成立中國科學院，中國科學院簡稱「中科院」，其前身便是中央研究院，分數學物理學部、化學部、生命科學和醫學學部、地學部、信息技術科學部、技術科學部等6個學部。哲學社會科學部則於1977年5月另組中國社會科學院。中國科學院建議類號：306 8675 (8675為""中科院""的作者號，或取全稱前三字8657)中國社會科學院建議類號：506.22 8653",其他
24165,2014-09-09,24165_A02,"依分類法指示,中央研究院各專門研究所各入其類,若想將各研究所之出版品集中一處,是否於062.1下自行細分?",從合作編目的角度看，個人較傾向依照類表指示分類，盡量維持分類之一致性；另一方面，「各專門研究所各入其類」較符合學術分類之原則。若貴館典藏中研院之出版品有相當的藏書量，又開架特立一區，集中處理也無可厚非，譬如：《中央研究院基因體研究中心》一書，原應分入368.406 8455(1) 8685 。若要集中於062.1，則索書號可為062.1 8455(1) 8685 ： 062.1→ 類表中研院專號8455 (1) →基因體研究中心名稱之首尾五筆號；(1) 括弧中的數字1，係取自「附表十一 機關出版品排列表」，1為出版品屬性「概況」。8685 → 該書編者之作者號，若無可取書名代之。,編目法
24165,2014-09-09,24165_A03,"承上,若於062.1下細分,則類號將與應用附表十一(機關出版品排列表)複分有所衝突,該如何解決?",從合作編目的角度看，個人較傾向依照類表指示分類，盡量維持分類之一致性；另一方面，「各專門研究所各入其類」較符合學術分類之原則。若貴館典藏中研院之出版品有相當的藏書量，又開架特立一區，集中處理也無可厚非，譬如：《中央研究院基因體研究中心》一書，原應分入368.406 8455(1) 8685 。若要集中於062.1，則索書號可為062.1 8455(1) 8685 ： 062.1→ 類表中研院專號8455 (1) →基因體研究中心名稱之首尾五筆號；(1) 括弧中的數字1，係取自「附表十一 機關出版品排列表」，1為出版品屬性「概況」。8685 → 該書編者之作者號，若無可取書名代之。,作者號及輔助區分號
24166,2014-09-11,24166_A01,MARC 21中，008/23載體形式裡，o(線上資源)與s(電子資源)兩者的差別是哪裡？,線上資源指一般性網路資源，包含電子與非電子形式，如線上音樂資料仍屬音樂資料而非電子資源；電子資源分線上（遠端存取）與非線上（直接存取，如光碟載體）。008/23需配合LDR/06類型判斷，s為附件為電子文獻時使用，與ER 008/23代碼相同。,機讀編目格式
24166,2014-09-11,24166_A02,目前處理台灣學術電子書聯盟業務，所購得的電子書MARC都有856全文連結，這種情況在008/23是不是要選o而非s？,856段包含電子資源定位資訊，不影響LDR/008/006著錄。若主體為電子資源且為線上存取，008/23選o；若為直接存取（如光碟）則選q。建議參考LC Guidelines for Coding Electronic Resources in Leader/06。,機讀編目格式
24167,2014-09-16,24167_A01,在CMARC中，集叢書遇到作者(編者)改新名字該如何處理？,年鑑、年報等連續性出版品之作者號，建議取題名而非編者。若作者已取人名，遇到作者(編者)改新名字，於附註項說明即可，請勿更動原有的索書號。,作者號及輔助區分號
24168,2014-09-22,24168_A01,W84.1及W84.AA1的排序方式何者在先？,"W84.AA1應在先。此為NLM分類法，依類表類目體系W84先於W84.1；AA1是W84的複分號，取自Table G。W 84Health services. Delivery of health care (General) (Table G)Classify works on public health administration in appropriate WA number.W 84.1General coverage (Not Table G)依類表邏輯架構W84先於W84.1,AA1是NLM分類法地區複分表中，代表美國地區的號碼。",編目法
24169,2014-09-27,24169_A01,美國國會圖書分類法（LCC）中的數字是怎麼產生的？例如PL1455 K3 1996中1455是從哪個取的？,《美國國會圖書館分類法》（LCC）係在館長G.H.普特南主持下，根據該館藏書編制的綜合性、等級列舉式分類法。1899年參考C.A.卡特的《展開式分類法》擬定最早的大綱，然後按大類陸續編制並分冊出版。LCC每大類以一個大寫英文字母代表，復於每大類中按各該大類所涉及範圍，分為若干類（綱），亦以一個大寫英文字母代表；綱之下，再細分為若干小類（子目），子目係以阿拉伯數字代表，是採列舉性展開式（1～9999）。至於子目的阿拉伯數字怎麼產生? 最早大綱的擬定是根據卡特分類法，之後國會圖書館怎麼續編類號? 很抱歉，本人並無研究，基本上LCC的列舉式分類，大類順序並不全然合邏輯，類號常沒有附屬性，基本精神重在為現有館藏而設計，使用者重在查表，想知道阿拉伯數字怎麼編排? 或許直接洽詢LC較恰當。,機讀編目格式
24169,2014-09-27,24169_A02,柯特號的部分是如何取數字的？,"克特號的取法有兩種：1. 查表法，直接查克特表。2. 編號法：美國國會圖書館克特號取碼法是屬於「編號法」的一種，採用之克特號並非由克特所設計，但由於理念與取法相同，故仍以克特號名之。國會圖書館除了以主要款目來取克特號之外，也輔以主題、地名、甚至年代等來取克特號。也就是說這種取號法需要根據已取號碼調整取號，這種方法牽涉現有館藏及預留空間的問題，需人為干預，因此因人的不同，有時也會產生取號的差異性：(1) After initial vowels for the second letter: b d l-m n p r s-t u-y use number: 2 3 4 5 6 7 8 9(2) After initial letter S for the second letter: a ch e h-i m-p t u w-z use number: 2 3 4 5 6 7 8 9(3) After initial letters Qu for the second letter: a e i o r t y use number: 3 4 5 6 7 8 9 For initial letters Qa-Qt, use: 2-29(4) After other initial consonants for the second letter: a e i o r u y use number: 3 4 5 6 7 8 9(5) For expansion for the letter: a-d e-h i-l m-o p-s t-v w-z use number: 3 4 5 6 7 8 9 Numbers go in A 12-19.",作者號及輔助區分號
24170,2014-09-27,24170_A01,集元關係與屬種關係的差別為何？,屬種關係是普通概念與特殊概念間的包含關係，如水果包含芒果；集元關係是集合與元素的組合關係，如五官與眼、耳等。芒果與水果間僅能視為屬種關係，無法視為集元關係。,權威控制
24170,2014-09-27,24170_A02,是否有公式可判斷屬種關係與集元關係？,屬種關係的檢驗方法包含5種，但無法僅用兩句公式判斷。建議參考李海俠「論劃分和屬種關係」等學術文獻，因此為邏輯學術語，需專業知識才能釐清。,編目法
24171,2014-10-01,24171_A01,歷史類書籍中出現作者或案件的手稿照片、獎狀、契約書等照片或掃描圖，105段及215段的資料代碼應如何給才適當？,"根據中國編目規則，插圖應按類別詳記，如像、地圖、設計圖、圖表、書影、譜系表、表格、樂譜等。其他一般圖概以「圖」著錄。相關CMARC3欄位為215分欄c: 215 0_ $c圖, 像, 地圖... 105位址0-3, 按插圖代碼填寫。若無適當代碼可用，都選a=圖。照片及掃描圖在書中都已被製成「圖」而非原件。",編目法
24171,2014-10-01,24171_A02,歷史類書籍中出現的手稿照片、獎狀、契約書等照片或掃描圖是否屬於「圖」類別？,照片及掃描圖在書中都已被製成「圖」而非原件，因此屬於「圖」類別。,主題法
24172,2014-10-01,24172_A01,"未來少年月刊有執行副總編輯,主編,特約主編,資深編輯,編輯,在編目中的作者,如何取法?","欄位245並不需著錄上述資料,可以將它們全數記載於附註項中!若貴館認為245段需要著錄個人編輯, 那麼著錄「總編輯」職稱者即可。連續性出版品以刊名取作者號。CCR3.1.5.2 連續性出版品之個人編者無需著錄於著者敘述中。若有其重要性，則記於附註中。 AACR2 12.1F3 連續性出版品個人編輯者不作為責任說明紀錄。如果編目單位認為該編輯的說明很重要, 可著錄在附註中。",編目法
24172,2014-10-01,24172_A02,"未來兒童有副總編輯,副主編,資深編輯,編輯.在編目中之作者如何取法?","欄位245並不需著錄上述資料,可以將它們全數記載於附註項中!若貴館認為245段需要著錄個人編輯, 那麼著錄「總編輯」職稱者即可。連續性出版品以刊名取作者號。CCR3.1.5.2 連續性出版品之個人編者無需著錄於著者敘述中。若有其重要性，則記於附註中。 AACR2 12.1F3 連續性出版品個人編輯者不作為責任說明紀錄。如果編目單位認為該編輯的說明很重要, 可著錄在附註中。",編目法
24173,2014-10-07,24173_A01,題名為國家縮寫時，例如正題名為US airport，應直接以US取號，還是須以完整之United States來取號？,國圖的做法是以完整形式取號，如以United States來取號，而非以US airport來取號。,其他
24173,2014-10-07,24173_A02,題名中有-時，例如正題名為E-book，應以Electronic books、E book或E-book來取號？,國圖的做法是以完整形式取號，如以Electronic books來取號，而非以E book或E-book來取號。,其他
24174,2014-10-12,24174_A01,FRAD的中文名稱為何？,FRAD (Functional Requirements for Authority)，譯為「權威紀錄功能需求」或「規範紀錄功能需求」(中國大陸翻譯)。目前，我們圖書館同道，大多數是用「權威紀錄功能需求」。,權威控制
24174,2014-10-12,24174_A02,ORCID的中文名稱為何？,ORCID (Open Research and Contributor ID))，譯為「開放型研究者與投稿者識別碼」或「開放研究者與貢獻者身份識別碼」(中國大陸翻譯)。我個人不太清楚圖書館同道怎麼翻譯這個縮寫詞? 我看過柯皓仁老師寫得相關文獻是直接用原文ORCID的，我贊成柯老師的作法，這是一個國際性識別碼，應習慣直接用原文。若我自己需要翻譯的話，我會用「開放型研究者與貢獻者識別碼」。,作者號及輔助區分號
24175,2014-10-19,24175_A01,當遇到共同作者為合著者時，如何編作者號？,取排在首位(第一個位置)之作者的作者號。,作者號及輔助區分號
24175,2014-10-19,24175_A02,當遇到相同作者號的共同作者時，如何編作者號？,使用作者區分號，於作者號後加冒號「:」數字，例如：855 8226:2。,作者號及輔助區分號
24176,2014-10-29,24176_A01,為何中文圖書分類法中的700類從710開始，而非從700開始?,中文圖書分類法的架構與中國圖書分類法無太大差異，史地類的600與700合起來為完整史地類。600為史地總論（含中外史地學），610-690為中國史地，710-770為世界其他國家史地。原700的國外歷史學與地理學已併入600史地總論。,其他
24177,2014-11-02,24177_A01,電子書和電子期刊採單一紀錄或分立紀錄，各有何事項需要注意?,單一紀錄與分立紀錄都各有優缺點，另還須考慮在編資源是否是遠端存取的電子書及電子期刊等的問題，兩種方式沒有放諸四海的標準，應視資源出版或發布的情況而選擇適合的方式，個人反對將之定死，一律要有些適合單一紀錄有些適合分立紀錄。,編目法
24177,2014-11-02,24177_A02,若採分立紀錄，處理複本時會有何問題?,著錄複本應不會有問題(若為光碟片)，須考慮的因素是複製品(reproduction)才對，譬如有被製成微捲的情況，若為線上電子期刊本身，則很難辨識是否為複製品。,其他
24178,2014-11-05,24178_A01,中文主題詞表編例中第20類「學科派別主義名稱」是否指學科名稱、派別名稱與主義名稱三種？,應是學科名稱、派別名稱與主義名稱。即使是自由詞，但該詞彙有不同稱法時，仍須建立用與不用等的關係。,權威控制
24179,2014-11-06,24179_A01,內容封面相同的一本書，只有語言版本不同，可以視為複本書嗎?,不可以視為複本書。若一書有不同之語言版本，應視為不同的表現形式，須另立一筆書目紀錄,其他
24179,2014-11-06,24179_A02,索書號該怎麼區分?,索書號輔以年代區分。例如:第一本書的索書號為855 8758，另一本書的索書號須多加上出版年以資區別，假設是今年出版的書，可以這樣著錄: 855 8758 2014 (或用民國年103)。若不巧， 855 8758 2014亦有此索書號，可於年代後加「-」，如:855 8758 2014-2,作者號及輔助區分號
24180,2014-11-09,24180_A01,某紀錄片由同一出版社出版了兩套DVD，一為平裝版，另一為精裝版，但出版年皆不詳，這種情況，不應將其中一套作為複本處理，是嗎？,將平裝版、精裝版分開編目，編成兩筆書目紀錄，以後收藏的那筆在索書號加年代以區別。,編目法
24180,2014-11-09,24180_A02,因出版年從缺，如何在索書號分別這兩套DVD呢？,"如出版年從缺，有兩種作法著錄出版年 ： (1), 將DVD放入電腦光碟機中，使用桌面上的「我的電腦」或附屬應用程式內，找到此DVD的「檔案總管」有VIDEO_TS一個資料夾者，在此按滑鼠右鍵，內容選項點進去，即可看見此DVD的建立日期,以此為出版年。 (2), 如果(1)作法還是不知道建立日期，可依DVD入館收藏年為出版年，並在附註項說明「據入藏年著錄出版年」；若兩套DVD皆是同年入館，後收藏的那筆在年代號加「-2」即可 。",作者號及輔助區分號
24181,2014-11-11,24181_A01,什麼是檢索款目？,檢索款目，就是書目紀錄的檢索點，或稱標目，一般有個人、團體、地名、題名等。,編目法
24181,2014-11-11,24181_A02,解釋名詞：線上公用目錄(OPAC),"「線上公用目錄(Online Public Access Catalogue, OPAC)」是指圖書館所建置的館藏書目資料庫，提供使用者以線上檢索的方式，獲取圖書館的館藏資源。",其他
24182,2014-11-13,24182_A01,在http://catbase.ncl.edu.tw/App3/的‘中文詞表’查詢中，‘葡語’、‘西班牙語’、‘意大利語’的規範用詞是什麼？,語言和語種名稱屬自由詞，使用者可視需要自行增補。當您查閱「附表五 世界語種表」未找到可用詞彙時，可直接使用該語言名稱：如西班牙語、葡萄牙語、意大利語等。,其他
24183,2014-11-14,24183_A01,"前輩好:想請問著者如果出生到死亡跨越2個朝代(例:元末明初),在權威著錄該以出生年或死亡年?",權威紀錄中「朝代」的著錄，以卒年為準。若貴館採用的機讀格式是MARC 21，當確知該古人之生年卒年時，個人建議100 $d直接著錄較精確的生卒年而不是籠統的朝代，朝代可置於附註或個人傳記歷史資料。,機讀編目格式
24184,2014-11-19,24184_A01,MARC跟 metadata 有關嗎?,MARC是一種metadata。Metadata的中文翻譯有多種：後設資料、元資料、詮釋資料、中繼資料等等，一般將它定義為描述資料的資料（data-about-data），可以說是一種標準，是為支援互通性的資料描述，所取得一致的準則。,機讀編目格式
24185,2014-11-19,24185_A01,在MARC 21書目紀錄中文手冊-圖書、連續性出版品修訂版中，第145頁關於分欄$b之前應輸入「空格:空格」，在冒號之後的空格與LC MARC21上的例子不同，是否因為中文的關係要多一個空格？,"CMARC 及 MARC 21的標點符號著錄根據都是ISBD。依中國編目規則的標點符號說明，可知冒號(:)前後都要空格。但著錄在機讀格式中時，因系統會自動會帶出分欄符號""$""前的空格，所以著錄時，冒號與$b之間不用空格，OPAC端呈現時應是「空格:空格」。",機讀編目格式
24185,2014-11-19,24185_A02,若是分欄$a用分號時，也是一樣要前後都有空格嗎？,分號的處理方式與冒號相同，依中國編目規則標點符號說明，分號前後應都有空格。但具體著錄時需視系統自動處理情況而定。,編目法
24186,2014-11-21,24186_A01,在打710時，遇到$4itr的縮寫，請問這代表的意思是?,itr是指instrumentalist，樂器演奏者,作者號及輔助區分號
24186,2014-11-21,24186_A02,想要知道更多縮寫所代表的意思，該去哪裡查詢?,這些縮寫用語及代碼見MARC Code List for Relators http://www.loc.gov/marc/relators/relaterm.html,機讀編目格式
24186,2014-11-21,24186_A03,以上縮寫部分是根據MARC21上的制定嗎?跟分類法有關嗎?通用範圍是哪些？,"這些縮寫用語及代碼是用於新規則RDA中「資源」與「個人、家族、團體」之間關係標示，與分類法好像無關，某些和標題詞的控制語彙有關。作者的職責敘述關係標示$e用詞彙, $4用代碼。",權威控制
24187,2014-11-27,24187_A01,DDC 22版與23版在Radiative heat transfer的分類是否有不同？,DDC 22版與23版並無不同，國圖沒有23版的書，是查網路上的資源。,其他
24187,2014-11-27,24187_A02,兩本不同版本的書是否需要使用相同的類號？,同書應該取相同的索書號加年代區分其版本，不論使用621.4022或621.40227，兩書的類號都須一致。,作者號及輔助區分號
24188,2014-11-28,24188_A01,LCSH.CSH算是metadata嗎?,LCSH、CSH本身不是metadata，是我們用metadata處理資料，將其數位化與結構化。,其他
24188,2014-11-28,24188_A02,為何考試題目解答說CSH不是詮釋資料?,考試題目解答可能認為CSH不是詮釋資料，因CSH是分類法，而metadata的語意範疇包含如LCSH等描述資料屬性的規範標準，但CSH本身作為分類工具，不屬於metadata的語意、結構或語法範疇。,其他
24189,2014-12-01,24189_A01,兩本書書名、作者、出版年相同，內容相同但ISBN及出版社不同，索書號為448.845029 8035 102時，應如何區分索書號？,若二本書同時間由不同出版社出版，會有相同之索書號，此時於年代後加短橫(-)再加阿拉伯數字序號。例如：一書為448.845029 8035 102，另一書為448.845029 8035 102-2,作者號及輔助區分號
24190,2014-12-01,24190_A01,LCSH的最新更改如何獲取？是否提供相關連結？,要看最新修訂之LCSH，請看「Cataloging and Acquisitions Web site」。 LC homepage → 找到Service→ 再找到Cataloging and Acquisitions，如圖： Search for Library of Congress Subject Heading Approved Lists 從下bar(倒三角)處點入，可以獲取您要的資料。,其他
24190,2014-12-01,24190_A02,LC Subject Cataloging Manual是否包含LCSH的用法和規定？是否提供該書的連結？,LC Subject Cataloging Manual: 從Cataloging and Acquisitions Home 面右下角： 「Products Available for Download」第二列點入即可 Subject Headings (LCSH) Subject Headings Manual (SHM) Classification Schedules (LCC) Classification and Shelflisting Manual (CSM) Cataloging Service Bulletin (CSB): 1978 to 2010 Descriptive Cataloging Manual (DCM): Updates 2006 to 2014 Library of Congress Rule Interpretations (LCRI): Updates 2006 to 2010,主題法
24191,2014-12-03,24191_A01,一般圖書附贈CD片需要單獨編目嗎？,須視CD的內容而定，若CD的內容加書的內容才是一個完整的構成，如CD是習題、參考資料、主題課程範例...等，要與書一起搭配使用時，不建議將CD另編一筆書目。若CD是書的電子版，則可以考慮單獨編一筆書目紀錄。多數時候，出版社出版時已設計為書的附件，我們就視為是書的附件處理，此伴隨附件資料之稽核描述著錄於006定長欄。,編目法
24191,2014-12-03,24191_A02,未來借閱書籍該如何管理？,管理上(1)直接置於書內袋中；(2)置於附件盒中(另作一假書盒與原書放置一處)(3)將視聽資料集中處理，放置於較適合視聽資料儲存的環境。,編目政策與管理
24192,2014-12-06,24192_A01,編目規則對複本書的標示方式有明定嗎？,編目規則中並未見有關複本書的標示指示。國圖的複本標示是從c.2開始標示。c表示屬性是複本，同書第二本入藏的書；2是館藏統計表示第2本。若用1起始，無法直接顯示該書的館藏數，個人認為較不妥當!,編目法
24193,2014-12-09,24193_A01,英文書的登錄號是否需要加前導碼？,登錄號只是代表圖書入藏的先後次第，從登錄號的流水號可確知館藏的總冊數，若加上前導碼，反而不利於統計。國圖並無將西文書另立前導碼的做法。,其他
24193,2014-12-09,24193_A02,英文書登錄號的編碼方式建議如何操作？,不論是E 或 W，孰好孰壞沒有多大意義，代碼而已! 只要能代表你們認為可涵蓋的範圍就好。我個人其實並不贊同這麼做！,其他
24194,2014-12-16,24194_A01,韓文圖書作者號取碼時，若無中譯名應如何處理？,對於無漢語譯名之韓文作者，本館並未遵照中國編目規則22.1.7.1，給予自行翻譯之名稱。,其他
24194,2014-12-16,24194_A02,韓文圖書作者號取碼時，如何處理韓文原名？,韓文原名仍採用首尾五筆號碼法取號。本館自訂了一韓文字母取號表（第一個字母加最後一個字母），如下：韻母ᅡ2 ᅣ2.Euler3 ᄀ3 ᄁ2 ᄃ2 ᄅ3 ᄇ3 ᄉ2 ᄋ2 ᄎ3 ᄑ3 ᄙ2 ᄛ3 韻尾ᆨ2 ᅗ3 ᅝ2 ᅟ2 ᆃ3 ᆕ3 ᆝ4 ᆟ4 ᆠ2 ᆢ2 ᆣ1 ᆥ1,作者號及輔助區分號
24195,2014-12-22,24195_A01,Three-Dimensional Artefacts and Realia的定義為何？,Three-Dimensional Artefacts and Realia可譯為「立體藝術品及實體」或「立體資料」。立體資料的概念較符合AACR2 10.0A1所定義的適用範圍。,編目法
24195,2014-12-22,24195_A02,Three-Dimensional Artefacts and Realia的特徵為何？,包含：模型、立體畫(dioramas)、立體佈景、玩具、拼圖、雕塑及其他立體藝術品、展品、機器、衣物用品、和自然生成的物件(顯微鏡標本及其他樣本)等。不包括立體測繪資料(立體地圖、球儀等)。,編目法
24196,2014-12-23,24196_A01,863是台灣文學嗎？,是的，根據中文圖書分類法，863屬於台灣文學。,其他
24196,2014-12-23,24196_A02,如何判斷或依據哪些標準該編入[台灣文學]？,以「臺灣人的文學創作」為概念處理差異，作者為臺灣出生者或早年出生中國大陸而後定居臺灣，且有強烈臺灣意識的作家之作品，都可歸入臺灣文學。,其他
24197,2014-12-24,24197_A01,MARC 21欄位007中「No attempt to code」的使用時機是什麼？,「No attempt to code」是指「不選用」的意思，代碼符號為「|」(在某些系統中以空格表示)。MARC 21對「不選用」並無解釋與明確的範例，就個人的經驗法則來說明，如遇下列二種情形下，可選擇「|」：1. 當「|」以上所列之「代碼」，都不適用於在編文獻時，可以選擇使用「|」。2. 當該元素之著錄並非為必要著錄之項目，編目機構選擇忽略它時，可使用「|」表示。例如：電子資源之007/06-08，著錄圖像bit深度，若貴館不著錄此項，即可於06-08著錄三個「|」或以三個空格表示。,機讀編目格式
24198,2014-12-27,24198_A01,何處可下載東南亞書籍的marc？,本館東南亞語文館藏量並不多，書目主要是抄錄自OCLC之書目資料，並未作原編。除OCLC的資料，建議您也可以查詢台北市立圖書館及國立臺灣圖書館，該館等因配合日益增多的新住民，典藏不少東南亞語文的圖書文獻。可用原語文直接查詢，每單筆書目紀錄可顯示機讀格式，至於是否可批次下載，請直接洽詢該圖書館。,機讀編目格式
24199,2015-01-07,24199_A01,餐旅相關西文書若用美國國會分類法應歸屬於哪一分類號?,"可參考的類號如下--TX901-946.5 Hospitality industry. Hotels, clubs, restaurants, etc. Food service；G149-180 Travel. Voyages and travels (General)；G154.9-155.8 Travel and state. Tourism；GV1-1860 Recreation. Leisure。基本上還是得按書的內容來歸類，譬如，一本講餐旅法規的書，可能被歸入K法律類，建議可以查Library of Congress Online Catalog。",其他
24200,2015-01-08,24200_A01,當作者號需取自題名時，應取240劃一題名還是245欄位之題名？,若作者號必須是取自書名時，請取245欄位之題名。,作者號及輔助區分號
24201,2015-01-10,24201_A01,中華民國以前是否有使用過RC這個國家代碼？,中華民國以前未曾使用過RC國家代碼，在機讀格式中曾使用過CW或CTW代碼（ISO─3166─1981）。,機讀編目格式
24202,2015-01-12,24202_A01,MARC21中Tag043與044的使用有何不同？,欄位043用於著錄文獻內容的地理範疇，根據欄位650 $z或欄位651決定著錄值；欄位044用於當008/15-17出版地區無法滿足需求時，著錄相關國家代碼。例如跨國合作出版的書可使用044欄位。,機讀編目格式
24202,2015-01-12,24202_A02,為何大部份圖書館只用043，但清華大學使用044？,是否著錄044字段端看各館的政策與需求而定，不同圖書館根據實際需求選擇是否使用044字段。,其他
24203,2015-01-15,24203_A01,作者若是英文且未翻譯成中文，是否可以直接用出版社計算作者號？,按中國編目規則22.1.7.1，應將英文作者翻譯成中文以譯名取號。若不翻譯成中文，個人建議英文作者號以四角號碼取號，若用首尾五筆法則改以書名取號，以出版社取作者號似不太恰當。,編目法
24203,2015-01-15,24203_A02,英文作者未翻譯成中文時，是否有其他規定？,按中國編目規則22.1.7.1，應將英文作者翻譯成中文以譯名取號。若不翻譯成中文，個人建議英文作者號以四角號碼取號，若用首尾五筆法則改以書名取號，以出版社取作者號似不太恰當。,編目法
24204,2015-01-20,24204_A01,一本書除正題名之外，同時還有副題名、並列題名及翻譯題名，MARC21中245欄位應如何著錄？,245欄位用分欄b著錄其他形式題名，包括同語文之副題名、不同語文之並列題名及合刊之其他題名。$b不重覆，故有多個其他題名時，須直接以標點符號，如「＝」帶出。,機讀編目格式
24204,2015-01-20,24204_A02,除245欄位外，還需要著錄其他欄位嗎？,視實際情況需要著錄欄位240(或130)及246：1. 當並列題名為原著之劃一題名時，此劃一題名應著錄於240字段，而非245字段；2. 翻譯作品需考量並列題名是否為原著之劃一題名；3. 例如原著法文著錄於240，英文題名著錄於245 $b；4. 若原著題名與外文題名相同，則不用$b之並列題名。,編目法
24205,2015-01-27,24205_A01,圖書館裡，不列入館藏的資源有哪些？,以國圖來說，小冊子、剪輯資料、傳單等，是不列入館藏資源的。,其他
24205,2015-01-27,24205_A02,小冊子算嗎？,小冊子屬於不列入館藏資源的範疇，但其中可能包含珍貴資料，需考量新穎性與整理困難。,其他
24206,2015-02-04,24206_A01,迪士尼DVD電影片發音與字幕皆有中英文泰文時，CMARC的101段指標1應為1還是0？,若為美國迪士尼製作出版，原片發音為英語，國語、泰語為配音，則CMARC的101段指標1應為1。,機讀編目格式
24206,2015-02-04,24206_A02,此情況是否需要著錄$ceng？,需要著錄$ceng，欄位著錄為: CMARC 101 1# $aeng $achi $atha $jchi $jeng $jtha $ceng,編目法
24206,2015-02-04,24206_A03,此情況是否屬於翻譯作品？,屬於翻譯作品，因中文、泰文為據原文英文翻譯而成。,其他
24207,2015-02-07,24207_A01,「民間舞蹈」和「民族舞蹈」的分別是什麼？,民族舞泛指產生並流傳於民間、受民俗文化制約、即興表演但風格相對穩定、以自娛為主要功能的舞蹈形式，與各國的特色音樂服裝也有相互的搭配，表現形式也十分多元，但其特色是具代表一個民族的標誌物，如傣族的孔雀舞，夏威夷的捕魚舞，以色列的水舞等。民間舞蹈起源於人類勞動生活，它是由人民群眾自創自演，表現一個民族或地區的文化傳統、生活習俗及人們精神風貌的群眾性舞蹈活動，所以也稱為「土風舞」。民族舞與民間舞，從其形成來說並無明顯區隔，兩者的英文都用folk dances，民族舞從民間來，經藝術家進行高度的再創造，並代表一個國家或一個民族的舞蹈，最後又回到民間去傳承。民間舞範圍較狹隘，源自於某地區或某地區活動的舞蹈。,其他
24207,2015-02-07,24207_A02,「標題詞」是否已經棄用？,國圖於2005年起使用《中文主題詞表》，取代《中文圖書標題表》。至於其他圖書館，因為做調查，不確定是否還有使用者。,主題法
24208,2015-02-09,24208_A01,第1著錄方式與第2著錄方式是否都可以使用？,都可以使用，因為檢索結果相同，且都符合照錄原則。空格本身無實質符號意義，兩種方式皆可。,編目法
24208,2015-02-09,24208_A02,是否有其他著錄方式？,可能有其他方式，但需注意書背及版權頁使用不同符號（.及/）區隔，若僅照其中一種著錄，可能因標點符號檢索而查不到該書。,編目法
24209,2015-02-11,24209_A01,迪士尼DVD電影片發音是中文、英文、泰文，字幕是中文、英文、泰文，片盒有中英文對照的題名，編目時CMARC的101段指標1應為1還是0？,如果確定知道原聲道語文為英文時，CMARC的101段指標1應為1，是翻譯作品。如果有不涉及翻譯的情況下（沒有配音，也沒有可替代選擇的聲道或字幕）時，指標1是0，否則指標1是1。,機讀編目格式
24209,2015-02-11,24209_A02,需要著錄$ceng嗎？,如果確定知道原聲道語文為英文時，可著錄$ceng，如不確定$c可省略。,編目法
24209,2015-02-11,24209_A03,這樣的情況算是翻譯作品嗎？,是翻譯作品。一般而言國外製作的影帶，在臺灣發行中文版（有中文聲道、中文字幕）就是翻譯作品。如是原音呈現，沒有其他語種配音也沒有其他語種字幕，就不是翻譯作品。,其他
24210,2015-02-23,24210_A01,叢書是否始於宋朝？,叢書的起源說法不一，有說南宋末年編纂的《儒學警悟》、《百川學海》是現今公認的叢書始祖。清代學者認為，我國的第一部叢書是南宋左圭所編《百川學海》，但早於該書70餘年已有俞鼎孫、俞經編輯的《儒學警悟》問世。此外還有漢代、齊梁時期等其他說法。,其他
24210,2015-02-23,24210_A02,類書是否始於魏文帝、即三國時期？,類書起源於三國時代魏文帝曹丕命儒臣所編成的《皇覽》，後歷代續有編刊，如唐代《藝文類聚》、宋代《太平御覽》等。類書與叢書的共同點是取材於眾書，不同處在於類書會分類編次材料，而叢書僅將多種著作編印在一起。,作者號及輔助區分號
24211,2015-02-25,24211_A01,評論者（如Andres Velasco）在西文編目中應如何處理？是否需要作為第二作者？,評論者視其重要性，可著錄於700段，為其立檢索點。,編目法
24211,2015-02-25,24211_A02,若評論者對原著貢獻不顯著，編目時應如何處理？,可以省略檢索點，於附註項說明即可。,編目法
24212,2015-03-04,24212_A01,CMARC著作方式中，撰稿是放700段還是702段呢？,撰稿者屬於主要作者，著錄於CMARC的700段。若撰稿僅1人，著錄於CMARC的700段；若撰稿有2人，第1人著錄於CMARC的700段，第2人著錄於CMARC的701段。,編目法
24212,2015-03-04,24212_A02,計畫主持、共同主持、協同主持、研究主持是放700段還是702段呢？,計畫主持人、共同主持人、協同主持人、研究主持人等屬創作者，視為主要作者，著錄於CMARC的700段（第1人）及701段（排名第2的計畫主持人等）。,編目法
24212,2015-03-04,24212_A03,文字、文字撰述是放700段還是702段呢？,文字資料的撰述者屬於主要作者，著錄於CMARC的700段。,編目法
24212,2015-03-04,24212_A04,在MARC 21中，這些情況應著錄在那裡？,MARC 21中，主要款目（創作者）著錄於1XX段，不能重複；其餘順位創作者或貢獻者著錄於7XX段。撰稿者著錄於100段，計畫主持人著錄於100段，其餘貢獻者著錄於700段。,編目法
24213,2015-03-05,24213_A01,分類號590.9933在中文圖書分類法中不存在，但ISBN9789860442373預編分類號為此號，國圖館藏目錄也出現此號，請問該分類號是用於原住民軍事相關書籍或其他類別？,590.9933此類號，是一個經由複分而產生的號碼，代表中華民國的軍人。其推衍過程為：590 → 軍事.99 → 傳記之複分 (總論複分表p.666)33 → 為中華民國或臺灣之地域複分,其他
24213,2015-03-05,24213_A02,ISBN9789860442373一書之內容是否為原住民軍事相關書籍？,ISBN9789860442373一書，本館目前尚無收藏，從網路查得書名是《征憶:高砂義勇隊與國共戰爭時期原住民軍人口述歷史》，內容為紀錄高砂義勇隊與國共內戰時期原住民族軍人之戰爭經歷與戰後處境，以深入採訪當事者的方式，詳實記述其參戰過程與心境。內容當為臺灣原住民籍軍人的口述歷史。,其他
24214,2015-03-10,24214_A01,當精平裝版本相同但出版年代不同時，出版年該如何著錄？,一般來說，再刷會用printing，所以，你若不去考證，就照錄吧!,編目法
24214,2015-03-10,24214_A02,館藏同時有精裝和平裝，單冊的出版年都是2010嗎？,不是，精平裝兩冊的出版年都是June 2010，但您提供的資料中First published edition 2012卻又是2012!,其他
24215,2015-03-12,24215_A01,依據《2007年版中文圖書分類法》規定，總論國立公園、森林遊樂園入992.38，各國立公園得入各國史地。台灣的國家公園是否較宜分入733.64?,國圖已將原2007年版的注釋「各國立公園得入各國史地」刪除，因此會見到NBInet上許多'關於國家公園的書分入992.3833'，可能是因為抄錄CIP的類號。若認為不妥可以不必理會此修訂。,其他
24215,2015-03-12,24215_A02,733.331(玉山)何種書分入此類?,733.331 此類號該是談玉山的自然地理(若有此類書的話)。,其他
24215,2015-03-12,24215_A03,若書籍內容主要論述為國家公園之生態、動植物、多樣性、或是人文歷史，則分入生物科學下的366生物分布或367生態學是否為宜？,生態、動植物、多樣性等內容可入367生態學，人文歷史則視需要可加上旅遊之複分。國家公園本身即是自然保護區，與生態脫離不了關係。,其他
24215,2015-03-12,24215_A04,自然文學的書請問該如何分類？,自然文學目前沒有專號，因文學類是依體裁分，若是描寫自然的散文、詩…等，可加「生態文學」的主題詞，從主題詞查詢一樣有類聚的功能。,作者號及輔助區分號
24216,2015-03-18,24216_A01,翻譯作品可以發音(101段$a)判斷，或是字幕只要有中文也算嗎?,影片在沒有配音，沒有可替代選擇的聲道或字幕時，不是翻譯作品(參考美國史丹佛大學圖書館錄影資料 編目政策)，所以翻譯作品是以上述條件來判斷。,其他
24216,2015-03-18,24216_A02,若該影片為英語發音，字幕是英文及中文，題名為中英對照，這樣算翻譯作品嗎?,若該影片為英語發音，字幕是英文及中文，題名為中英對照，應是翻譯作品。,主題法
24216,2015-03-18,24216_A03,沒有中文發音只有中文字幕，英文題名出現在主要著錄來源，這樣英文題名應該算並列題名(200段及510段)或是譯自(454段(機讀三版)或527段(機讀四版))呢?,若該影片為英語發音，並有中英文字幕，且英文題名出現在主要著錄來源，這樣英文題名是並列題名，著錄在200段及454段(機讀三版)。,編目法
24217,2015-03-18,24217_A01,「動物醫生」的應用應使用哪個分類號？,中文圖書分類法有專屬類號437.28，有關獸醫院、動物醫院、獸醫師皆入此。,作者號及輔助區分號
24217,2015-03-18,24217_A02,獸醫師的個人傳記應如何分類？,若某個獸醫師的傳記內容大部分是談他行醫治療動物的經驗，則可入437.28此類號；若內容與獸醫不相關，則入普通傳記782。,其他
24218,2015-03-28,24218_A01,杜威分類法中的數字是怎樣取得？,"Meiling: 您好, 回覆您的問題如下： 973.0496073此杜威分類號是有關非裔美國人的歷史── 973.04 指憲政時期的美國歷史（Constitutional period, 1789-1809） 96073 是指非洲（Table 2） 73是指非洲的某個國家（Table 2） 因本館未採用DDC，工具書仍用DDC 22，沒有較新的DDC 23或Web DDC，僅能利用一些網路資源得知，無法查出73代表的是哪個國家, 此點要說抱歉了！ 建議您以後可以直接詢問如輔仁大學、臺灣師範大學圖書館等利用DDC分類的圖書館。",其他
24219,2015-03-28,24219_A01,多元文化的書(例如東南亞國家)，他們的作者號要怎算出來？,東南亞國家的作者號取碼，沒有一定準則，可由各圖書館自由決定其政策，建議：1. 譯成中文再取號，用四角號碼或首尾五筆取碼。2. 以原文取號，可自訂各種語文編碼規則。如越南語文，有漢喃文和拉丁拼寫的現代越南語，若為漢喃可用四角號碼或首尾五筆取碼；越南文可用四角號碼或克特號取碼。泰文的書寫較特別，可譯成中文再取號或就其母音子音自訂取碼規則… 本館目前東南亞國家語文圖書，是抄錄美國國會圖書館的書目資料，採用的也是LC之索書號!,作者號及輔助區分號
24219,2015-03-28,24219_A02,是否需要在ISBN後面註明國別？,ISBN號碼內本身即含有國別碼，一般不需要再另加國名，號碼本身即有識別作用。,其他
24219,2015-03-28,24219_A03,若需要國別要從何得知？,ISBN號第一組是商品碼EAN，如圖書是978或979，第二組碼是代表地區group碼，一般指國家代碼，從1碼至5碼：0為美國，1為英語系國家，2為法語系國家，3為德語系國家，4為日本，5為俄語系國家，7為中國大陸，臺灣為957或986，不丹為99936等等。若要查詢此區域代碼，可google search「ISBN區域代碼表」。,其他
24220,2015-03-28,24220_A01,東南亞國的書採用哪種分類法?,以國圖來說，中日韓文用《中文圖書分類法》，西文及東南亞語文圖書用「美國國會圖書館分類法」。,其他
24221,2015-03-28,24221_A01,《中文圖書分類法》2007年版是否有刊登《使用手冊》？,《中文圖書分類法》並沒有出版使用手冊。,其他
24221,2015-03-28,24221_A02,作為新手如何掌握《中文圖書分類法》？,建議先看書前之編例及使用說明，對整部分類法先有完整概念後，進一步熟記簡表、明白類名的意義，然後實際做，從做中學才是真領會。 分類並不難，能熟悉類表架構及其使用方法即可，難的是正確掌握書的主旨及相應於學術體系中的位置，所以，須不斷充實自己了解學術的門類才能作適當的分類。,主題法
24222,2015-03-30,24222_A01,「動物醫生」（指以貓、狗等動物作為醫生角色陪伴老人、小孩）的正確分類號是什麼？,"Ms. Le: 您好, 回覆問題如下: 我的建議參考類號是「418.98 心靈療法」下的「其他」418.989。也建議您描述問題時能提供實際的案例，如在編文獻的題名，好免去我要憑空設想，謝謝您!",其他
24223,2015-04-02,24223_A01,國圖是否開發類似OCLC Dewey Cutter Program的程式以協助館員查詢首尾五筆或四角號碼作者號?,本館未有開發查詢程式之規劃。目前國內編目人員所採用之首尾五筆或四角號碼查詢工具，列舉如下供參：首尾五筆部分：1.中文目錄檢字表 / 中國圖書館學會分類編目委員會編，臺北市：中國圖書館學會，民54年增訂三版。2.國家圖書館假名取碼法要點(以首尾五筆號碼法取日文作者適用)；四角號碼部分：1.四角號碼檢字法 / 王雲五著，臺北市：臺灣商務印書館，民56年臺一版。2.國字讀音與四角號碼對照表 / 東海大學圖書館編，臺北市：國立中央圖書館臺灣分館，民87年再版。3.網路應用軟體(1)輔仁大學圖書館採編組四角號碼查詢系統(2)在线四角号码输入法(簡體字適用)(3)香光尼眾佛學院圖書館–日文五十音取碼對照表(日文五十音取碼適用),其他
24224,2015-04-07,24224_A01,RDA編法是否需要加方括弧標明未標明的頁碼？,RDA編法之所以不用加[ ]，是因為其著錄來源已擴及資源本身。取自於資源以外者才須加方括弧!,編目法
24224,2015-04-07,24224_A02,例項中pages 291-302是否需改為pages[291]-302？,291雖未編頁碼，但其前後都有頁碼，可明確得知為291，是可以不加[]的。例如：504 Includes bibliographical references (pages 291-302) and index.,其他
24225,2015-04-09,24225_A01,要怎麼查登陸號,查詢登陸號先於查詢欄位下拉選單，點選「登錄號」，然後在「查詢字詞」的框框內鍵入登錄號，如002941539，再按確定鍵，即可得查詢結果,編目法
24225,2015-04-09,24225_A02,要怎麼查作者號,"查詢作者號若要從「作者號」去查詢書目，是不可能的! 作者號不是一個完整的檢索點。若從索書號（分類號 + 作者號）去查詢書目則是可以的，以國圖公用目錄查詢系統為例：先於查詢欄位下拉選單，點選「索書號」，然後在「查詢字詞」的框框內鍵入欲查詢之索書號，如520.7 8354，再按下確定，查詢結果得3筆資料。若只是想查詢某個作者名字的四角號碼號作者號（作者號取碼），則可利用網路資源：1.輔仁大學圖書館採編組四角號碼查詢系統2.四角号码 - 911查询至於首尾五筆的作者號自動查詢, 目前尚無。",作者號及輔助區分號
24226,2015-04-12,24226_A01,《經書複分表》的檔案或內容哪裡可以找到？,《經書複分表》（090）散見在《中文圖書分類法中》。,編目法
24226,2015-04-12,24226_A02,《中國哲學家著作複分表》的檔案或內容哪裡可以找到？,《中國哲學家著作複分表》（120）散見在《中文圖書分類法中》。,分類法
24227,2015-04-13,24227_A01,題名(Title)處是否要加上[sound recording]？,有聲圖書如以光碟為主件，圖書就當作附件處理。光碟若是錄音光碟，即以錄音資料編目。例: 245 $a題名$h[錄音資料],主題法
24227,2015-04-13,24227_A02,Physical description 該怎麼輸入資料？,有聲圖書如以圖書為主件，光碟當作附件處理，光碟著錄在MARC21欄位300$e說明。例: 300 $a300 面 : $b 圖 ; $c 21公分 + $e1張光碟片,機讀編目格式
24228,2015-04-15,24228_A01,學校欲買入一些桌遊供師生做教學利用，請問桌遊應該如何分類編目？,"poying:您好，回覆問題如下。桌上遊戲不好分類，一般可以按使用道具分：圖版遊戲（如棋類）、卡片遊戲、骰子遊戲、紙筆遊戲。按桌遊內容及遊戲性質可分：策略遊戲、益智遊戲、推理遊戲、角色扮演遊戲、幼教遊戲、小品遊戲，不論按哪種，都有所交集但又不完全包含的分類系統。所以,不妨從管理的角度, 希望集中或分散的模式去思考──1. 分散處理：中文圖書分類法中涉及遊戲議題的有好幾類428.82、523.13、995.3、997.1、997.2、997.3等，若不集中一處，可按遊戲之內容性質分別歸入前述適當的這幾類。2. 集中處理：若想集中一處，建議可以考慮入523.13或997其中的一個類號下。錢月蓮敬上 20150417",其他
24229,2015-04-17,24229_A01,系列書如《貓戰士》分多部曲、不同輯數或季數時，部冊號應如何定義？,建議以每部曲為一筆書目紀錄記錄。多部分單行本書目應視發行情況採用整套著錄或分析著錄，索書號取法會隨之不同。以「部」為單元著錄時，例如《貓戰士》首部曲取號: 873.59 8644(取套編題名貓戰士) v.1，第二部取號: 873.59 8644-2 v.1，第三部取號: 873.59 8644-3 v.1，第四部取號: 873.59 8644-4 v.1... 不建議將所有各部集中於一筆書目記錄，會造成檢索之不便。,作者號及輔助區分號
24230,2015-04-18,24230_A01,本館的有聲書沒有光碟片，讀者翻開書即可按鈕聽書，這樣的有聲書該如何處理300 (Physical Description)?,本館的作法是主件還是圖書，在欄位500說明「本書是有聲書」即可，欄位300$e不需著錄。,機讀編目格式
24231,2015-04-23,24231_A01,"Marc21 505段的$t在$g之後時的前置符號是.或,？",國圖採用逗點（，）是沿用原先的著錄慣例；美國一般是依循LC/PCC PS 25.1.1.3著錄方式：不著錄章節號，並採用（.）。,機讀編目格式
24231,2015-04-23,24231_A02,國圖與美國國會Marc21網站所使用的不同LC的例子,"國圖的例子：505 00 $g1, $t聖誕個鈴聲‐‐ $g2, $t潑水歌‐‐$g3, $t細星仔‐‐ $g4, $t青春舞曲‐‐ $g……$g12, $t在銀色月光下；美國的例子：505 00 $g 1. The $t Living machine -- $g 1. The $t blue planet",機讀編目格式
24232,2015-04-29,24232_A01,376.15藥用植物、414.1本草、414.3中藥材、418.5生藥學四類號有何區別？,"1. 414.1本草：本草是《神農本草經》的簡稱，為中國古代著名的藥書，其中各藥以「草類」為多，故稱《本草》。此類放得都是本草典籍，如吳普本草、本草綱目…等有關藥草類的書籍。
2. 414.3中藥材：在中醫理論指導下應用的天然藥物及其加工品通稱中藥，古代稱之為本草。未經精製的中藥習慣上稱為中藥材。
3. 418.5生藥學：藥用資源之天然產物通稱為生藥，乃自然界三大自然物，即植物、動物、礦物取其原狀或一部分，用於疾病之治療或供為有效成分抽出之原料及成為製劑原料者之稱謂。中藥在清朝以前稱為本草、生藥，414.3是指在中醫理論指導下應用的藥物；418.5是現代生藥學，除中藥還包含歐洲等國際性生藥，中藥學可視為生藥學的研究分支。",其他
24232,2015-04-29,24232_A02,「台灣藥草事典」、「細說靈芝孢子與養生菌」、「讀本草說中藥」應歸入何類？,「台灣藥草事典」屬藥草類書籍，歸入414.1本草；「細說靈芝孢子與養生菌」屬中藥材相關主題，歸入414.3中藥材；「讀本草說中藥」為本草類典籍，歸入414.1本草。,主題法
24233,2015-05-01,24233_A01,請問這本書的類號為何是176.56？,國圖的編目館員為何用到177.56，我需進一步了解。,其他
24233,2015-05-01,24233_A02,為何中文圖書分類法2007年版及修訂版中未見「寬恕」的分類紀錄？,確實沒有看到「寬恕」的分類專號，以您提及的這本書的書名來判斷，個人以為「寬恕」是一種愛的表現，建議您歸入「199.8愛」屬倫理道德之範疇。,其他
24234,2015-05-01,24234_A01,依RDA規範，在著錄出版項的出版者時，若著錄來源有「財團法人」的字樣，是否須要照錄？,是要照錄的不能省略。,編目法
24235,2015-05-02,24235_A01,改用美國圖書分類法（LCC）時，中文書應如何處理作者號？,建議中西文皆繼續沿用原來的四角號碼取作者號（LCC並不一定要搭配克特號取碼法）。,作者號及輔助區分號
24235,2015-05-02,24235_A02,改用美國圖書分類法（LCC）時，是否以作者名字的拼音來取Cutter？,克特號取碼法適用拉丁字母的西文書但不是用於中文作者號取碼，四角號碼取碼法則中西文皆適用。,作者號及輔助區分號
24236,2015-05-05,24236_A01,USMARC21的246欄位中，冒號前後是否需要空格？,都不用空格，如:$i封面副題名:$a56招讓你面試&提案&上台發表能力立即提升。$i帶出的是前導用語，非分欄間規範之符號，所以沒有前空後空的問題。,機讀編目格式
24236,2015-05-05,24236_A02,USMARC21的246欄位中，正確的格式示例是？,冒號後會空一格，如：「封面副題名: 56招讓你面試&提案&上台發表能力立即提升」。此句對應於MARC中是「$i封面副題名:$a56招讓你面試&提案&上台發表能力立即提升」。,機讀編目格式
24237,2015-05-07,24237_A01,若是古人的話是著錄朝代或生卒年何者較適當？,古人用朝代先於生卒年，是中國編目規則的規定（CCR 22.3.1），大家已習慣如此用法，適當與否是另一個問題了! 著錄朝代是便於記憶與著錄，缺點是很不精確，清朝276年囊括清初與清末的人，都用「清」字簡單帶過並不合理，再則會遇到「孤臣遺子之恨」的問題，改朝換代之際如明末清初的士大夫，大半著作是明，我們編目員卻用卒年判定其為清代人，這些遺老若要知道了恐怕死不安心的，以上是個人的淺見。,編目法
24237,2015-05-07,24237_A02,分欄d的前置符號，著錄朝代及生卒年之前置符號皆為逗點嘛？參考貴館之『MARC21部分欄位著錄說明及注意事項彙整版20111226』--六、MARC21欄位100（主要款目‐個人名稱）、700之分欄$d朝代不加「（）」及「，」。<= 不曉得所指的逗點是指前置符號嘛? 請賜教,『MARC21部分欄位著錄說明及注意事項彙整版20111226』--六、MARC21欄位100（主要款目‐個人名稱）、700之分欄$d朝代不加「（）」及「，」是一個內部會議的討論結果，已有些歷史了，不太記得當時情況，不過照國圖目前的做法逗號當指$d之前的符號，如：100 1_ $a曾|國藩 $d清。$d是metadata著錄的問題，與規則規定須著錄的元素無關，不同的metadata都可著錄這些元素，只要按該metadata的定義的方式或語法著錄即可。若您的單位現在才要建構權威記錄，建議您應遵循LC官網所公布MARC 21欄位或分欄的定義去著錄該有的內容，譬如，MARC21規定$d是著錄生卒年你就該著錄生卒年而非朝代，這是個人給您的建議與忠告! 個人覺得朝代可以著錄在$c或欄位678，若要以朝代作第一個辨識的元素，可指定系統抓取該欄位或分欄。國圖有其舊資料的歷史包袱和難處，貴館不一定要跟從，希望您照LC官網公布MARC 21欄位/分欄的定義做出正確的判斷，以上供參。,機讀編目格式
24238,2015-05-08,24238_A01,MARC21的500段指標2-產生附註是什麼意思？,MARC 21的500段指標1與指標2，都是未定義(undefined)，以空格表示。此欄位為一般附註項，沒有特殊限制書寫格式。,機讀編目格式
24238,2015-05-08,24238_A02,在什麼情況下會用到500段指標2-產生附註？,此欄位為一般附註項，沒有特殊限制書寫格式，需根據實際需求使用。,機讀編目格式
24239,2015-05-11,24239_A01,「520.18 教育與各學科之關係」是否提供「學科複分表」作為參考？,中文圖書分類法本身即是依學科體系來建構的，因此，整部類表都可以作學科複分的參考，不會再有「學科複分表」這樣的專表出現。若想要有一個較簡明的參考表，建議可利用分類表中的「簡表」或「綱目表」。,其他
24240,2015-05-14,24240_A01,RDA在標點符號及縮寫方面有甚麼規定?,"Kitty：您好, 回覆問題如下: 1. 可以縮寫也可以不縮寫。RDA的精神雖鼓勵用全稱，讓使用者明白易懂，但並無強制規定用於所有地方。針對020此欄位，RDA並無規定一定要用縮寫，貴館可自行斟酌用全稱或縮寫。 RDA的縮寫規定見附錄B。 2. 基本上要加句點, 但有些例外的情形: (1)100段結尾以句點「.」標示。（例外：當字段以連字符-、圓括弧( )、$j以of結尾、若以$4為本欄最後一分欄時，句點應標記在其前的一個分欄） (2)505段結尾以句點「.」標示，表示內容完整或部分內容。505段的指標1若用""1""表示內容不完整時，可以不用句點「.」結束。 (3)520段結尾以句點「.」標示，除非字段結尾另帶有其他標點符號。",編目法
24240,2015-05-14,24240_A02,在020 ISBN 內的 alk. paper 是否需要轉成全寫『Alkaline paper』?,可以縮寫也可以不縮寫。RDA的精神雖鼓勵用全稱，讓使用者明白易懂，但並無強制規定用於所有地方。針對020此欄位，RDA並無規定一定要用縮寫，貴館可自行斟酌用全稱或縮寫。 RDA的縮寫規定見附錄B。,編目法
24240,2015-05-14,24240_A03,"在100 / 505 / 520 等項目內, 是否需要於最後加上『句號』?","基本上要加句點, 但有些例外的情形: (1)100段結尾以句點「.」標示。（例外：當字段以連字符-、圓括弧( )、$j以of結尾、若以$4為本欄最後一分欄時，句點應標記在其前的一個分欄） (2)505段結尾以句點「.」標示，表示內容完整或部分內容。505段的指標1若用""1""表示內容不完整時，可以不用句點「.」結束。 (3)520段結尾以句點「.」標示，除非字段結尾另帶有其他標點符號。",機讀編目格式
24240,2015-05-14,24240_A04,"書目由四位以上的作者著作, 在245 內是否需要將所有作者列出,有沒有類似 [et al.]可替代?",RDA已突破作者不過3的規則，多個作者的處理方式，在245段可以有以下兩種選擇： (1)全部著錄； (2)以「XXX和其他x人」方式著錄。 但檢索點則希望都能予以著錄，以符合FRBR使用者原則。 不過這只是希望而已並無強制規定: 據RDA19.2規定只第一位創作者是必要的，其餘並無強制規定。 RDA已放棄main entry的概念，但因受限於目前仍為MARC的環境，所以，最主要作者或排名第一者，著錄於1XX，其餘著錄7XX。以已實行RDA的國家來看，一般國家圖書館、大學圖書館等大型圖書館多半會為所有作者建立權威款目!,編目法
24241,2015-05-15,24241_A01,影音資料中若標示有作曲者、作詞者、演唱者/表演者、製作者、導演、監製等多個責任者，應取哪一位作為作者號？,根據國家圖書館錄音資料著者號取用原則，流行音樂部分：(1)一人詞曲、一人演唱---著者號取自作曲（詞）者；(2)二人以上詞曲、一人演唱------著者號取自演唱者；(3)三人以內詞曲、三人以內演唱----著者號取自第一個作曲（詞）者；(4)超過三人詞曲、演唱-----著者號取自題名。古典音樂、演奏音樂、歌劇類-----著者號取自作曲（詞）者。,作者號及輔助區分號
24241,2015-05-15,24241_A02,在作曲者與作詞者為不同個人的情況下，應取哪一位作為作者號？,根據國家圖書館錄音資料著者號取用原則，流行音樂中若為一人詞曲、一人演唱，則著者號取自作曲（詞）者，此處作曲者與作詞者若為同一人則取該人，若為不同個人則取作曲者。,作者號及輔助區分號
24242,2015-05-18,24242_A01,「日本小說」為何是形容詞詞組標題而不是單单词標題?,「日本小說」可以拆為「日本」和「小說」兩詞，因此不能視為單单词。嚴格來說它是複合名詞，屬專有名詞加普通名詞的複合形式，涵義上有形容詞作用，意指「日本的」小說。,主題法
24243,2015-05-21,24243_A01,在2007年版中國圖書分類法中，952.6數位影像處理是否應參見312.837電腦視覺？,電腦視覺與數位影像處理有關，所以是參見關係：電腦視覺依賴相機取像分析，就像人依賴眼睛來看東西一樣。電腦視覺研究的目的是要讓電腦具有和人一樣的視覺能力，影像品質不好時需影像處理技術來解決問題，讓人或電腦可以從處理後的影像中獲得有用的資訊，及後續判斷、分析及應用。,其他
24243,2015-05-21,24243_A02,952.6數位影像處理是否應直接沿用952.6，而不參見312.837電腦視覺？,兩者實是相輔相成。電腦視覺技術包括：影像處理、重建3D資訊、識別圖形符號、了解圖形符號。其中影像處理運算包括：影像轉換、色彩轉換與分析、影像強化、特徵擷取、影像分割、影像表示與描述、影像壓縮、影像重建…等。,其他
24244,2015-05-21,24244_A01,分類號011.608中的608是代表什麼意思呢？,011.608代表所要描述的文獻內容是有關提要、書評等之叢書。011.6是「題跋」的分類號；08是總論複分號，代表「叢書」。011.608 = 011.6 + 08 表示題跋叢書。,作者號及輔助區分號
24244,2015-05-21,24244_A02,為何有些分類號如005.78065會有78065五個數字呢？,005.78065代表所要描述的文獻內容是有關蔣中正思想研究研討會議錄。005.78是「蔣中正思想研究」的分類號；065是總論複分號，代表「會議」。005.78065 = 005.78 + 065 表示蔣中正思想研究研討會議。,其他
24245,2015-05-30,24245_A01,「著」者及「編」者在RDA於100及700字段的處理方法為何？,MARC 21欄位100的定義是Personal name used as a main entry in a bibliographic record。在RDA中雖然沒有main entry的概念，但有所謂的創作者(creator)與貢獻者(contributor)，creator如同main entry，在MARC還沒有被其他metadata所取代前，是著錄於欄位100段。相對於creator的是貢獻者(contributor)，著錄於700段。至於什麼是創作者、貢獻者? 在RDA中有其定義。編者（editor或compiler）不一定全著錄於欄位700。如字詞典、指南、書目的編輯者是被視為creator，應著錄於100段而非700段!,編目法
24245,2015-05-30,24245_A02,書目只有四位「編」者，是否四個名字應編於700字段？,此四位編者若是contributor，四位皆著錄於欄位700。,編目法
24246,2015-06-01,24246_A01,書標顯示正確的格式為?,本館Aleph系統西文書標列印原則如下：1.分類號遇圓點「.」或空格即轉行，含「.」及其資料列印於次行。2.分類號、著者號、年代部冊、年代、冊次號、號次號遇空格轉行。3.年代部冊（852$$m）、年代、冊次號、號次號等任一項內容超過10 bytes時，自第10個bytes往前推的第一個空格（『␢』）開始轉行。故依此原則，您所提分類號:PS2384.2.M62，作者號:G6之例子於本館印製書標時便呈現為：PS2384 .2 .M62 G6。,機讀編目格式
24246,2015-06-01,24246_A02,"圖書館自動化系統列印書標的規則若設定遇點折行,如何讓系統判別分類號中PS2384.2及.M62點""意義的不同",系統多半無法判斷類號中點的意義，倘若是類號中遇到有克特號的點(如.M62)才需折行，則仍需將該筆索書號挑出以人工方式進行調整，或洽詢系統廠商是否可設計程式協助判斷，如小數點後為英文字時才折行等。,其他
24247,2015-06-02,24247_A01,822.88是從何處取出的？,822.88是根據CIP（國際標準書目分類）的分類方式，屬於現代辭賦評論的分類號。,其他
24247,2015-06-02,24247_A02,中文圖書分類法2007年版的822底下沒有複分，若.8是文學批評，那麼.88又是甚麼？,822.8是辭賦評論，822.88是現代辭賦評論。,其他
24248,2015-06-05,24248_A01,中文書作者自取外文名時，是否以書名取著者號？,以書名取著者號會有因每本書名不同而無法集中的情形，不論是否有建立權威紀錄，都須秉持權威控制的概念，作編目員註記，在第一本的權威紀錄中，第二本書及後續的書目紀錄中，註明是以第一本書之「書名」取作者號號。,作者號及輔助區分號
24248,2015-06-05,24248_A02,Sway所寫的書因書名不同，如何取著者號才能集中在一起？,"用四角號碼取著者號，時代碼後其餘3碼可借用四角號碼取號。如Sway，取8904 或8954 →（時代8）+ s(9) + w(5) + a(0) +y(4) 若不用「0」(字母a, h, o)，遇0可略過取下一位，總之，編目機構可自行建立一套規則!",作者號及輔助區分號
24249,2015-06-07,24249_A01,《封神榜》一书应归类于何处？,《封神演義》，俗稱《封神榜》，是一部中國神魔小說，全書共一百回。視為章回小說，分類號857.44。 《封神榜》的改編和衍生作品很多，這類作品按改編和衍生作品處理原則歸類。如體裁改變，以新體裁歸類；改編作品則以改編內容的多寡來歸類，若內容改變很多或閱讀對象改變，以新作品歸類，如改為兒童版《封神榜》，歸入童話859.4；若改編幅度不大仍歸入原分類號857.44。 如蔡志忠的漫畫《封神榜》，因體裁已改變，歸入漫畫947.41；若拍製成動畫電影，如上海美術製片廠攝製過動畫長片《哪吒鬧海》，歸入動畫影片987.85；也有製成電玩者，如神魔之塔（Tower of Saviors）於5.0版本使用封神演義作題材，歸入電腦遊戲997.82。,編目法
24250,2015-06-09,24250_A01,商業簡報類的書是否放在494.6？,有關簡報技巧的書入494.6業務管理較佳，如呂國兵編著《商業簡報技巧》；周文德著《高績效簡報 :用思考力發揮你的影響力》等。,編目政策與管理
24250,2015-06-09,24250_A02,商業簡報類的書可以放在493.6嗎？,入493.6商業及商業應用文似乎太狹隘，因簡報形式與內容可多元化，除簡報軟體外，傳統印刷或手寫方式亦屬簡報媒介。,其他
24250,2015-06-09,24250_A03,為何業務管理範疇涵蓋簡報？,簡報是執行業務或管理必備工具，用於改善企業與客戶關係，多用於市場行銷、銷售、服務等與客戶相關領域。,權威控制
24251,2015-06-23,24251_A01,英文書目前找不到綜合各圖書館書籍的網站，是否有替代方案？,"PP: 全國圖書書目資訊網亦包含國內圖書館典藏的外文書。只是外文書畢竟不如中文書來得齊全。若NBINet查無, 建議直接查詢 LC online catalog (https://catalog.loc.gov/acsvoyager/voyagerLogin.htm?page=pin) 或 OCLC worldcat 或 ＯCLC firstsearch。國外也有很多圖書館已將館藏書目網路化, 透過Google search也可查得。",其他
24252,2015-06-29,24252_A01,季米特洛夫著，楊燕杰、葉明珍譯《論文學、藝術和文化》的分類號，歸納於何處較為恰當？,本館並無典藏此書，只從書名很難正確判斷其分類號。查詢中國國家圖書館的書目資料，該本書的標題為「文學 - 保加利亞 - 現代」中國圖書館分類號: I544.065，可供參考。（I文學 ＋ 保加利亞544 ＋ 065現代文學）換為中文圖書分類法2007年版，其可能之類號當為：883.2908 保加利亞現代文學（883.2 保加利亞文學 ＋ 9歷史 ＋ 現代08）以上供參。,其他
24253,2015-06-30,24253_A01,中西文期刊編目時，書目紀錄已含館藏地註記，是否仍需保留MARC21的590段？,59X是為本地使用和自定義預留的附註欄位，不限館藏使用，各圖書館可根據自身需要，將某些特殊的附註訊息紀錄於此。,機讀編目格式
24253,2015-06-30,24253_A02,其他圖書館是否需要使用590段進行館藏地註記？,國圖並未使用，但不確定其他圖書館也不需要。,其他
24254,2015-07-07,24254_A01,若評論與研究作品含原作原貌，但書名頁或版權頁無原著者名稱，應如何著錄？,於245段仍可著錄作者名字並加方括弧標示之，於100段為原著者建立權威檢索點。,編目法
24254,2015-07-07,24254_A02,若評論與研究作品不含原作，應如何處理？,無需加原著者，而是從索書號去匯集原著及研究評論其作品的作品，即：原作品分類號 + 原著者 + 評論者。,作者號及輔助區分號
24255,2015-07-08,24255_A01,821.8中國詩論/詩評.詩話與851.5中國詩/詩話.詩評 差異在哪?,處理中國文學資料的方式有兩種：一、先區分文學評論或總別集，再區分文體（820、830、840、850）；或二、先區分文體，再區分是文學評論或總別集（850）。類表啟用850的目的，是為便利閱覽而設，其中各類本應分入文藝評論或總別集者，若欲將其中一種文學特別提出者，得利用850的分法。,其他
24255,2015-07-08,24255_A02,描寫茶花的個人新詩創作與賞析放入何者較適?,描寫茶花的專題詩，個人作品入851.41-851.48，總集入831.99或851.399。,編目政策與管理
24256,2015-07-09,24256_A01,《社會學史》一書的類號應為何？,《社會學史》一書的類號應為：(B)540.09。,其他
24256,2015-07-09,24256_A02,什麼情況下可以省略類號末位的0？,類號末位數有一個0或兩個0時，除類表有特別註明外，可省略其中的0。例如社會學類號540末位有一個0，省略後為54，再加「歷史」複分09，成為540.9。,其他
24257,2015-07-10,24257_A01,"責任者欄位700, 701等轉換為MARC 21的100, 700欄位的規則是什麼？",原始答案中未明確說明責任者欄位轉換規則，但提及「已建立的資料，此次不轉完整，以後萬一要用就再也追不回了」，建議完整轉換所有對應欄位。,機讀編目格式
24257,2015-07-10,24257_A02,在不使用RDA的前提下，$4著作方式需要轉換為$e嗎？,$e是為RDA新增的分欄，若不使用RDA，轉換與否可自行決定。但建議轉換以維護資料完整性，未來若實施RDA可直接從$e替換詞彙。,編目法
24258,2015-07-10,24258_A01,要如何界定兒童讀物?,兒童讀物的定義：凡適合兒童閱讀、欣賞、參考、應用的書報、雜誌，乃至於幻燈片、電影、電視劇、電子書都是。,其他
24258,2015-07-10,24258_A02,刪節本或改編的故事書或小說，該歸為一般圖書館藏還是兒童館藏?,可以視為兒童用館藏。兒童的定義: 據教育部國語辭典的定義是未成年的男女。若用年齡來分有寬鬆之別，自托兒所至小學畢業（3-12）或延長至國中畢業（15）。以閱讀對象而言，兒童文學可分為幼兒文學（3-8）、兒童文學（6-12）、少年文學（10-15）。故刪節本或改編的故事書或小說，從其用詞深度看，若較適合中學生閱讀，是可以作兒童文學。,其他
24258,2015-07-10,24258_A03,杜威分類法有兒童文學（故事/小說）的專號嗎?,杜威法沒有專為集中兒童文學及其作品的專號，譬如children’s literature相關類號即有808.899 282 /809.892 + T3B，Children’s book- illustration在741.642…，另個別作品散見各國文學及各體材作品。,其他
24258,2015-07-10,24258_A04,杜威分類法有繪本專號嗎?,杜威法沒有專為集中繪本的專號，但Children’s book- illustration在741.642…，另個別作品散見各國文學及各體材作品。,作者號及輔助區分號
24259,2015-07-10,24259_A01,編著人應界定為著者抑或編者?,"編著是編輯著述之意，有編有著。他有自己的定位，是編者也同時是作者, 或是著者也同時是編者, 編目員可就作品內容判斷其著和編的比重。",編目法
24259,2015-07-10,24259_A02,在編目的過程中我們應該將其放於100抑或700?,國圖的作法是將編著者著錄於100段。,編目法
24260,2015-07-24,24260_A01,public domain(公版書)的詳細認定是什麼？,「公版著作」係法律用語，指《著作權法》第43條所規定「著作財產權消滅之著作，任何人均得自由利用」之著作。有三類著作均得自由利用：1. 著作財產權因存續期間屆滿而消滅（參考著作權法第42條之規定）2. 不得為著作權之標的（參考著作權法第9條之規定）3. 授權：著作所有權人依法將其著作的全部財產權授權給公眾，讓「任何人均得自由利用」，其著作就成為公版著作。（參考著作權法第37條之規定）其他如著作權法第30-34條有關50年的規定。,其他
24260,2015-07-24,24260_A02,政府出版品算是公版書嗎？,政府出版品須符合上述情者才算公版著作。,其他
24261,2015-07-14,24261_A01,"從NBINet抄編的書目中有718.4類,但在中文圖書分類法2007年中找不到此類號,不明白類號何來?",經查國圖有用718.4，是仿中國地理類志分，此類收錄有關世界名勝古蹟之資料。,其他
24261,2015-07-14,24261_A02,從編目園地也看不到任何資料參考.有沒有什麼系統可查到完整的類別?,國圖自增訂七版即沿用至今，會將其加入類表的修訂資料。,其他
24262,2015-07-16,24262_A01,香港在MARC21的國家代碼tag008與tag044是否都使用cc？,008/15-17與044 $a所用之代碼應是一致的。,機讀編目格式
24262,2015-07-16,24262_A02,cc與ch在MARC21國家代碼中的差別為何？,cc代表的是China 中國；ch代表的是China (Republic : 1949- ) ，1949以後的中國，即中華民國。,機讀編目格式
24263,2015-07-23,24263_A01,ISBN9789863411192 離散數學的導讀本應如何處理原書名Discrete mathematics and its applications的題名關係？,該書內容為英文，正題名為Discrete Mathematics and Its Applications. Seventh edition.，若有中文題名則為並列題名。導讀非翻譯，不能依翻譯書方式處理。內文為英文時應以英文原題名為正題名。,其他
24263,2015-07-23,24263_A02,245$s(版本)是適用於何種狀況？,245 $s著錄的是$a內容的版本資訊，用於描述不同時間或針對不同讀者對象的版本形式名稱、版次等。例如：245 10 $a Discrete Mathematics and Its Applications. $sSeventh edition.,其他
24264,2015-08-05,24264_A01,國家圖書館對東南亞國家多元文化書籍的編目方式為何？,本館目前所用Aleph查詢系統尚未提供東南亞語文之查詢與建檔，東南亞國家語文之圖書編目，是抄錄美國國會圖書館的書目資料。本館所建置之區域資源中心館藏，並非本館館員自己編目，而是買書時由廠商一併提供書目紀錄。,編目政策與管理
24264,2015-08-05,24264_A02,是否有網站可供查詢下載東南亞國家多元文化書籍資源？,可供查詢下載之網站：1. LC online catalog；2. 國家圖書館 公共圖書館區域資源中心館藏整合查詢系統；http://rrc.ncl.edu.tw/publiclib/tw/index.jsp 3. 國立臺灣圖書館。,其他
24265,2015-08-06,24265_A01,就圖書管理而言，應如何申請書號？是分別申請書號及預行編目，或是申請單一套書書號、編目即可？,建議申請套書書號，預行編目則做成一筆書目記錄,編目政策與管理
24265,2015-08-06,24265_A02,若是申請單一套書書號，則三本書版權頁上的書名，是否同是套書名稱，無需「上冊」、「下冊」等字樣？,三本書之書名頁、版權頁上需分別註明上冊、下冊、附冊等字樣,作者號及輔助區分號
24266,2015-08-18,24266_A01,聲音檔的編目格式應使用哪個MARC21欄位？,可著錄在MARC21欄位516說明，例如：516 ## $a 永久典藏格式WAVE檔,機讀編目格式
24267,2015-08-18,24267_A01,AACR2及RDA兩種制式在處理260/264$a的publication place時是否有分別？,AACR2和RDA沒有明顯差異，都是以照錄為準則。,編目法
24267,2015-08-18,24267_A02,"若$a=「New York」，是否要改為「New York, NY」？",不用加NY。若貴單位認為有識別上的需要，要加也無妨。根據RDA規定，應照錄原始出版地，通常New York指紐約市而非紐約州，不建議額外加註州名。,編目法
24268,2015-08-21,24268_A01,標題法和分類法的關係是什麼？,主題詞(標題詞)和分類號是互補關係。就資料本身而言，有些資料主旨很明顯，一個主題詞可以馬上對應到一個分類號，有些資料則主旨不只一個，可以有多個主題詞，但只能選一個最恰當的分類號，兩者關係是相輔相成的，編目員若能善用兩者便可把資料的內涵表達無遺。,編目法
24268,2015-08-21,24268_A02,一本書要分類到圖書館裡面時，是先選好標題後再使用中文圖書分類法嗎？,先選主題詞(標題詞)或先給分類號沒有一定的規定，看個人的習慣。某些資深的編目員，熟悉分類表和主題詞表，往往直接在線上編目，按欄位的順序輸入資料，先輸入分類號的機率就比較大，分類號欄位084$a排在主題詞6XX段之前，輸入完後再查檢類表或主題詞表。,編目法
24269,2015-08-26,24269_A01,欄號008/06-14是否應為：008/06 t 008/07-10 2011008/11/14 2012？,欄號008/06-14應為：008/06=t (出版日期和版權日期) 008/07-10 (出版日期) 008/11-14 (版權日期),編目法
24269,2015-08-26,24269_A02,請問264#4$cⓅ1983 ，這裡的Ⓟ是甚麼意思？,Ⓟ是指錄音製品的版權符號,權威控制
24270,2015-09-04,24270_A01,中文書用MARC21編目時，結尾符號是否沒有一定存在的必要性？,"一般會照ISBD標點符號著錄，您說得沒錯，除了246、490...之外，其餘均有結尾符號"".""。至於要不要採用是可以選擇的，可在LD/18表明您是採用代碼#、a、c、i、u中的哪一種：#表示「不採用ISBD格式」，a表示「依AACR2著錄」，c表示「ISBD標點符號部分省略」，i表示「包含ISBD標點符號」，u表示「不詳」。國圖是用i，國圖書目資料經拼音轉換系統後是會自動產生標點的，所以上傳OCLC的資料都是有標點的。西文編目若用AACR2是要有"".""結尾的。至於CMARC轉MARC21，從無到有，系統是不會自動產生標點的，除非您賦予它怎做的規則。",編目法
24271,2015-09-07,24271_A01,MARC 21關於245題名段，若書上同時有2個正題名且著者相同，應如何著錄？,MARC 21關於欄位245題名及著者敘述項的著錄，其2個正題名間以分號（;）隔開，例如：245 10 $a 人間詞 ; $b 人間詞話 / $c 王國維著,編目法
24271,2015-09-07,24271_A02,MARC 21關於245題名段，若書上同時有2個正題名且著者不同，應如何著錄？,MARC 21關於欄位245題名及著者敘述項的著錄，於作品（含題名及著者敘述）間以一圓點加一空格（. ）隔開，例如：245 10 $a 佛教的科學觀 / $c 張智揚著. 一個科學者研究佛經的報告 / 王小徐著,編目法
24271,2015-09-07,24271_A03,MARC 21關於245題名段，若書上同時有3個正題名且無共同題名，應如何著錄？,若無共同題名之3冊圖書《100層樓的家》、《地下100層樓的家》、《海底100層樓的家》，並非同時出版，而是出版社或經銷者為了銷售目的而將3冊合售，此種情況仍採單編方式處理，即分別建立3筆書目紀錄,編目法
24271,2015-09-07,24271_A04,MARC 21關於245題名段，若書上同時有3個正題名且有共同題名，應如何著錄？,套編：以整套之共同題名《100層樓的家大驚奇繪本集》著錄於欄位245分欄a，各冊之題名著錄於欄位505，並加欄位740題名附加款目或欄位70X或71X著者題名附加款目，也就是僅建立1筆書目紀錄。單編：各冊分開編目，即建立3筆書目紀錄，分別以《100層樓的家》、《地下100層樓的家》、《海底100層樓的家》著錄於欄位245分欄a，整套之共同題名《100層樓的家大驚奇繪本集》則著錄於欄位490集叢項，以及必要時建立欄位830集叢附加款目,編目法
24272,2015-09-12,24272_A01,特藏號J能否再細分？,特藏號並沒有一定的標準，當然同一特藏號下也可再細分，故各館可以自行訂定。,其他
24272,2015-09-12,24272_A02,若按年齡層劃分區域，應如何界定標準？,若按年齡層劃分，一般以兒童學齡前後，即以國家規定的小學入學年齡作為劃分。以臺北市立圖書館為例，其總館兒童室依適讀年齡區分為幼兒閱覽區(0-7歲)以及中文兒童讀物區(7-12歲)。,其他
24273,2015-09-22,24273_A01,處理original 編目時，如機構沒有在MARC organization code內有代號，應否加上MARC tag 040?,原編機構之代碼要著錄於040 $a。,編目法
24273,2015-09-22,24273_A02,CD-ROM 在LDR/06 應歸類為 book 抑或 是 computer file?,CD-ROM是屬資料的外型(載體)，編目時在決定LDR/06的當下，並不是以載體來決定而是以資料的內容，所以，當在編資源的內容是「書」，LDR/06=a是文字資料。若在編資源的內容是「電腦檔Computer file」，LDR/06=m是電子資源。,編目法
24274,2015-09-22,24274_A01,手持書本為2nd edition但僅能取得1st ed.的MARC record進行copy cat時，040 tag是否可不作變動？,抄錄編目轉錄他館資料時，040 $a原始編目機構是不改的。,編目法
24274,2015-09-22,24274_A02,若貴館同時為轉錄機構，040 tag是否需記錄轉錄機構代碼？,錢月蓮敬答 20150923 ：若貴館同時也是轉錄的機構，則同時也要將貴館之代碼記錄在$c轉錄機構。,編目法
24275,2015-09-24,24275_A01,分類法增訂七版第二法與增訂八版之差異為何？,1. 地方志(第二法)複分表較詳(八版p.447)，新增.32 水及.33 山；遊記從.6分出另立小類為.69； 2. 第二法將北京市與上海市另立專號，如北京：671.09、上海：672.09； 3. 華南地區673.2臺灣省改用677； 4. 676西疆、西域 第二法複分表新增若干細分類目； 5. 臺灣志得用673.2，但新增更詳盡之677臺灣史地，未收錄於677及678之臺灣資料，分散於各類，在中國號碼之後，加7來識別(七版為7或用32)； 6. 臺灣分區志多了一項選擇，八版宜改用678（七版舊表用677.9）； 7. 詳細異動，請參考《中國圖書分類法增訂七、八版異動類目對照表》p.159-162。,其他
24276,2015-09-24,24276_A01,繪本及圖畫書的定義是什麼？,圖畫書和繪本是相同意義的兩個不同的用詞，凡是用圖畫說故事的書，都可稱圖畫書或繪本。兩者因翻譯來源的不同而有不同的稱呼，英語用picture book來表示；日語漢文則稱「繪本」。,主題法
24276,2015-09-24,24276_A02,如何區分繪本與圖畫書？,繪本的特性在於由圖畫呈現故事的風格和基調，強調視覺效果，文字不一定陳述故事動作與過程，但讀者能從圖畫感受故事氣氛。區別方法為：整本書以圖畫為主且能連貫成完整故事的稱為繪本，反之若文字為主或圖畫無法表達內容則為故事書。以文字與圖畫比例分為：1. 無字繪本；2. 圖畫書繪本（圖畫重於文字）；3. 故事書（無圖畫）；4. 插圖故事書（文字重於插圖或圖文並茂）。,主題法
24277,2015-10-06,24277_A01,編目員在為作者用五筆檢字法取著者號時，碰到首跟尾都是捺的情形要如何處理？,"讀書人: 您好, 就我所知, 至目前為止, 中文字首筆只有點、橫、直、撇，並無捺。 國圖所用五筆檢字法係根據前國立北平圖書館中文目錄檢字表所用「永」字八法，每字首先計其筆畫，同筆畫各字，再依其首筆之點、橫、直、撇排序，注意呦，此處只說明首筆之點、橫、直、撇，沒有捺，您可否提供樣例呢? 錢月蓮敬答  20151007",作者號及輔助區分號
24278,2015-10-07,24278_A01,西文圖書在貼書標語條碼時，是否有異於其他中文圖書？,圖書條碼號黏貼位置：裝訂在右邊的書(向右翻的書)，條碼貼在書背面靠書脊左上角的地方，若恰好有識別性文字，可以其為中心向外延伸，但以左上半部四分之一的範圍內最為恰當；裝訂在左邊的書(向左翻的書)，條碼貼在書正面靠書脊左上角的地方，書封面四分之一範圍內。以上是國圖貼條碼的原則，供參考。,其他
24278,2015-10-07,24278_A02,若採行貼條碼的規範是封面中央下緣起2公分處，有一本書封面中央均為文字，另一本是中央下緣４公分以上才無字、圖，若以避字為原則，應如何處理較為合適呢？,我們不是凡字都避，廣告詞或無須用作辨識書名、作者等的文字是可以被遮蓋的。,其他
24279,2015-10-14,24279_A01,外國電影的非書在光碟本體有原文時，CMARC應作並列或譯自？,國圖目前的作法是將原題名著錄在並列題名。,編目法
24280,2015-10-14,24280_A01,書目檔如何建置較佳(同一筆或分開建檔)？,若版次相同，這4本書和2張MP3光碟是可以著錄在一筆書目上的。好與壞是見人見智的問題，我個人以為就讀者使用的立場來看，編在一筆較佳。,編目法
24280,2015-10-14,24280_A02,試題本或詳解本應如何著錄以利區分？,試題本 v.1 → 試題本有上冊、下冊，可以這樣表示：上冊v.1:1 下冊v.1:2 詳解本 v.2 → 詳解本有上冊、下冊，可以這樣表示：上冊v.2:1 下冊v.2:2,作者號及輔助區分號
24280,2015-10-14,24280_A03,附件光碟應如何建檔管理？,附件和主體是否分開，各圖書館處理方式不同。以貴館來說，單獨出借光碟的情形來看，分置放較妥，光碟另置一處依然得案索書號排，調閱時多一道手續罷了。光碟一樣要貼書標的，登錄號可以和書不同的標示，以國圖來說，登錄號前加AV，索書號也標示mp3，如: v.2:1 mp3以資區別。,作者號及輔助區分號
24281,2015-10-15,24281_A01,首尾五筆法中兩捺筆相重時應如何處理？,「兩捺筆相重適用減捺原則」意思是說：中國字的書寫習慣「一字不二捺」，所以，一個字若有2個捺，如「秦」「餐」「檢」...，後面的尾筆捺要改成「點」。,編目法
24281,2015-10-15,24281_A02,如何確認是否需要應用減捺原則？,"用首尾五筆法取作者號時，若對筆畫歸屬有疑問，應查《中文目錄檢字表》(1965, 中國圖書館學會重印)。",作者號及輔助區分號
24282,2015-10-19,24282_A01,書中沒有ISBN及版權頁時，應如何進行編目？,可採用兩種方式：1. 忠實著錄書上所呈現的資料，沒有的以[ XXX不詳 ]表示；2. 查證後作說明。查得後的資料需加方括弧[ ]，並在附註項(500)說明來源。例如：260__$c[2015] 500__$a資源沒有版權頁亦未註明出版年，出版年之訊息係得自XXXXXXXX。若不想進一步查證，可著錄為260__$c[出版年不詳]。定長欄008/07-10日期1及008/11-14日期2也按情況著錄，如[出版年不詳]→ 008/06=n 008/07-10 =uuuu 008/11-14=uuuu；沒有出版年但推測出可能區間→ 008/06=q 008/07-10 =2010 008/11-14=2015。,編目法
24283,2015-10-21,24283_A01,「碧血丹心永續和平：紀念抗戰勝利暨臺灣光復70週年音樂劇」DVD光碟，在中文圖書分類法2007年版裡，應給予那一分類號較佳？,此DVD光碟主要採音樂伴隨戲劇故事與影像元素，結合軍校生與聲樂家齊唱與獨唱抗戰時期的經典曲目，因表演曲目都是中文曲目，目前國圖的作法是放在中文圖書分類法2007年版類號982.62裡。,其他
24284,2015-10-28,24284_A01,8comic 可以被編進圖書館當館藏資料嗎？,盜版漫畫不能被編進圖書館當館藏資料。,其他
24285,2015-10-28,24285_A01,CMARC #527段的$z字段，當書是日文翻譯但書名是英文時，應著錄jpn或eng？,應著錄jpn，因$z字段表示原作品的題名（譯自），即日文書的題名，而英文題名應著錄於500字段的劃一題名。,編目法
24285,2015-10-28,24285_A02,英文題名如何處理？,英文題名可能是日文書的並列題名，應著錄於500字段的劃一題名。,權威控制
24286,2015-10-31,24286_A01,CMARC #527段的$z字段應著錄題名語言還是作品語言？,"Mirror: 您好, 回覆問題如下: $z應著錄作品語文，不是題名的語文。 527 11 $aOne piece red grand characters$z日文 作品內容語文若是日文，則$z登錄為日文。 錢月蓮敬答 20151102",編目法
24287,2015-11-03,24287_A01,若書為翻譯書且作者姓名為英文原文，是否可以採用克特號作為作者號？,克特號較適合用於西文書。,作者號及輔助區分號
24287,2015-11-03,24287_A02,為確保一致性，翻譯書的作者號是否必須採用四角號碼法訂的羅馬字母號碼表？,個人以為中文圖書，若用中文圖書分類法給號，譯作原著沒有被翻譯成中文，用四角號碼取羅馬字母號碼為作者號較適合。,作者號及輔助區分號
24288,2015-11-09,24288_A01,西文書索書號第二組的英文數字(.M34)代表什麼？是分類號還是作者號？,M34是指Madagascar，是作者號（克特號）,作者號及輔助區分號
24288,2015-11-09,24288_A02,西文書索書號第三組的英文數字(.K4)代表什麼？是分類號還是作者號？,K4是作者號（克特號）的一部分,作者號及輔助區分號
24289,2015-11-10,24289_A01,同一本書但館藏地不同的分類號會一樣嗎？,同一本書在不同館藏地的分類號可能不同，需依各館的分類法與實際分類情況而定。,其他
24289,2015-11-10,24289_A02,分類號538.52中的小數點後52代表什麼？,538.52在中文圖書分類法2007年版中，代表「中國節日」。其中「5」是節日Festivals；紀念日Holidays類目，「2」是中國的代碼。,編目法
24290,2015-11-04,24290_A01,像中國文學總欣賞這樣的套書，不同主題有不同分類號時，應如何編目較為合適？,"曉諭：套書分散與集中編目，孰好孰壞一直是討論的焦點，本套書集中或按文學體裁分散皆可。例如：中國文學總欣賞.唐宋詞新賞 / 張淑瓊主編，入833.4；中國文學總欣賞.唐詩新賞 / 張淑瓊主編，入831.4…。不過，我個人是贊同您的看法，因為從書名《中國文學總欣賞》來看，作者或出版社的意旨，是希望提供一個中國文學整體性的樣貌，集中套編或許是較好方式。若集中編，分類號可取中國文學作品總集830，作者號可取書名8656，部冊號可取part.1 v.1, part.1 v.2…part.2 v.1, part.2 v.2…或v.1:1, v.1:1…v.2:1, v.2:2, …。以上供參。",編目法
24291,2015-11-04,24291_A01,欄位245有中文翻譯嗎？,建議參考本館2013年出版之《MARC 21書目紀錄中文手冊—圖書、連續性出版品修訂版》(ISBN：9789576785771)，該書包含欄位245在內的MARC21書目記錄常用欄位之中文使用說明。,機讀編目格式
24291,2015-11-04,24291_A02,欄位245有完整介紹的資訊嗎？,可參考大陸於2005年出版的《MARC21書目數據格式使用手冊》(ISBN：7501328145)，該書作為MARC21書目記錄的中文參考書，提供相關欄位的完整介紹。,機讀編目格式
24292,2015-11-17,24292_A01,條碼標籤黏貼位置貼在圖書裝訂邊右側封面(底)之左上角之意義為何?,"「條碼標籤黏貼位置貼在圖書裝訂邊右側封面(底)之左上角」這樣說不明確，因為圖書平放時, 裝訂邊有在左邊的, 也有在右邊的，所以, 條碼標籤黏貼位置會有2種，一種在正面，一種在背面。想像書直立在書架上，當你目視或利用條碼機清點圖書的時候，您不必一一將書取下，只要從上方提出一角，就可看到或刷到條碼了，這樣貼法完全是以方便使用為考量。裝訂在左邊的書，條碼標籤黏貼在封面左上角那塊，裝訂在右邊的書，條碼標籤黏貼在封底左上角那塊，當書直立在架上時，條碼位置是同一個地方!",編目法
24292,2015-11-17,24292_A02,"是否各圖書館依方便性及管理考量可有自己的一套黏貼方式,例如統一黏貼在封底靠書脊上面的位置呢?",若統一黏貼在封底靠書脊上面，用條碼機刷條碼時方向會不一致，您可以找出兩種裝訂的書，放在書車或書架上，實際操作看看啊。,編目政策與管理
24293,2015-11-17,24293_A01,017欄位的$b能否替代$2呢?,"Kam: 您好, 回覆問題如下: 1. 我國是採自然創作主義，並無所謂的版權登記制度。GPN只是一種類似的號碼，所以不適合直接用017$a$b。",其他
24293,2015-11-17,24293_A02,這兩個分欄有何區別呢?,"MARC 015是國會圖書館(LC)專用, LC的國家書目號登陸於$a, 不用標明$2來源，當它轉錄其他國家書目紀錄時，才用$a和標明來源於$2的方式，譬如： 015__$a84-3117 $2bnf是表示LC該筆資料抄錄法國國家圖書館。 其他家書目紀錄控制號用016$a$2表示。我們國圖用的來源碼即為ChTaNC。",機讀編目格式
24294,2015-11-19,24294_A01,西文翻譯書有兩位作者都有中譯名時，使用四角號碼法應如何取作者號？,若有兩位作者，作者號取資源上排列在前面的作者的，但都得為兩位作者立檢索點。,編目法
24295,2015-11-19,24295_A01,MARC21中是否2個或以上之出版國別才需著錄044欄位？,當008/15-17的出版地或生產地代碼不足以反映文獻的全部出版地資訊時，可使用欄位044表示。也就是說當在編文獻上出版地不只一個，將260 $a的第1個出版地的出版國代碼記錄在008/15-17，其他出版國代碼視需要記錄在044，044不是必要的，是一個選項，可以不著錄。,編目法
24295,2015-11-19,24295_A02,若只有一個國家出版則入008欄位嗎？,008/15-17的出版地或生產地代碼足以反映文獻的全部出版地資訊時，無需使用044欄位。,其他
24296,2015-11-22,24296_A01,編目翻譯書籍需要哪些一般顯示的必要項目？,書名、作者、譯者、ISBN、出版者等檢索項，是必要款目。其他如譯自來源資訊，若可獲得時，亦應該著錄。,編目法
24296,2015-11-22,24296_A02,機讀格式的著錄應如何處理？,機讀格式之著錄，煩請參考國家圖書館館藏目錄查詢系統。LDR 00000cam a2200217Ii 4500 1 3677005 5 20150200000000 8 131213s2014    ch ab  g      000 fdchi d 167,機讀編目格式
24297,2015-12-07,24297_A01,MARC21 255欄位中的$e資料代表什麼意思？,"$e的資料僅跟在$d後，並置於方括弧內，用於天體圖的分區說明。例如：255 ##$aScales vary$d(Zones +90° to +81° to 63°, -81° to 98° ;$eeq. 1950). 其中$e用於補充說明$d的座標範圍。",機讀編目格式
24297,2015-12-07,24297_A02,MARC21 255欄位中的$f資料代表什麼意思？,$f - Outer G-ring coordinate pairs，用於標註閉合且不相交的區域邊界。這是一種幾何規則環（Geometrically regular ring）的坐標對，用以界定圖形的外圍範圍。,機讀編目格式
24297,2015-12-07,24297_A03,MARC21 255欄位中的$g資料代表什麼意思？,$g - Exclusion G-ring coordinate pairs，用於標註被外圍G多邊形排除的區域邊界。這也是Geometrically regular ring的坐標對，用以界定需排除的範圍。,機讀編目格式
24298,2015-11-25,24298_A01,Cmarc 210的印刷地若重複，轉到Marc21的260應如何排序？前置標點為何？,"欄位260是可重複欄位, 基本上可以依原先CMARC上的次序轉入2個印刷地 $b前置符號為冒號「：」 $c前置符號為逗號「，」",機讀編目格式
24298,2015-11-25,24298_A02,Marc21中，245欄位重複的$n$p其前置標點為何，什麼情況下$n前置為『，』？,"當$n編次和$p編次名稱分別單獨使用時, 其前置標點都是點「.」。如： 245 00 $a晨曦集. $n第二卷 245 00 $a教育心理學. $p理論篇 若編次和編次名稱同時使用時（$n$p為一組），$p的前置標點用「，」。如： 245 00 $axxxxxx. $nxxxxxx, $pxxxxxxxx",機讀編目格式
24298,2015-11-25,24298_A03,Cmarc 700$c轉為Marc21 100$c的前置符號為何？重複時應如何著錄？,"CMARC 700不可重複, 所以轉換為MARC 21 100也沒有重複的問題 CMARC 700 _1 $a姓$b名 → MARC 21 100 1_ $a姓名 CMARC 700 _0 $a名 → MARC 21 100 0_ $a名 CMARC 701 _1 $a姓$b名 → MARC 21 700 1_ $a姓名 MARC 21 100 $c的定義是『Titles and words associated with a name』指和名稱相關的頭銜和詞語。如Sir Reynolds, Joshua可以這樣表示： 100 1_ $a Reynolds, Joshua, $c Sir, $d1723-1792, $j Pupil of $c的前置標點是『，』 $j 是屬性限定(Attribution qualifier)，作區別用的，其前置標點是『，』 $q全名才用( )",機讀編目格式
24298,2015-11-25,24298_A04,Marc21 245欄位的分欄$h應如何排序？若按$a$b$n順序，$h應如何排序？,245 $h是資料類型標示。$h用於正題名之後（$a），其他題名$b和著者敘述之前。$n$p用於$h之前；$b用於$h之後。,機讀編目格式
24299,2015-11-27,24299_A01,MARC 21的分欄260中，重覆的$e可否如示例轉換？,"通常有出版地、出版者時，是不用加印刷地、印刷者的（CCR1.4.6）除非是古籍再印，譬如: 260 ##$aNew York :$bPublished by W. Schaus,$cc1860$e(Boston :$fPrinted at J.H. Bufford's) 這樣說比較好： 260 $a出版地 :$b出版者,$c出版年$e(製作地一(製作地二) :$f製作者,$g製作年)",編目法
24299,2015-11-27,24299_A02,MARC 21的分欄260中，製作地與製作者的著錄規則？,Manufacture用於視聽資料之製作時，有則必備；若用於紙本文字資料之印刷，除非沒有出版者，才須著錄!,編目法
24300,2015-12-14,24300_A01,圖書館在做＜新書通報＞時，複製博客來或google圖片庫中的書封圖片是否侵犯著作權等權利？,貴館＜新書通報＞若使用其他書店或單位的書封圖片，建議加註圖片來源，或逕洽來源者可否直接使用圖片，避免衍生著作權問題,其他
24300,2015-12-14,24300_A02,要如何才能在新書通報中放置書封圖片？,可就貴館館藏進行封面拍攝或掃描後採用於＜新書通報＞上，可參考本館國際標準書號中心刊物《全國新書資訊月刊》中書評之作法,編目政策與管理
24301,2015-12-16,24301_A01,標準複分表與總論複分表相同嗎？,兩種類表名稱雖不同但性質是相同的，也有稱總論複分表為通用複分表的。,分類法
24301,2015-12-16,24301_A02,各複分表的使用時機？,一般而言， 若要依「分國表」複分，是加在總論複分表中09「歷史及現況」之後，在加相關的地理複分。,其他
24302,2015-12-16,24302_A01,試題B)1.中譯書之題名後及版權頁同時載有版本說明文字，版本項應如何著錄？,版本的版次敘述是照錄並沒有錯，但必須區分翻譯原著作品(原版)的版本與翻譯本的版次。版本敘述應取版權頁版本項的描述。,編目法
24302,2015-12-16,24302_A02,為何試題中題名後標明「原文書為修訂版」，版本項卻應選「六版」而非「修訂版」？,因原書內容的版本常出現在書名之後說明修訂歷史，但原著被翻譯成中文出版的版次不見得相同。例如原版已修訂七次，但翻譯本可能是第一次出版，故應取版權頁版本項的「六版」描述。,其他
24303,2015-12-17,24303_A01,在CIP中台灣遊記的分類號733.6後方的數字/119.6是什麼意思？,733.6/119.6應為錯誤類號，正確應為733.9/119.6。/後的數字代表地區代碼，119指嘉義縣竹崎鄉（參考台灣鄉鎮表）。,其他
24303,2015-12-17,24303_A02,中國機讀格式681段$a字段是否包含/直接著錄？還是要把/拿掉？,681段$a字段應將/拿掉，僅著錄數字部分。,編目法
24304,2015-12-20,24304_A01,題名卡片是否就是出版品預行編目?,題名卡片(或其影像)不是指「出版品預行編目」。此處之卡片應指閃示卡(flashcard)或類似之教學用卡片。LC-PCCPS對RDA 2.2.2.1 首選著錄來源一般指引有做如下的說明：Do not consider pre-publication cataloging data (foreign or domestic) appearing in the item as a source of information for transcribed elements. 表示並不將出現於item上的國內外CIP數據，做為抄錄資訊元素的來源。,其他
24305,2015-12-22,24305_A01,作者含中英文時以四角號碼該如何取號?,"四角號碼著者號取碼若為西文, 凡4字以上團體名稱, 以前4個字的首字母查表取碼。中西文夾雜時可比照辦理! 若圖書館自己定有規則, 如中西文夾雜時, 指取中文不取西文也不能說不可以, 取碼只要一致性, 並無強制規定要如何。",作者號及輔助區分號
24305,2015-12-22,24305_A02,EZ TALK編輯部及EZ叢書館編輯部的作者號為何?,"EZ TALK編輯部, 可取E, Z, T, 編 4個字的字母, 查表得作者號4932。E=4, Z=9, T=3 編字的四角號碼是2392, 取最前之1碼 ""2""。EZ叢書館編輯部, 可取E, Z, 叢, 書 4個字的字母, 查表得作者號4935。E=4, Z=9, 叢=3, 書=5",其他
24306,2015-12-29,24306_A01,Corpus Linguistics and Linguistic Theory印刷本ISSN為何？,1613-7027,其他
24306,2015-12-29,24306_A02,Corpus Linguistics and Linguistic Theory線上ISSN為何？,1613-7035,其他
24306,2015-12-29,24306_A03,Digital Scholarship in the Humanities印刷本ISSN為何？,2055-7671,其他
24306,2015-12-29,24306_A04,Digital Scholarship in the Humanities線上ISSN為何？,2055-768X,其他
24307,2016-01-06,24307_A01,資料、資訊、知識的差異為何?,資料：1.可供參考或研究的材料。如：「第一手資料」、「原始資料」。2.生產、生活中必需的東西。如：「生產資料」、「生活資料」。3.在社會科學中，指研究者對社會現象中某些事實所作的紀錄。4.計算機中一切數值、記號和事實的概稱。通常指未加以處理者。（教育部重編國語辭典）資訊：1.電腦上指對使用者有用之資料和訊息的總稱。以別於未經處理過的資料。2.泛指一般資料和訊息。（教育部重編國語辭典）知識：1.指學問、所知道的事理。(教育部重編國語辭典) 2.知識是對某個主題確信的認識，並且這些認識擁有潛在的能力為特定目的而使用。(智庫百科) 簡單的說，「資料」是指未經過處理的原始紀錄，是構成訊息和知識的原始材料；「資訊」是有關人物、事物或事件的資料和訊息；「知識」是對某個主題確信的認識，並且這些認識擁有潛在的能力為特定目的而使用。,權威控制
24307,2016-01-06,24307_A02,圖書館的館藏屬於何者?,圖書館的館藏屬於資訊。,其他
24307,2016-01-06,24307_A03,使用者在檢索時，應說使用者在檢索什麼?,使用者在檢索時，應說使用者在檢索資訊。,其他
24307,2016-01-06,24307_A04,為什麼?,因為「資訊」是有關人物、事物或事件的資料和訊息，而圖書館的館藏經過整理與處理後，成為可供使用者查詢與利用的有用資料，因此屬於資訊。,其他
24308,2016-01-07,24308_A01,MARC21定長欄008的適用對象為何？,008/22(BK)適用對象指文獻適合的讀者層次。館員可判斷在編文獻適合的對象。,機讀編目格式
24308,2016-01-07,24308_A02,e成人和g一般性的區別為何？,e為適合成人閱讀的書，如18禁的書；g為適用一般普通讀者閱讀的書，青少年及成人都適合閱讀或使用的書。,其他
24309,2016-01-08,24309_A01,分館代碼是否在中國機讀編目格式的801$b及805$a註入？,分館代碼著錄於館藏段805的$b。801段是編目出處欄，指編目或修訂書目紀錄的單位，若貴館的分館也有在編目，則可為該分館加代碼著錄於$b。,機讀編目格式
24309,2016-01-08,24309_A02,分館代碼是否與總館一樣，只在805$b註入？,分館代碼著錄於館藏段805的$b。801段是編目出處欄，指編目或修訂書目紀錄的單位，若貴館的分館也有在編目，則可為該分館加代碼著錄於$b。,機讀編目格式
24310,2016-01-14,24310_A01,194.7有關「戀愛」主題的範圍為何?,194.7戀愛，是指從兩性倫理與婚姻倫理的角度去探討的議題,其他
24310,2016-01-14,24310_A02,544.32有關「戀愛」主題的範圍為何?,"544.32或是544.37中的戀愛，是指從婚姻制度，即社會學的角度去探討的婚姻議題, 如戀愛與婚姻的關係, 婚姻中的不倫之戀, 或戀愛的類型: 單戀、師生戀、老少配等等之問題",其他
24311,2016-01-18,24311_A01,MARC3轉MARC21於2009有出版參考書籍，請問是否轉換標準有更新版本？,MARC21欄位020的$q為2013年新增之分欄，故本館2009年出版之《中國機讀編目格式第三版轉MARC21 Bibliographic Format對照表》無相關轉換說明,機讀編目格式
24311,2016-01-18,24311_A02,因上傳本館資料時，系統顯示010段$b需轉至020$q(需括號)，但與之前的轉換標準不同，請問編目園地是否有提供相關檔案可供參考？,茲將新增$q後CMARC3欄位010轉MARC21欄位020之對照說明如後： 若僅有$a，則轉入$a 若有$a有$b無$d，$a仍轉入$a，$b內容若無“␢:␢”，則$b前加“(”後加“）”轉入$q，$b內容若有“␢:␢”，則$b前加“(”後加“）”，並將“␢:␢”改為“␢;␢”，連同“;”及其前之資料轉入第一個$q，“;”後去除␢後其餘資料轉入第二個$q； 若有$a有$b有$d，則$a$b轉法同上，$d轉入$c時前加” ␢:␢”，並依$a$b$d順序轉； 若有$a無$b有$d，則$a轉入$a，$d轉入$c時前加” ␢:␢”； 若無$a有$b有$d，則$b前加”  (“後加” )”依$b$d順序轉； 若僅有$b則轉入$q，若僅有$d則轉入$c； 建議：刪除號碼數字之間的「-」 註：“␢”表示空格,機讀編目格式
24312,2016-01-20,24312_A01,"在RDA內, 如有6位作者,CUTTER NO. 應用第一位作者,抑或 書名?","Kitty: 您好, 若採用RDA規則, 創作者有6位, 以排名第一的創作者的克特號為作者號, 排名第一的創作者是建立權威紀錄的必須選項, 故以之取作者號。 這會衍生一個問題, 即採用舊規則以書名取書的文獻, 再版時, 作者號要從新或從舊? 各館可自行決定其政策。",作者號及輔助區分號
24313,2016-01-20,24313_A01,編目館員對編目規則、分類法及主題詞表的要求有那些?,編目規則、分類法及主題詞表應適用並能與時俱進反映文獻資訊，編目員需熟悉並了解編目的原理與目的。,編目政策與管理
24313,2016-01-20,24313_A02,進行編目工作者，需要那些能力?,編目工作者需要服務的熱誠與同理心，具備技術性與學術性能力，並能掌握編目目的與新科技應用。編目時需考慮如何讓讀者通過目錄找到所需資料、提供充分的描述資訊與檢索點、相關文獻資訊及電子資料連結，同時避免濫用分析著錄與過度記錄。,編目政策與管理
24314,2016-01-21,24314_A01,轉用LCC分類後，是否仍可使用現行作者碼取法（取作者姓名頭三位字母）而不用LC CUTTER？,建議作者號取法維持不變。,作者號及輔助區分號
24314,2016-01-21,24314_A02,LC CUTTER與字母取法各有何優缺點？,LC Cutter號是一種編表法，與直接查表法不同，編表法的優點應是彈性較大，但相對的缺點是較不一致，A館員的編碼與B館員的編碼可能稍有出入；查表法則較一致性，但重號須加區別號的情況可能會較多。,作者號及輔助區分號
24315,2016-02-04,24315_A01,讀者遺失/損壞後賠償之新書，編目時應以複本處理或取代原書？,有關本館遺失/損壞之圖書資料，經由購買、送存或讀者賠償之相同版本者編目時以複本方式處理；至於讀者無法購得相同版本時，則計價賠償(若為本館購買、送存之不同版本者則另編1筆書目記錄),編目政策與管理
24316,2016-01-24,24316_A01,「關鍵字」的意義是什麼？,根據《圖書館學與資訊科學大辭典》之定義，「關鍵字」係指將一作品之摘要、題名或是內文中重要字取出用作敘述語，以代表一作品之主題，稱為關鍵字。,主題法
24316,2016-01-24,24316_A02,在提供的兩個網址中，「關鍵字」的使用方式有何不同？,第一個網址（臺灣期刊論文索引系統）的「關鍵詞」係指以字詞查詢期刊文章作者所列（或由索引建置者據期刊文章內容自訂）的關鍵詞，即查找前項定義所稱來自文獻本身的敘述語。第二個網址（國立新竹教育大學圖書館）的「關鍵字」係指以字詞查詢該館書目記錄中書刊名、作者、出版者、標題及附註項等5欄位的資料，為「關鍵字檢索」概念的應用。,其他
24317,2016-02-22,24317_A01,"欄位300 ^a[212],6-6面的著錄是否恰當？",遇到不連續編碼的頁碼時，可以簡單處理用「1冊」表示，或計算總頁數加方括弧著錄。例如：300 $a1冊 或 300 $a[212面]。,編目法
24317,2016-02-22,24317_A02,參考書目:面6-2~6-6的著錄是否正確？,參考書目的起迄頁碼應照錄，例如：504 __ $a參考書目: 面6-2 - 6-6。注意欄位應著錄於504而非500，含索引才著錄於500。,編目法
24318,2016-02-27,24318_A01,LC是否真有取消LCSH複分的方向？,LCSH短期內應該不至於取消複分，而是持續與OCLC合作尋求簡化詞表的方法，發展出Faceted Topical Terms，將LCSH層面化但仍保留部分的複分,主題法
24318,2016-02-27,24318_A02,LCSH取消複分的進展如何？,除發展Faceted Topical Terms外，其他改進措施包括Free-Floating Subdivisions等，都是改進原標題法缺乏彈性的措施。建議直接上LC官網閱讀Policy and Standards Division的消息報導及每次LCSH的討論紀錄,主題法
24319,2016-03-01,24319_A01,中文圖書分類法中，類號947、948是否皆以作品之畫法為判斷依據？,947是以主題作為區分；948是以繪畫媒介作為區分,編目法
24319,2016-03-01,24319_A02,國內作家的風景油畫作品集應分入以下何類？,948.5油畫。因陳文資老師的專業在油畫，為使其作品集中，即便《陳文資七十回顧展專輯》畫得全都是有主題的風景畫，仍可以將其歸類在948.5油畫這一類,編目法
24320,2016-03-04,24320_A01,I38的取碼原則為何？,根據國家圖書館克特號取碼法，I為母音，次字母為l，應以I4為開頭。但實際取碼為I38，可能因電腦軟體代碼表取號在前、編表者在後，中間有出入，歷史紀錄已佚，無法追溯確切原因。,其他
24320,2016-03-04,24320_A02,為何I38與克特號對照表的I4不符？,可能因取號者不同或歷史紀錄遺失，導致實際取碼與標準規則有出入。建議遵循附錄規則新取號，舊有號碼可依原樣保留。,其他
24321,2016-03-04,24321_A01,國會分類法排架問題，以下幾個號碼的排列次序為何？,"1900/1/12 4:00:00 PM 您好, 回覆問題如後: 排架是按 1. 特藏號 2. 分類號 3. 作者號 4. 年代號　5.部冊號 的順序，從左至右從上到下來排放的。 LCC排架基本原則是「字母後按數值」排列。先按字母順序，後再依「整數小大」排列，小數點後之數字則依「小數點之小大」 排列。 分類號按字母先後順序排，再按數值： PN1997是基本分類號，處最前面； PN1997後有可能有PN1997.A-Z間的類號，英文字母排完後排1997.5： (1) PN1997 .J263 (9) PN1997 .O994 1999 (7) PN1997 .R33 2002 (6) PN1997 .W345 1999 (2) PN1997.A73 J37 2004 (8) PN1997.R33 H37 2012 (5) PN1997.W34 S43 2010 (4) PN1997.5 .M37 2004 disc 2 (3) PN1997.5.M34 M44 2011 上述以紅色標示者是分類號。 錢月蓮敬答 20160304",編目法
24322,2016-03-04,24322_A01,書名頁無副題名而版權頁有副題名時，是否視同副題名接於正題名後？,"規則沒有說得很詳細，各館可自訂其內規: 1. 取版權頁較完整題名, 另於附註項說明「題名取自版權頁」。",其他
24322,2016-03-04,24322_A02,書名頁無副題名而版權頁有副題名時，是否需要另作說明？,"規則沒有說得很詳細，各館可自訂其內規: 2. 照錄書名頁題名, 視版權頁副題名為其他題名, 著錄於MARC 21欄位246, 如: 246 1_ $i版權頁副題名: $axxxxxx 個人較主張採用第二種。",編目法
24323,2016-03-05,24323_A01,學生的Final project、學士畢業論文及碩士生畢業論文該如何分類？是否可將其分入378.242，並依內容類別細分？,根據DDC 22版說明，學位論文可附加標準複分於類號後。學士畢業論文可歸於378.241，碩士論文歸於378.242。Final project應按學士級或碩士級分別歸入378.241-378.242。若論文不多，可分散於各主題類號下；若集中存放，可歸入378.242後附加內容細分。,其他
24323,2016-03-05,24323_A02,文憑班（Diploma）的Final project、學士畢業論文及碩士班畢業論文是否均採用378.242分類？,文憑班的Final project、學士畢業論文及碩士班畢業論文是否採用378.242，需視其具體性質而定。學士論文可歸於378.241，碩士論文歸於378.242，建議與採用DDC分類的圖書館討論後決定。,其他
24323,2016-03-05,24323_A03,學生的Final project、學士畢業論文及碩士生畢業論文是否可與其他參考書一起擺放於參考區？還是需要特別處理？,若論文數量不多，可分散於各主題類號下；若集中存放，可歸入378.242後附加內容細分。建議與採用DDC分類的圖書館討論後，決定最適當的存放方式。,其他
24324,2016-03-05,24324_A01,書脊上的號碼一定要貼分類碼+作者號嗎?,進湘: 您好，這是管理上的問題，若貴館要用分類號加登陸號作為索書號排架也無妨啊。,作者號及輔助區分號
24324,2016-03-05,24324_A02,可否貼分類碼加登錄號?,這樣做雖然可以節省處理時間，但有一些缺點： 1. 同作者的同類書會被打散無法集中； 2. 作品的正編與補編或續集無法相鄰； 3. 傳記作品中被傳人無法集中； 4. 前後不同時間進館的複本書怎麼處理? 5. 同部作品的不同版次也無法集中.... 可以評估一下利弊得失再決定。,其他
24325,2016-03-07,24325_A01,什麼是聯合目錄？,聯合目錄是指一種聯合二所以上圖書館館藏目錄的資料庫。使用者從單一窗口網站來檢索國內多所圖書館的館藏，其能提供給使用者知道哪個圖書館有收藏他所需要的館藏資訊。,其他
24325,2016-03-07,24325_A02,什麼是個別目錄？,個別目錄在文獻目錄學中較少使用，指單獨一處館藏目錄的檢索目的。例如私人藏書家目錄（分類號018.9）或個人目錄，但若跨館藏則屬於聯合目錄。,其他
24326,2016-03-07,24326_A01,ISBD是什麼?,ISBD是國際書目著錄標準(International Standard Bibliographic Descriptions)的簡稱。1969 年，國際圖書館學會聯盟的編目委員會(IFLA Committee on Cataloguing)在巴黎召開國際編目專家會議，建議起草標準，藉以規範書目著錄的形式及內容，目的是為了推動書目記錄共享。詳細資訊及相關出版品可自行查閱期刊文獻或網路資源，建議直接瀏覽IFLA網站：http://www.ifla.org/publications/international-standard-bibliographic-description,編目法
24327,2016-03-09,24327_A01,現有MARC21與RDA各欄位差異的相關資料嗎？,"過客: 您好, 您要的資料在RDA Toolkit上有，若貴館沒有訂購Toolkit, 那麼, 也可以上網獲得, 只是內容可能不是最新的。請搜尋「RDA TO MARC BIBLIOGRAPHIC MAPPING」, 同時可得二種對應表, 在先後的位置上, 一是RDA to MARC 21, 一是MARC 21 to RDA。",機讀編目格式
24327,2016-03-09,24327_A02,現有MARC21與RDA變更比對的相關資料嗎？,"過客: 您好, 您要的資料在RDA Toolkit上有，若貴館沒有訂購Toolkit, 那麼, 也可以上網獲得, 只是內容可能不是最新的。請搜尋「RDA TO MARC BIBLIOGRAPHIC MAPPING」, 同時可得二種對應表, 在先後的位置上, 一是RDA to MARC 21, 一是MARC 21 to RDA。",編目法
24328,2016-03-11,24328_A01,立體是童話繪本其英文全名為何？,立體書童話繪本英文，可以這樣寫: A Pop-Up Fairy Tale picture book A Pop-Up Fairy Tale book Pop-Up Fairy Tale Books Pop-Up Fairy Tale picture Books 繪本書不一定是立體書，但立體書多半是給孩子讀的繪本，所以有些沒有刻意再加picture這個字。,其他
24328,2016-03-11,24328_A02,分類號是多少？,分類號是按書籍內容給號，Pop-Up Books、Picture books都是書籍的類型並非內容，所以沒有專屬的分類號。 本國童話的參考類號是859.4，外國童話的參考類號是各國文學加複分59。,其他
24329,2016-03-11,24329_A01,pop-up book(立體書)其特藏符號應使用PPB或PUB哪一種英文字母標示？,並無一定，建議可以先查查縮寫字典，看看pop-up book是否有特定的縮寫，若無，可自己取一個做代碼。,機讀編目格式
24329,2016-03-11,24329_A02,若無特定縮寫，pop-up book(立體書)特藏符號應如何處理？,個人覺得PUB較好，讀起來較順口。,其他
24330,2016-03-14,24330_A01,650欄位若只有分欄（例如：$a Blood.），結尾是否需要打句點？,650字段結尾以句點「.」標示，例外：若結尾是$2、$3，句點在其前。以縮寫字母或「-」結尾，則不標示結束符號。,編目法
24330,2016-03-14,24330_A02,650欄位分欄又有複分（例如：$a Water resource development $z Kenya.），最後一個分欄是否需要加句點？,650字段結束要加句點，複分v、x、y、z前置符號「--」不在MARC紀錄中，是顯示時系統自動產生。,編目法
24330,2016-03-14,24330_A03,830#集叢名沒有集叢號，是否需要句點結束？,830字段結束以句點「.」標示。其集叢說明490字段才不加。,其他
24331,2016-03-14,24331_A01,RDA方面是否也須更正MARC21 tag020新增的$q分欄？,是的，2013年9月新增了020 $q，將若干原本集中於$c的內容格式化分置於$q和$c。 若要實行RDA編目，首要考量RDA in MARC的問題，圖書館系統須準備因應RDA編目所新增的欄位和分欄，020 $q當然也不例外。,編目法
24332,2016-03-15,24332_A01,登錄號不足時應如何申請或處理？,登錄號通常是流水號，按原有順序使用。若條碼貼紙用罄，應依採購法程序向條碼製作商印製條碼。部分圖書館會按類型區分登錄號，如圖書、視聽資料、期刊等，每組設有流水號區間；也有使用英文字母+流水號的格式，如AV00000001、AV00000002等。,作者號及輔助區分號
24332,2016-03-15,24332_A02,是否有相關申請方向或建議？,若仍有疑問，可電洽23619132#873進一步諮詢。,其他
24333,2016-03-22,24333_A01,若一本書的內容講的是一個國家很多面向，如包含了中國的政治、經濟、外交、軍力、社會等等，該將它放至何類？,若該書不是「年鑑」，建議可以歸在各國政治或各國歷史。例如: 中國政治574.1或中國歷史628.77。政治是處理眾人之事，歷史又常以政治觀點書寫，從這兩個角度去看，簡介一個國家的整體是可以歸在該國的政治；又，今日種種是明日之歷史，一國的整體現況與一國的歷史是不可分，所以歸入一國的現代史也不能說不恰當。我個人則prefer歷史。,其他
24334,2016-03-17,24334_A01,MARC21中應著錄館內收藏期刊期號於哪一欄位？,應著錄於MARC21 500字段。,機讀編目格式
24334,2016-03-17,24334_A02,如何於MARC21 500字段著錄館內收藏期刊期號？,建議使用前導用語如「館藏：」，後接期號範圍（如：館藏：2001 :n.1-n.6），以便日後資料抓取再利用。,機讀編目格式
24335,2016-03-23,24335_A01,中國圖書分類法與中文圖書分類法有何不同?,中國圖書分類法是中文圖書分類法的前身，中文圖書分類法是依據中國圖書分類法修訂的。,分類法
24335,2016-03-23,24335_A02,目前國圖使用的主要為何?,本館目前使用的分類法是《中文圖書分類法 2007年版》(民國96年12月20日出版)修訂版。,其他
24336,2016-03-26,24336_A01,為何部分臺灣作家小說被歸類為857而非863.57？,新版類表因政治、地緣因素將臺灣文學自中國文學分出給予專號，但舊版類表無區分。類表修訂前的作家，除非寫作風格屬狹義台灣文學作品，否則不建議刻意修改類號。,其他
24336,2016-03-26,24336_A02,如何正確區分臺灣文學與中國文學的類別？,廣義而言，臺灣文學為「出生或客居臺灣所發表的所有文字作品」；狹義而言，為「描寫臺灣鄉土人物、再現臺灣典型環境、運用臺灣語言、表現臺灣人生活與思想」的文學作品。建議以「出生或客居臺灣所發表的文學作品」為分類思維。,編目法
24337,2016-04-07,24337_A01,日籍現代作者首碼應為7或8嗎？,日籍現代作者首碼取7或8都可。取7是用「日本時代表」取號；取8是用「中國時代表」取號。,作者號及輔助區分號
24337,2016-04-07,24337_A02,為何有些圖書館將日籍現代作者首碼編為7？,國圖的作法是：日文原著取號用7；日文翻譯作品取號用8。各圖書館可自行決定要怎麼做，不必follow國圖。,其他
24338,2016-04-07,24338_A01,MARC21的240劃一題名是否適合放置一般性作品的翻譯題名？,國圖將翻譯作品原題名著錄於130或240段，是接受美國兩位老師的建議，也是一般國外的著錄方式。240劃一題名主要是用做題名權威，翻譯作品可能有不同語言的表現形式，以原著版本為劃一題名，是為未來描述關係時預作準備，或匯集版本。,機讀編目格式
24338,2016-04-07,24338_A02,一般性作品的翻譯題名是否較適合放置於500段以譯自著錄？,500段是一般附註項，從MARC功能面來說，是用於特定欄位無法滿足其定義的附加說明，系統僅可以提供檢索但無法做關聯！,機讀編目格式
24339,2016-04-08,24339_A01,英譯漢語成語詞典=Chinese idioms and phrases 一書，其前言是以英文書寫，但正文部分是先列出一句句中文成語，後面再做英文解說，請問本書該納入中文館藏還是英文館藏？,建議納入中文館藏，類號805.135。,編目政策與管理
24339,2016-04-08,24339_A02,《如何捷进英文字汇能力》若內文全是英語，該納入中文還是英文館藏？另外《Oxford English-Chinese dictionary = 牛津現代英漢雙解辭典》該入中文還是英文館藏？,《如何捷进英文字汇能力》若內文全是英語，建議入英文館藏；《Oxford English-Chinese dictionary = 牛津現代英漢雙解辭典》建議入中文館藏，類號805.131。,編目政策與管理
24340,2016-04-13,24340_A01,前一本是否也該改為天主教的類號？,不建議改，兩書皆歸入248.206（明代的基督教史，中國基督教史 + 時代複分）便可。,其他
24340,2016-04-13,24340_A02,為何兩書皆歸入天主教類號？,基督教與天主教的內涵不能只看表面，天主教是基督教的一個宗派，思想教理差異不大，類表中的基本教義不會區分基督教教義或天主教教義，歸入的類號都是242神學類。兩書內容重點在說明基督教傳入中國後與中國士大夫間的交流，明末基督教活動場域首推耶穌會，耶穌會是16世紀後天主教受基督新教衝擊產生的修會，其宗旨絕對效忠天主教會和教宗，但不能從整個基督教史宏觀角度將其分離出來。,編目法
24341,2016-04-15,24341_A01,無法在編目系統呈現「死」字中間的橫線時，應如何處理？,按照NBiNet合作館著錄規則，打不出的字是用[ ]表示。,其他
24341,2016-04-15,24341_A02,遇到書名標點符號無法呈現時，應如何正確著錄？,若影響檢索，建議略過該符號；可於附註項說明：500 __ $a題名《救救我的羅曼史》中，曼與史二字之間有一「死」字，死字上又有一橫或刪除符號。,編目法
24342,2016-04-19,24342_A01,請問下面LC的分類號如何排序?(1)BV4509 .Y363 1996(2)BV4509.1 .Y36 2000(3)BV4509.C5 .Y363 2013(4)BV4509.2 H8 2000c,"正道: 您好, 排列順序是(1)BV4509, (3)BV4509.C5, (2)BV4509.1, (4)BV4509.2 園地中有關LC分類的排序, 我已經有回答過了, 您可參考, 若不清楚, 建議您其實可以直接看類表, 以此題來說BV4509是基本號, 接著是BV4509.A-.Z按科特號細分其他語言, 接著才是數字, 如BV4509.5是General special 錢月蓮敬答  20160422",其他
24343,2016-04-20,24343_A01,MARC21 650欄位的$v和$x分欄應如何分辨？,650 $v是形式複分；$x是一般複分。,機讀編目格式
24343,2016-04-20,24343_A02,為何某些圖書館會用$v著錄後，再轉$x再次著錄同樣的主題詞？,錢月蓮表示不清楚為何會有此做法，但提及可提供具體圖書館及書目紀錄以進一步探討。,其他
24344,2016-04-20,24344_A01,若分類號相同，而著者碼分別為Che、cha、CHE、1Q8、Ces（有大小寫之分），這情況該如何排架？,"L: 您好, 我對此題作者號很有疑問, 是克特查表法嗎? 英文字後的數字哪裡去了?  沒見過這種作者號, 也沒聽過取號有大小寫差別呦, 一般取一個大寫英文字母配阿拉伯數字, 相同時有用同作者區分號區分, 有用數字也有用小寫英文字母。(4) 是數字1開頭就更奇怪了。",作者號及輔助區分號
24344,2016-04-20,24344_A02,若分類號相同，而著者碼分別為Che、cha、CHE、1Q8、Ces（有大小寫之分）的排架方法有沒有一定規則呢？,這題無解!!,作者號及輔助區分號
24345,2016-04-21,24345_A01,「生物學發展史」一書CIP分類為360.9，此複分法與主表類號是否有衝突?,"Warm: 您好, 我的看法是有疑問但沒有衝突。 可能您認為為甚麼不是用360.09?  是不是?  從目前類表的類目分析, 和總論複分是符合的, 總論複分09是歷史與現況, 可細分歷史時代0901-0908, 也可依國分092-097, 前者是生物學史, 後者便是各國生物學，所以並沒有衝突!",其他
24346,2016-04-27,24346_A01,240欄位應著錄英文版的題名或是日文版題名?,240段最好著錄日文版題名《走ることについて語るときに僕の語ること》。著錄240的用意是要做劃一題名，以原著題名為劃一題名(村上春樹原創題名)，其他譯作視為是原著的表現形式，也應該著錄於書目及權威檔中。,編目法
24346,2016-04-27,24346_A02,"是否需要著錄另一版本的翻譯題名, 以提供檢索用?",在MARC 21權威中如何著錄? 就我所知，在書目的部分要註明三本書間的關係，在權威的部分是要做name title形式，權威和書目間是data的連接而不是索引的檢索。建議以LC為圭臬，以免造成後續須再修改的困擾!,機讀編目格式
24347,2016-05-03,24347_A01,根據AACR2 1.8B規則，ISBN是否需要著錄連接號'-'？,根據AACR2 1.8B及CCR1.8.1.1其實兩者都是要加連字號-的。,編目法
24347,2016-05-03,24347_A02,ISBN不著錄連接號'-'的規定是否屬於MARC21的規定？,可能是與MARC和系統有關，有些系統有帶ISBN核算公式，光筆讀進後會標準呈現區段，有些則不會。,機讀編目格式
24347,2016-05-03,24347_A03,著錄連接號'-'與不著錄連接號'-'的作用有何不同？,只要不影響檢索就好。,編目法
24348,2016-05-04,24348_A01,中國圖書分類法2007年版與教育部辭典對於「紀錄片」的用字有什麼不同？編目時應使用哪一個？,嚴格的說，用「紀錄片」較好。分類表上用的是「記錄片」，是從七版沿襲至今，早期大家並未將「記錄」、「紀錄」動詞或名詞劃分得很嚴謹。事實上，在教育部重編國語辭典中，兩者很多是通用的：「記錄」條中有如下的解釋：1.記於書冊。漢．王充《論衡．超奇》：「古昔之遠，四方辟匿，文墨之士，難得記錄。」《三國演義．第一○○回》：「史官秉筆而記錄，百姓眾口而傳揚。」也作「紀錄」、「記載」。2.記於書冊的資料。如：「把事情的過程做成記錄。」也作「紀錄」、「記載」。3.在一定時間或範圍內記載下來的最高成績。如：「他期待在明天的運動場上，打破全國撐竿跳記錄。」也作「紀錄」。4.做記錄的人。如：「下次的會議就由你當記錄。」「紀錄」條中有如下的解釋：1.記於書冊的資料。如：「會議紀錄」。《魏書．卷一．序紀》：「世事遠近，人相傳授，如史官之紀錄焉。」也作「記錄」、「記載」。2.在一定時間、範圍內所記載下來的最高成績。如：「他的體重終於打破世界金氏紀錄。」也作「記錄」。3.記於書冊。漢．王符《潛夫論．五德志》：「迪斯用來，頗可紀錄，雖一精思，議而復誤，故撰古訓。」如：「他把每天的生活情形紀錄在日記上。」也作「記錄」、「記載」。辭典多將「紀錄」與「記錄」視為通同! 之所以後來要區分「紀錄」為名詞，「記錄」為動詞，是根據行政院公布的「法律統一用字表」的規定，法律界用字素來嚴謹，要遵從也是件好事啦。,編目法
24349,2016-05-05,24349_A01,西文書傳記中，若作品有創作者與被傳者共同參與，如何判斷主要作者（main entry）？,"有關混合責任者的作品（作品內容涉及二個作者，其中一個是被傳者），判斷孰是主要作者（main entry）的方法，仍以所呈現作品的內容為依歸。AACR2 II 4.3(3)及21.15條文中描述有兩種情形：1. 一作品有創作者，也包含另一作者(被傳者)本身所寫的傳記或評論資料，此時仍以創作者為主要款目（100段），以被傳者為附加款目（700段）。例: Henry Wadsworth Longfellow：a sketch of his life / by Carles Eliot Norton, together with Longfellow’s chief autobiographical poems 100 1_ $a Norton, Carles Eliot 700 1_ $a Longfellow, Henry Wadsworth。2. 若作品是彙編某人作品及傳記資料而成，仍以該原作品作者(被傳者)為主要款目（100段），以編者為附加款目（700段）。例: The life and letters of Federic Shields / edited by Ernestine Mills 100 1_ $a Shields, Federic 700 1_ $a Mills, Ernestine。",編目法
24349,2016-05-05,24349_A02,西文書傳記中，被傳者是否需要取作者號？,作者號取號以100段主要款目作者為準。至於被傳者在LCC分類法中，傳記類有Biography Table可依循，被傳者在分類時便已集中，可以不用考慮作者號的問題。若圖書館自己另訂shelflisting規則，可以將您所述被傳者取號納入自己圖書館的排架政策。,編目法
24350,2016-05-05,24350_A01,"購買ebook時附有marc record, leader/17 為 ""8""，如marc 內容經本館修改（如由AACR2轉RDA），leader/17 是否需要更改為 ""#""？","KK: 您好, 建議不要改成#。 在OCLC系統上, 只有國家編目機構(LC)或PCC編目機構可用#。建議採用OCLC書目記錄層級I、K、L或M，國圖就是用I, 表示是Full-level input by OCLC participants, OCLC成員館線上上傳的完整紀錄。",編目法
24351,2016-05-07,24351_A01,用戶保證原則是甚麼？,用戶保證原則或稱使用者保證原則，意指根據使用者需求，來進行資訊的描述與詞彙控制。一般用於索引典中的詞彙控制，即採用的首選詞，必須是使用者所用的詞彙。,權威控制
24351,2016-05-07,24351_A02,用戶保證原則是否以使用者立類？,用戶保證原則確實是以使用者立類，其核心在於根據使用者需求進行資訊描述與詞彙控制。,權威控制
24352,2016-05-08,24352_A01,RDA和FRBR的異同為何?,FRBR家族（FRBR、FRAD、FRSAD）是IFLA倡議的編目概念模型。FRBR三組實體中，第一組是傳統書目的描述Work、Expression、Manifestation、Item，第二組Person、Corporate body和第三組Concept、Object、Event、Place是檢索點的擇定，RDA即以此為基礎而設計的，不同的是兩者間不是百分百的元素對應，另某些元素在RDA中尚屬發展中階段。,編目法
24353,2016-05-10,24353_A01,在同分類同作者號的情況下，如何區分「開成石經(珍藏版)套書」的冊次號？,"冊次編號可以用阿拉伯數字+冒號「:」和連字符「-」來表示。即以函、種、冊分層表示的方式，函以v.x表示，函與種之間以:號區隔，冊與冊間以-連字符區隔，如：1. 一函一種多冊書 第一函中，若只有一種書，但該種書有5冊 函套書標：v.1:1-5，函套內每冊書的書標：以v.1:1-1, v.1:1-2, v.1:1-3, v.1:1-4, v.1:1-5 2. 一函多種單冊書 第二函，若有五種不同的書，每種1冊 函套書標：v.2:1-5 函套內每冊書的書標：以v.2:1, v.2: 2, v.2:3, v.2: 4, v.2: 5 3. 一函多種多冊書 第四函，若有二種書，第一種2冊，第二種3冊 函套書標：v.4:1-1 - v.4:2-3 函套內每冊書的書標：以v.4:1-1, v.4:1- 2, v.4:2-1, v.4: 2-2, v.4: 2-3 冊次編號沒有一定準則，以上供參",作者號及輔助區分號
24354,2016-05-11,24354_A01,"有些翻拍成電影的小說出版中,出版社會將小說出版品重新更換封面再出版,但ISBN與版次皆不變,請問在編目時是否可編著二筆書目著錄,另在附註段備註2016年封面更新為電影海報版,或是仍需視為相同版次作品僅能著錄一筆書目",是否編一筆或二筆書目紀錄，要看書名頁、版權頁上的說明文字決定。至於附註說明有助於辨識，是需要的。,編目法
24354,2016-05-11,24354_A02,"在MARC21,245段的分欄項s版本或版本日期(Version) (NR)應於何種狀況註錄，與250段的差異在那裡",MARC 21欄位245 $s的版本，是指在編文獻在不同時間或不同讀者對象上的版本形式名稱，多半是內容上的區別而非出版項的版次。,機讀編目格式
24355,2016-05-12,24355_A01,reset為何意?,Reset一詞指「重新設定、重新組合」，多半用於電腦裝置產品，有將程式復原至出廠設定狀態的意思。若用於出版業，該指「重排」的意思，早期印刷係用鉛字排版，重排時用reset表示，reset無關內容的修訂，但確已不是原版之再印，所以仍視為是一個新版本，需另立一筆書目紀錄。,其他
24355,2016-05-12,24355_A02,008及260應如何著錄?,008/06=s 008/07-10=2002 260 __ $c 2002 500 __ $a First published in this edition 1974; reset in 2002,編目法
24356,2016-05-12,24356_A01,大溪鎮志的分類號733.9的.9是根據何項所給？,733.9 → .9 (原理來自地方志複分表: 第二法 各地方.9) 台灣分區志,其他
24356,2016-05-12,24356_A02,109.9是根據何項所給？,"109.9 → 109桃園縣 (後改制為桃園市) .9 (仿733.9複分 p.537, 其原理來自地方志複分表: 第二法 各地方p. 512)",其他
24356,2016-05-12,24356_A03,107.1是根據何項所給？,107.1 → .1 (台灣各區複分表 p.537) 大溪鎮 (後改制為大溪區),其他
24357,2016-05-16,24357_A01,哪裡可以下載到最新最齊全的中文主題詞表?,有關《中文主題詞表．2005年修訂版》之PDF檔、電子書，以及增修主題詞excel檔，請逕至本館編目園地網站→資訊組織規範→編目規範→中文→主題法→中文主題詞表網頁下載（網址： http://goo.gl/3lDjAQ ）,主題法
24357,2016-05-16,24357_A02,國家圖書館的ISBN資料[標題]欄位是利用中文主題詞表用人工依據內容做分類嗎?,ISBN書目資料中的「主題標題」一欄，為本館書號中心自民國96年7月開始使用《中文主題詞表．2005年修訂版》訂定出版品預行編目（CIP）之圖書主題（先前依據《中文圖書標題表》訂定標題）。至於主題詞之擇取，由編目人員參考出版單位申請CIP時，所附印刷前排版定稿之書名頁、版權頁、目次、序言等附件，以人工方式進行圖書分類及訂主題等工作。,編目法
24358,2016-05-26,24358_A01,同一本書僅有平裝與精裝之分，ISBN不同，是否算不同書？,同版次的書，精、平裝的ISBN本來就會不同。若兩本書的版次(看版權頁的描述)相同，其中一本視為c.2,其他
24359,2016-06-04,24359_A01,以首尾五筆著者號碼法為「亞瑟‧柯南‧道爾」取碼應如何操作？,外國作者之作者號取自翻譯名稱之「姓氏」，以「道爾」為姓，故作者號為863。可輸入「道爾」兩個字試試，即可得到正確結果。,作者號及輔助區分號
24360,2016-05-31,24360_A01,若按大學校的編目法，是否會過於繁瑣？,若學校有圖書館自動化系統，建議直接抄錄現有系統的編目資料，無需自行修改或刪減，僅需檢查錯字即可。,編目政策與管理
24360,2016-05-31,24360_A02,如何避免後人需重新進行編目工作？,可建立簡易查詢系統（如EXCEL），記錄ISBN、書名、作者、出版者、索書號等資訊，並連結線上資源如博客來或Google Book的內容簡介。,其他
24360,2016-05-31,24360_A03,圖書館編目工作應從何著手？,若無自動化系統，可自製簡易查詢系統，抄錄必要資訊並建立索書號，同時可參考教育部中小學圖書館系統經驗。,編目政策與管理
24360,2016-05-31,24360_A04,使用《中文圖書分類法》時需注意什麼？,需配合學校實際藏書量與使用需求，並善用現有分類法資源，同時可透過電話23619132#873諮詢專業意見。,其他
24361,2016-06-22,24361_A01,該視近期出版的線裝書為善本書入特藏嗎？還是可以照一般圖書處理？,近期出版的線裝書，視為普通書處理。,其他
24361,2016-06-22,24361_A02,那個年代出版的線裝書才算是善本書？具保存價值的善本書出版資訊缺少時，該如何鑑定出版年份？,中國編目規則 4.0.1說明了善本書的適用範圍：1. 明弘治十八年以前之刊本活字本。2. 明嘉靖元年(1522)以後至近代，刊本及活字本之精者或罕見者。3. 稿本。4. 名家批校本。5. 過錄名家批校本之精者。6. 舊鈔本。7. 近代鈔本之精者。8. 高麗日本之漢籍古刊本、鈔本之精者。古籍版本的鑑定，需具備文史學及版本學專業者為之較為理想。,編目法
24361,2016-06-22,24361_A03,現代線裝書放到一般圖書架位上會有軟趴趴站不穩的問題，有改善做法嗎？,普通本線裝書若無函套，適合平放，建議可集中於每層書架右邊空處。講究些的話，以代書板放在正常位置，指名另外放置的地點。,其他
24361,2016-06-22,24361_A04,特藏善本書在進行加工時，是否適合蓋館章和貼上條碼(Barcode)？,特藏善本書上，可以蓋館藏章，但不會貼Barcode，任何破壞紙質的東西都不可以附加！館藏章所用的印泥也必須選購上好材質的，印章的上面襯一層無酸裱褙紙，以保護書籍。另以紙籤條代替黏貼條碼，夾於書中，露出底端的識別號碼及文字說明等。,編目政策與管理
24362,2016-06-24,24362_A01,什麼是書目？,書目是指圖書的目錄，或書籍和各種著作品之表目，每一筆紀錄中載有書籍文獻特性的各個項目：題名、著者、版本、出版地、出版者、出版年、ISBN／ISSN國際標準號、裝訂形式、價格、冊／頁數、主題等，目的在提供使用者有關書籍文獻的基本資訊，以方便他們查找、選取與獲得。,編目法
24362,2016-06-24,24362_A02,什麼是款目？,款目指目錄、索引中一筆紀錄中的一個項目。如書目資料中的題名款目、責任者款目、分類款目、主題款目等。例如，題名款目，若用MARC 21格式著錄，是在245 field，若用dc著錄，是在格式中的title列中。,編目法
24362,2016-06-24,24362_A03,什麼是書目紀錄？,書目紀錄指在書目、索引、目錄等之中，記載完整書目資料的紀錄。書目紀錄通常包括著者、書名、出版者、出版地、出版年等項資料。書目紀錄可能以卡片、縮影，或機讀形式呈現。在機讀編目格式中，書目紀錄係由各項資料欄組成，包括紀錄標示、指引、書目資料登錄欄及紀錄分隔。,機讀編目格式
24362,2016-06-24,24362_A04,什麼是目錄？,目錄指目次，以備檢閱之用。如：書前所載的目次，用以揭示圖書內容章節；亦指編列物品類別、名稱、數量的文件或清單，如：圖書目錄、財產目錄、貨品目錄等。,主題法
24362,2016-06-24,24362_A05,什麼是書目檔？,書目檔應是圖書館自動化系統用語，為圖書館作業系統的核心檔案，包含該圖書館所典藏的所有資源的書目紀錄資料庫。書目檔是整合性圖書館自動化系統中最核心的檔案，它支持圖書館所有作業的進行，包括採訪、編目、期刊處理、流通、線上公用目錄查詢（含WebPAC查詢功能）及參考服務暨文獻傳遞等。,編目法
24363,2016-06-30,24363_A01,open access的電子書在MARC欄位中應著錄在哪一段？,"chiu chiu: 您好, 回復問題如下: open access的電子書，以online電子資源類型編目，以MARC 21欄位856連接取得資源。 基本上有取得限制(restrictions on access)或使用限制(restrictions on use) 的情形時才要著錄於MARC 21 506段和540段。而open access是指某文獻在Internet公共領域裡可以被免費獲取，允許任何用戶閱讀、下載、拷貝、傳遞、列印、檢索、超級鏈接該文獻，因不受「限制」，應該不用特別著錄，若要著錄，我認為可於500附註說明其為open access resources。 錢月蓮敬答  20160704",編目法
24364,2016-06-20,24364_A01,兩本書ISBN相同，但在版權頁上發行年份下方的數字為何不同？,這是出版社自己內部註記的識別代號，並非編目著錄的元素。,其他
24364,2016-06-20,24364_A02,該串數字又代表什麼意思呢？,這是出版社自己內部註記的識別代號，並非編目著錄的元素。,其他
24365,2016-07-20,24365_A01,介於童年與成年之間之青少年圖書，編目時應如何區分特藏代碼？,"多數圖書館未以特藏符號區分青少年圖書與兒童圖書或一般圖書，但會於書背上加貼「Y」或「YOUNG」標籤協助辨識。特藏符號係各館可自行訂定，若認為必要仍可自訂代碼「Y」代表青少年圖書。MARC 21書目紀錄以008位址22為「d」表示適用對象為「青少年, 14-17歲」，或於521分欄a標註「青少年適用」協助查詢。",機讀編目格式
24366,2016-07-25,24366_A01,MARC21中虛構人物應放在600或650字段？,"L： 您好, 我認為600 10 Gates, Tom|c(Fictitious character)是標準的著錄。",機讀編目格式
24366,2016-07-25,24366_A02,為何虛構人物著錄方式較為標準？,"因為目前虛構人物必要時也可以被視為是作者, 著錄在100字段, 所以, 當一本書是研究該虛構人物時, 所給的主題標目, 亦當是一個「人」, 用欄位600來描述他。",編目法
24367,2016-07-29,24367_A01,若在編資料版權頁列出多組ISBN時(如不同的裝訂形式或媒體)，是否要全部著錄？,按中國編目規則1.8.1.2是要全部著錄的。然未來之RDA，則可以不必全部著錄，各圖書館可依其政策，做選擇性附加，或遵照替代選項的作法著錄之，如：資源上同時有整體套號及各單冊之ISBN時，可以只著錄識別「整體」之ISBN號碼。不過，ISBN是一個常用的檢索點，鼓勵全部著錄。,編目法
24367,2016-07-29,24367_A02,若書目同時著錄精平裝之ISBN，讀者遺失書籍時，要如何判斷該賠償哪一本？,可由現有資源之登錄號，或現有資源之裝訂形式，判斷遺失的是精裝或平裝。若館藏同時有精裝和平裝兩本書，相同版次須著錄於同一筆書目紀錄，會有兩個020字段，一為精裝一為平裝，此時在852欄位或客製化館藏表單中，可見兩個登錄號(兩個館藏紀錄)，一般不會在索書號中加精平裝標示，因此，可由未遺失的一筆館藏登錄號或其書的外在裝訂形式，推斷另一本遺失的藏書是精裝或平裝。或上國圖全球資訊網，或直接Google search，從網路上的書目資訊也可辨識，哪本是精裝或平裝。,編目法
24367,2016-07-29,24367_A03,不同媒體形式之ISBN適合著錄於欄位020或是776？欄位776是否僅用於館內有在編資料的其他媒體版本時才須著錄？,不同媒體形式，如一資源的微縮複製品、電子版本和其他非書版本之ISBN，應著錄於776 $x或776 $z。,其他
24368,2016-08-18,24368_A01,USE是代表什麼意思呢?,USE是代表用詞，用以標示意義相同的詞之間的等同關係。,權威控制
24368,2016-08-18,24368_A02,UF是代表什麼意思呢?,UF是代表Use for，用以標示意義相同的詞之間的等同關係，表示不用的詞。,其他
24368,2016-08-18,24368_A03,NT是代表什麼意思呢?,NT是代表Narrower term，用以標示具有從屬或等級關係的詞，表示狹義詞。,其他
24368,2016-08-18,24368_A04,BT是代表什麼意思呢?,BT是代表Broader term，用以標示具有從屬或等級關係的詞，表示廣義詞。,其他
24368,2016-08-18,24368_A05,RT是代表什麼意思呢?,RT是代表Related term，用以標示詞彙間彼此有相關關係。,主題法
24369,2016-08-19,24369_A01,440.099與920.99兩類目之間應如何區別使用?,"440.099是工程傳記資料(即440類所包含之各種工程，如:土木工程、建築工程、水利工程、船舶工程、環境工程...等之人物傳記)，此類所屬之建築師, 較偏重建築結構、建築工程類。",其他
24369,2016-08-19,24369_A02,建築師在440.099與920.99兩類目中應如何區別使用?,920.99建築師傳記則偏重藝術類，指建築設計、建築藝術等之人物傳記。,其他
24370,2016-08-18,24370_A01,什麼是形式標題？,文獻形式要素即是一般所說的形式標題，指明文獻編製的形式，或文獻的體裁，如：論文集、期刊、年鑑、叢書、類書、百科全書、字典、辭典、手冊、名錄、年表、圖錄、目錄、索引、問題集、統計、法規彙編等等。,主題法
24370,2016-08-18,24370_A02,形式標題跟主標題有什麼不同？,主標題是文獻的主體要素，之後再按方面要素、地理要素、時代要素、文獻形式要素等複分，其中文獻形式要素即形式標題，用以闡明文獻的內容。,權威控制
24371,2016-08-25,24371_A01,什麼是系統主題法？,系統主題法，即一般所稱之分類法，是以學科體系(或知識體系)為架構所建立的分類表，具邏輯性，如「杜威十進位圖書分類法」、「中文圖書分類法」等。,主題法
24371,2016-08-25,24371_A02,什麼是字順主題法？,字順主題法，是以排列控制詞彙方式來描述主題的一種方法，即索引人員會先建立控制詞彙，按字母或筆畫順序排列出一查檢表，讓使用者透過這些詞彙來查詢相關主題的作品，如「中文主題詞表」、「中文圖書標題表」、「藝術索引典」、「LC Subject headings」等皆是。,主題法
24372,2016-08-26,24372_A01,如果是臺灣出版社翻譯韓國人改寫的孤星淚(童書)，在CMARC時，101段應著錄$achi$bkor$cfrec還是$achi$ckor？,已經過「改寫」的童書，視為新的作品著錄，以手上之在編文獻為著錄依據，CMARC 101欄位應著錄$achi $ckor。正文語文是中文，故著錄$a正文語文為chi；因係翻譯作品，譯自韓語，故$c著錄代碼kor。 $achi$bkor$cfrec是指未經改寫的作品，原文是法文，後有不同翻譯版本流通，如英文、韓文、俄文…等，而中文的翻譯作品未譯自法文原創作品，而轉譯自韓文譯本。,編目法
24372,2016-08-26,24372_A02,雨果原著、韓國的改寫者應誰放在CMARC的700段、701段還是702段？,改寫作品，若改寫得很多，如成人作品改寫成兒童閱讀的作品，以改寫者為主要作者，著錄於CMARC 700字段。700 韓國改寫者 702 翻譯者 701 原著者雨果,作者號及輔助區分號
24373,2016-08-26,24373_A01,甚麼是書目關係?,"書目關係是界定兩個或兩個以上書目實體在目錄中以某種方式發生關聯所產生的特定關係（高紅, 書目關係綜合研究, 圖書情報工作, 2006 (9)）。書目關係此一議題，是一個論文型的題目，在此無法詳細一一說明，可自行查閱相關期刊文獻、碩博士論文、網路資源，不乏相關理論與實務面探討的文獻! 書目關係，自Panizzi、Cutter等先進倡議目錄功能始至ICP國際編目原則聲明引入FRBR思想後更為完善，最新的國際編目規則RDA即以一半以上的篇幅來描述關係，可參考RDA Toolkit 17-37 Chapter。",編目法
24374,2016-09-05,24374_A01,簡體字書在中國圖書分類法裡是分到哪類？,簡體字書的分類比照繁體字書的分類。一般而言，分類是按圖書「內容主旨」去分，而不會因為書寫字體不同或語文別不同而有區別。,分類法
24374,2016-09-05,24374_A02,包含簡體字書漫畫嗎？,在中文圖書分類法中，簡體字漫畫書仍歸入947.41類目下。,其他
24375,2016-09-01,24375_A01,USMARC是什麼?,"美國機讀編目格式(USMARC)是諸多MARC格式中的一種。始於1960年代，美國國會圖書館致力研究於將編目資訊轉換成電腦可以閱讀的系統，美國國會圖書館在1968年開始建立USMARC，由美國國會圖書館內的The Network Development and MARC Standards Office, Net Dev/MSO負責發展、出版及維護USMARC的各種格式，目前被MARC 21所取代。",機讀編目格式
24375,2016-09-01,24375_A02,UNIMARC是什麼?,國際機讀編目格式(UNIMARC)是諸多MARC格式中的一種。1977年由國際圖書館協會聯盟(The International Federation of Library Associations and Institutions，簡稱IFLA)成立工作小組，發展出的機讀編目格式，目的是發展一國際版本的MACR格式的。,機讀編目格式
24376,2016-09-14,24376_A01,040段的$a原始編目機構、$c轉錄機構、$d修改機構各分欄的機構代碼是否使用各館OCLC代碼？,上述分欄機構所使用的代碼須向美國國會圖書館申請。以國圖來說，代碼是CYT。書目資料轉出上傳OCLC時也都使用該代碼。國圖轉錄LC或OCLC資料後，會修改成自己圖書館代碼CYT。機構代碼可使用各館OCLC代碼，因其與LC分配的代碼為同一個。查詢OCLC各館代碼，可至Find an OCLC Library website（http://www.oclc.org/asiapacific/en/contacts/libraries/）輸入機構名稱或代碼查詢。,其他
24377,2016-09-14,24377_A01,《里歐帶你玩線條》的分類號如何取號?,《里歐帶你玩線條》一書，是《LEO帶你玩數學》系列書中的一本，同系列書還包含三角形、正方形、圓形、球體、正方體等，因此，建議可將此6本書視為是「幼兒數學教育」童書，採用分冊編目相同索書號的方式處理，將作品集中。分類號可取數學科教學523.32,作者號及輔助區分號
24377,2016-09-14,24377_A02,《里歐帶你玩線條》的著者號如何取號?,若6冊之作者皆為傑瑞.貝力(Gerry Bailey)，則以之取號。若每單冊的作者不同，則可以題名取作者號,作者號及輔助區分號
24378,2016-09-15,24378_A01,傳記資料作者號取碼方式是否僅限於中國圖書分類法78傳記類？,傳記資料作者號取碼方式不限於中國圖書分類法78X普通傳記，也適用於專科傳記，如: 940.98、940.99、920.99。,作者號及輔助區分號
24378,2016-09-15,24378_A02,中國圖書分類法9類內傳記是否以被傳者作為作者號？,中國圖書分類法9類內傳記取作者號方式不會以被傳者為作者號，但其他類如524.833 臺灣中學志、414.34-414.37 等，仍會先按藥名或學校名稱排，各圖書館、博物館等凡需集中文獻者均可使用此方法。,作者號及輔助區分號
24379,2016-09-20,24379_A01,不同語言版本的手冊如何區別索書號？,建議於作者號或年代之後加數字和括弧表示，例如：中文版 948.5 8888 英文版 948.5 8888(2) 法文版 948.5 8888(3),作者號及輔助區分號
24379,2016-09-20,24379_A02,若有年代標示時，索書號應如何區別不同語言版本？,若為年代標示，則可加於年代後，例如：中文版 948.5 8888 2016 英文版 948.5 8888 2016(2) 法文版 948.5 8888 2016(3),作者號及輔助區分號
24380,2016-09-29,24380_A01,索引典是否是以敘述詞法為原則所編定的主題檢索工具?,索引典是根據國際標準組織第2788號標準(ISO-2788-1986)，用敘述語(Descriptors)編製的一種檢索工具。自1950年開始，為自動化處理文獻所設計的文獻索引與檢索工具。(可參考圖書館學與資訊科學大辭典詞條),其他
24381,2016-10-05,24381_A01,為何新書主題詞在『中文主題編目規範系統』查不到？,查不到的原因很簡單，那些詞彙目前非本館使用的詞彙，是出版社自行修改了書號中心所給的CIP的資料所致。已查詢過全國新書資訊網上的資料，所用的主題詞為「個案研究」、「產業」、「臺灣」。可能是出版社認為「個案教學」、「創新策略」、「管理實務」三個詞更能表現該書的主題。,其他
24381,2016-10-05,24381_A02,如何處理非『中文主題詞表』控制詞彙的主題詞？,建議可著錄於MARC 21 欄位653，該字段是 非控制詞彙索引（Index Term-Uncontrolled）。另本組也將於分編討論會中討論是否要將該詞彙納入中文主題詞表之中。,其他
24382,2016-10-17,24382_A01,美國國會分類號書標斷行方式為何？,自動化作業中，索書號直接由書標機列印，當分類號長度無法容納在標籤時，需有換行機制。換行規則為：第一行分類號若長度不足，逢「.」換行；第二列為作者號，第三列為部冊號/年代號，均另起一行。程式設計需計算字體大小、標籤長度及換行規則，方可產生正確斷字書標。,作者號及輔助區分號
24382,2016-10-17,24382_A02,QH541.15.C6 C25 2012與NX512.S85 A4 2006書標斷行呈現方式為何？,以QH541.15.C6 C25 2012為例：QH541.15 →分類號；.C6 →作者號；2012→年代。NX512.S85 A4 2006書標形式為NX512.S85A42006，依換行規則於第二個點「.」開始換行，各欄位依MARC21 852字段分欄$h、$i、$m呈現。,機讀編目格式
24383,2016-10-18,24383_A01,主題詞表可以用主題查詢嗎？,可以的。若主題詞表是以分類的方法來編列，我們稱其為分類主題詞表，是一種知識樹的概念。此類主題詞表，可以是專門學科的也可以是綜合性的。,主題法
24383,2016-10-18,24383_A02,主題詞表是否有主要主題的列表？,沒有所謂「主要主題」是哪些，但有許多現成的索引典，例如化學工程索引典、NASA Thesaurus、藝術索引典、LC subject heading…。根據維基百科<索引典發展簡史>的描述，在1985年時，世界上正在使用的英法德文索引典即有600部之多了！,其他
24384,2016-10-22,24384_A01,在編目簡體書時，應將書名、作者名等資訊轉為繁體字，還是遵從著錄來源的簡體字？,按編目規則標準的作法應該是照錄簡體字才較正確，即在MARC 21的245字段著錄在編資料上的簡體書寫形式。為了解決使用者查詢需求，圖書館可自訂政策選擇以繁體著錄，並在附註項說明其為簡體。國圖的作法是：245段以繁體著錄，246段著錄簡體書名，500段加註簡體字版。若OPAC查詢介面有繁簡通透查詢機制，可選擇繁體或簡體一種著錄方式，以不影響讀者發現和探索為原則。,編目法
24385,2016-10-25,24385_A01,國內部份出版社使用相同ISBN於不同出版年且無版次說明的書目，應分編於不同書目紀錄嗎？例如三采出版的《科學實驗王》於2014.01、2014.05、2015年均以相同ISBN出版且內容無變更，應如何處理？,"emily: 您好, 《科學實驗王》是連續性出版品，書上有冊次號，可以比對哪冊是哪個ISBN，並參考全國新書資訊網上出版社申請書號的資訊，不難得知該書是再版或再刷，另外也可直接詢問出版社，以獲得正確的資訊，並藉此告知出版社對版次應有明確的交代。 按理同版的ISBN是相同的，若在編文獻沒有註明版次，從其他資訊或查核內容略知是再版或再刷，若判斷是再刷當複本處理，此時，編目員須於附註項加註出版情況的說明。 錢月蓮敬答  20161026",其他
24386,2016-10-26,24386_A01,書名頁無標示作者與譯者時，245段著錄應以版權頁或封面為主要著錄來源？,按中國編目規則，著錄來源會取版權頁：龍東姬作。國圖做法是採版權頁：245 $c龍東姬作。,編目法
24386,2016-10-26,24386_A02,若採用RDA標準，245段著錄應如何處理作者與譯者資訊？,RDA標準下，著錄來源之選用以封面優先於版權頁，且作者職責敘述屬控制語彙，來自RDA附錄I的用語。,編目法
24387,2016-10-28,24387_A01,若採用分面分類法(如冒號分類法)進行分類，圖書館是怎樣組織藏書的?,圖書館是按cc分類法分面公式組織藏書的。冒號CC分類法採用字母和阿拉伯數字的混合標記符號，分類號按分面公式排。分面公式規定每一大類各組面的組配先後次序及符號，例如：234；46：6.3表示主題為「英國大學圖書館的期刊流通工作」的文獻，圖書館學類組面次序為〔本體面〕〔物質面〕〔動力面〕〔(第二輪)本體面〕〔空間面〕〔時間面〕。分號﹑冒號﹑點三個分面指示符將分類號分割成4段。,作者號及輔助區分號
24388,2016-11-05,24388_A01,RDA的核心元素與中國編目規則的著錄三層次有何異同？,"中國編目規則很清楚地列舉出三種層次的著錄項目；而RDA的詳簡，實則是建立在「元素」，即實體屬性及關係上，已打破舊規則款目的概念。RDA的核心元素是屬「最簡層級」，就最簡級來說，所著錄的元素比中國編目規則1.0.4.1「簡略著錄」級內容要來得較豐富，但就中國編目規則1.0.4.2第二著錄層次來看，內容則有增有減，譬如RDA已取消正題名後的 [資料類型標示]，改由內容類型、媒體類型、載體類型來代替，而其中媒體類型(media type)不是RDA的核心元素。RDA的核心元素是建立在滿足FRBR概念模型的使用者需求上，各圖書館可以以此核心元素為基調，增加認為符合使用者需求的元素，譬如上述之媒體類型，LC便將它視為是核心元素，此外RDA還有「if core」，即根據某種需求度而視為是核心元素的情形，非常有彈性。 以下為中國編目規則的詳簡層次及RDA的核心元素: 中國編目規則－－ 中國編目規則1.0.4敘明著錄詳簡層次分簡略、標準及詳細三種著錄層次： 1. 簡略著錄 (1.0.4.1)： 正題名 / 第一著者敘述.- - 版本敘述.- -資料特殊細節 .- -出版者, 出版年 數量 (面、葉、冊數或其他單位) 附註 標準號碼 2. 第二著錄層次 (1.0.4.2) 正題名 [資料類型標示] ：副題名 ＝ 並列題名 / 第一著者敘述；其他次要著者敘述.- - 版本敘述 / 關係版本之第一著者敘述.- -資料特殊細節 .- -出版地：出版者, 出版年 數量 (面、葉、冊數或其他單位)：插圖或其他稽核細節；高廣尺寸 集叢正題名 / 集叢著者敘述, 集叢標準號碼；集叢號, 附屬集叢名, 附屬集叢標準號碼；附屬集叢號 附註 標準號碼 3. 第二著錄層次：詳細著錄。依本規則所列各細目全部著錄。 (CCR1.0.4.3) RDA的核心元素 根據RDA1.3 Core Elements及RDA0.65 Section 1: Recording Attributes of Manifestation and Item，在著錄具體呈現或單件時，最簡層次應包含以下適用及易於確認的全部元素。 題名 正題名 著者敘述 與正題名相關的著者敘述 ＊當著者敘述不只一個，僅第一個著者敘述是必須著錄的 版本敘述 版本標示、修訂版標示 修訂版標示 連續性出版品編次 連續性出版品首期或部分刊期之數字及/或文字編次 連續性出版品首期或部分刊期之日期編次 連續性出版品末期或部分刊期之數字及/或文字編次 連續性出版品末期或部分刊期之日期編次（末期或僅部分刊期） 製作敘述 製作日期（適用於非出版形式的資源） 出版敘述 出版地（若出版地不只一個，僅第一個出版地是必須著錄的） 出版者名稱（若出版者不只一個，僅第一個出版者是必須著錄的） 出版年 集叢敘述 集叢正題名 集叢號 附屬集叢名 附屬集叢號 具體呈現的識別碼 具體呈現的識別碼 ＊若具體呈現的識別碼不只一個，優先選用國際認可者 載體類型 載體類型 數量單位 數量單位(僅指資源完整或已知資源總數量單位) 就整體而言，個人認為RDA核心元素的內容較中國編目規則著錄層次內容較廣、較有彈性。說其較廣，是因為RDA重視資源關係，強調權威控制，中國編目規則詳簡層次只注重在RDA的第一部分具體呈現與單件之屬性上，其他還有很多作品、表現形式、個人…等之屬性及關係的最簡層級均未規範。說其較有彈性，是因為書目資料建立機構在建立書目紀錄時，可採一體適用或針對特定範疇的資源或其他實體，訂定著錄的層次與權威控制之政策。RDA賦予編目員很大的彈性，需要孰知「使用者需求」的編目員，有判斷力的編目員。面對RDA，我自己的學習態度是把自己當小學生看待，從最基本的功課--了解FRBR家族開始，擺脫舊包袱思維，盡可能朝迎合國際標準的作法去考量，因為我們要面對的是未來網際網路環境中的linked data。",編目法
24389,2016-11-08,24389_A01,臺灣文學獨立出來，那麼是臺灣文學的作者即入此嗎？,不是所有臺灣文學的作者都統一入類號863。原則上，臺灣原住民文學、臺灣鄉土文學、臺灣意識作家等之文學作品入此，其餘仍入一般的中國文學。,其他
24389,2016-11-08,24389_A02,若是童話、神話該入台灣文學的哪一部分？因為沒有該項，是要入863.58嗎？,一般性童話、神話並無臺灣特色，仍入一般中國文學859.4。若無對應類別，則入863.58。,其他
24390,2016-11-08,24390_A01,CIP上給號847.49時，49是怎麼來的?,經查該書書名《白先勇細說紅樓夢》應屬857.49類，因此847.49為打字錯誤，已通知書號中心同仁更正。,其他
24391,2016-11-09,24391_A01,現在還可以向貴館取得《中國圖書分類法》（增訂8版，2001年）的電子檔嗎？,因該書相關版權屬於出版者「文華圖書館管理資訊股份有限公司」，建議您可逕洽該公司（電話：02-87512575）是否能提供電子檔。另在本館所建置之「中文主題編目規範系統」中，在分類表部份亦可查詢《中國圖書分類法》增訂八版（8版）之類號與類目，此系統不需申請帳密即可使用。,編目法
24392,2016-11-09,24392_A01,《中文主題詞表》一共有多少個主題詞？,《中文主題詞表》一共收錄23162筆，其中主表19110筆，正式主題詞16939筆，非正式主題詞2171筆，附表4052筆。,主題法
24392,2016-11-09,24392_A02,《中文主題詞表》內的主題詞是否與「中文主題編目規範系統」的完全一樣？,「中文主題編目規範系統」是線上查詢系統，內容會隨詞表之修訂而更新，所收主題詞較多內容較完整。,主題法
24393,2016-11-10,24393_A01,貴館會在寒暑假到中南部舉辦相關研習嗎？,本館將會納入未來辦理相關活動之考量，並於編目園地網站→活動及研習→專業研習各活動項下連結提供已授權課程影音檔，可參考「104、103年度資訊組織基礎班」或「103、101年度學校圖書館技術服務教育訓練」等影音檔連結。,其他
24393,2016-11-10,24393_A02,有關和台灣相關的分類號可以去哪裡下載查詢？,可參考本館於編目園地放置之「國家圖書館臺灣相關類目新舊類號對照表」，以及「《中文圖書分類法》（2007年版）類表編-修訂一版」之電子書及PDF檔免費下載。,其他
24394,2016-11-10,24394_A01,在用CMARC編目時，遇到語言是原住民語（如排灣族語），語言代碼應該放什麼？,"yun: 您好, 沒有分這麼細, 一樣用代碼chi。可於CMARC 302 (或300)加註說明：內容為排灣族語 (羅馬拼音 或其他拼音系統)。",其他
24395,2016-11-11,24395_A01,【國會分類法】和【冒號分類法】是否能「靈活」組織藏書？,國會圖書館分類法是列舉式，大類的次序較無照學術的順序排列，展現知識體系的邏輯性較小，但美國國會圖書館有專門部門負責分類法的編訂，所以也能及時反應學科之最新發展。冒號分類法則因為是運用組配方式且組配有一定規則，編目員較能靈活運用，也可以及時反映新學科的發展。,其他
24395,2016-11-11,24395_A02,若須以「次序」組織藏書，是否會受到空間的限制？,三者的類目皆有「次序」。若須以「次序」組織藏書，不是就會受到空間的限制嗎？,其他
24396,2016-11-11,24396_A01,目次(Contents)與索引(Index)的分辨方式為何？,目次一般指一書的內容綱要，標註出章節的內容和頁碼，方便讀者知道一書的梗概，同時也方便讀者透過頁碼找到想閱讀的章節。索引則比較複雜，不見得指書後索引，書後索引一般指一本書的語詞或人名索引，讀者從書後的術語、人名等找到它們在書中相應的位置。索引不限於書後索引，例如《三十三種清代傳記綜合引得》、《藝文志二十種綜合引得》即為多本書的索引，又如「臺灣期刊論文索引」即專收期刊論文。,作者號及輔助區分號
24396,2016-11-11,24396_A02,「目錄」與「書目」的差異是否僅在範圍大小的不同？,編列物品及資料類別、名稱、數量的文件，便是目錄。目錄種類很多，如：「財產目錄」、「貨品目錄」、「檔案目錄」，書目僅是其中一種，羅列很多書籍的目錄便是「書目」。單就一本書來說，「目錄」有時候和目次是相同的意思，是一本書的內容章節概要。因此，目的和功用不同所指內涵將不同。,編目法
24397,2016-11-12,24397_A01,「如果是論述其中一個主題對於其餘個主題的關係的，按發生關係的主題的學科性質歸類」的意思是什麼？,如果是論述其中一個主題對於其餘各主題的關係，按發生關係的主題學科歸類。,其他
24397,2016-11-12,24397_A02,請說明「發生關係的主題的學科性質歸類」的應用範例。,"例如：心物與人生 / 唐君毅著，內容涉及「心」、「物」、「人生」三個範疇，「心」、「物」與人生關係密切，也影響人生，歸類時，最好歸入「人生」這一範疇。建議該書可以入191.1。(僅舉例, 就書名發揮而已, 實際編書時仍以書所揭示的內容為準，此書分類可適用原則2和3) 例如：追求通觀 :在社會學文藝學文化學的交接點上 / 顧曉鳴著，內容涉及社會學、文藝學、文化學，可歸入541.2。社會學、文藝學與文化的關係 (此書分類可適用原則2) 例如：論資本主義之下的家務勞動：馬克思主義與女性主義的觀點和爭論 / 吕盈秀撰，可歸入551.5資本下的各論或552.097資本主義經濟涉馬克思主義、女性主義與資本主義的關係，應歸入和資本主義相關的範疇(此書分類可適用原則2)",編目法
24398,2016-11-14,24398_A01,EAN商品碼是否可鍵於024字段，指標選用3#？,"EAN商品碼是鍵於024字段，指標選用3#。ENA是歐洲商品條碼（European Article Number, EAN）後發展為國際商品條碼（International Article Number），可著錄於024 3_ $a。",編目法
24398,2016-11-14,24398_A02,若024分欄ａ(識別號碼)長度限12位英數字，與EAN13碼長度不同，是否會出現錯誤?,EAN有13碼，若要著錄此標準號，可請系統公司更改長度。EAN結構為國家代碼（前3位）+ 生產商代碼（後4位）+貨品代碼（再5位）+檢查碼，共13碼。在著錄於MARC格式時，不加連字符號「-」。,機讀編目格式
24398,2016-11-14,24398_A03,若鍵於024，除了分欄a識別號碼之外，以圖書為例，是否有其他應著錄之欄位？可以麻煩舉例說明嗎,024 3_ $a標準主號碼 $d標準副號碼 $z無效碼。一般所見都是標準的13碼，著錄於$a，至於副號碼的功用是甚麼，本人不知，建議可以請教商品條碼製造商。,機讀編目格式
24399,2016-11-14,24399_A01,中文主題編目規範系統中「痙攣劑」及「抗痙攣劑」兩個主題詞有何分別？,痙攣劑 (convulsant) → 引起痙攣的藥物 (毒藥)，辭典上有這樣的詞 convulsant poison: 促成驚厥毒藥；驚厥性毒劑 驚厥劑，一般網路上用「驚厥劑」者居多；抗痙攣劑 (anticonvulsant) → 抑制肌肉痙攣的藥物，也有翻譯 抗抽搐藥物、抗癲癇藥物等。以上就網路資訊回答您，這是醫學專有名詞，該請教藥劑師或醫師，館員是不能回答醫學諮詢問題。,其他
24400,2016-11-16,24400_A01,視聽資料的公播版在MARC21中應著錄於版本項還是附註項？,視聽資料的公播版或家用版應著錄於MARC21附註段欄位500。,機讀編目格式
24401,2016-11-17,24401_A01,ISBN 9789862729083 的 CIP 分類號 550.7 中的 .7 是怎麼來的？,550 是經濟學，依總論複分表 + 07 論文集，原本應該是 550.07 才對，但根據複分的規則，遇 2 個 0 時，省略一個 0，所以是 550.7。總論複分表說明：複分時，一般以本表複分號碼添加於類號之後即可，惟類號末位數為一個「0」或二個「0」者，除表中特別註明外，其 0 可省略之。(類表修訂版 p.693),其他
24402,2016-11-17,24402_A01,CIP分類號中的/139如何得知？,分類號528.8833/139中，/139代表臺灣臺東縣的縣市代碼。需參考附表八《臺灣縣市表》（見p751），該表顯示臺東縣的複分代碼為139。,作者號及輔助區分號
24403,2016-11-18,24403_A01,"有關欄位240的分欄l作品語文，如果在編作品為中文，請問該分欄應填寫中文""還是""Chinese""?","在編文獻為中文翻譯作品，國圖在240 $l是用「中文」二字來表示。因為我們編目所用的語言是中文，所以以中文描述。但我知道也有圖書館是用""Chinese""來表示。我認為都是可以的，240分欄$l並沒有規定一定要用英文書寫。",其他
24403,2016-11-18,24403_A02,欄位020國際標準書號，2014年起啟用了分欄q限定資訊，請問該分欄的用途為何？是否在編資源的裝訂形式都填入這個欄位，並加()？有硬性規定嗎？,分欄q是2013年新定義的分欄，將原先加於標準號碼後的裝訂形式獨立為單獨的一個元素，著錄於$q。2014年起使用新著錄方式，可有二種選擇：1.不遵循ISBD標點符號 Leader/18＝c 020 __ $aISBN號 $q冊次號 $q裝訂形式 $c價格與相關資訊 2.遵循ISBD標點符號 Leader/18＝i 020 __ $aISBN號 $q(冊次號；$q裝訂形式)：$c價格與相關資訊 範例: Leader/18＝i 020 __ $a9789577399472 $q(全套；$q精裝)：$cNT$20000 請注意ISBD標點符號用法 $a：$c $z：$c $a $z：$c $a $q()：$c $a $q(；$q)：$c $q() 錢月蓮敬答  20161121,機讀編目格式
24404,2016-11-20,24404_A01,如何分辨所謂「有特定宗旨與主題而召開」的會議？,「有特定宗旨與主題而召開」是相對於某些機關定期舉辦之連續性會議，此時可據24.2.6.2的規定「如標目可適用於同一會議不同屆次，但會議時間及地點不同，標目後毋需加註屆次、時間、地點…」。,權威控制
24404,2016-11-20,24404_A02,所謂會議不是都有特定宗旨與主題嗎？,會議有特定宗旨與主題時，加註會議屆次、時間、地點 (引用24.2.6的規定)。中國編目規則24.2.6說明「本款所稱會議、研討會等指時間等指有特定宗旨與主題而召開者」。,編目法
24405,2016-11-21,24405_A01,分類號733.9/103.9/145.4的解析是什麼？,733.9/103.9/145.4 此分類號是指新北市新莊區的人文，解析如下：733 臺灣（取自主表）103 新北市（取自附表八）145 新莊區（取自附表九）,其他
24405,2016-11-21,24405_A02,.9和.4在分類號中分別代表什麼？,.9 是各地方，當一地方要再細分至更小區域時必須使用的複分號。.4 是指該地方的人文。在最後一個.9/地方後，再加一次複分，以揭示該地方文獻的內容。,其他
24405,2016-11-21,24405_A03,332也指新莊，應使用322或145嗎？,332與322或145的使用需遵循附表八與附表九的系統，若使用附表八「臺灣縣市表」與附表九「臺灣鄉鎮表」則不應混搭頁566的「臺灣分區表」。,其他
24406,2016-11-21,24406_A01,中文主題編目規範系統中『癲癇』與『羊癲風』有何分別？,"陳: 您好, 將會更正為: 癲癇症   不用   羊癲瘋 錢月蓮敬答  20161122",其他
24407,2016-11-22,24407_A01,「抗呼吸系統藥」與「呼吸系統藥物抗呼吸系統藥」兩者有何分別？,"陳: 您好, 國圖主題詞表上的詞彙, 專科性學門都是專業人士所提供, 這個問題須再請教專業醫師或藥劑師如何區別。 因該詞彙沒有英文, 不知是否適用anti-respiratory medicine 或 drug? 查過一些相關文獻, 就個人的理解, 抗呼吸系統藥可能是一些抗哮喘藥、鎮咳藥、祛痰藥、β腎上腺素受體激動藥、M膽鹼受體阻滯藥、磷酸二酯酶抑製藥、過敏介質阻滯藥等平喘藥之統稱。",其他
24407,2016-11-22,24407_A02,「呼吸系統藥物抗呼吸系統藥」是否指醫治氣喘或哮喘之藥物？,"本人非醫學專業人士, 無法提供標準答案, 很是抱歉! 請您直接建議修正不妥之用詞。",其他
24408,2016-11-22,24408_A01,本次印刷應屬於再版？還是重印再刷（reprint）？,按照您描述的情形，應該是重印再刷。因為內容沒有增修，更正錯字及小幅文字修訂不視為再版。,其他
24408,2016-11-22,24408_A02,重印再刷時，版權頁內發行人是否應維持？或是換成現任長官？前任長官序言應如何安排較為妥適？,發行人應從新。出版日期應包含初版日期，以及再刷日期。前任長官序言當然應該保留（不管是二版或再刷），可以再加續任長官的序說明。,編目法
24409,2016-11-24,24409_A01,國家圖書館的視聽資料是依照中國編目規則的哪一著錄層次來編目的?,依照中國編目規則第三版的第三著錄層次--詳細著錄，依規則所列各細目全部著錄,編目法
24409,2016-11-24,24409_A02,能否舉一例說明國家圖書館的視聽資料編目方式?,例如：錄影資料題名-----年輕人讚起來；錄音資料題名-----我是曾沛慈（請連線國家圖書館館藏目錄查詢系統(視聽館藏)查詢）,權威控制
24410,2016-11-29,24410_A01,現有的AACR2書目紀錄增加RDA資料元素後，在未來RDA環境下會有什麼影響或劣勢嗎？,"現有的舊書目紀錄，增加某些RDA元素，不被視為是RDA完整紀錄，而是混合紀錄(Hybrid Records)。Hybrid Records的定義: When editing and replacing master records in WorldCat, catalogers may choose to add some RDA elements to existing non-RDA records without re-cataloging the entire record according to RDA... 這些修正紀錄不能視為完整或一筆全新的RDA紀錄... 會影響資料的鏈結，因為大多數的舊資料並沒有「書目關係」的著錄，原本書目紀錄外，RDA強調的部分在於權威控制與控制詞彙的建立...",編目法
24410,2016-11-29,24410_A02,「書目紀錄建置RDA編目元素轉換程式」有使用說明書及詳細介紹嗎？,使用說明嵌在執行檔「關於」中的「注意事項」，可自編目園地下載。,編目法
24410,2016-11-29,24410_A03,國外也有類似的轉換程式嗎？目前只知道有RDAExpress，但也沒有找到更詳細的介紹,LC本身也沒有在做資料轉換啊，舊紀錄依舊是舊紀錄! 連縮寫都沒改呢，所以不用擔心。我對國外有哪些轉換程式不清楚，我的焦點都在條文的本身。有一個小小的建議：先試試西文資料的轉換。,其他
24411,2016-12-05,24411_A01,編目ISBN:9789574326884時，查到某些圖書館給號958.232，958普通攝影集/.2中國/那32呢？,958.232是舊版分類法號碼，指臺灣攝影家作品集類號。2為中國代碼，32為臺灣代碼；新版則與中國切割以33為臺灣代碼。,編目法
24411,2016-12-05,24411_A02,「攝影家姓名排」要依據為何？,依世界區域及分國表複分，再依攝影家姓名排。,編目法
24412,2016-12-07,24412_A01,101年 - 101年 初等考試 中文圖書分類編目大意 #7480根據大部分有關檢索途徑方面的研究顯示，下列何者是線上使用者最常遭遇的困難？,(C)標題查詢,其他
24412,2016-12-07,24412_A02,請問標題和題名的差別怎麼分別呢？,標題詞是很嚴謹的控制詞彙，不僅規範了主標題也規範了副標題，使用者須按照編表者給予的詞彙查詢方式才能獲取資料，較無彈性，和使用者習慣相距也較遠。題名，指的是書名。標題，指的是表示書的主題內容的控制語詞。,權威控制
24413,2016-12-07,24413_A01,「分離（加工）」索引典的詞義控制方式為何選擇限定語（Qualifier）而非範圍註（Scope Note）？,範圍註不是檢索點，限定語（Qualifier）和其前面的詞彙是一個完整概念的檢索點。限定形式的標題用於主標題不只表示一個層面或領域時，需加以區辨範圍才能正確表達詞彙涵義。,權威控制
24413,2016-12-07,24413_A02,索引典的範圍註（Scope Note）如何運用？,範圍註用於說明詞彙的應用範圍或定義，例如透過限定形式表示為「退化(生物學)」、「退化(病理)」，以區分不同領域的詞義。,作者號及輔助區分號
24414,2016-12-07,24414_A01,"某鄉鎮現有人口 25,000 人，依我國「公共圖書館設立及營運基準」，該鄉鎮圖書館應有之基本館藏量為何？",根據「公共圖書館設立及營運基準」附表二，鄉鎮圖書館應有二萬冊(件)，每年至少增加一千冊(件)。,其他
24414,2016-12-07,24414_A02,「公共圖書館設立及營運基準」是否已廢止？,根據行政院公報資訊網，教育部令 (中華民國105年9月12日 臺教社（四）字第1050119265B號) 已廢止「公共圖書館設立及營運基準」，並自即日生效。,其他
24415,2016-12-08,24415_A01,「依攝影家姓名排」要依據為何？,「依攝影家姓名排」是指評論性攝影作品要先取攝影家的作者號，再取評論者的作者號，如此同一個攝影家的作品，不論是原作品與被評論的作品都會集中在一起。,作者號及輔助區分號
24416,2016-12-12,24416_A01,電子期刊要如何編目？,"可上好幾天的課或寫一本小書。僅提示重點：一、決定採用的編目規則。二、決定著錄的政策詳和簡層級，建議必備項目有刊名､版本(出版項)､刊期卷期、國際標準叢刊號ISSN､改名或版本或衍生作品間關係的著錄。另有些電子期刊同時發行紙本或光碟片，有些電子期刊早期為紙本，後只發行電子版，各圖書館須訂定自己的政策作法。建議參考: 中文電子資源編目（陳和琴，陳君屏著）第五章：電子期刊 30: Direct access electronic serials (Word, 221 KB) 31: Remote access electronic serials (Online serials) (Word, 1.5 MB)",編目法
24416,2016-12-12,24416_A02,用Marc21可以嗎？,"可從定長欄著錄電子期刊特性, 於WebPAC端顯示: LDR/06  Type of record 紀錄類型 = a 文字資料 LDR/07  Bibliographic level 書目性質 = s 連續性出版品  → 由LDR段的a與s決定採用連續性資源定長欄008/18-34。其中要注意的是008/22及008/23的選擇：原件載體形式 = s 電子資源",機讀編目格式
24416,2016-12-12,24416_A03,哪些部份要註明些什麼，讀者才有辦法知道是電子期刊？,"可從定長欄著錄電子期刊特性, 於WebPAC端顯示: LDR/06  Type of record 紀錄類型 = a 文字資料 LDR/07  Bibliographic level 書目性質 = s 連續性出版品  → 由LDR段的a與s決定採用連續性資源定長欄008/18-34。其中要注意的是008/22及008/23的選擇：原件載體形式 = s 電子資源 008/22 原件載體形式 (期刊原版的載體形式)-- o = 線上資源 q = 直接存取電子資源 s = 電子資源 008/23 載體形式 o = 線上資源 q = 直接存取電子資源 r = 一般印刷重製資料 s = 電子資源 其他MARC 21欄位可參考如下: SERIAL – ENCODED IN THE MARC 21 FORMAT FOR BIBLIOGRAPHIC DATA MARC FIELD TAG MARC FIELD INDICATORS Leader/06 Type of record Leader/07 Bibliographic level Leader/18 Descriptive cataloguing form Leader/19 Multipart resource record level 007/00 Physical description fixed field – Category of material 008/35-37 Fixed-length data elements –Language 22 International Standard Serial Number ## 37 Source of acquisition ## 37 Source of acquisition ## 40 Cataloguing source – description conventions ## 41 Language code 0# 210 Abbreviated key title 0# 222 Key title #0 245 Title statement 0 264 Production, publication, distribution, manufacture, and copyright notice #1 300 Physical description ## 310 Current publication frequency ## 321 Former publication frequency ## 336 Content type ## 337 Media type ## 338 Carrier type ## 362 Dates of publication and/or sequential designation 0# 500 General note ## 500 General note ## 530 Additional physical form available note ## 546 Language note ## 588 Source of description note ## 650 Subject added entry – Topical term #0 710 Added entry – Corporate name 2# 780 Preceding entry 0",機讀編目格式
24417,2016-12-14,24417_A01,貴館是否有編目委外的情況，如果有的話大致情況為何？,有關您的詢問因未屬資訊組織規範問題，惠請逕洽本館館藏發展及書目管理組，電話：(02)23619132分機869。,其他
24417,2016-12-14,24417_A02,貴館將編目委外的原因為何？,有關您的詢問因未屬資訊組織規範問題，惠請逕洽本館館藏發展及書目管理組，電話：(02)23619132分機869。,其他
24417,2016-12-14,24417_A03,委外編目對貴館的成效及影響為何？,有關您的詢問因未屬資訊組織規範問題，惠請逕洽本館館藏發展及書目管理組，電話：(02)23619132分機869。,編目政策與管理
24417,2016-12-14,24417_A04,委外編目對於貴館的優缺點為何？,有關您的詢問因未屬資訊組織規範問題，惠請逕洽本館館藏發展及書目管理組，電話：(02)23619132分機869。,編目政策與管理
24417,2016-12-14,24417_A05,在編目委外時是否有遭遇過哪些問題？,有關您的詢問因未屬資訊組織規範問題，惠請逕洽本館館藏發展及書目管理組，電話：(02)23619132分機869。,其他
24418,2016-12-16,24418_A01,此題的英文題名為何不能當副題名著錄？,此題的英文題名並不符合副題名的意義。,其他
24418,2016-12-16,24418_A02,正題名和副題名要如何區分？可否舉例？,正題名：是指作品主要著錄來源上的主要題名，包括替代性的「又名」。通常題名的語文與作品文本相同，正題名的排版印刷特徵是字體較大、位置顯著。副題名：與正題名或並列題名有關的其他題名的訊息，稱為副題名。副題名通常緊跟在正題名後或正題名下方，以較小子體呈現，或以冒號（:）、破折號（—）、雙連字號（--）引出，副題名是用以解釋、補充或修飾正題名或並列題名涵義的其他題名。例如：社會學導引：人文取向的研究 例如：莊子新傳：莊子即楊朱定論 例如：紙鳶：廖添丁的故事 上舉範例中《社會學導引》、《莊子新傳》、《紙鳶》都是正題名，著錄時視為必要的項目。「人文取向的研究」、「莊子即楊朱定論」、「廖添丁的故事」則是副題名，都是在提示書的主要內容，在著錄簡略層次書目紀錄時，是可以被省略的項目。,作者號及輔助區分號
24419,2016-12-22,24419_A01,於分類過程中，若遇到超過三個主題時應如何分類？,原則是判斷的依據，但不是絕對的，有時還要加上作者寫作的意旨。若三個主題是同屬一個基本類，選擇能囊括三個主題的上位類；若是跨了三個基本大類，如哲學、社會科學、文學，則分入總類。其他若只有兩個基本大類，可納入作者意旨或視其比重歸類。分類不是制式的，是一種藝術，編目員只要用心，一定可以做出正確的歸類判斷。,其他
24419,2016-12-22,24419_A02,是否直接適用三個主題的分類規則？,任何分類都須經過編目員的判斷才是，不明白「直接」所指是什麼。三個主題的分類規則僅作為參考，實際分類時需結合判斷與作者意旨，而非直接套用規則。,其他
24420,2016-12-24,24420_A01,當首字母為其他子音且第二字母為h或l時，應如何取Cutter號？,Ch及Cl不在3.4表列中，故請依3.5原則取碼。例如Chaves取C32，Clift取C44。,作者號及輔助區分號
24420,2016-12-24,24420_A02,當單字為cha...或cli...等沒有對應號碼時，應如何處理？,請依3.5原則取碼，例如Chaves取C32，Clift取C44。,其他
24421,2016-12-26,24421_A01,在同一筆書目記錄當中，是否可以同時運用中文主題詞表與中文圖書標題表進行下標題？,不建議同時使用兩種主題詞表，目前採用的是《中文主題詞表》。,主題法
24421,2016-12-26,24421_A02,若只能使用一種下標題的表，應優先選擇哪一種？,建議使用《中文主題詞表》，例如《中國國名的由來與中國觀的歷史演變》一書可使用主題詞：1. 中國 2. 中國史 3. 史觀。,主題法
24422,2016-12-27,24422_A01,國圖目前對中文圖書採用哪種機讀編目格式？,本館目前中西文圖書館藏之編目，所採用的機讀編目格式均為MARC 21。,機讀編目格式
24422,2016-12-27,24422_A02,國圖目前對西文圖書採用哪種機讀編目格式？,本館目前中西文圖書館藏之編目，所採用的機讀編目格式均為MARC 21。,機讀編目格式
24423,2016-12-30,24423_A01,在欄位020-國際標準書號ISBN填入版本資訊，如(精裝)或(平裝)應該放入$a 還是 $q ?,$a是著錄ISBN號的地方，裝訂形式要著錄於$q。,編目法
24423,2016-12-30,24423_A02,如果是放於$q ，請舉例正確的註錄方式,範例: Leader/18＝i 020 __ $a9789577399472 $q(全套；$q精裝)：$cNT$20000,編目法
24424,2016-12-30,24424_A01,圖書跟期刊的記述編目有何異同？,期刊是屬於連續性出版品，與圖書(單行本專書)最明顯的不同是，專書可能分冊出版但代表完整書目單位，期刊則因卷期編次及題名變化，著錄更複雜。兩者相同處為皆為完整書目單位。期刊編目應注意：1.刊名改變需另立書目紀錄；2.須註明與其他期刊之關係；3.連續性出版品之個人編者可省略著者敘述。請參閱中國編目規則第三版第二章圖書及第三章連續性資源。,編目法
24425,2017-01-06,24425_A01,國家圖書館的碩博士論文是否有規定一定要具有英文摘要以及英文關鍵字?,您好： 有關您的詢問非屬資訊組織規範問題， 而碩博士論文送存本館前之摘要及關鍵字形式逕依各校相關規定； 若您是指本館「臺灣博碩士論文知識加值系統」中論文書目建置問題， 請由該網站右上方「聯絡我們」頁面提出。,其他
24426,2017-01-15,24426_A01,一般圖書館如何處理護封(即包在書籍封皮外的印刷品，不是書腰)，是保留還是去掉？書標是貼在內封還是護封，還是兩層都貼？,護封應該保留，封面及護封都須貼上條碼及書標。,編目政策與管理
24426,2017-01-15,24426_A02,書腰如何處理？如果要保留的話，應該如何做？,本館採訪部門對書腰的處理如下：1. 破損的書腰不予保留。2. 書腰的高度未及書的1/2 (書腰太矮)，不予保留。3. 當書腰的設計和書是綁在一起時，予以保留。如：封面空白，書衣反摺為書腰；或書腰的設計和封面不可分割。4. 當書腰的資訊和封面綁在一起才是完整資訊時，予以保留。如：書腰上有ISBN，而封面上沒有ISBN，則不論其高度，均予以保留。保留的書腰，須貼上書標。,編目法
24427,2017-02-21,24427_A01,杜威分類法是什麼,杜威分類法是一種圖書分類法，由美國圖書館學家Melvil Dewey所創建，可參考: 1. 杜威十進分類法 - 編目園地 - 國家圖書館 2. 杜威十進分類法 (維基百科) https://zh.wikipedia.org/wiki/%E6%9D%9C%E5%A8%81%E5%8D%81%E8%BF%9B%E5%88%B6%E5%9B%BE%E4%B9%A6%E5%88%86%E7%B1%BB%E6%B3%95,其他
24428,2017-02-21,24428_A01,什麼是marc21,"MARC 21是一種被廣泛使用的機讀格式，可參考： 1. 技術服務小百科：機讀編目格式 21 http://techserviceslibrary.blogspot.tw/2014/04/21marc21.html 2. MARC21_百度百科 3. 請問什麼是USMARC, MARC21, CMARC？ - 國家圖書館編目園地全球 4. MARC 21官網http://www.loc.gov/marc/",機讀編目格式
24429,2017-02-22,24429_A01,出版兒童繪本是否有最低頁數的限制？,您好： 有關您的詢問非屬資訊組織規範問題， 建議可洽詢國內兒童繪本相關出版社，如：臺灣麥克、信誼基金出版社、小魯文化等； 若您的問題涉及ISBN申請，請逕洽本館國際標準書號中心，電話(02)2361-9132分機701~706。,其他
24430,2017-02-23,24430_A01,「控制形式」指的是什麼？,「控制形式」指的是「受控檢索點」及「控制語彙」，即指編目員著錄的檢索點或控制用語，是一種受人為規範的控制詞語。受控檢索點：檢索點(或稱檢索項)，是用來檢索與識別書目紀錄或建檔資料的獨特項目或元素，如題名項、個人家族或團體作者、主題詞、集叢名、關鍵字等等皆是，當檢索點有不同形式需要加以規範「用詞」與「不用詞」時，就形成「受控檢索點」，如人名權威、劃一題名等。簡言之，首選的個人、家族或團體名稱（100段主標目）及其變異名稱(400段不用標目，相對於首選名稱的其他不用名稱形式)，都稱為「受控檢索點」。如：「三毛」與「陳平」，所指是同一個人，我們選擇用「三毛」為首選名稱，「陳平」為變異名稱，建立在同一筆權威紀錄中，這樣就是一種控制形式。在首選用詞與變異不用詞之間受到「選詞原則」的規範，本身也是一種控制形式。控制語彙：控制語彙是指某些項目須使用的固定用語，如RDA中，表示作品與作者職責的關係用語，便是一種「控制語彙」，編目員必須查表(RDA Appendix I)著錄規範用詞。如：顏水龍1990-1994油畫集 / 顏水龍作，MARC 21書目紀錄格式：100 1_ $a顏水龍 $e藝術創作者，$e的用詞是一種「控制語彙」，規範於RDA Appendix I。作用是資料的鏈結。,編目法
24431,2017-02-21,24431_A01,編目時應如何界定「複本(copy 2)」的定義？,館藏所謂「複本」，係指圖書館入藏與原有出版品同名同版的圖書資料。由於同版，所以書名、著者、出版者，乃至於出版年、內容及ISBN皆相同。同版不同刷次的出版品，在圖書館編目實務上，仍視為複本處理，必要時可於書目記錄之附註項註明複本之刷次，附錄內容確有不同時，也可在附註項說明。,編目法
24431,2017-02-21,24431_A02,A書及B書應否編成同一筆記錄，或應分成兩隻獨立書目記錄？,若AB兩書版權頁上之版次相同，建議編入同一筆書目（A書為正本、B書為複本），必要時另以附註項註明刷次（若書上已標示的話）及複本與正本的差異。編目時對於不同版次的圖書，視為新書進行處理，即另編一筆新的書目記錄；但是對於同版不同刷次的圖書，則視為該書的複本，依複本處理原則進行處理，而不新增書目記錄。,編目法
24432,2017-03-06,24432_A01,國家圖書館中文主題編目規範系統中，'翻譯器'與'翻譯機'的區別是甚麼？,翻譯器和翻譯機應是同義詞。機器翻譯（Machine Translation）或稱機械翻譯、自動翻譯，屬於電腦語言學的範疇，其研究是藉由電腦程式將文字或演說從一種自然語言翻譯成另一種自然語言。翻譯機（或器）可以指機械翻譯工具、電子詞典。翻譯器是廣義的翻譯概念，也可以認為是翻譯機，或是線上翻譯、翻譯聊天工具。建議將中文主題詞表中相關詞彙修正為: 自動翻譯 不用 機器翻譯；機械翻譯 參見 翻譯器 翻譯器 不用 翻譯機 參見 自動翻譯,其他
24432,2017-03-06,24432_A02,LCSH中'Power-plants'與'Electric power-plants'的分別是甚麼？,Power-plants指各類型動力來源的發電廠總稱及其相關立法和法律，範圍較Electric power-plants廣。Electric power-plants偏重於各類型電源電廠及電廠的工程與實質運作，包含電力生產、儲存、配送傳輸等大工程。建議從類表的上下位及複分架構去了解該標題的涵義，才好選擇適當的詞彙標引文獻。,其他
24433,2017-03-14,24433_A01,"相同版本的書,但來源不同(購買或捐贈),到館日期不同,可否另設一個編目碼?","若版本相同，只能視為複本，不可以另編一筆紀錄！複本書的索書號與正本同，只須加上c.2, c.3…的複本標記符號。",作者號及輔助區分號
24433,2017-03-14,24433_A02,"又各有二本以上,複本如何登錄(依館內現有數合併計算?依不同編目碼各自計算)","書目查核後若確定是複本書，一樣貼條碼，於館藏段著錄登錄號、分類號、複本號、典藏地、單冊資訊…等。第壹個複本用c.2表示，第2個複本用c.3表示, 如此類推, 與正本應合併計算。",編目法
24434,2017-03-14,24434_A01,中文圖書標題表的內容特色為何？,中文標題表的特色及整體介紹可參考《中文標題表》的編例和使用說明，特色載於該書第10-11頁，有詳盡介紹。另可於中文主題編目規範系統下載：中文主題編目規範系統 → 系統功能中的「類表說明」→ 《中文標題表》 http://catbase.ncl.edu.tw/App3/html/%BC%D0%C3D%AA%ED/%BC%D0%C3D%AA%ED%A8%CF%A5%CE%BB%A1%A9%FA.pdf,主題法
24435,2017-03-15,24435_A01,副題名及並列題名的副題名應如何著錄？,副題名與並列題名的副題名的著錄，沒有一定的標準作法，只有推薦作法：可著錄於246 30 及246 31的$b。這樣著錄較簡便，但也有圖書館做2個246 30 $a及246 31$a的。都能達到被檢索的目地。,編目法
24435,2017-03-15,24435_A02,不加:|b區別副題名及並列題名裡的副題名是否有差別？,嚴格的說，246 $i的用法是：當所要著錄的題名不屬於第2 指示符定義的「題名類型」時才用$i引出說明文字。如：246 1# $i版權頁題名：$a…。246 1# $i又名：$a…。但近年編目趨向簡化，CONSER/BIBCO的推薦做法：除並列題名外，其他題名均用指標1#$i表示，省去記憶繁瑣的指標的各種用法，所以會有一些不統一的現象。未來，改入Bibframe後，這些複雜指標都會被ignore，會以##-variantType-「portion」、create parallel variant…等語法出現。,其他
24436,2017-03-16,24436_A01,國圖針對多元文化圖書索書號如何取號?,分類是依據文獻「主題內容」標引，需視「多元文化」牽涉的層面論斷，無法籠統歸類。若為探討多元文化「政策」，適當的類號可為541.29；若為探討多元文化「教育政策」，適當的類號可為520.1 / 520.9… 若為探討「多元文化社會」，適當的類號可為541.2… 若為探討「多元文化社會工作」，適當的類號可為547… 提倡多元文化的意義是不希望文化有主從，因主從代表階級、優劣，是打破一元文化獨大的局面，提醒文化之間的交流與認同，應在包容中求異同，避免社會不平等現象，這種想法其實是一種主義或思想，當這種思想與某個學科結合或應用於某學科時，歸類上仍以該學科為主，輔以「多元文化主義」…等之相關主題詞，以彌補分類上無法集中的缺陷。譬如有一出版社，以文化學習與國際瞭解為宗旨，出了一套叢書名為多元文化叢書，而叢書內容實際是介紹各國家各少數民族等文化，分類時可能會就各書的主題分入各國史地，或各國文化史，或各民族文化。,其他
24437,2017-03-27,24437_A01,在編目時，225欄位應如何註入？,欄位225，集叢項 在每個單本中，CMARC 225字段是著錄集叢名(套書名)、集叢部冊號(該單本書在系列中的編號)。,機讀編目格式
24437,2017-03-27,24437_A02,在編目時，308欄位應如何註入？,欄位308，集叢附註項 本欄記載與225字段有關或屬於某集叢之附註說明，譬如，系列中某幾本叢書的名稱有變更或中文書目要提供外國人使用，於308附註說明：Series Romanized: XXX。,機讀編目格式
24437,2017-03-27,24437_A03,在編目時，300欄位應如何註入？,欄位300，一般附註項 本欄記載無適當欄號之附註項，或編目機構不擬將附註項細分在301-316字段時，可統一著錄於300字段，亦即若貴單位不採用欄位308，可著錄於一般附註項欄位300。,編目法
24438,2017-03-27,24438_A01,使用美國國會圖書館克特號擷取法，為何著者名Astor.A84中第二個字母s取8，第三字母t取4？,"LLX: 您好, 本題無法確切回答您應該是或不是，原因是克特號取法有編表法和查表法，編表法會有差異性，查表法也有版本問題。 Astor, 若以國圖版的克特號取碼是 A8，若以我手邊的《C. A. CUTTER’S Three-figure alphabetic order table》表去查，Astor的克特號是A86。",作者號及輔助區分號
24439,2017-03-24,24439_A01,主題標目的結構請舉例說明。,主題編目的表述有兩種方式：用分類號標引，或用主題詞標引。當一本書內容涉及3-4個主題時，分類號的給號只能取其一，分類不足的部分則用主題詞來彌補其完整性。,主題法
24439,2017-03-24,24439_A02,選取主題語的原則為何？,應注意幾個簡單的原則：按詞表給詞；注意詞形；注意用詞的專指性、精確性；注意用詞的新穎性。,主題法
24439,2017-03-24,24439_A03,圖書內附有3個內容主題和4個內容主題的標目方法為何？,三個以上主題的分類原則：原則1，一書論及3個主題，若可被一個較廣泛主題涵蓋，歸入涵蓋面最廣的主題；原則2，若論述其中一個主題對其餘各主題的關係，按發生關係的主題學科歸類；原則3，若論述其中一個主題受其餘各主題的影響，按受影響的主題學科歸類。,編目法
24439,2017-03-24,24439_A04,主題編目編制原則，Cutter謂書依其主題標目著錄，而未按類歸入涉及主題之類目中，同學是否同意其意，並說明之。,理想的主題詞表與分類表，應該是主題詞與類目名稱一致性，每個主題詞有可以匹配的分類號，每個分類號也有其適用的主題詞，Cutter所說主題標目與類目等可以從這個角度去解釋。,編目法
24439,2017-03-24,24439_A05,如何對圖書資料進行標目？,分類標引須參考「分類原則」給號；主題詞的標引會強調主題詞的「專指性」，進一步說明三個以上主題的分類與主題詞標引如下：分類號的給號只能取其一，分類不足的部分則用主題詞來彌補其完整性。,主題法
24440,2017-03-28,24440_A01,試述杜威書分類產生過程，並說明該分類系統的組成元素。,本館並未採用杜威分類法，請自行研讀以下文件或其他：Introduction to the Dewey Decimal Classification,其他
24440,2017-03-28,24440_A02,中國圖書分類法和杜威圖書分類兩者的「分類號」組成異同之處。,中文圖書分類法，原版名為《賴永祥中國圖書分類法》，是參照杜威十進位圖書分類法改進而成的中文圖書分類法。很抱歉，本人未作比較研究。您可參考：《中文圖書分類法》與《中國圖書館分類法》之比較研究：以文學類為例，研究生：王誠恩，102年5月；杜威十進分類法》與《中文圖書分類法》之文學類分類比較研究，張郁蔚，圖書資訊學研究 6卷2期 (2012 / 06 / 01)，P115 – 137；圖書館讀者服務 : 歷年(91-99)國家考題精解 / 程麟雅編著；圖書資訊學析論 : 歷年研究所考題精解 / 程麟雅編著；圖書資訊學析論 : 歷年國家考題精解 / 程麟雅編著,分類法
24440,2017-03-28,24440_A03,小型圖書館內圖書資料的編目層次以及說明其中文、西文的分類法。可否舉列。,"中文圖書分類法有簡表(100個類)、綱目表(1000個類)、詳表。各圖書館可自訂詳簡分類政策。一般而言，最基本的類號是取3碼，以基本碼3碼加點(.)向後擴充1-3或4位數，越往下分的越細。以中國哲學為例：120 是最基本類，121先秦哲學–128現代哲學，是120的下位類，121下又可細分121.1, 121.2…，121.1下又可分121.11, 121.12…，如此以十進層累的方式建構成一個知識分類體系。小型圖書館可依藏書量、藏書性質，自行斟酌編目層次。如一本名為《中國哲學史》的書，最正確的歸類是120.9，但小型圖書館可簡化層次只分到120。外文書也可以以中文圖書分類法分類，或為抄錄方便，選用杜威分類法或國會圖書館分類法，原理亦同。",分類法
24440,2017-03-28,24440_A04,主題編目編制原則，Cutter謂「書依主題標目著錄，沒有按類歸入涉及主題之類目中」，請說明。,編目館員為文獻著錄主題詞，供使用者從主題詞查得文獻，就是Cutter所說「書依主題標目著錄」。編目館員為文獻著錄分類號，就是Cutter所說「按類歸入涉及主題之類目中」。當文獻內容涉及好幾個主題時，分類號只能取一個，其餘無法涵蓋的文獻內容，便以類目之外的多個主題詞來彌補。就是Cutter所說，沒有按類歸入類目(分類號+類名)中的主題，依主題標目著錄。,編目法
24440,2017-03-28,24440_A05,分析圖書內有四個內容主題的標目方法。,分析圖書內有四個內容主題的標目方法，和分析三個以上的主題的標目法是一樣的。用可以涵蓋四個主題的上位類的類號來標引之，上位類的意思是比這四個主題範圍更廣一點的類。譬如一書主題涉及520教育、535民族學、540社會學、550經濟學四個主題，分類號便取可涵蓋此四個主題更廣的類500社會科學。但可以著錄教育、民族學、社會學、經濟等四個較專指性的主題詞來表述分類上的缺陷。,主題法
24441,2017-03-29,24441_A01,桌遊屬於圖書類還是非書類呢?,桌遊「本身」屬於非書。有些研究桌遊的或桌遊所隨附的附件(如說明書或小冊子)則有可能是圖書。桌上遊戲是指針對卡片遊戲、圖板遊戲、骰牌遊戲，及其他在桌上多人玩的遊戲。廣義的桌遊也包括象棋、撲克、麻將等，桌遊的特性是不依賴電子設備和電子產品。若圖書館有收藏此類資料，在LDR/06 紀錄類型(Type of record)位址上應記錄為k。,其他
24442,2017-03-31,24442_A01,何謂書目？,書目是圖書目錄的簡稱，是提供資料檢索的工具，隨資訊時代的發展，資料的類型也從圖書出版資料擴及非出版類型資料。通常每筆資料包括書名、作者、出版者、出版年、ISBN等記載資料形體的基本元素和揭示資料內容的分類號與主題詞等訊息。例如：圖書館館藏目錄、新書出版目錄、專題書目、推薦書目、期刊目錄等都是。,編目法
24442,2017-03-31,24442_A02,書目記錄要達成AACR2第二層編目，其組合元素為何？,"AACR2關於書的著錄詳簡層次，規定於規則1.0D，分三級，其中第二級規定於Rule 1.0D2： 1.0D2. Second level of description. For the second level of description, include at least the elements set out in this schematic illustration: Title proper [general material designation] ＝ Parallel title : other title information / first statement of responsibility ; each subsequent statement of responsibility. -- Edition statement / first statement of responsibility relating to the edition. -- Material (or type of publication) specific details. -- First place of publication, etc. : first publisher, etc., date of publication, etc. -- Extent of item : other physical details ; dimensions. -- (Title proper of series / statement of responsibility relating to series, ISSN of series ; numbering within the series. Title of subseries, ISSN of subseries ; numbering within subseries). -- Note (s). -- Standard number 著錄元素包括：正題名[一般資料標識] = 並列題名：其他題名資訊 (副題名) / 第一責任者敘述 ; 後續其他責任者敘述.-- 版本說明 / 與版本有關的第一責任敘述.-- 資料（或出版物類型）特殊細節.-- 第一出版地等：第一發行人等，出版日期等.--文獻數量：其他稽核細節 ; 尺寸.-- 集叢名稱 / 集叢責任敘述，集叢的ISSN，集叢編號，子集叢名稱，子集叢ISSN，子集叢編號）.-- 附註.-- 標準號碼 目前OCLC書目資料的Levels of cataloging則已納入RDA標準，共分四級，原AACR2的第二級見於完整級 (Full-level)和核心級(Core-level)兩個級別。詳細內容見https://www.oclc.org/bibformats/en/onlinecataloging.html",編目法
24443,2017-04-03,24443_A01,中國藝術家的生平應該放在782還是907？,根據《中文圖書分類法》類表，中國藝術家的生平歸入909.8；各國藝術家的生平歸入909.9-。圖書館若要將所有傳記資料集中一處，全部集中於782也無不可，只是失去抄錄編目的意義。,其他
24443,2017-04-03,24443_A02,請簡述「取內型，捨外型」的原則,「取內型，捨外型」指總論複分時，因只取一次複分，當資料同時兼具內容與外在類型時，內型的複分需優先於外型的複分。例如《中國教育史論文集》分類號取520.92（內型：歷史）而非520.7（外型：論文集）。內型從文獻內容著眼，外型從外在形式著眼，分類上以內容為優先。,分類法
24444,2017-04-06,24444_A01,LDR/19字段的编码b適用於哪些情況？,LDR/19=b用於著錄有獨立題名的單件(Part with independent title)，當在編資源是一個集合的部分資源，並具有被允許於集合紀錄中的單獨題名時，即以b來表示。,編目法
24444,2017-04-06,24444_A02,國圖對於490指標與LDR/19字段的關係有何具體作法？,國圖的作法是490指標1若為1，即集叢要被檢索時，LDR/19會著錄為b。建議可以請教系統公司，若不去表示其從屬關係，皆用空值取代會如何? 是否影響書目關係的呈現?,編目法
24445,2018-04-20,24445_A01,若同作者不同作品號已使用字母標記（如G78b），其翻譯作品應如何給號？例如：原作G78b，翻譯書應為G78b12或G78a12？,通常會採用兩種方式：1. 在作品標記後加數字擴充（如G78b12），2. 在作品標記後加大寫英文字母標示翻譯語言（如G78bF）。若採用字母標記方式，翻譯書的處理需在作品標記後加大寫字母，而非小寫字母。例如原作G78b的翻譯書應為G78bF，而非G78a12。各館可依自身政策決定，但需保持排序一致性。,作者號及輔助區分號
24446,2017-04-12,24446_A01,如何為外語電影設定Cutter number？,美國國會圖書館分類法（LCC）有其專用之克特表（Cutter Table），用於分類表中作為主題的細分，或用來取書號（國內通稱著者號）。克特號的結構為單一大寫字母加數字，若為分類號內的第一個克特號，必須於該克特號前加一小數點。LCC克特表如下： After initial vowels for the second letter: b d l-m n p use number: 2 3 4 5 6 After initial letter S for the second letter: a ch e h-i m-p use number: 2 3 4 5 6 After other initial consonants for the second letter: a e i o r u use number: 3 4 5 6 7 8 For expansion for the letter: a-d e-h i-l m-o p-s t-v use number: 3 4 5 6 7 9,作者號及輔助區分號
24446,2017-04-12,24446_A02,日本電影的封面有「日本原名（日本字）」及「發行商所改的中文名」，應如何處理Cutter number？,當主要款目為中文、且必須以LCC之克特表取書號時，建議以中文轉為拼音取號；當主要款目為日文、且必須以LCC之克特表取書號時，建議以日文轉為拼音取號。,作者號及輔助區分號
24447,2017-04-17,24447_A01,可否給予多個例子有關書目記錄以AACR2編目？,"若想看遵循AACR2編目的書目紀錄，建議可直接瀏覽LC及OCLC的資料庫，於2013年4月以前的書目紀錄，很多都是以AACR2規則編目的紀錄。辨識一筆書目紀錄用何種規則編目，可檢查LDR段第18個位址的代碼，是否為a。第18個位址是描述著錄標準(Descriptive cataloging form)，當LDR/18 = a ，表示該筆紀錄的編製是依據英美編目條例第2版所編製的。Browse - Library of Congress Online Catalog 以上網址是LC的線上書目資料庫，我鍵入一個關鍵字""fine art""得出一連串結果，點進第一筆紀錄察看就是依據AACR2編目的如下： 00001169cam a22003135a 4500  →藍色英文字母a所在位址即是AACR2的代碼 1132632 520010000000000 008970919s1996 at a 001 0 eng d 035__",編目法
24447,2017-04-17,24447_A02,書目記錄以AACR2編目是否包含組合元素？,書目記錄以AACR2編目時，會包含組合元素。例如提供的書目紀錄中包含LDR段、控制字段（如008、035等）及資料字段（如520等），這些元素共同構成完整的書目記錄。,編目法
24448,2017-04-21,24448_A01,學校自編繪本，形式採用故事的寫法，實質內容是介紹地方特色與物產，分類號如何編較適合？,若內容純屬兒童故事，歸類時一般依其性質歸入859類目之下。若實質內容是介紹地方特色與物產，建議歸入表示該地方的類號，並輔以「繪本」主題詞。若貴館沒有建置主題標目，也可在一般附註項註明其為「繪本」。,編目政策與管理
24449,2017-04-25,24449_A01,二刷及再版的年代在008/06是否都著錄為'r'？,"Rooney: 照MARC 21 008/06上的定義，著錄r應是正確的。一、Reprint/reissue的中文翻譯 Print 指印次（刷次），出版品加印的次數；reprint指重印、翻版、再版，該詞可當動詞也可當名詞，在劍橋英語辭典中的解釋是：reprint (v.) to print a book again, or to be printed again: The first edition sold out so we are reprinting it/it is reprinting. reprint (noun) the act of printing a book again, or a book that has been reprinted reprint若翻譯為「重印」, 該重印本的內容、文字或封面有重大修訂時才稱再版；倘無修訂，則只是加印。但在音樂行業中, reprint可視為重新發行（reissue）指發行一張已經發行至少一次的專輯 , 指重新包裝或重新編輯, 發生些許變更或增添。建議可直接看Wiki的原文說明。 reissue指再發行，應無疑義。 IT'S MARC的範例： 008/06 r 008/07-10 1983 008/11-14 1857 260 ## $aBoston :$b[s.n.,$c1983?] 500 ## $aOriginal version: Pittsburgh, Pa. : W'm Schuchman & Bro. Lith., [1857]. ※原版出版於1857，1983翻印 008/06 r 008/07-10 1966 008/11-14 uuuu 500 ## $aReprinted from Green Howard's Gazette. [Original date of publication is unknown.] ※原版出版日期不知的情況 008/06 r 008/07-10 uuuu 008/11-14 1963 260 ## $aNew York :$b[s.n.,$cn.d.] 500 ## $aPreviously published in 1963. ※最新的重印本年代不知，僅知是翻印自之前1963年的版本",編目法
24450,2017-04-24,24450_A01,本館使用LCC為外文書作分類，著者碼取三位字母，請問若分類號複分時，同樣使用三位字母作複分是否可行？,cherry您好: LCC分類表上，當在某個類號下標示「.A-Z」，以對個別作家或人物進行複分時，原則上會以下列方法來做複分取號：1、可先查詢美國國會圖書館（LC）的書目或權威資料，確認國會圖書館是否已為該位作家提供專號。以您問題中所提及的Djuna Barnes為例，可使用國會圖書館為其提供的類號PS3503.A614。2、如果經查詢後發現國會圖書館未對該位作家提供專號，則建議使用克特號取號表（Cutter Table）來進行複分。以作家Djuna Barnes為例，若需要自行以克特表取號，則分類號會是PS3503.A76，如有重號，可再加碼擴充。上述建議方法，是以LCC類表對類號的構組原則為依據，在國圖的編目園地上可查得相關的工具或資訊。有關您所提及的「使用三位字母作複分」應為貴館內部作業政策，目前並未見過相關作法，建議可再評估考量。,其他
24450,2017-04-24,24450_A02,"作者：Barnes, Djuna分類號為：PS3503.ARN，此分類號是否符合LCC複分規則？",以Djuna Barnes為例，若使用LCC分類表進行複分，國會圖書館已提供專號PS3503.A614。若未查詢到專號，則建議使用克特號取號表，分類號會是PS3503.A76，如有重號可再加碼擴充。,其他
24451,2017-05-09,24451_A01,視聽資料編目中，「導演」、「製作單位」、「發行單位」應著錄於1xx段或7xx段？,「導演」著錄於MARC 21攔位508（製作群註）及700；「製作單位」著錄於245$c及710；「發行單位」著錄於260$b。,編目法
24451,2017-05-09,24451_A02,視聽資料編目所依據的規則是什麼？,依據中國編目規則第三版第八章(8.1.5.1)：主要著錄來源中所載之個人或團體，如製作、導演、動畫繪製、剪輯等，對此作品之製作有重要貢獻者，均可著錄之。其他著者敘述(包括表演之個人或團體)則記於附註項。,編目法
24452,2017-05-09,24452_A01,依Marc 21編西文書書時，圖版(內容為圖、地圖)應如何著錄?是否僅需著錄圖版面葉數，還是須著錄圖版種類?,AACR 2及LCRI未規定「圖版內容種類」的著錄要求。國會圖書館MARC 21範例中，圖版內容種類未必著錄。但耶魯大學圖書館CIP政策提及，若欄位300分欄$a著錄圖版面葉數，則分欄$b建議加錄「ill.」等內容類別。最終是否著錄圖版種類，應依圖書館政策及編目員作業慣例決定。,編目法
24452,2017-05-09,24452_A02,"僅著錄圖版面葉數是否正確?例如：300 $a320 p., [48] p. of plates 或須著錄圖版種類 300 $a320 p., [48] p. of plates :$bill., maps?","國會圖書館MARC 21範例中，圖版內容種類未必著錄，例如：300 ## $a 27 leaves of plates, 4 p. ; $c 31 cm。但耶魯大學CIP政策示例顯示，若著錄圖版面葉數，則分欄$b建議加錄內容類別，例如：300 ## $a 246 p., 32 p. of plates : $b ill. ; $c 24 cm。是否著錄圖版種類，應依圖書館政策及編目員作業慣例決定。",其他
24453,2017-05-11,24453_A01,在美國國會圖書館的書目資料中，504段是否需要著錄「notes」於參考書目內？,依LCRI 2.7B18中對書目註（bibliography note）的說明，若待編資料裡含有「任何形式」的引用文獻（bibliographical citations in any form），可於欄位504著錄：504 ## $a Includes bibliographical references。因此，當一本書以「Notes」、「Selected Bibliography」、「Bibliographic Sources」等，列出編著者於著述時參考到的或是引用到的文獻時，都可於欄位504做說明。若參考文獻或引用書目，在待編圖書裡被集中編排，則在書目註中加錄面葉數：504 ## $a Includes bibliographical references (p. 310-325)。,編目法
24453,2017-05-11,24453_A02,未標示頁數的圖版應如何著錄？『8 unnumbered p. of plates』還是『[8] p. of plates』還是都可以？,"有關未標頁碼的圖版，其著錄方式會依各圖書館選定依循的編目規則而有所差異：1) 當依AACR 2規則來進行編目時：300 ## $a 246 p., [32] p. of plates : $b ill. ; $c 24 cm. + $ 2 CD-ROMs (4 3/4 in.) 2) 當依RDA規則來進行編目時：300 ## $a 246 pages, 32 unnumbered pages of plates : $b illustrations ; $c 24 cm + $ 2 CD-ROMs (4 3/4 in.)。由上述2個例子可看出，當依RDA規則進行編目時，在欄位300的著錄上，最大的改變在於不再使用「p.」、「ill.」等簡寫，而是著錄完整的用語「pages」、「illustrations」。此外，未標頁碼的面葉數，也不再以方括號標示，而是以「unnumbered」來說明。因此，建議您依貴館所選定的編目規則來進行編目較為合宜。",編目法
24454,2017-05-13,24454_A01,如果書中同時有章節附註或註腳，且書本最後有集中列出bibliographical references，在504段是否就不列出頁數？,如果待編圖書中，有集中編排的參考文獻，由於這樣的資訊對讀者在識別或使用這本圖書是有所幫助的，建議仍可於欄位504加錄其面葉數。,其他
24454,2017-05-13,24454_A02,書中同時有章節附註或註腳，且書本最後有集中列出bibliographical references時，是否仍會列出bibliographical references的頁數？,在1) ~ 3) 的圖書裡都將參考文獻集中編排，因此可在欄位504著錄其面葉數。圖書4) 的情況則是將各章節的notes集中編排於書後，若是這些notes的內容都是參考文獻的話，欄位504仍可著錄其面葉數資訊：504 ## $a Includes bibliographical references (p. xxx-xxx)。若這些notes大部分為參考文獻，少部分為『非書目性』的附註時，欄位504可著錄為：504 ## $a Includes bibliographical references (p. xxx-xxx)。也可更詳細一點說明：504 ## $a Includes notes and bibliographical references (p. xxx-xxx)。若這些notes大部分為『非書目性』的附註，參考文獻佔少部分時，欄位504可著錄為：504 ## $a Includes bibliographical references。,編目法
24455,2017-05-17,24455_A01,MARC 21的008欄位應如何著錄出版情形與出版年？,若為重印版本，008/06 = r （Reprint/reissue date and original date），008/07-10 = reprint/reissue date，008/11-14 = date of original。,機讀編目格式
24455,2017-05-17,24455_A02,MARC 21的250版本項應如何著錄？,若資訊來自書目以外來源，需標示方括號，如：250 ## $a [Reprinted]. 250 ## $a [1st paperback edition].,編目法
24455,2017-05-17,24455_A03,MARC 21的260出版年應如何著錄？,欄位260分欄$c的出版年部分，直接著錄重印的日期即可。,編目法
24455,2017-05-17,24455_A04,MARC 21的500附註項應如何著錄？,可將出版發行敘述著錄於500，如：500 ## $a First published in 2011. First published in paperback 2015. 或標明來源如：500 ## $a “First published in 2013”--Title page verso.,編目法
24456,2017-05-19,24456_A01,"封神大典 /|c延文大法師, 延明法師著 是鸞堂的法師(在家眾) 100如何著錄",佛教的師父會冠「釋」姓，但道教不會。所以，100直接稱「XX法師」，如以這本書為例，可直接這樣著錄: 100 0_ $a延文大法師 700 0_ $a延明法師 道教的道士要稱為「大」法師，需經過108層劍梯的考驗，為尊重其特有的考試制度，我認為是應該要保留大這個字的稱號，以茲區別。,權威控制
24456,2017-05-19,24456_A02,"874.88 .88如何分,書名為美國女性文學","請問是從哪兒看到的分類號呢? 若這個類號是正確的話, 應該不是《美國女性文學》這本書的分類號! 基本上874.8這個類號是指美國地方文學(仿分英國文學模式)，若還需進一步以地方複分的話，874.8 + 8 (依美國州名譯名號碼)的意思該指美國阿拉斯加的文學。",作者號及輔助區分號
24456,2017-05-19,24456_A03,863.27 其中的7如何分的,863.2類號是指台灣文學批評，其複分係仿821-827的複分。故863.27當指台灣小說的評論。,其他
24456,2017-05-19,24456_A04,"若一本書譯成中文,但知道原文從西班牙譯成法文,240著錄原譯書名-法文,那原文西班牙文在美國機讀格式要著錄在那一段呢?","240應著錄原創作品題名, 原創為西班牙文, 故240應著錄西班牙文。 240 10 $a西班牙文題名 500 __ $a本書譯自英文版: 英文題名 740 0_ $a英文題名 說明: 因國圖沒有作name title, 為使其能檢索到英文題名, 所以著錄於740段。依國外較正確的作法其實應作name-title權威控制，未來可達到匯集原著的各種表現形式或內容版本(expression)的足性檢索功能。",編目法
24457,2017-05-20,24457_A01,西文編目中圖版的著錄定義為何？,"根據AACR 2定義，圖版為「Plate. A leaf containing illustrative matter, with or without explanatory text, that does not form part of either the preliminary or the main sequence of pages or leaves.」，即主要內容為圖像（可能附有解釋性文字）且未被編列入正文或圖書主體頁碼序列之中的書頁。",編目法
24457,2017-05-20,24457_A02,若圖頁紙質與正文相仿且未列入正文頁碼，是否算作圖版？,根據AACR 2定義，圖版的判定關鍵在於是否為「圖像內容」且未列入正文或主體頁碼序列，而非印刷材質。因此若為整頁圖像且符合未列入頁碼序列的條件，仍屬圖版；若僅為一般圖像則歸類為圖。,編目法
24458,2017-05-24,24458_A01,請提供AACR2第二層編目書目記錄的範例,"Dorthy: 回復問題如下: AACR2第二級書目資料模型: 0D2. Second Level of Description For the second level of description, include at least the elements set out in this schematic illustration: a. Unpublished material: Title proper [general material designation] = Parallel title : other title information / first statement of responsibility ; each subsequent statement of responsibility. -- date(s) of execution. -- statement of extent of item or collection : other physical details ; dimensions. -- (Title proper of series = Parallel title of series ; numbering within the series. Title of subseries ; numbering within subseries). -- Note(s). b. Published material: Title proper [general material designation] = Parallel title : other title information / first statement of responsibility ; each subsequent statement of responsibility. -- First place of publication : First publisher, date of publication. -- statement of extent of item : other physical details ; dimensions. -- (Title proper of series = Parallel title of series ; numbering within the series. Title of subseries ; numbering within subseries). -- Note(s). 以上是AACR2第二級書目資料模型(或該包含的著錄項目)。 MARC紀錄中在Leader/17是著錄層次的表示, 從#, 1, 2, 3, 4, 5, 7, 8皆是, 沒有與AACR2的三個級別恰恰好的對應，個人認為AACR2第二級書目，該是介於MARC LDR/17=# (full level)和4(core level)之間。著錄是根據待編資料上現有的項目，現有項目未必恰恰百分之百包括模型上所要求級別的項目, 而且, 只看書目資料是material not examined, 建議您可以瀏覽LC和OCLC資料庫查找，或自己做一筆，記錄資料上所呈現的模型中所規定的項目便是。 範例: 2nd description level (Rule 1.0D2) The mystery of Edwin Drood / by Charles Dickens ; with twelve illustrations by Luke Fildes and two by Charles Collins and an introduction by S.C. Roberts. -- Oxford ; New York : Oxford University Press, 1956. xi, 278 p. : ill. ; 19 cm. -- (The Oxford illustrated Dickens) Prior to 1966 the series had the title: The illustrated Dickens. ISBN 0-19-254516-7 來源: http://www.webjunction.org/content/dam/WebJunction/Documents/illinois/catalogingbootcamp/Cataloging%20Boot%20Camp%20Session%202%20Handout.pdf (網路上找的MARC 21教材, p.8 /slide 16) 建議您可花一點時間, 瀏覽LC和OCLC資料庫去查找。先看LDR/17=# full level或OCLC所用的I，再看是否有模型中規定的項目。 另澳洲國家圖書館有提供他們的full level record: Full Level MARC 21 Record Examples https://www.nla.gov.au/librariesaustralia/cathelp/LOCBibliographic/www.loc.gov/marc/bibliographic/examples.html 錢月蓮敬答 20170524",編目法
24459,2017-05-25,24459_A01,服務單位圖書館採首尾五筆法取著者號，不加時代號可否？讀者反應查檢太困難。,不建議省略時代號。保留時代號的好處：1. 減少重複率，便於管理。2. 可區分出同類書中不同時代的作品。3. 可顯示作品的時代意義。,作者號及輔助區分號
24459,2017-05-25,24459_A02,著者為眞'勞'等異體字或日文字，是否仍依其字形給首尾五筆？或需改為正體字後取首尾五筆？或可自行決定？,字體筆畫的選取有一定的原則，不會因繁簡體或書寫的不同而不同，是依據《中文圖書檢字表》取碼。日文書則依據「國家圖書館假名取碼法要點」。,編目法
24460,2017-05-25,24460_A01,有關本縣私立圖書館設立流程中，建設公司要求興辦事業計畫書須蓋核定章，應蓋哪個單位的章？,您好： 本諮詢服務僅提供資訊組織規範問題之答覆，您所提之問題不屬於此類問題，本館亦無相關單位可以提供您這項問題之回應，故建議您詢問貴縣政府相關單位，敬請見諒。 編目園地 敬上,其他
24461,2017-06-01,24461_A01,初版與二版，頁數相同但ISBN不同，可編在同一筆書目嗎？,不同版本的書須分開編2筆紀錄。,編目法
24461,2017-06-01,24461_A02,該如何在二版圖書的館藏中加註，以區別排架先後？,於第二版的書的索書號後加上年代，例如：855 8888 (初版) 855 8888 2017 (二版)。年代可用西元年或民國年，鼓勵用國際標準的西元年。,作者號及輔助區分號
24462,2017-06-01,24462_A01,若初版無ISBN，再版有ISBN，可否分成兩個書目，在再版書的館藏加年代號，以區別排架先後？,不同版本的書要分成兩筆書目紀錄。再版書須加註年代號。,其他
24462,2017-06-01,24462_A02,若初版與再版均無ISBN，是否可建在同一筆書目，館藏又如何表示？,無論有無ISBN，版次都要依據版權頁上的版本說明來斷定，不同版本的書必要分立不同的書目紀錄，於再版書的索書號後加上年代，以區別館藏。如： 848.6 8555 (初版) 848.6 8555 2012 (二版),編目法
24463,2017-06-03,24463_A01,可否給與幾個「書目記錄」的實例？,Monica您好： 不曉得您的書目紀錄是否是指圖書館的機讀格式編目 建議您可以連結國家圖書館館藏查詢目錄檢索相關的書籍(http://aleweb.ncl.edu.tw/F?func=find-b-0) 獲得檢索結果後，在詳細頁面上方有「選擇格式：標準 機讀」的選項 點選機讀，即可看到書目紀錄的編製方式 編目園地敬覆 20170603,機讀編目格式
24464,2017-06-09,24464_A01,圖書館搬移新館後，如何計算及分配每格一格書籍的方法？,建議在圖書搬運前，先畫好一張新舊書架對應的編號配置圖。其中要考慮的因素有: 1. 先要分析館藏的資料類型和各類館藏的數量 如圖書、錄音錄影資料、期刊、參考書、叢書等，有哪些資料類型需要獨立成一區? 2. 其次考慮館藏的發展政策及各類書籍成長的速度，預留好適當的空間大小，如文學類的書成長速度較快，預留的空間就得大些，每層書架也必須預留空間容納新到圖書。 3. 以一層一格為單位，將舊有書架的架次編號，對應到新空間的書架上，設計圖位置確定後，才考慮裝箱及搬運。 4. 從0類開始搬遷至9類，依架次編號的順序一一搬運至新書架上的對應位置。,機讀編目格式
24465,2017-06-12,24465_A01,貴館在MARC21中處理「編著者」時，是以「著」為主還是以「編」為主進行著錄？,本館將作者職責「編著者」置於MARC 21的Main entry 1XX字段。編著者(compiler)，是指負責選擇、集結一個或多個創作者作品，經排序及資料編輯成一新作品的個人或團體。編著者可視為作品主要的負責者，所以著錄在1XX主要款目。,編目法
24465,2017-06-12,24465_A02,編著者在MARC21中具體的著錄欄位為何？,第一個編著者，著錄於欄位1XX / 245；其餘的編著者(若有的話)，著錄於欄位 245 / 7XX。,機讀編目格式
24466,2017-06-13,24466_A01,國小華文課本可入523.31嗎？,國小華文課本可入523.311。523.31為語文學習領域教學，下函外國語等其他語文教學，將華文課本入此恐嫌粗略些，應入523.311本國語文教學(華語教學)。,其他
24466,2017-06-13,24466_A02,若要區分不同國家的課本，能否在523.31之後加分國表？,馬來西亞的華文課本入523.31386；新加坡的華文課本入523.31387? 我個人認為這樣分並不適合: 523.311本身即代表國語(華語)教學，並無再依國分的必要，若真有需要依國別再細分，國別碼請勿直接加於523.311號碼後，因在邏輯架構上會與總論複分號的位置混淆。建議可以這樣分： 1. 於總論複分的09後再加國別碼，如： 馬來西亞的華文課本入523.31109386 新加坡的華文課本入523.31109387 2. 於523.311後加斜撇 / 符號，如： 馬來西亞的華文課本入523.311/386 新加坡的華文課本入523.311/387 3. 國別碼單獨成一行，置於分類號後作者號前，如： 馬來西亞的華文課本入 523.311 386 8555 新加坡的華文課本入 523.311 387 8555 ※另請特別注意，凡內部使用規則請務必做編目員筆記，紀錄是從何時開始這樣分，如何分等等。,其他
24467,2017-06-15,24467_A01,原住民有二個名字，一為母語名字(書的作者用此名)，一為漢名，是否應註錄二個700作者項，分別為原名和漢名？,"Dodoreading: 您好, 建議作法如下: 一、若貴館有做權威紀錄 1. 資料檔中已有一個漢名，後作者改用原住名名稱，可以用參照的方式處理，在舊有權威紀錄中 + 500字段的原住民名稱，在1XX建立一筆新的原住民名稱權威紀錄 + 500字段的漢名名稱，其他不用的名稱著錄於4XX。 2. 新資料要建一筆新的權威紀錄，在編資料上若出現的是原住民名稱，請以原住民名稱為權威名稱。 二、若貴館沒有做權威紀錄 書目紀錄中的1XX字段，應照錄著錄來源上的資訊。不能將不同的名稱另外再建於7XX字段!但可以在附註項中說明其另一個名稱。若有可能的話，可以在索引檔中將兩個名稱串聯。",編目法
24468,2017-06-19,24468_A01,學會刊物要如何改名？,應向ISSN總部(法國巴黎)申請新的ISSN，向外界公布新刊物的ISSN及識別題名，並在新刊物上註明前刊資訊，便於圖書館將兩個刊物的書目紀錄作連結。,其他
24468,2017-06-19,24468_A02,學會刊物改名需要什麼手續？,需備妥最近一期期刊之封面、版權頁、目次頁等電子檔，逕向法國ISSN總部申請國際標準期刊號，並遵循ISSN International Centre申請網址: http://portal.issn.org/cgi-bin/gw/chameleon進行操作。,其他
24469,2017-06-22,24469_A01,泰國作者如何取作者號，因作者號產生介面無法產生泰國作者作者號?,泰文為一元音附標文字，一般鍵盤無法直接輸出，須經轉換裝置。處理方式分為：1. 按外文書方式處理，經拼音轉換為英文字母後，取克特號或四角號碼；2. 按中文書方式處理，依中國編目22.1.7.1規定，優先使用中文名字或譯名，無法查得時自行翻譯，取首尾五筆檢字法或四角號碼。國圖目前採用第一種作法，可抄編OCLC書目紀錄。,作者號及輔助區分號
24470,2017-06-27,24470_A01,中圖法中關於兵器的類號595.5與595.9要如何區分？,595.5兵器可用來匯集595.9類項下無法歸入的總論性問題，如武器分類問題的探討；非戰爭性的武器議題，如武器的生命期問題；武器貿易條約；網路武器等等。595.9器械；兵器；武器則歸屬於攻擊性之軍器、軍械、軍火等武器。,其他
24471,2017-06-27,24471_A01,是否需要在第二本後面加上年代號作為區別？,若不用此種方法，全用年代區分亦可，只是在處理上不如第一種方法這麼條理分明。,其他
24471,2017-06-27,24471_A02,第三本該如何與第二本區分，是視為不同出版社給A即可，又或給雙重作者號？,建議可以在原著者的作者號後加上翻譯者的作者號，如此可清楚得知第一、二、三種版本日後的再版情況。,作者號及輔助區分號
24472,2017-07-04,24472_A01,音樂唱片『櫻鮭』在舊版分類法的類號是什麼？,舊版分類法將音樂唱片放在919.9。,其他
24472,2017-07-04,24472_A02,新版分類法中919.9的類目有什麼變化？,新版分類法將919.9改為各國民族樂器，僅保留919.97作為唱片目錄，不再有音樂唱片的類目。,其他
24473,2017-07-05,24473_A01,專門講唱片保存與整理的書應歸入什麼類號？,「唱片的保存與整理」相關參考類號如下：1. 唱片的保存與整理可入023.858 023.8此類目是特殊資料利用，此類範圍包括總論特殊資料之收集、分類、編目、閱覽、典藏等，並依特殊資料複分表複分。唱片屬錄音資料，可入視聽資料023.85項下的細目錄音資料023.858。2. 若不是圖書館的特殊資料典藏，可入471.9音響設備。,編目法
24474,2017-07-19,24474_A01,樂曲解說集應該入910.8還是910.89(音樂作品集)呢?,資料的內容永遠優先於形式。某一樂曲的解說，會與該樂曲分入同樣的類號。樂曲解說集若為某一曲式合集，歸入該曲式。910.8是「音樂叢書」的分類號，其下位類910.89為音樂作品集叢書，凡屬這兩種叢書形式的多種樂曲形式的樂曲解說才歸入此。,編目法
24475,2017-07-19,24475_A01,"視聽資料內容為歌劇類,作者群有寫這部歌劇的原作者(作曲者)、舞台導演、dvd拍攝導演、指揮、演奏、演員...等，請問主要作者應該要取誰為佳?","視聽資料內容為歌劇類,若有這部歌劇的原作者(作曲者),著者號取自作曲者; 若無這部歌劇的原作者(作曲者),著者號則取自題名",作者號及輔助區分號
24475,2017-07-19,24475_A02,"若同一作品(片盒內)同時包含不同類型之光碟,主要為dvd,加贈一片cd,則編目上該如何表示(尤其在稽核項及附註項)?","若同一作品(片盒內)同時包含不同類型之光碟,主要為dvd,加贈一片cd,則在稽核項主要描述dvd,在附件說明cd: 例: 300 $a 1張數位影音光碟(約109分) :$b有聲, 彩色 ;$c 4 3/4吋 + $e1張光碟片 500 $a 附件cd為雷射唱片 如需描述此cd, 可在欄位500說明此附件cd為雷射唱片",機讀編目格式
24476,2017-07-22,24476_A01,作者雙筆名「矮子(思念秧秧)」的7xx段應如何處理？,"Minos: 700段取矮子。 若待編資源所提供的資訊不足或不夠完整, 建議可查詢其他參考資源, 再決定取何者為權威檢索點的基本款目。矮子除思念秧秧該部作品外, 還有其他著作, 取最常用最著稱者「矮子」應是合理的選擇。",其他
24477,2017-07-22,24477_A01,106 年初等考中文圖書分類編目大意 22. 下列何者不是列舉式分類法？,答案是(D) 冒號分類法。,其他
24477,2017-07-22,24477_A02,請問(B)中文圖書分類法和(C)杜威十進分類法是否屬於層屬性分類法？,杜威十進分類法、中文圖書分類法屬於列舉式分類法，但通常會以它們作為層級分類法的代表。在這個分類體系中，同位類的類目之間存在並列關係，且不重覆、不交叉；下位類與上位類目之間存在隸屬關係。,分類法
24478,2017-07-25,24478_A01,著錄電子期刊時，其他媒體型式（如紙本）之ISSN應著錄於何處？,若同時有紙本和線上電子期刊的ISSN，e-ISSN著錄於022 $a，print ISSN著錄於022 $y。,編目法
24478,2017-07-25,24478_A02,776分欄x的用途為何？,776是連結款目，用於建構原版與不同媒體形式的書目紀錄連結，例如電子期刊書目紀錄A可連結紙本期刊書目紀錄B，格式為：776 08 $i紙本 :$t期刊名稱.. $x紙本的ISSN $w紙本期刊書目紀錄B的系統號。,機讀編目格式
24479,2017-07-27,24479_A01,何謂平行出版？,可能是指同步版﹙simultaneous edition﹚，如精、平裝同時出版；或指平行輸出出版品。,其他
24479,2017-07-27,24479_A02,為何網路上找不到相關資訊？,若是後者，其內容範圍牽涉到版權及法律問題的專業性，便不是我能力所及可以回答的。,其他
24480,2017-07-28,24480_A01,平行出版(parallel publication)的正確翻譯與定義是什麼？,parallel publication翻譯成「開放存取並行出版」較佳。是從您提供的文件中的第一句話: 研究出版物的並行出版有時被稱為「開放存取」的「綠色道路」意譯而來。大致的了解是OA是近年來國際學術界、出版界和圖書資訊界推行的開放式期刊出版模式。運作的基本特點有：資訊數位化、線上出版和傳播、免費獲得全文、給用戶寬泛的使用權。,編目法
24480,2017-07-28,24480_A02,「玉律（綠）」是否等同於平行出版的概念？,"您所說「玉律(綠)」，我比較無法理解，玉律可以用在所有良善的法令條文，因為沒有說出內容是無法讓人理解? 文中的green road，我個人以為是freely或像綠燈通行無阻；本館漢學中心的訪問學人Peter教授認為有「綠色環保」的意思, 因為線上存取, 是一種節省用紙的綠主張。",編目法
24481,2017-08-07,24481_A01,最新分類法中臺灣省政府及省議會的類號應如何給?,"鵬鵬: 您好, 這是個很難解的問題，個人建議關於臺灣省政府及省議會的類號仍沿用舊類號或歸入新法575.33類目下。 中文圖書分類法2007年版對中華民國、臺灣、中國、中國大陸之間的關係，其實並未處理得很好，甚至有相互矛盾之處，除非是下一次的全面修表。 錢月蓮敬答  20170807",其他
24482,2017-08-02,24482_A01,希望有多位作者時，應如何將所有作者建入書目中？,"已更正書目資料為「彭瑞金, 藍建春, 阮美慧合著; 王鈺婷增補」，並為藍建春、阮美慧、王鈺婷三位作者建立了權威檢索點。",編目法
24482,2017-08-02,24482_A02,為何先前無法查詢到藍建春等其他作者？,"因該書無書名頁，編目員採用版權頁資訊「作者：彭瑞金, 藍建春, 阮美慧, 王鈺婷等」，依中國編目規則，無書名頁時資訊來源順序為版權頁優先於封面；且作者超過3人時僅取第一位作者為代表，故會有查不到藍建春等其他作者的情形。",編目法
24483,2017-08-07,24483_A01,國圖對於韓文書作者沒有中譯名的處理方式是什麼？,中國編目規則上有說要譯成中文(22.1.7)，但韓文書我們沒有照規則翻譯成中文名。原因是韓文本身為拼音，對應於漢字會有好多個，就像同音的注音符號對應於漢文有好多個，道理是一樣的。,編目法
24483,2017-08-07,24483_A02,國圖如何產生韓文作者號？,國圖的100權威是照錄資源上的韓文名字，沒有中譯。作者號是用首尾五筆取韓文。,作者號及輔助區分號
24484,2017-08-11,24484_A01,"依據《中國編目規則》，關於外國人名標目的著錄，若以傑西‧薛拉（Jesse H. Shera）為例，下列何者正確？ (A)傑西（Jesse H. Shera） (B)薛拉（Shera, Jesse H.） (C)傑西‧薛拉（Jesse H. Shera） (D)薛拉‧傑西（Shera, Jesse H.）答案為B請問為什麼呢?","科: 您好, 没有為甚麼, 因為(B)才是中國編目規則規定的標目格式, 依據中國編目規則22.2 (2)著錄的格式就是: 以「姓」為標目, 其後記其原文姓名於圓括弧內。 上述答案的(A)是取名, 答案(C)(D)是取姓+名, 都不符合中國編目規則規定的格式! 換作其他規則便不一定這樣取, 所以題目一開始即表明「依據中國編目規則」。 錢月蓮敬答 20170811",編目法
24485,2017-08-14,24485_A01,可否提供韓文首尾五筆檢字法的對照表？,"館員: 您好, 提供國圖使用的韓文字母取號表(首尾五筆檢字法)：(第一個字母加最後一個字母) ㅏ2 ㅑ2 ㅓ3 ㅕ3 ㅗ2 ㅛ2 ㅜ3 ㅠ3 ㅡ2 ㅣ3 ㄱ2 ㄴ3 ㄷ2 ㄹ2 ㅁ3 ㅂ3 ㅅ4 ㅇ4 ㅈ2 ㅊ1 ㅋ2 ㅌ2 ㅍ2 ㅎ1 錢月蓮敬答  20170814",其他
24486,2017-08-15,24486_A01,為什麼佚名會有不同的撰寫方式，是兩者都可以嗎?,中國編目規則1.1.5的重點是: 依作品主要著錄來源著錄；照樣著錄。中國編目規則1.1.5.2的重點是: 作品中無著者敘述或有關著者之記載，則省略著者敘述… 兩者並無矛盾或衝突，若編目資源上有呈現「佚名編」或「佚名著」等描述，編目員是要如實記錄於題名及著者敘述項 (MARC 21欄位245或CMARC 欄位200)的，如規則中的範例: 現代名家詩選 / 佚名編。,編目法
24486,2017-08-15,24486_A02,為何1.1.5中未使用附註也未省略，而是直接著錄「佚名編」?,若作品中沒有有關作者的描述，編目員於題名及著者敘述項不必著錄; 但可以依1.1.5.2條列的方式，於附註項補充說明。,編目法
24487,2017-08-16,24487_A01,台灣書版權頁出現'BOD一版'，在版本項應如何著錄？是否需於附註項加註'BOD版'？,建議照錄出版項資訊! 250 __ $a BOD第一版。BOD著錄於500附註項。,編目法
24487,2017-08-16,24487_A02,大陸書版權頁出現'北京第1版'，版本項應如何著錄？,建議照錄出版項資訊! 250 __ $a 北京第一版。,編目法
24488,2017-08-22,24488_A01,某音樂家的作品集應歸入哪一類?,若內容單一，可歸入各專屬之類；若內容多元，則可歸入910.89 音樂作品集。詳細說明：1. 單個音樂家的單種音樂作品，依作品性質分入各個專屬之類；2. 單個音樂家的作品集內含二種類型的作品，依作品比重或排列在前的作品性質歸類；3. 單個音樂家的作品集內含多種類型的作品，入910.89 音樂作品集；4. 多個音樂作家的音樂作品集彙編，入910.88 作曲家全集。,編目法
24489,2017-08-25,24489_A01,西文作者名稱中包含符號（如撇號）時，取克特號應如何處理？,"克特號取號時不納入符號，應直接忽略撇號，以英文字母「ONeill」取號。例如「O’Neill, Ed」或「O'Neill, Adam」均視同「ONeill」處理。美國國會圖書館分類手冊G063說明，克特號依字母順序排列，含撇號的文字（如J'accuse、'Taint）視同Jaccuse、Taint處理。",作者號及輔助區分號
24490,2017-08-27,24490_A01,馆藏印章的盖印位置是否有基本的规定?,國圖入藏的圖書會蓋上館藏章、來源與日期章。藏書章位置「書名頁中間位置下方空白處」；若無書名頁或書名頁有重要文字或圖像，則選擇目次頁中間偏下方，以遮蓋相關文字為原則；若亦無目次頁則於序言頁相同位置蓋藏書章；但若皆無上述頁次，僅有正文頁次，則蓋在正文第一頁中間偏下方空白處。圖書入藏日期及來源章蓋於圖書「封底內頁內側下方」，並於「該頁外側上緣以鉛筆記錄館藏書目系統號」。,編目法
24490,2017-08-27,24490_A02,除了扉页，还需在其他页面盖印吗?,除書名頁（扉頁）外，若無書名頁或書名頁有重要文字或圖像，則於目次頁、序言頁或正文第一頁等頁次蓋藏書章。圖書入藏日期及來源章蓋於封底內頁內側下方。,編目法
24491,2017-08-28,24491_A01,在西文編目中，若書上僅有「This paperback edition first published in 2011」的描述，會著錄250段嗎？,"Aui，您好： 在AACR 2及RDA規則中並未對版本的著錄用語有硬性規定，規則中也說明當需要判斷著錄來源上的資訊是否為版本敘述時，可看看是否含有edition、version等字樣，或是是否含有可表示不同內容（content）、地理區域（geographic coverage）、語言（language）、實體特性（physical presentation）等資訊的字樣，如果有，則可視為版本敘述。而在編目的實務上，欄位250（版本項）也通常會用以著錄識別度或鑑別性較強的版本名稱（identifying terms for the edition），如： 250  ##  $a Northern Ireland edition. （著錄來源上的資訊為：This Northern Ireland edition published 2003） 由於大多數西文書的出版模式，通常會先有精裝版（hardback）。上市半年到一年之後，依銷售狀況決定出平裝版（paperback）的時間，內容很可能完全相同，差別在字體、印刷與紙質。因此像「This edition published 2003」或「This paperback edition first published in 2011」等資訊，較常見的做法是會著錄在欄位500提供清楚的說明，如： 500  ##  $a ""This paperback edition first published in the USA [in] 2013 by Watkins Publishing Limited""--Reverse of title page. 不過，我們也有見過美國國會圖書館將類似的資訊著錄於欄位250，只是這樣的書目並不常見： 250  ##  $a Paperback edition. 250  ##  $a This paperback edition first published by Verso in 2015. （此著錄方式目前在國會圖書館書目中僅見一例，以國家圖書館的西文編目而言，不會採用此作法） 以上資訊提供您參考，建議您也可考量該資訊對貴館讀者的重要性，做為著錄政策的依據。 國家圖書館館藏發展及書目管理組敬覆",編目法
24492,2017-08-30,24492_A01,要查詢一本書目前最新的印刷數量，應向何處詢問？,建議直接詢問該書的出版機構。國家圖書館的書號中心只可能掌握到該版第一刷的資訊，之後出版社得以用同一個ISBN去印刷好幾回，直到版次更新重新申請新的ISBN為止。,其他
24492,2017-08-30,24492_A02,這本書目前到第幾刷？,因為沒有來申請新的ISBN，所以國家圖書館不見得能完整掌握該書的印行情況，建議您直接詢問出版社較妥。,其他
24493,2017-08-30,24493_A01,為何1.0.4.2使用逗號而1.6.0.1(8)使用圓點及空一格？,"CCR1.0.4.2與1.6.0.1(8)所說逗號與圓點的問題，是在說明兩種不同的情況：1. 附屬集叢同時含編次($h)、編次名稱($i)：以逗號帶出附屬集叢名 例: 中學生文庫. 6, 史地類 ; 第20冊 (指規則1.0.4.2中所描述的情況, 是一個完整的情況) 2. 附屬集叢含編次名稱($i) : 以圓點帶出附屬集叢名 例: 中國方志叢書. 華北地方 ; 第350號 (指規則1.6.0.1(8)中所描述的情況)",機讀編目格式
24494,2017-09-02,24494_A01,中文圖書分類法與中國圖書分類法的差別在什麼地方？,《中文圖書分類法 2007年版》是《中國圖書分類法 增訂八版》的修訂版，其基本架構、標記制度及編輯體例等仍沿襲中國圖書分類法，只是新增了約3000多個類目。,分類法
24494,2017-09-02,24494_A02,中文圖書分類法與中國圖書分類法是否僅名稱不一樣？,因中國圖書分類法的修訂者賴永祥教授將版權無償授予國家圖書館，國家圖書館於民國90年開始修訂，民國96年完成修訂後，經與技術規範諮詢委員會討論，決定更名為《中文圖書分類法 2007年版》。,分類法
24495,2017-09-01,24495_A01,若經濟史地複分表複分後與其他地區號碼衝突，應如何處理?,請勿直接加9，須加09。,其他
24495,2017-09-01,24495_A02,英國經濟史與愛爾蘭經濟史的正確給號方式為何?,英國經濟: 552.41 英國經濟史: 552.4109 (552.41 + 09) 愛爾蘭經濟: 552.419 愛爾蘭經濟史: 552.4199,編目法
24496,2017-09-05,24496_A01,是否有網站可以同時查閱英語讀本的Lexile level、DRA level及Guided Reading易難程度？,"建議使用Google Search搜尋「Conversion chart of Guided Reading, Developmental Reading Assessment (DRA), and Lexile Levels」，可參考以下資源：(1) 蓋兆泉博客 http://blog.sina.com.cn/s/blog_5d3a6af201017uxn.html (2) Pinterest社群 https://www.pinterest.com/explore/dra-reading-levels/",其他
24496,2017-09-05,24496_A02,在編目時一併填寫閱讀易難程度是否恰當？,"個人相當贊同。可使用MARC 21欄位「521 適用對象註」著錄，例如：521 0# $a DRA: A1, [Reading A-Z Level: A], [Lexile Levels :BR-100]。注意方括弧內容為編目員自行加註，DRA分級為核心要素，有助於教師及家長選擇適齡書籍輔導閱讀能力提升。",機讀編目格式
24497,2017-09-07,24497_A01,想查閱書本的閱讀分級指標以決定是否適合購買，可以在哪裡查閱到？,"建議選用Lexile Home網站，裡面有『Find just Right Book』『Look up a book』等提供適用書單，可先查得手上的資源屬於何級，再利用分級對照表知道該書在不同分級系統中的級別。也可透過數據公司（如MetaMetrics, Inc）、出版社（如Scholastic；Compass publishing的compass classic readers）等獲得資訊。有些出版社有其自己的分級，如Oxford用顏色分級，每種顏色都有所屬的適讀圖書。此外，可與國立臺灣師範大學圖書資訊學研究所有『閱讀知能及閱讀策略研究團隊』聯繫。提供網站：Lexile Home（https://lexile.com/）、知道使用者的Lexile級別後查詢推薦書單（https://fab.lexile.com/）、Best Books by DRA Level（http://www.the-best-childrens-books.org/dra-level.html）",其他
24498,2017-09-15,24498_A01,杜威分類法是否有完整的分類表格，讓我們做編目時，輸入主題關鍵字，就能顯示出對應的號碼？,中文主題詞表沒有DDC的參考類號。本館未使用杜威分類法，無法提供更確切資訊。DDC網站資料由OCLC維護，應有DDC和LCSH對照表查詢工具（非免費）。國圖未購買西文線上編目工具，最新紙本DDC僅至Edition 22。建議使用紙本DDC Relative Index查詢，或透過國外圖書館線上目錄獲取資訊，可參考：025.431: The Dewey blog: DDC mappings from LCSH,主題法
24499,2017-09-11,24499_A01,印度特藏代碼應如何取?,根據ISO-3166-1981標準，印度代碼應使用IND。印尼代碼則應使用IDN，因國際標準已明訂此規範，建議修正代碼以符合國際標準。,機讀編目格式
24500,2017-09-11,24500_A01,書名:Mmm I Like!作者:Wiley Blevins的編目作者號應為Bxx或Wxx，正確者為何？,國家圖書館採用美國國會分類表，若類表無特別規定，會優先以著者姓氏取號。因此，以「Blevins」取號應為「B」為開頭，即Bxx。,其他
24500,2017-09-11,24500_A02,參考交通大學取號為Wxx，是否為正確取碼方式？,因不清楚該館取號政策，無法說明差異。各館可視分類系統、館藏特色及服務需求決定克特號取碼原則，無絕對正確與否，僅需確保館藏方便尋找與瀏覽。,其他
24501,2017-09-12,24501_A01,有功能能輸入DDC號碼顯示對應或接近的CCL號碼嗎？,可利用AskA Help工具：Map LC (LCC) to Dewey (DDC) Classification，或透過「Dewey Decimal Classification to Library of Congress Classification」功能進行轉換。相關指南請參考：http://guide.unwsp.edu/dewey,其他
24502,2017-09-12,24502_A01,西文青少年繪本及小說的分類碼有無一定規則？是否可依總類兒童文學分類號？採用杜威分類法或中國圖書分類表？,選用哪種分類法和圖書的語文沒有一定的關係，西文書一般會用DDC或LCC分類，兩者選擇一種便可，但也是可以用中文圖書分類法分類。西文圖書的分類，有關青少年繪本及小說Children's & Young Adult Literature或Juvenile literature collections分類號區間：DDC—808.89+/808.83+… LCC分類號區間：P-PZ5-90 上述只是常用參考值，正確分類還是要依據各書的內容。,分類法
24502,2017-09-12,24502_A02,編目時複本號以c.1/c.2為起始是否依各圖書館為準？是否有基本規則？,"複本號以c.2起始較妥。以c.2起始可清楚知道該書目前的館藏共有幾本，以2表示館藏的數量，c表示其性質是""複本""不是""冊""單位，不是要用來做統計複本書排序用的，若要累計複本書共有幾本, 從c.1紀錄也無不可，因為並沒有一定規則可尋，這只是管理上的問題，允許差異存在。",編目法
24503,2017-09-16,24503_A01,圖書館主題編目主要使用標題法，其特色?從圖書館目錄使用的觀點，應用在圖書館主題編目的優缺點以及可行性?,標題模式最嚴謹但也最缺乏彈性，先制定控制詞彙與檢索行為，期望使用者與制定者有同樣的素養嗎? 因為標題的缺乏彈性才有其他單詞、關鍵詞、主題詞的出現與應用，LC的Free-floating term及Index term – Genre/Form等，其實都是對標題系統缺乏彈性的一種彌補。理論上是可行的，建議可以做研究議題。,主題法
24503,2017-09-16,24503_A02,社會性標記，請問其意涵與特色？從圖書館目錄使用的觀點，應用在圖書館主題編目的優缺點以及可行性?,Social tagging，是指在Web2.0時代網路資訊環境下，個人可以保有自己的資訊管理與空間，也可與同好分享並使用同好帶來的群體空間，完全以使用者為中心出發，是一種共同成就互利行為，相信會蔚為趨勢的。Social tagging的問題，在於因為是個人化的管理，標籤缺乏詞彙控制，與目前圖書資訊界以規範控制的嚴謹作法截然不同。Social tagging的索引建置是該類型網站要面對的一個重要課題，而圖資界，向來追求高品質，建置的知識體系較為繁雜、封閉，且建置成本較高，如何在彈性與品質控制間追求平衡，端賴圖書資訊界的前瞻智慧與技術。理論上是可行的，建議可以做研究議題。,權威控制
24504,2017-09-18,24504_A01,OCLC釋出的OCLC Dewey Cutter Program為何是Four-Figure Table？,OCLC的Four-Figure Tables是以Three-Figure Table為基礎做擴充的，由於圖書館館藏量大幅成長、團體及題名標目形式增加，使原有取號表效益不足，需人工調整避免重號。因此將Cutter table (1901)和Cutter-Sanborn three-figure table (ca. 1896)核對修訂，並擴充新增條目與數字對應的克特號。,作者號及輔助區分號
24504,2017-09-18,24504_A02,OCLC Dewey Cutter Program的Four-Figure Table與一般查表的Three-Figure Table有何差異？,"Four-Figure Table與Three-Figure Table相容，但擴充了原有條目：1. 新增單一字母（如A, B, C）的克特號；2. 增加Ii、Iw、Ix等條目；3. 數字對應區間不同（Cutter Table為A1-A8，Cutter-Sanborn Table為A1111-A1118）；4. 采用選擇性擴充方式，針對高頻率使用且易重號的條目擴充為9或81個條目。",其他
24505,2017-09-21,24505_A01,有關創用 CC（Creative Commons）的敘述，下列表述何者錯誤？,A.著作的著作權保護期間永久有效,編目法
24505,2017-09-21,24505_A02,創用 CC 是否允許著作人對同一著作採用兩種或兩種以上不同的授權條款？,著作人可以對同一著作採用兩種或兩種以上不同的組合方式,編目法
24506,2017-09-19,24506_A01,246指標1有無附加款目及附註的使用原則？,246指標1的有無附加款目是指是否有相關資源的附加檢索款目（是否提供欄位7XX檢索），而有無附註是指是否在OPAC端要顯示「副題名:」等之類的前導用語。,編目法
24506,2017-09-19,24506_A02,若有附加款目是否意旨須加編740段？,不需要，因為246是其他題名，而740是附加款目，兩者作用不同，不要混淆。,其他
24506,2017-09-19,24506_A03,現在進行抄錄時發現246指標1為3但僅有編246沒有740，這樣是對的嗎？附加款目在哪裡？還是246也可以做附加款目看待？,是正確的，因為246指標1為3表示有附加款目，但246本身是其他題名，不需要740。附加款目在740段，246不能作為附加款目。,編目法
24507,2017-09-21,24507_A01,圖書館工作人員的職稱是什麼(除了館長、副館長之外),sun您好： 您的提問，不屬於分類編目相關問題，在此僅能簡單給予您回覆。 圖書館工作人員，依各圖書館功能與性質有所不同，以國家圖書館為例，國圖的人員編制表與職稱，可參考「國家圖書館編制表」。 參考連結：http://edu.law.moe.gov.tw/LawContentDetails.aspx?id=GL000975&KeyWordHL= 如有其他類似問題，建議您可至國家圖書館學術知識網提問，謝謝。 編目園地敬覆 106.9.21,其他
24508,2017-09-22,24508_A01,什麼是Tag 008？,欄位008是用來描述資源的內容特性。可直接上MACR 21官網查閱其標示所代表的涵義。MARC 21 Home page - MARC Standards http://www.marc21.ca/index-e.html MARC 21 Format for Bibliographic Data: Table of Contents https://www.loc.gov/marc/bibliographic/ 其他欄位也煩請自行參閱該網站。,機讀編目格式
24508,2017-09-22,24508_A02,MARC21還有哪些欄位資料？,其他欄位資料請參閱MARC21官網。編目的第一個步驟是決定LDR/06-07的值：判斷在編資源書目紀錄類型(Type of record)LDR/06和書目性質(Bibliographic)LDR/07，決定這兩個紀錄標示後才進入下一步。第二個步驟是根據LDR/06-07的值，選擇008的內容特性，其中008的18-34位址，便是針對LDR/06-07各種紀錄類型特殊資料項目的代碼來決定的。,機讀編目格式
24509,2017-09-27,24509_A01,中文圖書分類法適用於兒童圖書館嗎？,基本上我個人認為沒有甚麼適與不適用的問題，而是怎麼用的問題。目前普遍通用的「中文圖書分類法」，有其邏輯架構，可依個別需求調整適用的繁簡層級，不足的部分可以擴充類號，不需細分的部分也可以選取類表的基本號或囊括較大範圍的上位類級別。所謂「今日的兒童即為明日的公共圖書館和大學圖書館的利用者」，從小使用同一套系統，有利於圖書館的利用。,其他
24509,2017-09-27,24509_A02,目前有適合兒童圖書館的分類方式嗎？,教育部曾頒布過「國民學校圖書暫行分類法」，可以參考。其他因沒有涉略不得而知。兒童圖書館其實很適合主題分類，可先將圖書劃分幾個大類，如故事類、文學類、科學類、知識類、音樂類、藝術類等，於各大類下再依主題、適用閱讀級別等方式去區分。若採用這樣的管理方式，管理人員便顯得格外重要，須要精心的設計。,其他
24510,2017-10-05,24510_A01,523.33 這個類號代表什麼內容？,523.33 是國小常識科教學法，與問題關聯度不夠。,其他
24510,2017-10-05,24510_A02,802.71 這個類號的用途是什麼？,"802.71 類目為「寫作」，著重於將抽象意念用語文適切表達，如寫作的修辭、章句及標點符號等，例如國文(論文寫作) / 黃淑真, 陳麗玲編著等考試用作文教學。",其他
24510,2017-10-05,24510_A03,811.1 這個類號的用途是什麼？,811.1 類目為「寫作法」，著重於寫作的方法，即遵循文學體例或各種文章的做法來寫作，例如小說經驗 :名家談寫作技巧 / 黃武忠著。,編目法
24511,2017-10-12,24511_A01,如果書上沒有朝代，但我確定李白是唐朝人，是否自行添加：200 $f(唐)李白？,CMARC 200字段或MARC 21 245字段，基本上是採照錄原則，資源上呈現什麼就記錄什麼，不必刻意去添加什麼。,編目法
24511,2017-10-12,24511_A02,如果書名頁用方括弧[]：[明]汪瑗原著，是照書名頁用方括弧[]，還是仍用圓括弧()？,"根據CCR1.1.1.1的規定: 正題名若含刪節號(...)及方括弧([])，應分別改為破折號(—)及圓括弧(( ))，以免與指定的標點符號混淆。…所以,[明]要改為(明)。",編目法
24512,2017-10-13,24512_A01,國圖會否考慮增加一欄（例如9號）以區分2000年以後的作者？,"Frankie, 您好, 挺有創意的發想，可以提出來討論，但不保證得到認同。 作者號第一碼取得是「時代」，也是朝代的更迭，民國還存在呢，以什麼做歷史分期標準呢? 2000有何特殊意義? 千禧年? 剛好是2000? 首尾五筆檢字法確實同號的機率高過四角號碼，不過區分同號也不必非從時代著手吧? 除非改朝換代，不建議隨意更改時代碼或增加一行，建議可以以100年為單位，從「:」後設計不同的英數字組合，做為作者區分號。 錢月蓮敬答  20171016",作者號及輔助區分號
24513,2017-10-17,24513_A01,「詩集傳 /(宋)朱熹集傳」中朱熹應著錄於CMARC 700還是702？,《詩集傳》是朱熹研究詩學的著作，即朱熹對詩經的研究和評論，著錄於CMARC 700 (MARC 21 100)。,編目法
24513,2017-10-17,24513_A02,「尚書正義 /(唐)孔穎達等疏」中孔穎達應著錄於CMARC 700還是702？,《尚書正義》是孔穎達所作五經正義中的一部，著錄於CMARC 700 (MARC 21 100)。,機讀編目格式
24513,2017-10-17,24513_A03,「禮記注疏 / (漢)鄭玄注; (唐)孔穎達疏」中鄭玄與孔穎達應如何著錄？,《禮記注疏》中漢代鄭玄注與唐代孔穎達疏皆屬注疏內容，注釋不視為主要作者，故鄭玄著錄於CMARC 702 (MARC 21 700)；孔穎達也著錄於CMARC 702 (MARC 21 700)。,編目法
24514,2017-10-19,24514_A01,《中文圖書分類法》複分表的有什麼意義與型態嗎？,複分表的作用是在簡化類表篇幅，意義是將主類表中有相同標準劃分的某些類目所產生的相同子目抽取出來，配以特定號碼單獨編列成表，提供主表有關類目相同細分的代碼。複分表的類型：(1)通用複分表 (2)專類複分表 (3)仿照複分。,分類法
24514,2017-10-19,24514_A02,「總論複分表」的內容及使用方法為何？,總論複分表屬於通用複分表的一種，內容：．．01 理論與方法論 ．．02 參考工具 ．．03 教育及研究 ．．04 辭典；百科全書 ．．05 連續性出版品 ．．06 機關、團體、會議 ．．07 論文集 ．．08 書叢 ．．09 歷史與現狀 使用要點： 1. 總論複分號碼組配時，可直接將號碼添附於主類號之後；但主類號中如末一位或末兩位為0，則宜先將0去掉，然後再進行組配。如: 醫學期刊為410.5 (非410.05)。 2. 總論複分只需複分一次，若資源內容同時兼具2種總論複分時，只能選用1種，通常的原則是內容重於形式，即優先選用01/03/09的總論複分。 3. 主表中若已按總論複分立類者，如:教育法規(526.2)、經濟史地(552) ，直接引用，勿需再複分一次。,編目法
24515,2017-11-02,24515_A01,主題分析的定義是什麼？,"主題分析是解析資源內容並予資源分類號及主題詞的過程。詳細之定義請參考：1. 主題分析的意義：辨識某作品所含知識內容( Intellectual Content)的過程，係依據文獻顯著的特性加以解析，其結果可能以二種方式呈現在目錄、書目或索引中：一是數字符號，如分類系統；一是語言詞彙，如標題或索引詞。(張慧銖教授) 2. 主題分析 / 張慧銖、邱子恒、藍文欽、鄭惠珍、阮明淑、陳昭珍等著, Airiti Press Inc出版 ,2016/09/30 3. 主題分析(Subject Analysis) (王梅玲教授) 技術服務小百科: http://techserviceslibrary.blogspot.tw/2011/04/subject-analysis.html 圖書館學與資訊科學大辭典: http://terms.naer.edu.tw/detail/1683115/ 錢月蓮敬答 20171104",主題法
24516,2017-11-03,24516_A01,其他欄位，如有著錄英歐語系題名結束時，是否也需要加「.」？,欄位500除非另有標點符號，否則字段500以句點結尾。,其他
24516,2017-11-03,24516_A02,240欄位在結束時是否需要加「.」？,240字段在整個結束時是不加標點的，除非字段中的最後一個字是縮寫、首字母或字母，或有其他標點符號，如作區辨性用的( )。,其他
24517,2017-11-07,24517_A01,學習時應如何選擇專有名詞的多種定義？,一般會先查閱字典辭典或百科全書上的定義，百科全書應比字典更為詳盡並附有參考書目，參考書目可供延伸閱讀。工具書之外，可補充閱讀期刊文獻或專書，專書應是對一個問題解析最為詳盡的著作，兩者也都有提供參考文獻，行有餘力還可再進一步研讀。不論是紙本或網路資源提供的資料，都不可不經選擇就定於一，應該多多閱讀，經過爬梳理解後再自己重寫出來，不建議單選一種死記。,其他
24517,2017-11-07,24517_A02,參與正式試卷時應如何選擇與回答？有無選擇的參考指標？,可參考權威教授寫的資源，摘記重點融合成為自己的再重寫出來，提供給您的參考資源都是權威教授寫的，可作為選擇的參考。,編目法
24518,2017-11-07,24518_A01,中文圖書分類法（2007）中「入」、「入此」、「宜入」、「參見」四種參照法的意義為何？,"1.「入」/「入此」的用法：在某類目下若有「XXX(類目名稱)入xxx(類號)」之說明文字，是表示說明文字中的XXX類目不歸入該類目，而是入說明文字中的xxx類號。例如：118 知識區分 總論入此；人文學入119，宗教類入200，自然科學類入300... 此說明是指當資源內容是總論知識區分時才入此118類號；當資源內容是探討人文學或人文學知識分類時是入類號119人文學，不是入118... 735.421 敘利亞古代史 亞述帝國入此 此說明是指當資源內容是講亞述帝國時，用735.421此類號。
2.「宜入」的用法：適用於選擇性類目(或稱交替類目)，某些分類號可同時隸屬於兩個不同「上位類」下的類目，圖書館只可選擇其中的一個歸類。例如：[563.71] 保險法規 宜入 587.5 此說明在分類體系下保險法規可入「563.7保險」或「587商事法」範疇，但類表建議使用其中一個類目587.5保險法 [ ]使用於交替類目的符號，[ ]內的類號通常是不建議要使用的類號。
3.「參見」的用法：是指明類目有相關關係，提醒編目員在分類標引時應參閱兩個相關類號的上下各類後選擇其中適當的作標引。如：426 家庭工藝 參見960應用美術 說明家庭工藝和應用美術相關，分類時要分別參考兩個類號後再予以歸類",其他
24518,2017-11-07,24518_A02,中文圖書分類法（2007）中「入」、「入此」、「宜入」、「參見」四種參照法的使用時機為何？,"1.「入」/「入此」的使用時機：當資源內容是總論知識區分時才入此118類號；當資源內容是探討人文學或人文學知識分類時是入類號119人文學，不是入118... 735.421 敘利亞古代史 亞述帝國入此 此說明是指當資源內容是講亞述帝國時，用735.421此類號。
2.「宜入」的使用時機：適用於選擇性類目(或稱交替類目)，某些分類號可同時隸屬於兩個不同「上位類」下的類目，圖書館只可選擇其中的一個歸類。例如：[563.71] 保險法規 宜入 587.5 此說明在分類體系下保險法規可入「563.7保險」或「587商事法」範疇，但類表建議使用其中一個類目587.5保險法 [ ]使用於交替類目的符號，[ ]內的類號通常是不建議要使用的類號。
3.「參見」的使用時機：是指明類目有相關關係，提醒編目員在分類標引時應參閱兩個相關類號的上下各類後選擇其中適當的作標引。如：426 家庭工藝 參見960應用美術 說明家庭工藝和應用美術相關，分類時要分別參考兩個類號後再予以歸類",其他
24519,2017-11-09,24519_A01,欄位240 $a劃一題名若為英歐語系結束時是否需要加「.」？,每個欄位的結尾標點符號使用都有不同，246 $a及字段最後都不加句點，247 $a及字段最後也不加句點。,權威控制
24519,2017-11-09,24519_A02,其他欄位，如有著錄英歐語系之題名結束時，是否也需要加「.」？,"130,630,730和830字段以標點符號或右括號結束。若最後的子字段是子字段$2，$3或$5，則標點符號或右括號的標記在這些子字段之前。500字段除非另有標點符號，否則以句點結尾。",其他
24520,2017-11-14,24520_A01,在卡片編目時，若書名頁無並列題名但版權頁有，並列題名應著錄於題名與著者項還是附註項？,根據CCR1.1.3並列題名規則，版權頁上的並列題名需著錄於題名及著者敘述項（CMARC 200 $d / MARC 21 245 $b），並列題名前冠以等號 (=)。,編目法
24520,2017-11-14,24520_A02,若圖書館書目紀錄非簡略著錄，版權頁的並列題名是否需特別標註來源？,若主要著錄來源為版權頁（依CCR2.0.2.1），應於附註項說明：「並列題名取自版權頁」，以標明資料來源。,編目法
24521,2017-11-15,24521_A01,如何有效記憶與理解專有名詞的定義？,重點在於理解，經理解後才能寫得出來，寫不好當然會減分，所以要先練習摘要重點，可以選擇兩個來源分別摘錄重點，然後將兩個摘要比較分析，綜合整理成一個，互補有無並刪除重複的部分，選擇兩者中較精煉的敘述。,編目法
24521,2017-11-15,24521_A02,自己的理解是否正確？,您說得很對，重點在於理解。,其他
24521,2017-11-15,24521_A03,自己重寫後的語句是否會影響分數？,寫不好當然會減分，但自己寫得可能沒有辭典或百科全書這麼有權威，對付考試熟記範本可能考得高分。,主題法
24521,2017-11-15,24521_A04,專有名詞的定義中哪些部分不可修改？,若是引用了原文則必須註明引用來源，考試則比較沒有這麼嚴格。,權威控制
24522,2017-11-15,24522_A01,AACR2圖書部份的主要著錄來源和規定信息源為何?,"AACR2主要著錄來源總則: 1.0A3. Chief source of information. The chief source of information is the source of bibliographic data to be given preference as the source from which a bibliographic description (or portion thereof) is prepared. Each chapter in part I contains a specification of the chief source of information for the bibliographic resources covered by that chapter. The chief source of information may be unitary in nature (e.g., a title page) or may be collective (e.g., the entire cartographic resource). For situations other than a single-part bibliographic resource with only one chief source of information, apply the following guidelines when the bibliographic resource is: a. In one physical part with more than one possible chief source of information. Use the first occurring source of information as the chief source of information unless one of the following applies: i) If the sources of information present the bibliographic resource in different aspects (e.g., as a single-part monograph and as part of a monographic series), prefer the source that corresponds to the aspect being described (see 1.0A1). ii) If the bibliographic resource contains written, spoken, or sung words for which there are sources of information in more than one language or script, prefer (in this order): ---the source in the language or script of the written, spoken, or sung words if there is only one such language or script or only one predominant language or script ---the source in the original language or script of the resource if the words are in more than one language or script, unless translation is known to be the purpose, in which case use the source in the language of the translation ---the source in the language or script that occurs first in the following list: English, French, German, Spanish, Latin, any other language using the roman alphabet, Greek, Russian, any other language using the Cyrillic alphabet, Hebrew, any other language using the Hebrew alphabet, any other language. iii) If the sources of information bear different dates of publication, distribution, etc., prefer the source with the later date. iv) If the information traditionally given on the title page is not complete on one source (e.g., facing pages or pages on successive leaves), treat the sources as if they were a single source. v) If the bibliographic resource contains different works each with its own chief source of information but does not have a source of information for the resource as a whole, treat the chief sources of information for the different works as if they were a single source. b. In more than one physical part. Use the chief source of information of the first or earliest part as the chief source of information for the bibliographic resource as a whole. When the concept of order of parts is not appropriate (e.g., kits), apply the following guidelines: i) If the chief source of information on one of the parts gives more information, prefer that chief source of information. ii) If one part is a unifying element for the bibliographic resource, prefer the chief source of information of that part. iii) If the container is a unifying element for the bibliographic resource, prefer the container as the chief source of information. iv) If one part is the main resource and the other parts are accompanying or related dependent supplements, prefer the chief source of information of the main resource. c. Lacking a chief source of information. If no part of the bibliographic resource has a title, supply a title based on any available source (e.g., a reference work, the content of the resource being described). Give in a note the reason for and/or source of the supplied title proper. For an assembled collection lacking a comprehensive title for the collection as a whole, supply a title. 以上是AACR2主要著錄來源總則，其餘有關主要著錄來源之說明，分散於第一部分之各章，不一一羅列，請於RDA Toolkit或LC網站上查閱。重點說明如下： 主要著錄來源(the chief source of information)是指記載書目資訊時被優先考慮作為書目描述的來源；指定著錄來源(a specification of the chief source of information)是指在各資料類型中，依照資料的特性，某些項目被指定了主要著錄來源。AACR2第一部分(著錄)的每一章均含有該章資料類型的主要著錄來源和指定來源，著錄資訊應優先取自主要著錄來源，主要著錄來源之外可依序取自其他資訊來源。若記載資料所依據的來源非來自指定的主要著錄來源，必須加上方括弧並於附註項說明，來自資源外的其他資訊基本上只能記載於附註項。",編目法
24522,2017-11-15,24522_A02,在著錄時應首先以主要著錄來源為著錄標準?還是先以規定信息源為著錄標準呢?,著錄資訊應優先取自主要著錄來源，主要著錄來源之外可依序取自其他資訊來源。若記載資料所依據的來源非來自指定的主要著錄來源，必須加上方括弧並於附註項說明，來自資源外的其他資訊基本上只能記載於附註項。,編目法
24523,2017-11-21,24523_A01,目前著錄團體名稱的部分社團法人、國立字樣是否也會全錄？,團體名稱並沒有要用全稱! 團體首選名稱的選擇，是取資源上出現最為常見的名稱，亦即該團體通常用來識別的名稱以及慣用名稱。請參考RDA8.5 / RDA11.2.2.3-11.2.2.5 譬如：輔仁大學全名是「輔仁大學學校財團法人輔仁大學」但最常見最慣用的名稱是輔仁大學，該校團體首選名稱就是用「輔仁大學」。除非慣用名稱有含「社團法人」、「國立」字樣才需全錄，否則一般是「信誼基金會」、「臺灣大學」、「臺灣師範大學」、「淡江大學」。,權威控制
24523,2017-11-21,24523_A02,著者號取號是否會有所影響？,"即使名稱中含「社團法人」、「國立」等字樣，取作者號時還是可以略過的，這些字對辨識沒有多大意義, 以其取作者號只會增加重號。",作者號及輔助區分號
24524,2017-11-22,24524_A01,《明清小說序跋選》一書之分類號827.6021如何取得？,該書分類號827.6021入藏於1995年，為漢學研究中心早年入藏圖書，無法向當年編目人員確認具體取得方式。建議貴館自行重新歸類。,其他
24524,2017-11-22,24524_A02,為何根據《中文圖書分類法 2007修訂一版》，821類目無.6細項導致該分類號存疑？,《中文圖書分類法》821類目確實無.6細項，因此827.6021的分類方式可能不符合現行分類法規則，建議參考其他類號如011.6/827或820.976進行重新歸類。,其他
24525,2017-11-23,24525_A01,一書寬度 30.9 公分，長度 23.1 公分，依據《中國編目規則》，下列稽核項的著錄方式何者正確？,24 公分 × 31 公分,編目法
24525,2017-11-23,24525_A02,為甚麼答案會是 24 公分 × 31 公分 呢 ，可以請問一下是如何計算的嗎?,"不是採用4捨5入的算法。是若有小數點該化為整數, 如23.1算24。要用盛裝物品或書架高度來想像，不能「捨」只能「進」，否則東西進不去。",其他
24526,2017-11-23,24526_A01,沒有作者只有編者時，應該怎麼取作者號？,通常西文編目的作者號（或稱book number）會以main entry（作者或題名）為取號依據，因此當在編文獻沒有作者時，就會以題名取號。,作者號及輔助區分號
24526,2017-11-23,24526_A02,書名開頭是數字時，應該掠過數字取後面的標題，還是改取編者作為作者號？,若main entry的開頭是數字時，視貴館所採用的克特表類型，而有不同作法：1) 以美國國會圖書館克特表（LC cutter table）取號... 2) 以Cutter three-figure table、Cutter Sanborn three-figure table做查表取號... 3) 以Cutter four-figure table、Cutter Sanborn four-figure table做查表取號...,作者號及輔助區分號
24527,2017-12-01,24527_A01,書名相同但高廣差異很大，且ISBN、叢書名、出版年也不同，是否應分開編目？,若書名相同、作者不同，應另編一筆書目紀錄。若書名相同、作者相同，則需查看版次是否相同，版次相同但刷次不同視為複本「不」另編；版次不同（ISBN會不同）則另編一筆紀錄。,其他
24527,2017-12-01,24527_A02,若ISBN、叢書名一樣的話，是否應分開編目？,若ISBN相同（即版次相同）且裝訂不同，「不」另編一筆，可於附註項說明再刷版之裝訂形式。,其他
24528,2017-12-04,24528_A01,496.551直銷商是否可以將傳銷也一併入496.551？,可以將傳銷商歸入類表的496.551直銷商。解釋如下：直銷與傳銷在理念與銷售方式上有差異，但編目員只需將同類書集中即可，不必執著於細微差別。傳銷放入496範圍過大，入496.551直銷更為精準。,其他
24528,2017-12-04,24528_A02,傳銷與直銷在類表上定義是否有差異？,傳銷與直銷在類表上的定義確實有差異。傳銷因法律與手法不同，被歸入496；而直銷因理念相近且範圍更精準，被歸入496.551。類表分類需考量法律風險與分類準確性，故傳銷放496、直銷放496.551。,其他
24529,2017-12-04,24529_A01,電子期刊的定價可以從哪裡查得？,建議聯繫電子期刊代理商，或至CONCERT全國學術電子資訊資源共享聯盟(https://concert.stpi.narl.org.tw/)查詢。,其他
24529,2017-12-04,24529_A02,電子期刊訂購後要如何才能永久典藏管理？,訂購時應注意是訂購使用權(access)或擁有權(ownership)，須特別留意電子版本若停訂後續使用權是否會受影響，各出版商對後續使用權的處理及計價方式亦不相同。,編目政策與管理
24530,2017-12-05,24530_A01,套書數冊但只有一個ISBN時，應如何編目？,套書若只有一個ISBN，通常一套的總冊不會太多，適合編在一筆書目紀錄上，該筆紀錄要記錄505內容註，並視情況分別選用700 name title，或730控制題名，或740非控制題名。,其他
24530,2017-12-05,24530_A02,套書是否應編為同一ISBN？,若非要拆開來編目，也得看在編資源是否有共同題名? 若有，為其編製書目紀錄(含ISBN)，其餘各單本是分析款目(若沒有單冊ISBN，不用著錄ISBN)，應用連接字段，連接主書目和分析書目。,其他
24530,2017-12-05,24530_A03,讀者查詢ISBN時會出現套書所有書籍，是否為正確編法？,"Serena: 您好, 是怎樣的書呢? 請舉出實際案例! 這樣比較好回答。很抱歉，我不是在寫編目手冊，無法一一羅列不同情況!",其他
24531,2017-12-06,24531_A01,圖書館採購兩套相同圖書（每套五集）進行套分單編時，流水號應如何排列？,Serena: 很抱歉，看不太懂您的敘述。 採購兩套相同的圖書，其中一套應以複本書處理，複本書的標示是: v.1 c.2 v.2 c.2 v.3 c.2 v.4 c.2…,其他
24532,2017-12-06,24532_A01,如何區分兒童福利相關書籍應歸類於547.51（文獻類）或548.13（兒童救濟和兒童保護）？,分類是按文獻的內容類分，不會考慮文獻的形式。說明兩者所屬範疇如下: 兒童福利：以維護兒童身心健康及福利為目的的措施。包括保障兒童生存，維護兒童生活，增進兒童健康與幸福等有關措施，通常一個國家的政府都會有兒童福利法。 兒童保護：一般指兒童的養育工作，應由家庭中的大人來負起，但若照顧者沒有辦法供給兒童的需要時，或兒童在成長過程遭受到傷害，就必須仰賴國家來負起保護、教養之責任。 兒童救濟：當兒童無法受到妥善保護或受虐或失去親人無法受到妥善照顧時，需有安置措施，這便是屬兒童救濟範疇，如寄養家庭、兒少安置機構、亦或是出養家庭等。 兩者範圍不同但也有重疊部分，兒童福利是政府積極的作為，保障兒童基本權益；「兒童救濟；兒童保護」有關於兒童教養與基本權益的保護，但偏重問題的發生與補救之道，從類表中548.13的下位類548.132-548.136去推敲，不難判斷兩者的差別及所屬的範疇。,其他
24533,2017-12-07,24533_A01,改號時若舊何號部次號底下有n，給新的賴號時應使用n還是no？,賴號沒有用n或no的表示法，若非何號有特殊之規定，建議還是改為v.代表「冊」較為妥當。,其他
24533,2017-12-07,24533_A02,部次號的標示方式應如何決定？,貴館要如何標示部次號? 請內部自行決定可。,編目政策與管理
24534,2017-12-07,24534_A01,圖書館採購兩套書籍且需單獨編目時，登錄號應如何編序？,登錄號的編序方式依作業方便性決定，可選擇同套連續後接續第二套（如第一套0001-0005，第二套0006-0010），或兩套各自獨立編號（如第一套0001-0005，第二套0001-0005）。,編目政策與管理
24535,2017-12-13,24535_A01,書中內容無原文之翻譯作品之原文題名(載於書名頁上)是否不能放在並列題名中?如果放在並列題名是否為錯?,未附原文翻譯作品，譯自原著時，原著題名著錄於240$a+$l(被翻譯作品語文)，不必再建246 31 $a。,其他
24535,2017-12-13,24535_A02,"並列題名之定義是否不在原名出現於主要著錄來源,而是看內容有沒有原文?",並列題名之定義在於原著題名是否出現於主要著錄來源，而非單純看內容有無原文。,編目法
24535,2017-12-13,24535_A03,"只要是翻譯作品,一定只能把原文名字放附註項並加740檢索點嗎?",只要是翻譯作品，原題名應著錄於240$a+$l(被翻譯作品語文)，不必再建246 31 $a，但可選擇加註740 12 $a。,編目法
24535,2017-12-13,24535_A04,此規定是從編目規則第一版即有嗎?或後來在第三版做了規則修正?,此規定在第三版時做了規則修正，並非自第一版即有。,其他
24536,2017-12-14,24536_A01,《亦狂亦俠亦溫文：金庸的光影片段》這本書的性質為何？,該書是以藏品為出發點，透過實物介紹金庸參與製作的電影、《明報》及附屬刊物的創立、金庸作品改編的電影與電視劇、金庸小說的連載與結集、漫畫家的衍生創作等，屬於藏品介紹類型。,編目法
24536,2017-12-14,24536_A02,《亦狂亦俠亦溫文：金庸的光影片段》該書應歸入何種類號？,建議歸入848.6個人的別集。848.6 (3)→(3)可加可不加，因未見整書內容，請依「中國作家作品複分表」修正，給予最適切標示。,其他
24537,2017-12-15,24537_A01,在稽核項中，手寫的圖片如信件、手稿是否算作影抄？,手寫的圖片如信件、手稿的照片屬於一般圖片，若為書籍版面的照片則選用「書影」。影抄是古籍版本，需符合特定製作程序。,編目法
24537,2017-12-15,24537_A02,手寫的圖片如信件、手稿應歸類為圖還是影抄？,信件或單張手稿的照片屬於一般圖片，若為書籍版面的照片則選用「書影」。影抄是古籍版本，需符合特定製作程序。,主題法
24538,2017-12-15,24538_A01,中文圖書分類法中的791類下為何沒有791.4、791.5及791.6等類號？,"類號的安排並非按1,2,3,4,5,6...順序排列，而是基於類表架構與標記符號的邏輯性。部分空號是預留給未來可能新增的類目，或因類表修訂時避免新舊類名重複而略過重疊的號碼。",其他
24539,2017-12-24,24539_A01,什麼是「版權年」？,"版權年是版權(Copyright)宣告的日期，作者聲明保留著作權的日期，著作權包括公開發表權、重製權、公開口述權、公開播送權、公開上映權、公開演出權、公開傳輸權、公開展示權、改作權、散布權、出租權等等。在大多數國家, 作品一經完成，不論是否出版，即享有版權(著作權)。",編目法
24539,2017-12-24,24539_A02,什麼是「出版年」？,出版是指將作品公之於眾的一種行為，作品申請ISBN並經出版機構印刷成書籍稱為出版品，出版品產生的日期稱出版日期或出版年。,編目法
24539,2017-12-24,24539_A03,「出版年」與「版權年」的差別是什麼？,版權年是著作權宣告的日期，而出版年是作品實際出版的日期（申請ISBN並印刷成書的日期）。,作者號及輔助區分號
24540,2017-12-24,24540_A01,美國國家醫學圖書館分類法的類號，在使用時是否需要在英文與數字之間加空格？,美國國家醫學圖書館分類法（National Library of Medicine Classification；簡稱NLM分類法）於英文與數字之間不加空格。,其他
24541,2017-12-29,24541_A01,電子書的發行日期不等於出版日期（即版權日期）的原因是？,Keep in mind that the release date for an e-book is not always the same as the copyright date. Some third party vendors can't readily provide the copyright date unless that information was provided by the original producer of the electronic item so you may need to do some research.,其他
24542,2017-12-29,24542_A01,影響淘汰作業成功的重要因素是什麼？,huang您好： 編目園地諮詢服務僅答覆圖書分類編目與資訊組織相關之提問問題，，敬請見諒，謝謝。 編目園地敬覆 107.1.2,編目政策與管理
24543,2017-12-19,24543_A01,重製之電子書(PDF化)的版次與出版年應如何取法？,複製品的定義：以機械或電子方式製作的資源內容的精確副本，廣義地說複製(reproductions)、重印(reprints)、重發行(reissues)、傳真或摩真複製(facsimiles)等都是，但再版(republications)、重發行(reissues)產生了不同「版本」時，就不被視為複製品。原件和複製品的編目若牽涉到不同載體時，還需考慮編一筆紀錄或兩筆，若只是複製典藏(非商業行為之重製)，可將重製的複製品與原件編在一本記錄中，將重製品的所有資料著錄於欄位533。但未來RDA下，會將有形資源作為複製品進行編目，並利用結構化非結構化描述連接 (775/776) 原件與重製品。533的著錄可參考《MARC 21書目紀錄中文手冊》p.216-217；RDA關於複製品的著錄規則可參考1.11 / 27.1 / 28.1。目前沒有看到實際資源上的資訊，無法作詳答。,編目法
24544,2017-12-20,24544_A01,國家圖書館目前對於書目注錄的規則是什麼？,目前中文資料採用中國編目規則(CCR)；主題編目採用中文圖書分類法、中文主題詞表；機讀編目格式採用MARC 21。,編目法
24544,2017-12-20,24544_A02,中文圖書標題表是否不再使用？,中文圖書標題表仍持續使用。,主題法
24544,2017-12-20,24544_A03,除了胡述兆教授的圖書館學導論(2版)和王梅玲教授的圖書資訊學導論之外，還有其他推薦書籍嗎？,較近期出版的尚有：主題分析（ISBN13：9789864371204，作者：張慧銖 主編等）及資訊組織（ISBN13：9789864371310，作者：張慧銖等）。,其他
24545,2018-01-23,24545_A01,國立編譯館館刊這樣的期刊，可以歸入中國圖書分類法中的機關雜誌(類號053)嗎?,連續性出版品是一種發行模式，分類基本上還是需照雜誌的內容來分，譬如《中研院法學期刊》歸入法學期刊580.5；國家圖書館館刊歸入020.5…等，比歸入053機關雜誌要來得適當。053較適合文本是研究或報導機關雜誌的刊物，或某個機關本身的行政報告等。建議國立編譯館館刊可歸入051學術期刊。該刊物是國家教育研究院的出版品，涉獵的範圍很廣，偏重社會科學類、教育、語言、文史哲研究…，國圖是分入050普通期刊，另有一些圖書館分入052調查研究報告，本質上該刊物是一份偏重學術研究的綜合性刊物，應與普通雜誌區分。,其他
24546,2018-01-26,24546_A01,特藏代碼的書不適合兒童閱覽？,周周您好：特藏代碼是代表該館藏的特性，以國圖為例：特藏代碼J是兒童書，AP是唱片。所以並無特藏代碼不適合兒童閱覽這樣之規定。適不適合兒童閱覽，應看作品內容而定，不是看特藏代碼。謝謝！http://catweb.ncl.edu.tw/portal_f2_cnt_page.php?button_num=f2&folder_id=... 編目園地敬覆 2018.2.1,其他
24547,2018-01-31,24547_A01,同一書分別有中文，日文和英文三個不同版本，內容一樣，只是語文不一同，能否以740段記錄不同的題名，以方便搜索時同時顯示其他語文的書目資料？,是，以欄位740段記錄不同語種題名：若圖書館擁有同時發行之數種語文版本之圖書，應分別為不同語種版本之書建立書目紀錄，除欄位740用來提供檢索外，可利用欄位500來說明語種版本之關係，並利用欄位775來連接到其他語文版本的書目紀錄。,其他
24547,2018-01-31,24547_A02,若740段不合適，有沒有其他欄可以作為連結不同語文版本之用？,可利用欄位500來說明語種版本之關係，並利用欄位775來連接到其他語文版本的書目紀錄。例如：775 0_ $t 網頁標題 $z 國際標準書號 $w 書目系統號。此外，連結款目775之書目關係描述，若不想利用指標0#產生前導用語，可改用775 08 $i的方式，從RDA Toolkit附錄J選用適當詞彙描述。,其他
24548,2018-02-01,24548_A01,套書編目時，冊次號需要著錄於欄位245 $n編次/冊次號(R)嗎？,套書若整套編成一筆紀錄，245字段不會加$n / $p，各單冊之編次及編次名稱會著錄於欄位505內容註。,編目法
24548,2018-02-01,24548_A02,欄位245 $n的作用是什麼？,245 $n是指題名編次，用以表示出版品分為數部分出版時，在編資源於該套書中的順序。若各部分另有個別名稱，需外加$p編次名稱。,編目法
24549,2018-02-05,24549_A01,德文書題名的大小寫規則該如何著錄？,若使用的西文編目規則為AACR 2，須依附錄A著錄題名大小寫，原則上題名首字大寫，專有名詞（如，人名、地名、團體名...等）則依附錄A的說明做大寫著錄。德文題名的大小寫和英文的著錄原則大致相同（參見AACR 2附錄A.33說明），但在附錄A.40中有列出部分特屬於德文文法的大小寫說明，例如：a) 所有名詞的第一個字母要大寫。如，das Buch（英文 the book）、heute Nacht（英文tonight）等。b) 專有名詞裡的形容詞不須大寫。如，die deutsche Sprache（英文German）。若Deutsche單獨做為名詞使用時，必須大寫，但當與Sprache合在一起表示「德語」時，此時deutsch為形容詞，Sprache為名詞，因此deutsch要改為小寫，而Sprache為大寫。c) 以地名為形容詞時，該形容詞的第一個字母須為大寫。如，Schweizer Käse（英文Swiss cheese），此時的Schweizer雖為形容詞，但仍須大寫。若使用的編目規則為RDA，則有2種著錄方式供編目機構做選擇：a) 依著錄來源上所呈現的題名，照樣著錄文字的大小寫。b) 依RDA附錄A的說明著錄大小寫：在題名的大小寫著錄原則以及專屬於德文文法的大小寫著錄說明上，與AACR 2附錄A作法大致相同。美國國會圖書館建議，使用RDA進行西文編目時，依附錄A來著錄各項「照錄元素」（transcribed elements）的大小寫，但各編目機構也可選擇直接照樣著錄在編資料上所呈現的大小寫（take what you see）（參見LC-PCC PS for 1.7.1）。,編目法
24549,2018-02-05,24549_A02,德文版次例如3. Aufl.是否直接照錄？,不管所採用的編目規則為AACR 2或RDA，在版次資訊的著錄，原則上都是依著錄來源上的資訊做著錄。若採用AACR 2做為西文編目規則，那在著錄版次時就必須依AACR 2的附錄B來著錄版本用語的縮寫，並依附錄C做數字的著錄。在AACR 2附錄B.9中，德文的版本用語「Auflage」著錄時可用縮寫「Aufl.」，因此若在編資料的著錄來源呈現的版次資訊是「3. Auflage」或「3. Aufl.」，版本項皆著錄為「3. Aufl.」。若採用RDA做為西文編目規則，在著錄版次資訊時須照錄著錄來源上的資訊，若著錄來源上呈現的資訊是「3. Auflage」，就直接照樣著錄，而不改為「3. Aufl.」，除非著錄來源上的資訊本身就是縮寫，才會以縮寫形式著錄。,編目法
24550,2018-02-08,24550_A01,兩本書作品號、作者號皆相同，再版年代也一樣，應如何編目？,索書號的標示法並沒有一致的規定，若仿照國圖，於年代後加「-」及編號。例如：第一本標示 107（或2018），第二本標示 107-2（或2018-2），年代加序號。,作者號及輔助區分號
24551,2018-02-21,24551_A01,490與830的關係如何著錄？,490的集叢(series)題名若不被檢索，指標1=0；若被檢索，指標1=1，此時必須要有830與之匹配。830是集叢的劃一題名(權威)，可與490持相同名稱，但當集叢有不同名稱形式或需與其他相同名稱區別時，830與490的名稱可以不同。,編目法
24551,2018-02-21,24551_A02,叢書名有中文及英文名稱時，490及830應如何著錄？,集叢名分別有中文及英文名稱，為並列題名，可選擇其中一種著錄（與資源正文語言相同），或同時著錄兩個，即重複490的$a，且同時建2個830。,編目法
24552,2018-02-21,24552_A01,一般英文書作者名在MARC21中分欄100是姓在前名在後，若作者名為Pascal Le Masson，應如何著錄?,"MARC 21應該這樣著錄：100 1_ $aLe Masson, Pascal",機讀編目格式
24552,2018-02-21,24552_A02,此作者柯特號應該如何取?,"Le是姓的一部分，柯特號直接以Le取碼。因柯特取碼各館略有差異，建議： (1) 照錄LC之柯特號: L3313 (2) 直接查柯特表(CUTTER-SANBORN Three-Figure Author Table)取用L433 (3) 國圖克特號取碼: L4 (照原則3.4取碼) L4若重複性很高，細部取號可依各館實際情況酌於增碼，會有各館不同的情形。若依國圖原則3.5(分類表附錄3)取第3個字母, 則為L45",作者號及輔助區分號
24553,2018-03-13,24553_A01, Pediatric pharmacotherapy與Pediatric critical care兩本西文書均屬WS366分類且作者號皆為P371，應如何區別作者號？,當同一類號下出現克特號衝突時，通常會透過Shelflisting方式於克特號後加數字擴充，例如：Pediatric critical care克特號為P371，Pediatric pharmacotherapy克特號為P3711（依題名字母順序調整）。OCLC提供Cutter Three-Figure Table與Cutter Sanborn Table的取號程式，可自動擴充克特號（如P3716與P3717）。另可直接在克特號後加a、b等字母區分（如P371與P371a），但此方式無法聚集同一作者作品且不利開架閱覽。建議依貴館Shelflisting政策選擇處理方式。,作者號及輔助區分號
24554,2018-03-27,24554_A01,西文書分類號為871，若時代包含Medieval和Modern，應如何選擇分類號871.03或871.04？,若圖書主題同時包含中世紀（Medieval）和現代（Modern）2個時代，在使用DDC時，若類號下無特別說明，建議依下列原則決定：1) 完整性原則：以內容比重較重的主題取號；2) 類號排列順序原則：若內容比重相等，以類表中排在前面的類號取號（871.03）。另需注意，若類號下有專屬使用說明，應優先遵循該說明。,編目法
24555,2018-03-30,24555_A01,大量且持續新增之出版品本身有研究計畫、專案計畫等編號，適合著錄於哪個欄位？,"若為系列編號，適合著錄在欄位225；若為政府出版品編號，適合著錄在欄位022；若都不是，則可利用300附註項，搭配前導用語，如「研究計畫編號:」等。CMARC4其實有保留欄號023-024, 026-028可利用，但考慮到書目資料的交換，個人並不建議採用。",編目法
24555,2018-03-30,24555_A02,該等編號的格式為？,建議使用前導用語搭配編號，例如「研究計畫編號:」後接實際編號，並於300附註項中著錄。,權威控制
24556,2018-04-09,24556_A01,Ranger Rick的出刊月份及期數為何？,您提問之問題，不屬編目園地回答範圍。建議您，要查詢期刊出版狀況，可上Ulrichsweb查詢 http://ulrichsweb.serialssolutions.com 期刊出刊月份及期數，可上國內各大學查詢館藏目錄，或查詢美國國會圖書館館藏瀏覽最新卷期。,其他
24556,2018-04-09,24556_A02,Highlights的出刊月份及期數為何？,您提問之問題，不屬編目園地回答範圍。建議您，要查詢期刊出版狀況，可上Ulrichsweb查詢 http://ulrichsweb.serialssolutions.com 期刊出刊月份及期數，可上國內各大學查詢館藏目錄，或查詢美國國會圖書館館藏瀏覽最新卷期。,其他
24556,2018-04-09,24556_A03,National Geographic Kids的出刊月份及期數為何？,您提問之問題，不屬編目園地回答範圍。建議您，要查詢期刊出版狀況，可上Ulrichsweb查詢 http://ulrichsweb.serialssolutions.com 期刊出刊月份及期數，可上國內各大學查詢館藏目錄，或查詢美國國會圖書館館藏瀏覽最新卷期。,其他
24556,2018-04-09,24556_A04,Sparkle World的出刊月份及期數為何？,您提問之問題，不屬編目園地回答範圍。建議您，要查詢期刊出版狀況，可上Ulrichsweb查詢 http://ulrichsweb.serialssolutions.com 期刊出刊月份及期數，可上國內各大學查詢館藏目錄，或查詢美國國會圖書館館藏瀏覽最新卷期。,其他
24557,2018-04-10,24557_A01,當題名遇到√s (根號)時，應如何著錄？,題名上的符號是依樣著錄。根號√可以打得出來啊，1. 利用Windows附屬應用程式中的「數學輸入面板」輸入√或字元對應表選取√即可。2. 在中文環境中，利用鍵盤符號(Ctrl +Alt +逗號)，選取「數學符號」中的√。3. 從網路擷取根號符號，複製下來。題名若真有打不出來的字符，以[ ]表示。這種情形應不多見了，因為再怎麼樣Unicode碼也可以輸出這些特殊符號的，Unicode可對應9萬種以上的字符。,編目法
24558,2018-04-10,24558_A01,雜誌一書兩冊該如何記錄？,"Rrty您好： 可以於附註項或稽核項紀錄相關資訊。 例如：每期發行兩冊, 一冊為學生版, 一冊為教師版 若仍有疑問，煩請再提供雜誌的詳細資訊。 編目園地敬覆2018.4.10",編目法
24559,2018-04-10,24559_A01,雜誌一書兩冊，第一本subtitle: abc，第二本有兩個封面subtitles: def Fab，是否用500記錄（每期發行兩冊，一冊為abc，一冊為def及fab）？,雜誌增刊或補編：在正常出版情況下，偶而於某一期增刊，形成雜誌一書兩冊的情形，此可以比照圖書的「整體與部分」關係方式處理：1. 在原有的書目紀錄中增加內容註(MARC 21505)、增刊本的題名檢索點 (730或740)、附註說明(500)。2. 增刊雜誌若有個別的題名也可為其另新建一筆紀錄，再利用MARC 21 76X-78X欄位，建立與原書目紀錄之連結。(MARC 21 760/762)。,機讀編目格式
24559,2018-04-10,24559_A02,"246是否還要錄abc,def,fab？",雜誌變化的關係很複雜，無法一一描述。「關係」不是書目必要描述的項目，在憑空想像不確定關係之下，怕錯誤的關係指引反而造成不良的後果，以上僅供參考，抱歉喔!,編目法
24560,2018-04-11,24560_A01,ISBN:9789571370156 《聽見宋朝好聲音》CIP分類號820.9305中「820.93」的解析是什麼？,「820.93」是「詞史」 (820.9中國文學史細分)，類表上的專號應無疑問。,編目法
24560,2018-04-11,24560_A02,ISBN:9789571370156 《聽見宋朝好聲音》CIP分類號中為何使用「05」而非「5」？,05應是取中國時代「宋」。按附表二中國時代表應取5，但國圖資料大多已加0，故遵從辦理。一般僅在附表一總論複分時需加0，其他複分除非類碼衝到類號或類表另有說明，否則不需加0。,編目法
24561,2018-04-11,24561_A01,繪書應放置於哪類較適合？,圖書分類法是按人類知識體系設計，分類時依書籍揭示內容分類，繪本作為作品類型，內容可跨各學門，不會集中在某類之下。編目員會按繪本內容分入適當類號，並輔以「繪本」主題詞補充描述。,其他
24562,2018-04-12,24562_A01,√s 想要用英文方式表達時，該如何著錄？,符號沒有中英文差別呀! 若要在英文環境下輸入根號，可以利用 Word鍵根號再複製貼上書目系統中要您要輸入的位置: 1. Word環境中選插入「方程式」 → 按下拉鍵，然後選「筆跡方程式」→ 用滑鼠輸入根號 2. Word環境中選「插入」符號選擇符號中的根號或輸入Unicde碼 3. Window附屬應用程式 → 按下拉鍵，然後「選數學輸入面板」→ 用滑鼠輸入根號 4.上網找符號，然後複製轉貼回書目系統中要輸入的位置 (輸入關鍵詞: radical sign)，這個方法快又好 5. Google search: 輸入對話「如何輸入數學符號? 根號」有很多很多資訊!,編目法
24563,2018-04-16,24563_A01,政府出版的宣導光碟是否可以直接歸類到公播版(著錄公播版)?,"Iris您好: 如果在盛裝盒上或資源任何部分,沒有明確標示此光碟片為公開播映或公播版,國圖目前的做法是不會在MARC21欄位500去著錄公播版,因為也許一張光碟片內含有多個資料夾,有些是授權的宣傳片,有些是不授權的。除非有明確標示整個光碟片是公開播映或公播版,即會照錄。",編目法
24564,2018-04-18,24564_A01,日文翻譯書原作者かのよしのり若未有中譯名，應如何取作者號？,Gloria您好：若日文無翻譯名稱，國家圖書館有訂定「國家圖書館假名取碼法要點」，您可上國家圖書館首尾五筆查詢系統，查詢時選擇日文http://catapp.ncl.edu.tw/five/ 另外，亦可參考先前其他同道提問之問題：http://catweb.ncl.edu.tw/portal_e2_page.php?button_num=e2&folder_id=6&cnt_id=1625 謝謝！ 編目園地敬覆 2018.4.18,其他
24565,2018-04-22,24565_A01,图书馆应该如何处置已上架的缺页(人为撕下)书籍？是否需要报废销毁？有没有其他处理方式？,若市面上还能买到，图书馆可视状况采购替换；图书淘汰可参考国家图书馆图书资料淘汰要点。通常会标注c.1销毁，新书沿用索书号但为c.2。,編目政策與管理
24565,2018-04-22,24565_A02,替换的新书可以使用原来的索书号吗？,通常会沿用索书号，但会是c.2。,作者號及輔助區分號
24566,2018-04-27,24566_A01,若自動化系統已支援245 $b副題名獨立檢索查詢，是否仍須於246 $a著錄副題名？,副題名不是必要選項，各圖書館可自行決定是否著錄。若著錄則245$b已具檢索功能，但仍需重複著錄於246 30。並列題名著錄於245$b，246字段需區分清楚。近年編目趨向簡化，246字段不如以往嚴格，可參考CONSER和BIBCO做法：除並列題名於246 31外，其他題名均用指標1#，省去更細的區分。兩者檢索呈現屬不同位置，故不可省略246字段有意義的副題名。,編目法
24567,2018-04-30,24567_A01,克特號的組成結構是什麼？,克特號的組成形式會依所採用的克特表而有所不同，大致有下列2種情形： 1. 大寫英文字母（1位）+ 數字（至少1位），例如：F8（LC Cutter Table）、H25（Cutter-Sanborn Three Figure Table） 2. 大寫英文字母（1位）+ 小寫英文字母（0~2位）+ 數字（至少1位），例如：Aa18（Cutter Three Figure Table）、B117（Cutter Three Figure Table）,作者號及輔助區分號
24567,2018-04-30,24567_A02,如何根據主要款目取克特號？,主要款目是在編圖書的作者或題名，取克特號的重要依據，原則如下： 1. 有作者時，以作者為主要款目（單一作者或首位作者） 2. 無作者時，以題名為主要款目（省略The/A/An等冠詞） 3. 取號時需根據克特表的規則選擇對應數字，並可依需要進行數字擴充,作者號及輔助區分號
24567,2018-04-30,24567_A03,同一類號下不同主要款目的克特號是否會重複？,同一類號下，不同主要款目的克特號不可重號。若出現重號情況，需對其中一本書的克特號加數字擴充以做區別，例如：S726與S7262,作者號及輔助區分號
24567,2018-04-30,24567_A04,克特號的排序方式是什麼？,克特號的排序為十進式的排序，而非數值式的排序，例如：F2 F21 F215 F3 F38 F4......,其他
24567,2018-04-30,24567_A05,如何使用不同克特表查號取克特號？,1. LC Cutter Table需自行組合克特號，依字母順序選擇對應數字並進行擴充 2. Cutter-Sanborn Three Figure Table和Cutter Three Figure Table為查號表，可直接查表取得克特號，若查不到完全匹配款目，則選用排序於前面的款目號碼，並可加數字擴充區別,作者號及輔助區分號
24568,2018-05-02,24568_A01,抽印本的部冊號要如何編法?,"為抽印本單獨編一筆紀錄，同時利用欄位773/774連結款目，互連結抽印本與主期刊。 譬如: 第三期中有一抽印本，是杜松柏「袁枚的詩學理論」，若要納入館藏，應單獨為其建立一筆紀錄: 245 10 $a袁枚的詩學理論 /$c杜松柏 773 0# $a中國學術年刊 $g第三期(     年    月) $w要連結紀錄的系統控制號 856 → 若有提供電子全文下載, 可建立此欄位 245 00 $a中國學術年刊 774 0# $t袁枚的詩學理論 773/774的正確用法，請直接參考LC MARC 21網站 : https://www.loc.gov/marc/bibliographic/bd773.html https://www.loc.gov/marc/bibliographic/bd774.html",編目法
24569,2018-05-02,24569_A01,抄錄書目資料有哪一些來源？,如果貴館的系統有支援Z39.50，可以抄錄如：國圖、台大、中研院等圖書館書目，也可上您問題中提到之NBINET抄錄書目。,其他
24569,2018-05-02,24569_A02,請問NBINET可以批次下載書目資料是excel格式嗎？,NBINET不提供Excel格式書目下載，您可至國圖「臺灣書目整合查詢系統」，有支援下載Excel格式 http://metadata.ncl.edu.tw,其他
24570,2018-05-03,24570_A01,該如何著錄ISBN 9781985772892的260段？,該書為狄更斯所著的《Great expectations》，看起來應為經典作品的再出版，與前述現代作者的獨立出版不太相同。,編目法
24570,2018-05-03,24570_A02,狄更斯所著的《Great expectations》該書封面標示「Large Point Book」且Amazon顯示出版者為CreateSpace，應如何著錄出版者？,圖書上完全沒有CreateSpace相關資訊，只有「Large Font Books」或「Large Font Books」的標誌及網址，建議採用「Large Font Books」或「Large Font Books」做著錄，而非以「s.l.」和「s.n.」著錄。,其他
24571,2018-05-09,24571_A01,可以去哪裡抄編英文書籍？,"Huang, 您好, 本館外文書的抄編來源為LC及OCLC WordCAT. 本館收錄的外文兒童書數量極少, 因此不太熟悉LC及OCLC之外兒童書的其他抄錄來源。我個人有時候會查 The New York Public Library使用LYPL的Catalog。 抱歉, 無法提供您完整的資訊。建議可以徵詢台北市立圖書館等童書較多的圖書館, 是否有特定的抄錄來源並可批次下載書目。",其他
24572,2018-05-08,24572_A01,在使用 RDA 的著錄標準來編目時，040 段的分欄 b (編目語文)已經改為必備欄位嗎？,目前並未查獲040 $b編目語文已改為必備分欄的訊息。圖書館不論是採用National-level (NLR) 層級或是 Minimal-level (MLR) 層級，040 $b都是屬於A級，即必要時適用=Mandatory if applicable，並不是必備元素。,其他
24572,2018-05-08,24572_A02,例如英文圖書並以英語編目，一定要著錄 $beng 嗎？,圖書館不論是採用National-level (NLR) 層級或是 Minimal-level (MLR) 層級，040 $b都是屬於A級，即必要時適用=Mandatory if applicable，並不是必備元素。,其他
24573,2018-05-09,24573_A01,Marc 21中，樂譜在245欄位下的分欄$h$n$b的排序方式是否與非書資料相同？,"Rooney您好: 您所舉的例子,245欄位下的分欄$h$n$b的排序方式是正確的",機讀編目格式
24573,2018-05-09,24573_A02,示例資料中$h的位置正確嗎？,館藏發展及書目管理組 敬覆,其他
24574,2018-05-18,24574_A01,集中編成一筆書目的優點與缺點為何？,集中編成一筆書目的優點在於可整合套書整體資訊，方便套書整體檢索；缺點則包括欄位505內容註長度限制、ISO總長度限制，以及可能導致單個作品檢索點遺失，需額外建立檢索欄位。,編目法
24574,2018-05-18,24574_A02,各書分別各編1筆書目的優點與缺點為何？,各書分別編目可確保單個作品檢索點完整，方便個別書籍查詢；缺點在於可能造成套書整體資訊分散，且需建立多筆書目紀錄，增加管理複雜度。,編目法
24575,2018-05-19,24575_A01,根據何種原則得出陶傑書號中.O153的數字部分？,「O」後面的數字理論上會以姓名中第3個字母後面的字母取號，但實務上會先查LC Authorities及LC WebPac。以「陶傑」為例，LC Authorities顯示其文學作者專號為PL2908.O217，但若LC WebPac未找到相關書目，則會依LC Cutter Basic Table及館藏Shelflist排序調整，可能得出PL2908.O153的結果。,作者號及輔助區分號
24575,2018-05-19,24575_A02,書名「小奴才的修煉之道」的克特號X56是否根據「小」字？,是的，第2克特號取自書名拼音「Xiao nu cai de xiu lian zhi dao」，以「Xiao」的第1個字母「X」為開頭，並依LC Cutter Basic Table取數字部分。X56可能是根據該館Shelflist中「陶傑」個別作品的題名字母排序，並參考LC Cutter Basic Table調整後的結果。,作者號及輔助區分號
24576,2018-05-21,24576_A01,如何查詢中文作者號？,中文作者號可使用首尾五筆或四角號碼兩種方式取號。首尾五筆部分可參考：1.中文目錄檢字表（中國圖書館學會分類編目委員會編）2.國家圖書館首尾五筆著者號查詢系統；四角號碼部分可參考：1.四角號碼檢字法（王雲五著）2.國字讀音與四角號碼對照表 3.輔仁大學圖書館採編組四角號碼查詢系統。,作者號及輔助區分號
24577,2018-05-23,24577_A01,圖書編目作者是自取的英文名，例如ROCK，依四角號碼表應如何編作者號?,可參考四角號碼的「羅馬字母號碼表」(中文圖書分類法2007年版 附錄1)，按表查數字即可。ROCK的作者號是: 7022 0 1 2 3 4 5 6 7 8 9 A B C D E F G L M S HO P K T IJY UVW Q R N XZ,作者號及輔助區分號
24578,2018-05-24,24578_A01,能否新增主題詞『機器學習』？,"shumei: 您好, 當然可以的, 感謝您的提議。會盡快於編目規範系統中新增: 機器學習，並與人工智慧、統計推論等建立參見關係，另一併增加資料探勘。",其他
24579,2018-05-31,24579_A01,040段的分欄b的編目語文為eng，是否表示本書目檔是以英文來著錄？,040 $b若為eng，表示該機構的編目語文是用英文來著錄資料。但並不表示這樣就不能出現其他語文，譬如，中文書編目用中文來描述，但若圖書館想要在翻譯作品上加入LC的英文subject heading供讀者參考也是可以的，並沒有說不行！若紀錄中有特定的外文詞彙，作用是code，其實也不必翻譯,機讀編目格式
24579,2018-05-31,24579_A02,"在RDA規範下，以下300段的著錄方式何者為正確？(1) 300 $aviii, 123 pages :$billustrations ;^c24 cm (2) 300 $aVIII, 123 Seiten :$bIllustrationen ;^c24 cm",300段是描述性的，屬內容值(value)，當然可以用編目機構首選的語文著錄，若機構編目用的是英文，此段著錄的方式就選(1)英語。但若您這筆資料是從德國國家圖書館轉錄近來，在RDA規範中是可保留原樣(2)不去更改它的。,編目法
24580,2018-05-31,24580_A01,現行國內主題編目的詞彙控制流程中，編目員是否主要採用《中文主題詞表》而非《中文圖書標題表》？,應該是，而且使用《中文主題詞表》已有很長一段時間了(20餘年)。本館自民國86年7月起即開始使用該主題詞表，凡抄錄本館書目資料的圖書館按理也會跟進。,主題法
24581,2018-06-14,24581_A01,「全方位護理應考e寶典系列」在分類號後面可+複分022嗎？,若待編資源的內容編排是屬於某主題的問題、習題、試題、+解答，或全是測驗題等形式時可以加 022複分。,編目法
24581,2018-06-14,24581_A02,考試用書類不+022也可以嗎？,如果以章節解說的方式呈現，附帶有習題或問答者，一般不會加 022複分。,其他
24582,2018-06-27,24582_A01,應該以2008還是2011為出版年？,出版日期指的是一個資源被出版、發行的日期，因此應以2008為出版年。2011為該版第23刷的印刷日期，屬於印刷日期而非出版日期。,編目法
24582,2018-06-27,24582_A02,008(06-14)、260$c該如何著錄？,欄位008的06-14位應填入出版年2008，日期類型仍為s（單一出版日期）。欄位260可著錄為：260  ##  $a .... :  $b .... ;  $c 2008，若需標註印刷日期，可加註$g (2011 printing)。必要時可在500欄位補充說明版權頁資訊。,編目法
24583,2018-07-04,24583_A01,曹若梅作者以首尾五筆法編碼其作者代碼為何?,首尾五筆法取碼方式為作者時代碼+首尾五筆號碼，您可連結至本館首尾五筆著者號查詢系統，輸入您欲查詢的作者名字進行查詢 http://catapp.ncl.edu.tw/five/,作者號及輔助區分號
24584,2018-07-09,24584_A01,何為「書目著錄表單」？,106年資訊組織分析師考題中之書目著錄表單為八大項著錄清單。,編目法
24584,2018-07-09,24584_A02,有無規定的著錄格式？,依據清單項目，著錄給予之書籍資訊。,編目法
24585,2018-07-12,24585_A01,卷期編次後方的年代與出版年代不同時，給索書號時應給哪個年代?,v.43 pt.2 december 1970應完整著錄於卷期，515附註項原本就是要對特殊情況加以說明，使用方式如下，僅供參考，詳細說明請直接看LC MARC 21網站:Library of Congress >> MARC >> Bibliographic >> 5XX >> 515 編號不規則性或特殊性: 如雙重編號、組合編號、多個編號系統混淆 515 ## $a第53-54期合刊 515 ## $a一些刊期無編號 出版模式的不規則或特殊性。 515 ## $a1906年9月至1907年6月停刊 刊物以部分或修訂版發行。 515 ##$a刊行部分 515 ##$a會議目錄發布於修訂版中 報告的年度範圍 515 ##$a報告涵蓋財政年度 515 ##$a年度報告結束時間: 9月30日 以上供參 錢月蓮敬答  20180713,其他
24585,2018-07-12,24585_A02,是否需要在515說明，該如何說明?,515附註項原本就是要對特殊情況加以說明，使用方式如下，僅供參考，詳細說明請直接看LC MARC 21網站:Library of Congress >> MARC >> Bibliographic >> 5XX >> 515 編號不規則性或特殊性: 如雙重編號、組合編號、多個編號系統混淆 515 ## $a第53-54期合刊 515 ## $a一些刊期無編號 出版模式的不規則或特殊性。 515 ## $a1906年9月至1907年6月停刊 刊物以部分或修訂版發行。 515 ##$a刊行部分 515 ##$a會議目錄發布於修訂版中 報告的年度範圍 515 ##$a報告涵蓋財政年度 515 ##$a年度報告結束時間: 9月30日 以上供參 錢月蓮敬答  20180713,其他
24586,2018-07-17,24586_A01,長本的定義與特性為何？,長本：一書之廣不及高度二分之一者。例：景印敦煌莫高窟舊藏大唐初刻金剛經卷子；27 × 13 公分,機讀編目格式
24586,2018-07-17,24586_A02,橫本的定義與特性為何？,橫本：一書之廣超過高度者。例：歷史輿地沿革圖；22 × 31 公分,其他
24586,2018-07-17,24586_A03,多冊書的定義與特性為何？,一書有數冊，而各冊尺度不同，如尺度相差未及兩公分者，記其較大尺度，若超過兩公分者，則最大、最小尺度均得著錄，其間以連字符號分隔。例：24-28 公分,作者號及輔助區分號
24586,2018-07-17,24586_A04,折疊本的定義與特性為何？,散葉印刷品，除記高度外，並記其廣度。其以摺疊方式出版者，將摺疊後高廣記於其後。例：48 × 30 公分摺成24 × 15 公分,其他
24587,2018-07-17,24587_A01,西文書的版權頁註有版權年2002及印刷年2003時，260段的版權年應著錄何者？,在西文編目時，若有出版日期或版權日期，原則上不以印刷日期著錄出版年。因此應著錄版權年2002，欄位260的分欄$c著錄為：260  ##  $a .... :  $b .... ;  $c ©2002,編目法
24587,2018-07-17,24587_A02,若需在260段同時標示印刷年資訊，應如何處理？,"可於欄位260著錄為：260  ##  $a .... :  $b .... ;  $c ©2002  $g (2003 printing)，並在附註項（如500欄位）說明：500  ##  $a ""1st Shcolastic printing 2003""--Title page verso。",機讀編目格式
24588,2018-07-22,24588_A01,中國大陸的國家代碼為何是CN？,機讀編目格式中，各國家的代碼都是有制定的。於中國機讀編目規則附錄之國家代碼表中，可以查到相關的對照表，中華人民共和國，是CN。,機讀編目格式
24588,2018-07-22,24588_A02,為何中國大陸的國家代碼不是CW？,"CW為China, Republic of China、China(Republic:1949-)，但機讀編目格式中，中國大陸的國家代碼已明確指定為CN，代表中華人民共和國。",編目法
24589,2018-07-24,24589_A01,"書名頁著者顯示為contributors, Semih Olcmen, Marcus Ashford, et al.，AACR2的規則下，245段著者敘述應如何註記？","May 您好： 依據AACR 2規則的1.1F1，在著錄職責敘述時，依照他們在主要著錄來源上的呈現形式照錄，如果是非得自主要著錄來源者，才需要加方括號。以下為規則原文： Transcribe statements of responsibility appearing prominently in the item in the form in which they appear there. If a statement of responsibility is taken from a source other than the chief source of information, enclose it in square brackets. 而依據1.1F5，當出現在主要著錄來源上的同一種職責敘述中列出了超過3個個人或團體名稱時，才需要以「 … [et al.]」做簡省的著錄，規則原文如下： If a single statement of responsibility names more than three persons or corporate bodies performing the same function, or with the same degree of responsibility, omit all but the first of each group of such persons or bodies. Indicate the omission by the mark of omission ( … ) and add et al. (or its equivalent in a nonroman script) in square brackets. 您所提的例子中，在書名頁有「contributors, Semih Olcmen, Marcus Ashford, et al.」的職責敘述，由於書名頁為主要著錄來源，且職責敘述中僅列出2位個人名稱，因此在欄位245分欄$c可依書名頁上的職責敘述照錄為： 245    …….. /  $c contributors, Semih Olcmen, Marcus Ashford, et al. 以上資訊供您參考。 國家圖書館館藏發展及書目管理組敬覆",編目法
24590,2018-07-26,24590_A01,ISBN:7535548091 《農學思想史》國圖所取之分類號430.109是如何取出的？,"Celio: 您好, 430.109是個奇怪的類號, 可能有誤, 將予更正。",其他
24590,2018-07-26,24590_A02,《農學思想史》正確的分類號應為何？,"《農學思想史》應該是430.19。根據中文圖書分類法「總論複分表」思想史複分應加019: 430農業總論 + 019思想史，本當為430.019, 但根據總論複分表的使用說明, 類號末位數為0時, 除類表有特別說明之外, 需省略0, 所以應是430.19。",其他
24591,2018-07-27,24591_A01,副題名過長時，是否需要將書名頁上的所有小字都記錄在副題名中？,正題名若語意清楚，是可以不理會像廣告般的冗長副題名的！（副題名的作用是正題名含意不夠清楚時，以副題名加以解釋）,其他
24592,2018-08-01,24592_A01,旅遊圖書地點為泰國的布吉，分類號該放入哪?,建議類號 ：738.27839 布吉或稱普吉，為泰國南部海島，該地旅遊書類號建議可歸入738.27839 (738.27泰國各地方 + 83布吉代碼 +9遊記) 因類表較簡略，且並未有泰國行政分區表，今新增供參考，待討論後將公布於編目園地: 738.27 泰國地方志相關分類 738.271 曼谷；泰國中部 738.2711-738.2727 泰國中部各地 738.277-738.2777 泰國中部各地 731.273 呵叻；泰國東北部 731.2731-731.2749 泰國東北各地 731.275 清邁；泰國北部 731.2751-731.67 731.278 洛坤；泰國南部 731.2781-731.96 泰國分區表 : 曼谷 Bangkok 1 北攬 (沙沒巴幹) Samut Prakan 11 中部 暖武裡 Nonthaburi 12 中部 巴吞他尼 Pathum Thani 13 中部 大城 (阿育他亞 ) PhraNakhon Si Ayutthaya 14 中部 紅統 Ang Thong 15 中部 華富裡 Lop Buri 16 中部 信武裡 Sing Buri 17 中部 猜那 Chai Nat 18 中部 北標 (沙拉武裡 ) Saraburi 19 中部 春武裡 (萬佛歲 ) Chon Buri 2 中部 羅勇 Rayong 21 中部 尖竹汶 (莊他武裡 ) Chanthaburi 22 中部 達叻 Trat 23 中部 北柳 (差春騷 ) Chachoengsao 24 中部 巴真 Prachin Buri 25 中部 那空那育 Nakhon Nayok 26 中部 沙繳 Sa Kaeo 27 中部 叻丕 Ratchaburi 7 中部 北碧 (幹乍那武裡 ) Kanchanaburi 71 中部 素攀武裡 Suphan Buri 72 中部 佛統 (那坤巴統 ) Nakhon Pathom 73 中部 龍仔厝 (沙沒沙空 ) Samut Sakhon 74 中部 夜功府 (沙沒頌堪 ) Samut Songkhram 75 中部 佛丕 (碧武裡 ) Phetchaburi 76 中部 巴蜀 Prachuap Khiri Khan 77 中部 呵叻 Nakhon Ratchasima 3 東北 武裡南 Buri Ram 31 東北 素林府 Surin 32 東北 四色菊 Si Sa Ket 33 東北 烏汶 Ubon Ratchathani 34 東北 葭梭通 Yasothon 35 東北 猜也奔 Chaiyaphum 39 東北 孔敬 Khon Kaen 4 東北 烏隆 Udon Thani 41 東北 黎 Loei 42 東北 廊開 Nong Khai 43 東北 瑪哈沙拉堪 Maha Sarakham 44 東北 黎逸 Roi Et 45 東北 加拉信 Kalasin 46 東北 色軍 (沙功那空 ) Sakon Nakhon 47 東北 那空帕農 Nakhon Phanom 48 東北 莫達漢 Mukdahan 49 東北 清邁 Chiang Mai 5 北部 南奔 Lamphun 51 北部 南邦 Lampang 52 北部 程逸 (烏達拉迪 ) Uttaradit 53 北部 帕 Phrae 54 北部 難 Nan 55 北部 帕堯 Phayao 56 北部 清萊 Chiang Rai 57 北部 夜豐頌 Mae Hong Son 58 北部 北欖坡 (那空沙旺 ) Nakhon Sawan 6 北部 烏泰他尼 (色梗港) Uthai Thani 61 北部 甘烹碧 Kamphaeng Phet 62 北部 達府 Tak 63 北部 素可泰 Sukhothai 64 北部 彭世洛 Phitsanulok 65 北部 披集 Phichit 66 北部 碧差汶 Phetchabun 67 北部 洛坤 (那空是貪瑪叻 Nakhon Si Thammarat ) 8 南部 甲米 Krabi 81 南部 攀牙 Phangnga 82 南部 普吉 Phuket 83 南部 素叻 Surat Thani 84 南部 拉農 Ranong 85 南部 春蓬 (尖噴 ) Chumphon 86 南部 宋卡Songkhla ;合艾 HatYai 9 南部 沙敦Satun 91 南部 董裡Trang 92 南部 博達倫Phatthalung 93 南部 北大年Pattani 94 南部 也拉Yala 95 南部 陶公 (那拉提瓦) Narathiwat 96 南部 本表參考維基百科編號設計 本圖擷取來源: 維基百科 錢月蓮敬答 20180802,作者號及輔助區分號
24593,2018-08-08,24593_A01,文學作品的分類是依據作品的語言還是國籍歸類？,本館採用「中文圖書分類法」分類。文學作品依國分，再依「各國文學複分表」複分總集、別集、各種文學體裁等。,編目政策與管理
24593,2018-08-08,24593_A02,若依據國籍歸類，遇到更改國籍的作家，更改國籍前後都有文學作品的，如何執行歸類？,更改國籍前後都有文學作品的，仍依先前館藏之國籍作品歸類。如作家林語堂先生的作品，第一本入藏作品時為中國籍，入中國文學，之後林先生雖入美國籍，但作品仍歸入中國文學。,編目法
24593,2018-08-08,24593_A03,對於單人或多人的海外華人作品的文學分類是如何執行分類的呢？,海外華人個人之文學作品入中國文學別集各體裁；多人之文學作品入839.9華僑文學總集；華文文學總集。,編目政策與管理
24594,2018-08-10,24594_A01,圖書資訊的申論題型建議如何寫較合適？,有關您的詢問非屬資訊組織規範問題，建議您可以參考訪間相關考試用書。,其他
24595,2018-08-16,24595_A01,856中電子版本中的卷期應著錄於哪一個欄位?,您好： 本館相關資訊係放置於856$3， 例如： 856 4_ $3v.1$uhttp://ebook.ncl.edu.tw/webpac/bookDetail.jsp?id=28066$zEPS 856 4_ $3v.2$uhttp://ebook.ncl.edu.tw/webpac/bookDetail.jsp?id=28067$zEPS 或是您亦可將相關資訊放置於$z，涵蓋於公開顯示之附註之中,機讀編目格式
24596,2018-08-16,24596_A01,貴館對於樂譜使用的編目規則是採用單獨的規則，還是與圖書基本一致的編目規則？,本館樂譜資料編目沒有特別單獨的規則，以往內容標準是依據CCR第六章，著錄格式則由CMARC轉為MARC 21。目前則是採用RDA與MARC 21。,編目法
24596,2018-08-16,24596_A02,若採用與圖書不同的著錄項目或字段，請說明與圖書存在哪些不同的著錄項目、字段等。,"著錄重點如下：1. 在RDA來說，樂譜形式是核心元素，為必要著錄項目，故可參考RDA7.20.1.3，選用適當詞彙如合唱譜(chorus score)、總譜(score)、聲樂樂譜(vocal score)…等來表示樂譜呈現的資源內容。樂譜形式著錄於MARC 21 500字段。2. 取銷GMD故原245 $h[樂譜]被Content type (RDA 6.9 / MARC 336)、Media type (optional)(RDA3.2 / MARC 337)、Carrier type(RDA 3.3 / MARC 338)取代。3. 某些稽核項描述的詞彙已改變如score取代v. of music, p. of music, leaves of music；condensed score取代close score；study score取代miniature score 請參考RDA 3.4.3樂譜的單位數量。4. 音樂資料的重點在檢索點的選擇，此部分牽涉到權威資料的首選題名，目前本館也還沒有建立uniform title和name-title的權威檔，權威資料的整頓還有一段很長的路要走。",編目法
24597,2018-08-17,24597_A01,範圍註釋跟限定語有何區別?,範圍註釋與限定語的區別在於：限定語是加在詞彙後方的圓括弧中，用以區分同形異義語、補註詞義不明詞彙或限定範圍；而範圍註釋可能指更廣義的說明性文字，但在此上下文中，限定語是具體的標題標註方式。,作者號及輔助區分號
24597,2018-08-17,24597_A02,為何不是Scope Note?,因為Scope Note是用來說明術語範圍的標準化註釋，而此處採用的是「限定語」這種具體標註方式，透過圓括弧直接附加於詞彙後方，與Scope Note的應用情境和形式不同。,其他
24597,2018-08-17,24597_A03,分離(加工)是指何意思?,「分離(加工)」指分離技術應用於食品加工領域，與「分離(育種)」（指生物技術領域）區分，圓括弧中的「加工」是限定語，說明該詞彙的應用範疇。,其他
24598,2018-08-17,24598_A01,《中國編目規則》第三版中，資料特殊細節項是否包含電子資源？,根據中國編目規則13.3，資料特殊細節項並不適用於電子資源。電子資源僅記錄其資源類型標示及其資料量。,編目法
24598,2018-08-17,24598_A02,《中國編目規則》第三版是否有修改？,《中國編目規則》第三版自民國94年出版後便未再修訂，所以內容應該沒有再修改。,編目法
24599,2018-08-18,24599_A01,中國權威機讀編目格式的各欄位有那些？各代表什麼意思？,中國權威機讀格式各欄位欄號、名稱、用途與範例，您可以參考編目園地中公告說明，連結網址如下：http://catweb.ncl.edu.tw/portal_e3_cnt.php?button_num=e3&folder_id=211,機讀編目格式
24600,2018-08-21,24600_A01,索引典作為指引使用者去選用可使用詞彙的是:(A)敘述語 (B)選用術語 (C)非敘述語 (D)範圍註。,(B)選用術語 是考題嗎? 我們可以不回答考題喔! 下次請勿詢問考題解答,其他
24600,2018-08-21,24600_A02,各選項的意思是什麼?,敘述語：敘述語(descriptor)或稱敘詞、描述詞、主題詞，已概念為基礎的控制語詞，一般有標題形式、單詞形式、主題詞形式。 非敘述語：相對於敘述語而言，指非控制自然語。 選用術語：經過選詞原則所篩選出要使用的詞彙，即指正式的主題詞。 範圍註：在主題詞下，對該主題詞內容的釋義或使用範圍的說明，如: 水上運動 包括跳水、衝浪、賽艇、風浪板、水上摩托車等。 合作館藏發展 綜論資源分享與館際合作,其他
24600,2018-08-21,24600_A03,索引典是只以西文資料所使用的嗎？,"索引典是一種動態控制詞彙的工具，並無語言使用限制, 只是目前用英、法、德文編製成之索引典較多較著名而已。",其他
24601,2018-08-22,24601_A01,有關東南亞旅遊書(738、739)為何要加.09，而不是.9(738.9、739.9)？,因該類目架構及層級表所呈現的內涵，738、739後的.1-.8指個國家，故不能直接使用738.9或739.9。738.09較合適，因738.9可能適用未羅列於.1-.8的其他東南亞國家或地域，且需符合類表原有邏輯架構。一般編目員會用「是否有衝到類號」判定。,其他
24602,2018-08-28,24602_A01,何處能找到較完整較現代的中華家譜/族譜目錄,建議可尋找圖書館館藏目錄、地方志書或地方史料叢刊，以及家譜/族譜網站（資料庫）。圖書館館藏可透過分類號789.2（中國族譜）、789.33（台灣族譜）、016.789（族譜目錄）或關鍵字「家譜目錄」、「族譜目錄」查詢；地方志書與史料叢刊亦為重要資源；網路上如家譜查詢-家譜館、中華家譜網、台灣地區家譜聯合目錄資料庫等數位化資源非常豐富。,其他
24603,2018-08-28,24603_A01,用什麼方式可查詢作者號(四角號碼)？,欲查詢四角號碼，您可以連結下方網站查詢 http://140.136.208.5/4codes/4codes.asp,作者號及輔助區分號
24604,2018-09-03,24604_A01,一本散文總集同時包含中國出生與台灣出生作家，應如何決定歸類至855或863.55？,若匯集的作品是「漢語」書寫的散文文本，建議類號入855；若是文學論述兩地散文作家的作品，而非散文文本作品，則可入850.96華文散文。,編目法
24604,2018-09-03,24604_A02,請錢老師撥冗回復分類建議,華文文學、中國文學、臺灣文學三者間有著很微妙的關係，有中國文化孕育下的共同特徵，也有在演變過程中沁入的地域和歷史元素，導致三者間有無法畫上等號的困擾，類表很難面面俱到，選擇一個較適當的類號吧，無法囊括的部分就用主題詞來弭補其不足。臺灣文學有一大部分是屬於中國文學的，也有部分是台語文書寫的臺灣文學或鄉土文學，也包含臺灣原住民各族的語言文學，看你分類的觀點是強調地域或書寫語文，「分類」雖然要從客觀事實出發，但不可否認「分類」這個行為帶有主觀的成分，不然不會有人說分類是一種藝術。以上純屬我個人的觀點和建議，僅供參考! 錢月蓮敬答  20180903,其他
24605,2018-09-03,24605_A01,新一代圖書館公用目錄（next generation OPAC）的定義為何？,"您好： 您提問之問題不屬資訊組織相關問題，僅能給予您相關查詢方向。 您可以查詢Next generation library system, next generation library catalog等關鍵字，網路上都有諸多資源可以提供您參考。 另外，您也可以閱讀王梅玲老師之部落格文章：http://techserviceslibrary.blogspot.com/2014/03/next-generation-catalogu... 謝謝！ 編目園地敬覆 2018.09.06",其他
24606,2018-09-06,24606_A01,可否將絕版書轉為電子版本供學生閱讀？,建議直接詢問經濟部智慧財產局以取得具公信力之答案。,其他
24606,2018-09-06,24606_A02,將絕版書轉為電子版本會不會侵犯版權？,建議直接詢問經濟部智慧財產局以取得具公信力之答案。,其他
24607,2018-09-10,24607_A01,電腦用書分類號 312.1695 與 312.91695 的差異為何？,312.1695 是 2007 年版所用的類號，312.91695 是增訂八版所用的類號。兩者皆代表「全球資訊網」這個類名，但因中文圖書分類法修訂時依據「增訂七版」修訂並參考「增訂八版」，因此產生類號差異。,其他
24607,2018-09-10,24607_A02,應如何判斷使用哪一個分類號？,若貴館採用增訂八版進行圖書分類，應使用 312.91695 代表「全球資訊網」；若採用 2007 年版則使用 312.1695。電腦科學類號在增訂七版、八版仍歸於 312.9，屬 31 數學下「312 算數」範圍，2007 年版因應用需求調整類號位階。,其他
24608,2018-09-10,24608_A01,形式複分應如何細分？,形式複分是指根據文獻的編制形式進行細分，如期刊、目錄、字典、指南等詞，用以表示資料的外形。,編目法
24608,2018-09-10,24608_A02,論題複分應如何細分？,論題複分是在「主標題」之後，再加上一些附加語詞，用以更精確描述文獻的主題或關鍵概念，如歷史、哲學、理論、教育及研究等詞。當文獻同時涉及幾種主題要素時，會採用多層級的標題，標引方式是按主體要素、論旨要素、空間要素、時代要素、文獻形式要素的次序組配或複分。例如：中國--歷史--晚清(1840-1911) 或 哺乳動物--圖錄。建議參考《美國國會圖書館與主題編目》及中文圖書標題表的複分標題使用說明（p.45-48）。,主題法
24609,2018-09-10,24609_A01,江山千古排檢方法為何是先筆順後筆劃法？,"「筆畫」是構成一個字的要件，指字跡的一筆一畫，我國書法家將筆畫(劃)分為點、橫、豎、撇、奈、鉤、趯、挑、折、彎等十類。 「筆順」是書寫文字時，筆畫的先後順序，每個字有其書寫的順序。 中文文獻排檢法有字順法(形檢、義檢)，音序法(音檢), 類序法, 自然排檢法(時序法、地序法)。元亨利真、江山千古都是形檢法, 若是按字筆畫的「起筆」來說，是用筆順而不是筆畫的多少來分, 所以會有「先筆順後筆劃法」的想法。",編目法
24609,2018-09-10,24609_A02,如何區分筆順與筆劃法？,"若是按字跡本身書寫的觀點出發, 仍是筆劃的點橫豎在先, 其次才考慮到「起筆字」筆畫的順序。 據盧震京《圖書館學辭典》，民國時期漢字檢字法盛極一時，列有105種，屬民國時期者就有100種之多，各家所建的筆劃種類有3種、4種、5種、6種、7種、8種、9種、10種、12種、14種、15種、15種、20種等之多，若有興趣可以再深入研究。",編目法
30952,2018-09-14,30952_A01,"著者『哈利．鄧特二世／Harry S. Dent, Jr.』在tag 100著錄時應著錄「鄧特二世」或「鄧特」？","Jr.是完整姓名中用以表現關係的文字，相對於其父親Harry S. Dent, Sr.而言，「二世」是完整姓名中的一部分，其實不應該省略，LC的權威紀錄即保留著jr.。但因為Junior並不是著錄於$a首選形式，根據RDA標準，100段首選形式應使用原文如Dent, Harry S.，中文翻譯可採用不同形式，但需符合國際著錄標準以利資源共享。",編目法
30952,2018-09-14,30952_A02,若tag 100著錄為「鄧特二世」，取作者號時是否需包含「二世」？例如取1214或僅取「鄧特」1724？,作者號的取法與100段無絕對關係，貴館可制定自身政策。若以中文取碼，「鄧特二世」可取1214（取姓2碼+Jr.2碼），而「鄧特」則取1724（取姓2碼+名各1碼）。取碼時需考量館藏政策與資源鏈結需求，並非完全依賴100段內容。,編目法
30953,2018-09-14,30953_A01,若作者使用筆名為英文，但只有3個字母，該如何取號?,若作者使用筆名為英文，但只有3個字母，該如何取號? (1) 如果這三個字母可區分出姓與名: 姓1個字母數+ 0 + 第1個名的字母數 + 第2個名的字母數 (2) 如果這三個字母無法區分姓與名，取三個英文字母號碼數最後補0 (3) 原則雖然是取4碼，遇此種例外情形，取3碼也不為過。,作者號及輔助區分號
30953,2018-09-14,30953_A02,作者為外國人，無翻譯的中文，取號是否也是取姓2名2?,"作者為外國人，無翻譯的中文，取號是否也是取姓2名2? 原則是個人著者取足4碼： 姓氏部分取前兩個字母 名字部分，雙名各取1碼，單名取2碼，如： Henry, O. B. 取HeOB，著者號碼為0401 Monroe, Paul 取MoPa，著者號碼為8010",作者號及輔助區分號
30953,2018-09-14,30953_A03,假如作者為一工作室，則該如何取?,假如作者為一工作室，則該如何取? 西洋團體著者取碼原則：凡4個字以上之機關團體名稱，以前4個字之首字 母查表取碼；凡個字以內之機關團體名稱，則準用雙名及單名著者取碼法有 關之規定。例： (1)PC Man → 取PCMa (1280) (2)多段英文: Cosmo Language Workshop → 取 CoLW (2075) (3)中英混雜: ABC工作室 → 取ABC工 (0121) (4)附帶符號: 超˙行銷研究室 → 取 超行銷研 (4281) ※掠過標點符號取前四個字,作者號及輔助區分號
30953,2018-09-14,30953_A04,附帶符號的作者號如何處理?,附帶符號的作者號如何處理? ※掠過標點符號取前四個字,作者號及輔助區分號
30954,2018-09-15,30954_A01,索引典中敘述語的含義是什麼？,編目園地僅解答資訊組織相關實務問題，您的提問是考題之解答，建議您可查閱相關參考書或上網查詢。,其他
30954,2018-09-15,30954_A02,索引典中選用術語的含義是什麼？,國家教育研究院學術名詞查詢系統，應該能幫助到您，謝謝。 http://terms.naer.edu.tw/ http://terms.naer.edu.tw/detail/1681764/,其他
30954,2018-09-15,30954_A03,索引典中非敘述語的含義是什麼？,編目園地僅解答資訊組織相關實務問題，您的提問是考題之解答，建議您可查閱相關參考書或上網查詢。,其他
30954,2018-09-15,30954_A04,索引典中範圍註的含義是什麼？,國家教育研究院學術名詞查詢系統，應該能幫助到您，謝謝。 http://terms.naer.edu.tw/ http://terms.naer.edu.tw/detail/1681764/,其他
30955,2018-09-18,30955_A01,商承祚所撰寫的《殷虛文字類編》是否能視為羅振玉著作的不同版本？,《殷虛文字類編》是商承祚根據其師羅振玉的著作重編、重刊後的作品，嚴格說是羅振玉、王國維、商承祚三人共同成就。本館會以加「年代」的方式區分不同版本，不建議於作者號後加a的方式區分版本。,編目法
30955,2018-09-18,30955_A02,若出版社以商承祚為《殷虛文字類編》作者，應如何處理？,作者在認定上雖有不同，但為使同樣的書能夠集中，索書號之作者號仍可取原著者羅振玉，於附註項說明原委即可。,作者號及輔助區分號
30956,2018-09-19,30956_A01,關於圖書館所辦的展覽，活動過後出版圖書，類號023.922(7版)那2007版是入023.9嗎？,023.9 是圖書館的推廣服務，92是9的再細分，指圖書館推廣的各種活動，如讀書會、講習班等歸於此。此處類目主要著重於推廣與行銷，重點偏向如何辦理活動，或綜合性活動手冊、便覽等資料。,其他
30956,2018-09-19,30956_A02,圖書內容是關於讀者在圖書館的閱讀行為和使用情形，是要放020.1611？或者023.69？還是有更好的分法？,圖書內容是關於讀者在圖書館的閱讀行為和使用情形，歸入023.69 讀者研究較適宜。020.1611圖書館與讀者，指主題是「圖書館與讀者」的書籍才入此，譬如一書名「圖書館與讀者之關係研究」或可入此。,其他
30957,2018-09-27,30957_A01,根據美國國會圖書館分類法，Ref Z1037.A1 G475 2005、Ref Z1037 B37 1983、Ref Z1037.1 三個索書號的排列順序為何？,此三個類號在書架上的先後次序是: 1. Ref Z1037 B37 1983 2. Ref Z1037.1 3. Ref Z1037.A1 G475 2005。排列方式以分類號整數為基本號，整數號後可以加小數點細分類號，小數點後才是十進制或Cutter號數字擴展，數字先於英文字母。,作者號及輔助區分號
30958,2018-09-24,30958_A01,藏文佛書進行圖書編目時，是否可依整合性系統欄位將版權頁資料逐筆登錄？,編目著錄的資訊來源，第一優先是書名頁，除非沒有書名頁，才依次考慮封面(RDA)、版權頁。內文為藏文，想必書名頁也是用藏文書寫的，按理245段的$a正題名，應照錄書名頁上的藏文題名才對，而版權頁的簡體中文當屬並列題名，著錄於245 $b及246 31 $a。,編目法
30958,2018-09-24,30958_A02,並列題名是否需打藏文？有無特別需注意的地方？,內文為藏文，想必書名頁也是用藏文書寫的，按理245段的$a正題名，應照錄書名頁上的藏文題名才對，而版權頁的簡體中文當屬並列題名，著錄於245 $b及246 31 $a。另可於246 3_ $a多加一個繁體中文題名，方便本地使用者。,編目法
30959,2018-10-03,30959_A01,用中文圖書分類法，日本庭園造園技術應屬於哪個碼？,winnie您好： 您的提問沒有相關的問題描述，所以不知道您問題實際內容為何，請您再次描述。 另，編目園地僅解答資訊組織相關實務與應用問題，不解答考題，請見諒。 編目園地敬覆 2018.10.04,其他
30959,2018-10-03,30959_A02,用中文圖書分類法，香港建築攝影集應屬於哪個碼？,winnie您好： 您的提詢沒有相關的問題描述，所以不知道您問題實際內容為何，請您再次描述。 另，編目園地僅解答資訊組織相關實務與應用問題，不解答考題，請見諒。 編目園地敬覆 2018.10.04,其他
30959,2018-10-03,30959_A03,用中文圖書分類法，台灣樂壇發展史應屬於哪個碼？,winnie您好： 您的提問沒有相關的問題描述，所以不知道您問題實際內容為何，請您再次描述。 另，編目園地僅解答資訊組織相關實務與應用問題，不解答考題，請見諒。 編目園地敬覆 2018.10.04,其他
30960,2018-10-04,30960_A01,電子期刊來自兩個不同網站，應建於一個書目紀錄底下還是分為兩個書目紀錄？,同一個電子期刊，若僅是來自兩個網站的問題，應該可於一筆紀錄中重複兩個856段，連結兩個URL就可以了，沒有必要為此建立兩筆紀錄。但因為沒有看到您舉出的實例說明，不知道這答案是否就是您所需要的。,其他
30961,2018-10-05,30961_A01,"在編目書籍為9789462084124 (英語版，translation, David McKay)，出版社於2017/09出版了荷語版'Cees Dam. Over Architectuur'及英語版'Cees Dam. On Architecture'時，是否應著錄041 1 $aeng $hdut？",若能確認該書是由荷蘭文譯為英文，則在編目時確實應該著錄上「041 1# $a eng $h dut」。,編目法
30961,2018-10-05,30961_A02,美國國會圖書館未著錄041段資訊，可能的原因為何？,至於國會圖書館的書目為什麼不著錄欄位041，就書目資訊上目前是看不出他們是否有其他的考量。,其他
30962,2018-10-09,30962_A01,卷期編次的排序順序是卷期在前還是年代在前,"一般情況下，連續性出版品的編號是照錄出版品上的卷號(volume)期號(number)及年代標示(chronological designation)，並不需要另立規則規定年代一定在前或後。但例外情況為：若卷期編號是以年為主，數次是附於該年的細分，則年代數著錄於編號之前(RDA2.12.9.3)。例如：2000, no.3（指編號是2000年第3期）時，年代應置於前；而v.3, no.2 (Sept. 1981)則需同時著錄卷期與年代。",編目法
30963,2018-10-09,30963_A01,英文小說的翻譯書取作者號時，應取姓還是名？,愛書者: 取作者號原則上是取姓+名，但譯名為方便計也可以只取姓，各館可以自行決定。,作者號及輔助區分號
30963,2018-10-09,30963_A02,辛西亞‧角畑與瑪喬利.金蘭.勞林斯的作者號應如何取？,1. 辛西亞‧角畑：首尾五筆取4碼，時代碼 + 角、畑、辛三字的首尾五筆→ 8734；四角號碼取4碼，角取1 + 畑取1 + 辛、西各取1碼 → 2901 或 角取2 + 畑取2 → 2796 (只取姓)。 2. 瑪喬利.金蘭.勞林斯：姓是勞林斯，名是瑪喬利.金蘭；首尾五筆取碼：時代碼 + 勞、林、斯三字的首尾五筆→ 8575；四角號碼取碼：勞取2碼 + 林、斯各1碼 → 9944。,作者號及輔助區分號
30964,2018-10-19,30964_A01,台灣作家撰寫的兒童故事(2018年的新書)應歸入哪個分類號？,應歸入863.59臺灣兒童文學。中文圖書分類法文學類作品不是按語文分類，是依地域、國家分類，當初將臺灣文學特別自中國文學中析出，立意即非常明顯。這只是一種分類的方法，若有圖書館覺得資料分立兩處不利讀者閱覽，沿用舊法集中於859.6也並無不可。若為開架式圖書館，也可以思考運用排架管理的技巧，做好兩類書的互指引標示，不論兩類書實質上是分散兩處或集中於一處，都不致造成太大的影響。,其他
30965,2018-10-22,30965_A01,New RDA規範可以在哪裡查詢？,新版RDA公布於今年6月13日：RDA Toolkit BETA site，可透過原Toolkit網站https://www.rdatoolkit.org/訪問，需登入原Toolkit帳號。免費30天試用訂閱包含Beta版本及原Toolkit。,其他
30965,2018-10-22,30965_A02,是否有RDA的中文資源可以參考？,目前尚無新版RDA中文手冊可用。,編目法
30965,2018-10-22,30965_A03,是否有出版新的《RDA中文手冊初稿》？,目前尚無新版RDA中文手冊可用。,編目法
30966,2018-10-26,30966_A01,編目時如何分英文作者的姓跟名？,"建議要先知道英文姓名正式的書寫格式，再查詢人名辭典、百科或圖書館等機構建置的人名權威檔。英文姓名一般都是先寫名(First Name)，再寫姓(Last Name/Surname)，若是先寫姓再寫名，標準格式是會加上一個逗號(，)。例1：海明威的姓名書寫格式: Ernest Miller Hemingway → 名在前姓在後, 不加標點符號 Hemingway, Ernest Miller → 姓Hemingway在前, 名在後, 加逗號 Ernest Hemingway → 有時也會有省略middle name的情形 例2：勞倫斯．奧利佛的英文名 Laurence Kerr Olivier, Baron Olivier Laurence Kerr Olivier是姓名完整形式 Baron Olivier是受封男爵的稱謂 Laurence Kerr Olivier Olivier是姓 Laurence是last name Kerr是middle name Laurence Olivier Olivier是姓 Laurence是名 以上例1為一般書寫格式，例2為較複雜的情況, 但姓與名仍是很好區分的, 不確定時可求助字辭典與百科全書。",作者號及輔助區分號
30966,2018-10-26,30966_A02,如何拆英文作者的姓、名來編目？,不確定時可求助字辭典與百科全書。,作者號及輔助區分號
30967,2018-10-26,30967_A01,『我國近代軍中軍樂史(594.74)』後面是否可以加副分表示臺灣地域？,可於594.74之後加地域複分，建議用「09+地域分國表代碼」的方式複分，如臺灣軍樂可歸入594.740933。,其他
30967,2018-10-26,30967_A02,如何正確分類臺灣國軍軍樂歷史書籍？,《國軍在臺音樂史》若入910.33臺灣音樂史，會凸顯不出國軍與臺灣音樂的關係，或國軍在臺灣音樂史中所扮演的角色，需用主題詞彌補此缺憾。,其他
30968,2018-10-30,30968_A01,期刊的出版社改變時，應如何著錄?,仍保留原出版社的資訊於出版項，於附註項說明出版社改變的狀況。,編目法
30968,2018-10-30,30968_A02,期刊的出版社改變時，是否要保留原出版社的資訊?,是的，應保留原出版社的資訊於出版項，並在附註項說明出版社改變的狀況。,編目法
30969,2018-10-31,30969_A01,大考中心出版的指定科目考試試題與解析及學科能力測驗試題與解析應如何編目？,若分類號使用的版本是中文圖書分類法2007年版，正確的分類應為525.611，此號是「大學聯考」專號，相關入學考試書籍理應入此。,分類法
30969,2018-10-31,30969_A02,作者號的處理方式為何？,"「-」是作者區分號，國圖從未使用過-1，同類號同作者的第二本書辨識符號從-2開始標記。例: 甄戰大學. 遊憩運動學群 : 17而勵,打造成功甄選的5把鑰匙 → 525.611 834-2",作者號及輔助區分號
30969,2018-10-31,30969_A03,年代號的使用方式為何？,年代號用於不同版本(同一書的第二版三版…或同一書由不同出版社所出版)、歷時性或年代性(Diachronic )作品。例: 大學入學考試中心105學年度指定科目考試工作報告 → 525.611 8465 105,作者號及輔助區分號
30970,2018-11-01,30970_A01,國圖是否將分科之升大學參考用書歸入「525.611大學聯考」類目？,"本館未將分科之升大學參考用書歸入「525.611大學聯考」類目之下，而是集中於521.8教科書，再依照本館自訂之細分規則, 分級(國、高中)分科(生物科、化學科、物理科…)處理。",其他
30970,2018-11-01,30970_A02,分科出版之試題與解析書如何編目以便於識別且集中？,可採用自訂類號方式，例如：521.8333 8467(9) 106，說明如下：521.8333為教科書 + 第1個3為學校級別(高中) + 33為課程科目表；8467為作者號，後加(9)表示書籍編制形式為複習用書；106為年度別。,作者號及輔助區分號
30970,2018-11-01,30970_A03,原書無冊別時是否可使用冊次號v.1 v.2處理？,原書上並無冊別時，不建議使用冊次號v.1 v.2處理，應依本館自訂之細分規則，將書籍集中於521.8教科書類目，並透過分級分科處理。,其他
30971,2018-11-02,30971_A01,期刊的不同期數題名不同，應著錄於246其他題名還是505內容註？,246其他題名不適用於連續性出版品的編目，因期刊專題題名屬整體與部分的題名關係，不能完整代表整部期刊名。若期刊專題成為常態，應為專輯分立書目紀錄，並透過773/774字段連結主刊與專刊。若期刊一開始即有主刊名與專題名，則以單冊方式編目，將刊名著錄於490/830，專題名著錄於245段。,其他
30972,2018-11-09,30972_A01,作品含若干部分而無共同題名，若無明顯的主要部分，應如何處理？,可整體為一單元著錄，一般指合刊的作品，作品由2個以上的作品集結成一個新作品發行，但沒有為此新集結的作品另取一個新的題名，每部作品都保有其原本的題名。此類合刊作品是合訂成一本書，一本書視為一個完整的整體編目。,編目法
30972,2018-11-09,30972_A02,如何處理以每一部分的題名分別著錄，其餘部分題名著錄於附註項的資料？,其餘部分題名著錄於附註項，如地圖資料、錄音資料、電影片及錄影資料、電子資源及縮影資料。此敘述條件部完整，我個人認為是有問題的，不作解釋。,編目法
30973,2018-11-07,30973_A01,請問什麼是分析片？,分析片是指某一書的內容說明，理當排在該書目卡片之後，甚至應該用細綿繩將他們綁在一起。,編目法
30974,2018-11-09,30974_A01,無共同題名且無明顯主要部分的作品，若以整體為一單元著錄，應如何處理題名？,指合刊作品無共同題名，但每部作品有其單獨的書名頁，則依次著錄記載於書名頁上(主要著錄來源)的題名。例如：（一）如兩部作品，不同作品，相同著者：作品A；作品B by 作者a 100 1_ $a合刊作者 245 1_ $a第一個合刊的題名A ;$b第二個合刊的題名B /$c作者a（二）如兩部作品，不同作品，不同作者：作品A by a；作品B by b 245 1_ $a第一個合刊的題名A /$c第一個合刊的作者a ; 第二個合刊的題名B / 第二個合刊的作者b 700 1_$a第一個合刊作者a 700 1_$a第二個合刊作者b,編目法
30974,2018-11-09,30974_A02,各部分有主要著錄來源時，是否仍視為1個主要著錄來源？,「各部分有主要著錄來源時，能仍視為1個主要著錄來源」我個人認為這樣敘述是相互矛盾不恰當的!,編目法
30975,2018-11-09,30975_A01,作品的出版地不只一種語文時，應如何著錄？,"想當圖書館員: 您好, 解釋如下: 正題名: 指書名頁上的題名 正題名所使用的語文: 指正題名呈現的語文, 例如下圖, 正題名有兩種語文, 一為中文一為英文。 出版地不只一種語文: 出版地的敘述有兩種以上的語文，如同時有中文和英文, 例: 出版：大辣出版股份有限公司 台北市105南京東路四段25號11樓 Publishing: Da Spic Publishing Co., Ltd. 11th Floor, No. 25, Section 4, Nanjing East Road, Taipei 105 出版地不只一種語文時，選擇一種著錄就好，選擇標準依書名頁上的題名所使用的語文，若正題名為中文，出版地就著錄中文，若正題名若為英文，出版地就著錄英文。 如果沒有書名頁，就照版權頁上排列的先後次序選擇語文，如上例, 是中文在先英文在後，出版地就著錄「台北市」。 錢月蓮敬答  20181112",編目法
30976,2018-11-09,30976_A01,DC是什麼意思？,DC所指的就是都柏林核心集 Dublin Core，是一種Metadata格式。,編目法
30977,2018-11-13,30977_A01,緬甸資料的作者該怎麼取作者號？,"cloud: 您好, 將緬甸文作者的圖像文字改為拼音(羅馬字拼寫), 作者號以克特號或四角號碼取號，或將緬甸文作者名字譯為中文，以四角號碼或首尾五筆取碼。此為政策性問題, 貴館可自行決定。本館緬文資料是當西文書處理, 作者號取法克特號。 緬甸人命名系統特殊，有名字無姓氏，且有隨意改名的習慣。緬甸人名常有前綴敬語的情形，敬語有時也被當作是人名的一部分。緬甸人名多由一個或兩個音節組成，如吳努（努先生）、吳丹（丹先生）、吳尼溫（尼溫先生）, 吳並非是姓。另人名中也常出現父名和母名的情形, 例如: 翁山蘇姬（အောင်ဆန်းစုကြည်）的「翁山」取自她的父親翁山，「蘇」是她祖母的名字，「姬」則取自她母親的名字金姬（ခင်ကြည်）。 建議直接抄錄美國國會圖書館的權威資料，也可查詢緬甸國家圖書館相關資源 http://www.myanmar.com/Ministry/culture/text/P001.htm 錢月蓮敬答  20181114",作者號及輔助區分號
30978,2018-11-14,30978_A01,如何註錄欄位650？如何選擇標目？分類號與主題標目之間有何關聯？,欄位650的作用是記錄代表資源內容的主題標題(Topical term)。650所用的主題詞包含不屬於其他類別(600/610/611/630/651/655)的所有主題標題，如一般術語；植物學和動物學中的家族、屬種名稱；化合物；事件和假期名稱；不具有作者身份的神靈、虛構和神話人物等的名稱等。分類號和主題詞都是文獻內容的表達方式，分類法用系統符號表達概念，主題法用詞語表達概念。,編目法
30978,2018-11-14,30978_A02,為何系統會自動註錄為lsh而非lcstt？,系統發生的錯誤，請找貴單位系統人員處理!,其他
30979,2018-11-20,30979_A01,2014.09編A書3本、2016.05編B書3本，A B兩種書全都一樣，請問複本號如何編？,若AB兩種書是一樣的，B的3本書是先前A的複本，不會有再編一筆紀錄的情形，B的3本書是從c.4開始，累加於A書c.3之後。A有3本，第一本無複本號，第2本為c.2，第3本為c.3；之後又來了B3本，判定是同一本書（書名、作者、版次、出版社、ISBN皆同），B3本直接視為A的複本，館藏共有6本，第1本為正本，其餘5本為複本，複本編號為c.2、c.3、c.4、c.5、c.6。,編目法
30980,2018-11-21,30980_A01,請問[共列題名]這個名詞是什麼意思?,共列題名按照字面上看應是並列題名的意思,權威控制
30980,2018-11-21,30980_A02,是否有[共列題名]這個名詞?,請您參考中國編目規則 第三版中的定義，章節1.1.3 並列題名(p.12),編目法
30981,2018-11-23,30981_A01,泰田.代(Ty Tashiro)的五筆檢字法作者號如何取號？,"泰.田代(Ty Tashiro 或 Tashiro, Ty)的五筆檢字法作者號為8553。取法：時代碼1 碼=8+ 姓氏「田代」2碼=55 + 名字「泰」1碼=3。五筆檢字法姓名最多取3碼：單姓雙名取1+1，單姓單名取1+1，複姓單名取1+1，複姓雙名取1+1。",作者號及輔助區分號
30981,2018-11-23,30981_A02,姓氏僅一個字時，如何取五筆檢字法作者號？,當姓氏僅一個字時，無法單獨構成取號要素，需配合名字取碼。例如「泰.田代」案例中，姓氏「田代」作為雙字姓，取2碼(55)，名字「泰」取1碼(3)，總計3碼。,作者號及輔助區分號
30982,2018-11-23,30982_A01,新紐奧良公共圖書館的館藏量資訊為何在網路上找不到？,此問題不屬資訊組織相關問題，上新紐奧良公共圖書館查詢，網站上確沒有提供相關數據,其他
30982,2018-11-23,30982_A02,若無法在網路上找到館藏量資訊，應如何尋求協助？,該館網站有一個線上諮詢的服務（Ask a Librarian 或 http://www.nolalibrary.org/page/186/ask-a-librarian），建議您可以直接利用，詢問該館館員,其他
30983,2018-11-26,30983_A01,94年第三版編目規則提到「資料特殊細節項不適用於電子資源之著錄」，但中國機讀編目格式230欄位是電子資源且屬於資料特殊細節項，是否產生衝突？,中國編目規則第三版(民94年10月)CCR 1.3條文確實有矛盾處，但之後於102年3月POD新一刷版時已更正，刪除CCR1.3部分文字。CCR 13.3資源特殊細節項條文：本項不適用於電子資源之著錄。,編目法
30983,2018-11-26,30983_A02,中國機讀編目格式230欄位是否符合94年第三版編目規則關於電子資源的規定？,欄位230是中國機讀編目格式90年版，依據AACR2 9.3規則，非中國編目規則。該欄位記載電腦檔之檔案特性及所含之檔案件數、記錄筆數、位元數或程式敘述之條數等，中國編目規則尚未制定相關條文。,編目法
30984,2018-11-28,30984_A01,使用中文圖書分類表2007年版修訂一版時，泰國遊記（泰國多個地方）的類號應分入何處？,738.29 → 是指泰國遊記 (泰國多個地方的遊記),其他
30984,2018-11-28,30984_A02,使用中文圖書分類表2007年版修訂一版時，曼谷遊記（曼谷一個地方）的類號應分入何處？,738.2719 → 是指曼谷遊記 (曼谷一個地方的遊記) 分類仍須視在編資源的內容主旨而定，因為沒有實際看到圖書，以上僅供參考。,其他
30985,2018-11-28,30985_A01,活動的藝術作品集(不足50頁)，算是小冊子嗎？該入美術類書式還是小冊子類？,小冊子是否作為書籍分類處理由各圖書館政策決定。建議小冊子以主題詞取代分類號呈現，藝術作品集應入藝術類。小冊子作為資料形式，內容分類需依資料內容決定，建議與圖書分開處理，放置於資料盒中。,其他
30985,2018-11-28,30985_A02,學校疏散指南該入哪一類？,學校疏散指南若為災害或緊急情況下的校園防災安全措施，建議歸入527.59校園安全。,其他
30986,2018-11-28,30986_A01,申論題若中要引用學者名言，有建議的寫法或格式可參考嗎？,您好： 您詢問的問題不屬資訊組織相關問題，建議您可於網路上查看其他人的建議。 造成不便，請見諒。 編目園地敬覆 2018.11.28,其他
30986,2018-11-28,30986_A02,申論題引用學者名言時，是否需要只接寫全名？,您好： 您詢問的問題不屬資訊組織相關問題，建議您可於網路上查看其他人的建議。 造成不便，請見諒。 編目園地敬覆 2018.11.28,其他
30986,2018-11-28,30986_A03,申論題引用學者名言時，是否需要加上學者曾說或職稱？,您好： 您詢問的問題不屬資訊組織相關問題，建議您可於網路上查看其他人的建議。 造成不便，請見諒。 編目園地敬覆 2018.11.28,其他
30987,2018-11-29,30987_A01,「中華民國出版圖書目錄彙編」（一）～（三）是否有數位化的系統可以查詢全部的書目？,「中華民國出版圖書目錄彙編」為1964、1970、、、1995等年度的出版品，目前未提供數位化系統查詢，但現在出版的書目已可在「全國新書資訊網」查詢下載。,其他
30987,2018-11-29,30987_A02,「中華民國出版圖書目錄彙編」（一）～（三）是否仍是紙本沒有數位化？,「中華民國出版圖書目錄彙編」（一）～（三）為紙本出版品，目前尚未數位化，建議透過「全國新書資訊網」查詢現行出版書目。,其他
30988,2018-12-03,30988_A01,希臘神話的分類號在中國分類表2007版是284.95，但公共圖書館顯示為284.85，是否因曾經修訂的緣故?,"dearmeow: 您好, 希臘神話的分類號是284.95 該類號自民國96年中文圖書分類法 2007年版出版後一直沿用至今未變。 錢月蓮敬答  20181204",其他
30989,2018-12-09,30989_A01,面對書櫃時，書櫃的第一排位於右手側，該如何排放圖書？,當面對書櫃時，無論書櫃擺放位置如何，都應從左側開始排放，依序往右排列；第一層排好後，再從第二層左側開始往右排...。左邊的A櫃子排完後，往右邊的B櫃排，一個接著一個，一層接著一層，統統都是由左而右，由上而下。,編目法
30989,2018-12-09,30989_A02,從右邊的書櫃排放圖書是否符合圖書館排架規則？,圖書館的圖書不建議從右排到左，此舉違反了圖書館的管理通則。,其他
30990,2018-12-05,30990_A01,前調和索引和後調和索引的解釋是什麼?,相關解釋請參考國家教育研究院－雙語詞彙、學術名詞暨辭書資訊網中之解釋 http://terms.naer.edu.tw/detail/1681049/ 編目園地敬覆　2018.12.10,其他
30991,2018-12-12,30991_A01,綜論過敏的書(包含皮膚科、呼吸道、眼科...)應歸入哪個分類號？,總論過敏的書，建議歸入415.74過敏性及血管性疾病。,其他
30991,2018-12-12,30991_A02,為何總論過敏的書建議歸入415.74而非415.227？,415.227類目屬於415.22「急救」類目下的「過敏」，用於過敏引起的危急狀況處理。過敏本身不是疾病，而是敏感反應現象，其症狀可能涉及多個科別，因此總論性書籍應歸入415.74過敏性及血管性疾病。,其他
30992,2018-12-17,30992_A01,貴館的權威控制工作概况為何？,敬啟者，您好： 相關回覆敬請參見email，謝謝您！耑此 敬頌 時祺 國家圖書館館藏發展及書目管理組敬覆,編目政策與管理
30992,2018-12-17,30992_A02,貴館權威控制工作的歷史沿革為何？,敬啟者，您好： 相關回覆敬請參見email，謝謝您！耑此 敬頌 時祺 國家圖書館館藏發展及書目管理組敬覆,編目政策與管理
30992,2018-12-17,30992_A03,貴館現有的名称權威檔數量為何？,敬啟者，您好： 相關回覆敬請參見email，謝謝您！耑此 敬頌 時祺 國家圖書館館藏發展及書目管理組敬覆,權威控制
30992,2018-12-17,30992_A04,貴館個人、團體、題名分別的筆數為何？,敬啟者，您好： 相關回覆敬請參見email，謝謝您！耑此 敬頌 時祺 國家圖書館館藏發展及書目管理組敬覆,權威控制
30993,2018-12-20,30993_A01,西文圖書作者為法文:Marguerite de Cerval 應如何著錄MARC欄位100「主要款目-個人名稱」？,"Marguerite de Cerval在欄位100的著錄形式為： 100  10  $a Cerval, Marguerite de.",編目法
30993,2018-12-20,30993_A02,西文圖書作者為法文:Marguerite de Cerval 應如何取作者柯特號？,原則上會使用作者姓氏「Cerval」來取克特號。若採用LC Cutter Table，可至LC網站查看取號規則（網址：https://www.loc.gov/aba/pcc/053/table.html），基本克特號為C47，但須依貴館的Shelflist調整。若採用桑伯恩三碼克特表，則直接以「Cerval」查表取號，克特號為C337。若採用OCLC四碼克特取號程式，則將「Cerval」輸入該程式中自動取號（程式下載網址：https://www.oclc.org/support/services/dewey/program/license.en.html）。,作者號及輔助區分號
30994,2018-12-23,30994_A01,使用五碼編輯器編作者號時，如何計算作者號碼？,首尾五筆取號為作者時代碼+作者姓氏首尾五筆號碼，加起來至多4碼。外國作者給號，國圖以作者的外文姓氏為主，例如瑪麗亞.羅瑞塔.吉拉多，其姓為吉拉多，號碼為8+445，完整號碼即8445。,作者號及輔助區分號
30994,2018-12-23,30994_A02,請提供五碼編輯器編作者號的作者號碼,1. 瑪麗亞.羅瑞塔.吉拉多：8445 2. 羅克珊.瑪麗.卡里耶：8+445（需依五筆查詢）3. 孟納斯.維特曼：8+445（需依五筆查詢）4. 皮耶.哥羅斯：8+445（需依五筆查詢）5. 克理斯頓.勞森：8+445（需依五筆查詢）6. 小手鞠琉衣：8+445（需依五筆查詢）7. 雷克.萊爾頓：8+445（需依五筆查詢）8. 青山邦彥：8+445（需依五筆查詢）9. 珊卓拉.薇.費德：8+445（需依五筆查詢）10. 馬丁.湯瑪斯：8+445（需依五筆查詢）11. 曼努娜.莫拿里：8+445（需依五筆查詢）12. 馬里斯.凡.德.威爾：8+445（需依五筆查詢）13. 艾倫.布雷比：8+445（需依五筆查詢）,作者號及輔助區分號
30995,2018-12-24,30995_A01,如何判斷外文姓名的姓氏？,"外文姓名多以名(first name)在前、姓(last name)在後為原則。若姓名為「名在前姓在後」如Anthony Giddens，則Giddens為姓氏；若為「姓在前名在後」如Giddens, Anthony，則姓氏在前且會接上逗點「,」以示區隔。",權威控制
30995,2018-12-24,30995_A02,有什麼網站可以參考確認姓氏嗎？,可參考國內其他圖書館的書目紀錄：http://nbinet3.ncl.edu.tw/screens/opacmenu_cht.html，或美國國會圖書館權威紀錄網站：https://authorities.loc.gov/webvoy.htm,其他
30996,2019-01-03,30996_A01,107年地特五等題目中，選項C的「發掘性」是什麼意思？,發掘性是指經由目錄的查詢可以找到相關資料，具有發現和引出資料的功能，符合「讓使用者瀏覽相關資料的設計」的題意，並蘊含user task中的find和explore概念。,其他
30996,2019-01-03,30996_A02,其他三個選項（A)可靠性、(B)經濟性、(D)深度性應如何解釋？,可靠性指目錄能準確反映資料存在；經濟性指目錄設計具成本效益；深度性指目錄能提供詳細資料描述。這些特性與「讓使用者瀏覽相關資料」的題意無直接關聯。,其他
30997,2019-01-03,30997_A01,在CMARC中606段的$2標題系統代碼可以在哪查詢？,"標題代碼查詢，請參考美國國會圖書館網站: Subject Heading and Term Source Codes: Introduction Subject Source Codes Subject Source Code Usage in MARC and MODS/MADS。相關資料另可參考：Search/Browse GSAFD Guidelines on Subject Access to Individual Works of Fiction, Drama, Etc., 2nd ed. http://experimental.worldcat.org/gsafd/browseGSAFD.html",機讀編目格式
30997,2019-01-03,30997_A02,"""Guidelines on Subject Access to Individual Works of Fiction, Drama, Etc.""在M21的代碼為gsafd，在CMARC也是嗎？","MARC $2標題系統代碼是國際性的，若在CMARC使用也不會因此改變。gsafd是屬於類型代碼的一種，使用於欄位655不是一般標題650。目前西文編目抄錄居多, 中文編目並未採用655段類型形式術語, 以上供參。",機讀編目格式
30998,2019-01-07,30998_A01,"書名：村上有春樹,村下有搖錢樹 請問225段轉換到410段還是461段，差別在哪裡？",410集叢的作用是著錄主要集叢及附屬集叢二個層次，當附屬集叢名塡於欄號200時，410欄記載其主要集叢資料。461是記錄總集，當單冊或分集獨立記錄時，以欄位461記載總集的資料。,編目法
30998,2019-01-07,30998_A02,如何判別集叢項要放在410段還是461段？,若為集叢或附屬集叢的層次關係，使用410段；若為總集與分集的關係，使用461段。例如：410用於主要集叢與附屬集叢的連接，461用於總集與分集的連接。,編目法
30998,2019-01-07,30998_A03,轉換到MARC 21時，是要換到773段還是830段？,轉換CMARC欄位225時，是單純的轉入MARC 21的490或/和830段，而非773段。,機讀編目格式
30999,2019-01-07,30999_A01,紀念集指的是甚麼？,紀念文集是一種作品形式。為紀念某人、某團體、機構，在週年紀念日出版的文集。文集內容，通常包括學術研究成果、論文、講稿、傳記性、書目性等。,作者號及輔助區分號
30999,2019-01-07,30999_A02,是否包含祝壽論文集？,祝壽論文集也算是一種紀念性文集，不一定要題名中含「紀念」一詞才算數喔。,其他
30999,2019-01-07,30999_A03,內容必需為紀念人的生平事蹟、著作...等才算嗎？,紀念文集按內容分類，可分入傳記類和各專科類屬。,編目法
31000,2019-01-10,31000_A01,CMARC的606段中，|2csh與|2cst的差異如何區分判斷？,欄位606的$2是著錄標題系統代碼。csh是《中文圖書標題表》Chinese Subject Headings的代碼，lcst是《中文主題詞表》List of Chinese Subject Terms的代碼。《中文主題詞表》為國圖2005年後採用的標準，應使用$2lcst。,主題法
31000,2019-01-10,31000_A02,如何正確使用606段標示知識管理、成功法、思考等主題？,應使用《中文主題詞表》的lcst代碼，例如：606 $2lcst $a知識管理、606 $2lcst $a成功法、606 $2lcst $a思考。,主題法
31001,2019-01-17,31001_A01,MARC 21在著錄西文精裝書時，應使用哪一種寫法（hbk或bd）較為正確？,"Annie: 精裝的英語是hardcover, hardback，請用hbk表示。 bd是blue disk的簡稱，不是精裝書籍的表示，翻譯成中文是指「藍光光碟」的意思。 有bd精裝版這樣的說法, 所指的仍是藍光光碟置於書型硬紙包裝盒。 bind bd. AACR bindi bd. ISO bd=bind 裝訂，不一定表示是精裝； bd=bindi ISO，指裝訂(binding)的ISO標準: Edition Binding適用ISO WD 11800，共有三類： Category A: Sewn hard cover binding (硬皮) Category B: Sewn soft cover binding (軟皮) Category C: Adhesive binding (粘合劑) Library Binding適用N36 (N75)標準，根據圖書館裝訂協會(LBI, Library binding Institute)圖書館裝訂標準訂定。若對裝訂標準有興趣，可參閱Library Binding , ANSI/NISO/LBC Z39.78-2000 (R2018) https://groups.niso.org/apps/group_public/download.php/18990/Z39.78-2000_R2018.pdf 錢月蓮敬答 20190118",編目法
31002,2019-01-17,31002_A01,日文論叢若非叢書且無法歸入085，應歸入哪個類號？,079此類目是「各國論叢 Different countries essays」，類目注釋說明：外國論叢之中文譯書入此，專門性論叢各入其類。因此，日文論叢的中譯本若無明顯專論主題，可歸入079。085是叢書（好幾本書組成的一套書），而079是一本書包含多篇不同主題文章的文集。,其他
31003,2019-01-18,31003_A01,https://www.loc.gov/aba/pcc/conser/conserhold/Captabbr.html 中的 bd. 是否為 bind 精裝的縮寫？,「bd.」在國會圖書館網站的縮寫列表中，是「band」（德文，卷期冊次）與「bind」（英文，裝訂之意）的縮寫。AACR 2 附錄B.9也同樣說明，建議對照查閱該詞表。,其他
31003,2019-01-18,31003_A02,AACR2 中的範例是否支持 bd. 為 bond 的縮寫？,AACR2 p.48 的範例中，ISBN 0-684-14258-9 著錄為「bound」（精裝），ISBN 0-684-14257-0 著錄為「paperback」（平裝）。此處「bound」為「bind」的過去分詞，本質上是同一詞的不同時態變化，但單獨使用「bd.」無法明確斷定裝訂方式。編目實務上建議以全稱形式著錄，並在必要時使用「hard bd.」（即「hard bound」）以明確表示精裝。,編目法
31004,2019-01-19,31004_A01,英國使用的BIC Standard Subject Categories & Qualifiers 2.1版是否有對應杜威碼的資料或方法？,目前確實沒有發現將BICSSC與杜威分類法（DDC）或是美國國會圖書館分類法（LCC）做類號或類目對照（crosswalk）的查檢工具。美國國會圖書館（LC）也確認沒有BICSSC與LCC的對照查檢工具（2019.02.08，LC回覆）。,其他
31004,2019-01-19,31004_A02,為何目前僅有Map LC(LCC)到Dewey(DDC)Classification的資料，且LCC的版本分類與2.1版不同？,LCC與DDC都是外文資料常用的文獻分類法，雖分類結構不同，但皆以學科為基礎。LCC將知識分21大類，而BICSSC則依出版主題分19大類。兩者分類結構基礎不同，國會圖書館認為製作對照表效用可能不高，因此未提供版本對應的映射資料。,其他
31005,2019-01-19,31005_A01,AACR2 p.48 中「bd.」是否為「bond」的縮寫？,「bd.」在AACR2附錄B.9中為「bind」（裝訂）的縮寫，與「bond」（綁定）為同一詞的不同時態變化。AACR2第1.8E1項範例中「bound」以全稱形式著錄，而「bd.」作為縮寫使用時，需配合前綴詞（如「hard」）以明確裝訂方式。,編目法
31006,2019-01-19,31006_A01,http://special-cataloguing.com/node/81 補充上一問題,Viky，您好： 有關您所提的幾個問題，彙整說明如下： 您在問題中所提到的網址（https://www.loc.gov/aba/pcc/conser/conserhold/Captabbr.html），是美國國會圖書館的網站，上面所列的縮寫皆依據《AACR》附錄B.9以及《ISO 832: 1994》所彙編的。這個縮寫列表是讓編目員在編製書目記錄時，若遇到該表上的用語，可轉為縮寫著錄。在實行RDA之後，編目實務上鼓勵以全稱形式著錄，但也並未強制，因此在RDA 附錄B.7中也保留這樣的縮寫列表。 您所提的縮寫「bd.」，在國會圖書館網站的縮寫列表中，「band」（德文，卷期冊次）、「bind」（英文，裝訂之意）這2個用語的縮寫都是「bd.」，AACR 2 附錄B.9中也是如此說明，建議您可對照查閱AACR 2附錄B.9所列的詞表。 至於您所提到的「AACR2 p.48 有西文書精平裝描述: 平裝 pbk. ; 精裝bond，所以bd. 應是bond縮寫」，我們推測您應該是指AACR 2中第1.8E1.項下的範例： ISBN 0-684-14258-9 (bound) : $12.50. – ISBN 0-684-14257-0 (paperback) : $6.95 上述範例與您所提供的網址中的範例內容相同（http://special-cataloguing.com/node/81） 此範例中「bound」即為「bind」的過去分詞，本質上是同一詞的不同時態變化，意思為「裝訂」，只是此處單著錄「bound」，無法明確地斷定其裝訂方式為何。 編目實務上，有關精裝書的裝訂用語較常見的有「hardback」、「hardcover」等，在欄位020分欄$q通常會做下面的著錄： 020  ##  $a 9781616959616  $q (hardcover) 或 020  ##  $a 9780718078874  $q (hardback) 在國會圖書館的書目中也可見將精裝裝訂著錄為「hard bd.」（即「hard bound」） 020  ##  $a 9789571346250  $q (hard bd.) 此處的bound著錄為縮寫「bd.」，因為該字前方有「hard」，在語法上較能傳達精裝裝訂資訊。AACR 2的範例中「bound」以全稱形式著錄，可能是因為若只著錄為「bd.」，對讀者或有需要查看這筆書目的人而言，不易判別該縮寫的意義是什麼，因此，也建議在使用縮寫做著錄時，仍以能提供給讀者清楚易解的資訊為前提，較能發揮書目的識別功能。 以上簡要的資訊提供您參考。 國家圖書館館藏發展及書目管理組敬覆,編目法
31007,2019-01-23,31007_A01,http://special-cataloguing.com/node/81 是否提供參考AACR2,Viky 您好 : 真的很謝謝您所提供的訊息。不過在書目著錄上，為了能維持書目用語的一致性與識別性，讓讀者不必在查看書目時還得查字典才能瞭解書目中縮寫字所代表的意義，就如同之前回覆過您的，在書目中使用縮寫的著錄，建議依AACR 2附錄B.9，或RDA附錄B.7的用語表來做著錄較好些。不過，如果是貴館在西文編目工作上，訂有特別政策，若能維持書目品質一致性，並方便讀者識讀，再請依貴館裁量進行著錄即可。 國家圖書館館藏發展及書目管理組敬覆,編目法
31008,2019-01-24,31008_A01,將CMARC格式的200字段轉換為MARC-21時，如何正確編目？,"轉換後應為『200 1 |a尋豆師 = |dThe Bean Seeker. |h2, |i國際咖啡評審的非洲獵奇』。CMARC書目內容無標點符號，轉為MARC 21時需視後接分欄而決定前一分欄末尾需加的標點符號。",機讀編目格式
31008,2019-01-24,31008_A02,若CMARC字段包含作者資訊，轉換為MARC-21時應如何處理？,"若原始資料為『200 1 |a尋豆師|dThe Bean Seeker|h2|i國際咖啡評審的非洲獵奇|f許寶霖著』，轉換後應為『200 1 |a尋豆師 = |dThe Bean Seeker. |h2, |i國際咖啡評審的非洲獵奇 / |c許寶霖著』。",編目法
31009,2019-01-24,31009_A01,文馨最新英漢辭典中 bd. 是否為 bond 的縮寫？,bd. 為 bond 的縮寫。,其他
31009,2019-01-24,31009_A02,以前學校老師教 bd. 是精裝版的說法正確嗎？,若貴館在西文編目工作上訂有特別政策，且能維持書目品質一致性並方便讀者識讀，可依貴館裁量進行著錄。,編目政策與管理
31010,2019-01-24,31010_A01,築夢手紙屋：給學生的升學指引與人生方向的版次最多有幾個?,目前只查到初版，版次最多為1。,編目法
31011,2019-01-29,31011_A01,Retold by 及 Adapted by 的分別是什麼？,Retelling（重述）或 Adaptation（改編）在書目關係上都被視為衍生關係。RDA對Adaptation的定義是為不同目的、用途或媒體媒介，對原作品做修改。Retelling stories屬於改編形式之一，較常見的是將文學作品為兒童、青少年做改寫。,編目法
31011,2019-01-29,31011_A02,Retold by 及 Adapted by 的作者著錄方式是否一致？,在書目著錄上，若為形式改編或大幅改寫（如Retelling），會以改編者作為主要創作者，著錄於欄位1XX。原作品作者和首捲題名則著錄於欄位7XX說明改編關係。美國國會圖書館（LC）將經典作品改編分為3個Level，Level 2為重述改寫，改寫者會被視為主要作者，著錄於欄位1XX。,編目法
31012,2019-02-11,31012_A01,收到福建師範大學全日制學術學位研究生博士學位論文「金門碑銘可刻調查與研究」，如何給號？,"學校代碼可以自取，不一定要遵照國圖所用的代碼。國圖的學校系所代碼，並無複雜的取碼規則，是針對收藏作品所給予的一個流水號，可以參考編目園地上公布的「國家圖書館學位論文系所名稱或代碼新增、修訂一覽表」；關於中國大陸的博碩士學位論文，本館不見得都有收藏，貴單位可以自行增加學校系所代碼，但為了保持臺灣地區代碼的一致性，建議大陸地區學校系所的取碼，可以先取中國省區代碼 (中文圖書分類法 附表六 中國省區表 p.701)，再加流水號。如福建師範大學，若論文為福建省第一所入藏的學校，可以這樣取碼3101, 之後以流水號複加, 依次為3102, 3103…, 3199, 31100,… 博碩士論文索書號： 集中一處的取碼方式： 008.專科分類號 (取3或4碼) 學校代碼+D或M 作者號 分散於各類的取碼方式： 分類號 學校代碼+D或M 作者號",作者號及輔助區分號
31013,2019-02-25,31013_A01,閩南語歌仔冊應歸入983.33(台灣戲劇-歌仔戲)還是863.58(台灣文學-民間文學)？,宜歸入863.58台灣民間文學。 「歌仔冊」為說唱時使用的「文本」，文本通俗易讀是沒有受規範的閩南語漢字，因此也有人認為它也是當時的閩南語語彙記錄。最初為口頭流傳方式，後出現手抄本、印刷本。,編目法
31014,2019-02-26,31014_A01,書名頁前的像是否會納入300稽核項？,作者的像是屬於文獻數量和尺寸之外的載體形態描述，可以記錄也可以忽略它，取決於各圖書館的政策，若要記錄，是著錄於300 $b插圖及其他稽核細節。,其他
31014,2019-02-26,31014_A02,中西文的編目規則是否不一樣？,抱歉，沒有特別去比對，有興趣可以自行查閱AACR2及CCR這些舊規則。新版RDA對manifestation稽核項描述的要求更具選擇性。,編目法
31014,2019-02-26,31014_A03,應該如何著錄？,編目員在決定要記錄那些元素時，可依據使用者需求，想想$b中的「像」的描述有何用處? 對讀者來說，藉由這樣的資訊可以尋找? 識別? 選擇? 獲得? 還是探索? 若覺得對讀者有用，需加以描述，可於300 __ $b著錄「像」。,編目法
31014,2019-02-26,31014_A04,若是將作者的像放在書名頁後正文前，是否會納入？,那與資源出現在書名頁之前或之後就沒有什麼關係，它既不是檢索點也不是控制語詞，不需要我們特別規範著錄來源。,其他
31015,2019-03-21,31015_A01,"索書號如下面組成的話, 排序順序為何? 謝謝 (1)LD2547 / P9 1989 (2)LD2547 / P4 1990 (3)LD2547 / P42 (4)LD2547 / P5 1980 (5)LD2547 / P421 1989 (6)LD2548 / P3 1997 (7)LD2547 / P89 (8)LD2547 / P546 2010",nnLib 您好： 以美國國會分類號（LCC）為基礎的索書號，在排架時有2個原則，分類號的部分（非克特號部分）依數值大小做數字排序，克特號的部分則以十進的方式做數字排序。因此，以您所提供的索書號來看，其正確排序為： (2)　LD2547　/　P4　1990 (3)　LD2547　/　P42 (5)　LD2547　/　P421　1989 (4)　LD2547　/　P5　1980 (8)　LD2547　/　P546　2010 (7)　LD2547　/　P89 (1)　LD2547　/　P9　1989 (6)　LD2548　/　P3　1997,其他
31016,2019-03-19,31016_A01,《余英時回憶錄》一書建議取哪個類號？,建議的分類號是785.28美國傳記或782.886民國時期傳記。785.28歸入美國傳記是絕對不會有爭議的，貴館不一定要從CIP及國圖的分類782.886。,其他
31016,2019-03-19,31016_A02,余英時的出生地在天津但國籍是美國，應歸類為現代人物還是中華民國？,從情感上與文化思想上來說，歸入782.886民國傳記也無不可，但余教授出生於民國時代，是我國中央研究院院士，但院士是榮譽頭銜，並非職務。歸入782.887中共建國以後傳記也不合適。,其他
31016,2019-03-19,31016_A03,「台邦.撒沙勒」作者號應取2553還是4553？,首尾五筆檢字法：8677→時代8+台、邦、撒3個字的首尾五筆677；四角號碼：2355（取台邦撒3個字，台取2碼+邦取1碼+撒取1碼）。,作者號及輔助區分號
31016,2019-03-19,31016_A04,個人編者與團體編者均有兩位時，著者號應取誰的第一位？,此題無法給予肯定答覆，可以取題名，也可以取第一位編者，需視資源的出版狀況及資源上實際的作者職責描述和編排而定。,編目法
31017,2019-03-20,31017_A01,施耐庵的著者時代號為多少?,"小施: 您好, 施耐庵，是元末明初的文學家，跨中國兩個朝代，生於1296年，卒於1372年(卒年有些爭議並不確定)。若作者的朝代以「卒年」為計算標準，施耐庵的卒年紀載雖有1370、1371、1372三種說法，但都屬於「明代」，作者號時代碼當取6。不過，其生平大半處在元代，因此出版品上的朝代，本身即標註有「元朝」和「明朝」兩種情形。故選哪種都沒有關係，只要前後一致就好。 「施耐庵」在國圖作者號時代碼是取元代5，作者號是5434。 錢月蓮敬答     20190321",編目法
31018,2019-03-08,31018_A01,期刊是否應該要按類別來分，如張老師月刊入類號『177.05』？,期刊按類別來分的好處是，圖書館較易掌握館藏各個專類期刊的種類、期刊出版和學術研究趨勢。如果期刊不以專科分類，全部以050取代，便已失去分類的意義，050成為資源類型的代碼而不是分類。,作者號及輔助區分號
31018,2019-03-08,31018_A02,期刊的兩種分類方式都有圖書館在採用，該如何選擇？,有些圖書館的排架，若是直接以刊名字順來排序的話，不分類也無妨，純粹只是圖方便管理，較適用小型圖書館。理想的期刊管理方式是，先分普通期刊及專科期刊，每個類的期刊再依刊名排序。,其他
31019,2019-03-11,31019_A01,洪川老師著作「逐光」的分類號是多少？,"周周： 您好, 没有實際翻閱該本書，提供國圖的該筆書目紀錄供您參考 若還有意見或不明白處，請直接email至: lien@ncl.edu.tw 錢月蓮敬答  20180311",其他
31020,2019-03-11,31020_A01,在中文圖書分類法中，如何找到與863.0908分類號相關的複分規則？,可參考中文圖書分類法2007年版修訂版p.623-624，其中863.09類目註釋「仿中國文學史複分」，並說明820.9中國文學史類目複分方式。例如：臺灣文學年表可仿820.909年表立為863.0909，其他如863.091→臺灣詩史、863.092→臺灣辭賦史；臺灣韻文史…等類推。,分類法
31021,2019-03-12,31021_A01,840別集的定義是什麼？,別集是相對總集而言，指一人之文學著作，不問其為一個體裁或多個體裁都可歸入840。,其他
31021,2019-03-12,31021_A02,如果一個人寫了一本小書，裡面有詩、散文等（只有一本而已），是否也可入別集？,個人各體文學分入851-859，個人多個體裁的作品集才入840。,其他
31021,2019-03-12,31021_A03,別集是否不單指大部頭套書？,類表為適應各圖書館需求，也設計了851-859放置各體文學別集。圖書館可視實際需求彈性運用。,其他
31022,2019-03-12,31022_A01,"為何有關中國文學部分類目(如小說)都沒有給主題標目?原因為何,可否釋疑?","如果: 您好, 以往各類型文學體裁的「作品文本」都沒有給予主題詞，原因並不很確定，可能是想藉以區分非文本的文學作品吧。事實上作品類型是應該要另立檢索標目的，而且要著錄於MARC 21欄位655，與650主題用語區分。",編目法
31023,2019-03-12,31023_A01,抄錄編目是否指編目員只給標題和類號叫抄錄編目?,抄錄編目是指編目員轉錄他館編目資料供自己圖書館使用，一般在欄位035會記錄抄錄來源圖書館的代碼。抄錄的書目紀錄是可以更正錯誤或修改的，不會因為修改就變為原始編目。,編目政策與管理
31023,2019-03-12,31023_A02,如果版本項和出版項有誤，館員去做修正，是否仍為抄錄編目範疇?仍不叫原始編目?,抄錄編目雖然可修改著錄內容及主題分析標記（分類號或標題），但不會因為修改就變為原始編目。原始編目是編目員自行著錄書目資料、給分類號、取標題，並編製索書號的過程。,編目政策與管理
31024,2019-03-13,31024_A01,有關滿州國 中文圖書分類法628.47 與主題詞表使用「偽滿州國」的用詞，是否可以讓兩者一致？,應該要讓兩者一致，需待組內分編討論會討論後，再修訂「中文主題詞表」並公布。,其他
31025,2019-03-30,31025_A01,老師要求統一作者號，這樣有何優點或缺點？,老師的要求有它的道理，如此做可以將同一作者的作品集中於一處! 因為您沒有將問題描述得很清楚，以下是以我對問題的理解所提出的一些看法： 所謂的「作者號要統一」，會牽涉到編目政策的基本面，即中西文採用同作者號取碼，如貝多芬都取B4，這其實會牽涉到作曲家的權威紀錄首選名稱是採用原創語文或用中譯名的問題。根據RDA規則，同身分(如同一作曲家)的人只能有一個URI或一個ID，不同語文書寫或不同形式名稱是必須納入在一個權威記錄下的。這與現行的做法不合，但未來若要實行LRM模型和linked data，有必要作修正，否則會嚴重影響RDA編目效能。,編目法
31025,2019-03-30,31025_A02,圖書館若不照老師的意思，有什麼標準可依循以婉拒嗎？,老師所說「作者號要統一」，我認為還應包括作曲家的衍生作品。 以貝多芬來說，其他人根據貝多芬原創作品所改編的作品或不同器樂演奏的作品等，只要源自貝多芬的創作，便都該以貝多芬為第一作者取號，再加上衍生作品的作者。如此，才能將原作品、原作品的評論及原作品的衍生作品等全部集中。不過，這種方式只能滿足自己local的圖書館，無法滿足讀者explore的期待與網路其他相關資源的鏈結。,其他
31025,2019-03-30,31025_A03,圖書館是否應該依照老師的意思執行？,嚴格說，真正要匯集同一作曲者作品及其衍生作品等，應透過name title的方式來處理(即建立作曲者人名權威檔+作品名稱權威)。一般會利用作曲家的作品編號op. (opus)，識別作曲家、作品，並構成一個thematic index。這個編號通常是在樂譜出版的時候，會加上的序號，也代表作曲家和其作品的識別碼，也是國際性的識別碼，很容易查詢，貝多芬之後的作曲家大多會運用op.編號。,作者號及輔助區分號
31026,2019-04-11,31026_A01,題名第一個字為the、a、an、of等介系詞是否排序,題名第一個字詞為The、A、An等冠詞（首冠詞）時，則視為「不排序」字元，其中並未包含介系詞（preposition），如，Of。,其他
31027,2019-04-11,31027_A01,套書有多季且每季無各自題名，僅有每卷不同小標時，部冊號應如何給？,建議採用單部編，為《盜墓筆記. 第一季》、《盜墓筆記. 第二季》兩小套書分別建立一筆紀錄。索書號格式為：《盜墓筆記. 第一季》 857.7 / 作者號 / v.1 → 第1卷 xxxx；《盜墓筆記. 第二季》標示部冊號時運用「.2」，後續季數依序為「.3」等。例如：857.7 / 作者號.2 / v.1 → 第1卷 qqq，857.7 / 作者號.2 / v.2 → 第2卷 wwww，依此類推。,作者號及輔助區分號
31028,2019-04-15,31028_A01,同書名同作者同出版社但不同出版年且版次不同的書，是否可視為複本來編目？,"後進館的一本「同書名同作者同出版社」的書，判斷是否是館藏複本? 必須要看該書的「版次」是否與之前入館的書相同。如果第一本是初版，再進來的是3版, 版次不同,「不可以」當複本來處理，不同版本的書要另立一筆新的書目紀錄。",編目政策與管理
31028,2019-04-15,31028_A02,若視為複本，該怎麼註明第2本書的版本及出版年？添加的附註項是否可以註明在500段？,"若是同版本刷次不同 ，可視為複本來處理, 此時可於500附註項註明出版年及刷次, 並於館藏段索書號加註c.2: 1. 500 __ $a 館藏c.2本出版於xxxx年xx月xx刷 2. 如：180.1 8888 c.2 錢月蓮敬答 20190415",編目法
31029,2019-04-18,31029_A01,"《鴉片戰爭. 肆之參, 海疆煙雲蔽日月》的索書號如何呈現？","小K: 您好, 單冊編與套編給索書號方式不完全相同，套編還要考量發行模式是持續性發行還是單次發行，狀況非單一。僅以《鴉片戰爭. 肆之參, 海疆煙雲蔽日月》說明。 一、 從書名《鴉片戰爭. 肆之參, 海疆煙雲蔽日月》中「肆之參」判讀，此「肆」可能為一套書(共4冊)中之第3冊。 1. 若採用套編，將4冊集中於一筆書目紀錄中: 245 10 $a鴉片戰爭 /$c王曉秦著 500 __ $a內容註(要將肆之壹-肆的單冊篇名：山雨欲來風滿樓、威撫痛剿費思量、海疆煙雲蔽日月、大纛臨風帶血收，著錄於此) 館藏段部冊號取v.1, v.2, v.3, v.4: 鴉片戰爭 肆之壹：山雨欲來風滿樓 857.7 作者號 v.1 鴉片戰爭 肆之貳：威撫痛剿費思量 857.7 作者號 v.2 鴉片戰爭 肆之參：海疆煙雲蔽日月 857.7 作者號 v.3 鴉片戰爭 肆之肆：大纛臨風帶血收 857.7 作者號 v.4 2. 若單本編，為4本書共建4筆紀錄: 第1筆紀錄-- 245 10 $a鴉片戰爭. $n肆之壹, $p山雨欲來風滿樓 /$c王曉秦著 館藏段部冊號取: 857.7 作者號 第2筆紀錄-- 245 10 $a鴉片戰爭. $n肆之貳, $p威撫痛剿費思量 /$c王曉秦著 館藏段部冊號取: 857.7 作者號.2 (例如: 8463.2；8463-2.2；8463:2.2，-和:後的數字是據各圖書館館藏給予的作品號與作者區分號會有不同，之後，加.表示同作品序號) 第3筆紀錄-- 245 10 $a鴉片戰爭. $n肆之參, $p海疆煙雲蔽日月 /$c王曉秦著 館藏段部冊號取: 857.7 作者號.3 第4筆紀錄-- 245 10 $a鴉片戰爭. $n肆之肆, $p大纛臨風帶血收 /$c王曉秦著 館藏段部冊號取: 857.7 作者號.4",作者號及輔助區分號
31029,2019-04-18,31029_A02,《颶光典籍三部曲：引誓之劍.下》的部冊號如何呈現？,二、 《颶光典籍三部曲：引誓之劍.下》從書名判斷，要考慮的點是「三部」、「下」及之前書目已怎麼編的問題，決定是各部曲整套2冊編1筆紀錄或整三部曲三套6冊編1筆書目紀錄。 1. 各部曲整套2冊編1筆紀錄，首、二、三部共編三筆紀錄 《颶光典籍首部曲：王者之路（上下冊）》 首部 857.7 作者號 v.1；v.2(下冊編號) 《颶光典籍二部曲：燦軍箴言（上下冊）》 二部 857.7 作者號.2 v.1；v.2 《颶光典籍三部曲：引誓之劍（上下冊）》 三部 857.7 作者號.3 v.1；v.2 2. 三部6冊共編一筆紀錄的部冊編號 《颶光典籍首部曲：王者之路（上下冊）》 首部 857.7 作者號 v.1:1 ；v.1:2(下冊編號) 《颶命典籍二部曲：燦軍箴言（上下冊）》 二部 857.7 作者號 v.2:1； v.2:2 《颶光典籍三部曲：引誓之劍（上下冊）》 三部 857.7 作者號 v.3:1； v.3:2 以上供參 錢月蓮敬答 20190419,作者號及輔助區分號
31030,2019-05-02,31030_A01,台灣圖書館是否將逐漸轉換分類號以DEWEY進行分類？,國家圖書館圖書資料分類區分為中、西文：（一）中文：2007年起改用《中文圖書分類法》（2007年版），少數圖書館採用其他分類法；（二）西文：多半採用《Dewey Decimal Classification》（DDC）或《Library of Congress Classification》（LCC），少數圖書館採用其他分類法。分類法轉換茲事體大，且各館依館藏量決定採用分類體系，無須各館一致。,其他
31031,2019-05-02,31031_A01,336 337 338段的正確寫法是什麼？,MARC 21欄位336、337、338之分欄a著錄內容為「term」、分欄b著錄內容為「code」，前者方便館員及讀者的解讀和識別，後者便於系統上資料的統計、篩選與批次處理。,機讀編目格式
31031,2019-05-02,31031_A02,是否有關於336 337 338段的新規則？,內容為文字資料的圖書，除了Leader/06之值必須為「a」（Language material）或「t」（Manuscript language material）之外，其欄位336、337、338著錄內容可包括分欄a、b、2，也可僅著錄分欄a及2但不著錄分欄b，或僅著錄分欄b及2但不著錄分欄a。建議編目時，儘量將336、337、338之分欄a、b、2內容著錄完整。,編目法
31032,2019-05-06,31032_A01,中小學圖書館空間規劃如何改進，以提升小學生找書的友善性？,空間規劃建議參考公共圖書館或中小學圖書館的開架書庫規劃，可透過書標顏色或色標、特藏代碼（例如以『C』代表兒童讀物、『J』代表青少年圖書）等方式進行標識及區別，方便館員辨識與讀者找書。,其他
31032,2019-05-06,31032_A02,如何在編目中標註適讀年齡，以協助館藏搜尋與篩選？,編目時可於書目紀錄附註項註明適讀對象，例如『500 $a3-6歲適用』或『500 $a青少年讀物』；若採用MARC 21格式，可於欄位008位址22以代碼標記（如『a』代表學齡前兒童），並增加欄位385著錄適讀對象特性。,機讀編目格式
31033,2019-05-02,31033_A01,「黃阿瑪」系列作品在分類上放在437.3607而非855的原因是什麼？,"「黃阿瑪」系列作品係由「黃阿瑪」（貓咪名稱）領軍的寵物貓咪們日常生活的文字記錄，該系列作品每書內有多篇各有篇名的文章，為有關「貓」的文集，其主題與主角皆為貓咪，就一般分類原則仍會先依主題歸類，而不是入文學類。在《中文圖書分類法》（2007年版）內，貓咪的類號為「437.36 貓」，加上總論複分表之「07　論文集　包括論叢、論集、散論、論萃、文集、文選、選集、選輯、選粹、選編、叢編、粹編、演講集」，因此「黃阿瑪」系列作品的類號為「437.3607」, 而非「855」中國各種文學之散文或隨筆。",作者號及輔助區分號
31034,2019-05-08,31034_A01,因即將建立新館，請問關於各區的中英文名稱有建議的文件嗎？,為協助全國公共圖書館建立合宜之雙語標示，本館委請專家學者於108年初完成並公布「圖書館服務、資料、空間及設施設備雙語詞彙」修訂內容，敬請參考網址https://www.ncl.edu.tw/information_237_10202.html。,其他
31034,2019-05-08,31034_A02,請問書架的長寬高有建議的大小嗎？若是小學圖書館請問有什麼樣的建議嗎？,〈國民小學圖書館設立及營運基準〉及〈國民中小學設備基準〉皆未明文規定小學圖書館的書架尺寸，考量小學圖書館服務對象主要為小學生，仍需以讀者方便取閱為前提。另建議上網參考國內外相關資料、或者參觀其他小學圖書館及公共圖書館兒童室書架設備。,其他
31035,2019-05-08,31035_A01,在欄位500段著錄譯自原文，並在740段著錄原文，這樣用法有無不妥?,原則上不算錯誤，但翻譯作品的原文題名較少採用這樣的方式做呈現，通常會盡量以權威檢索點的方式做著錄。若除了原文題名外還有其他題名需提供檢索，可著錄於欄位740。,編目法
31035,2019-05-08,31035_A02,是否建議將翻譯作品原文皆著錄於240段，且若著錄在240段還需要在500段著錄譯自:原文嗎?,若以權威檢索點（如240段）著錄語言版本，通常不需要再於500段著錄譯自原文，但各館可依系統檢索與服務需求決定著錄政策。,其他
31036,2019-05-08,31036_A01,杜威分類法中澳洲兒童文學的分類應列入哪個類號？,"在杜威分類法中，澳洲兒童文學會歸入「澳洲文學」類，位於英語文學類820-829中。若需進一步區分國家，可在類號前加上地區代碼A，例如A820（English literature of Australia）。對於澳洲英語文學的時代複分，可參考「Optional period tables for English -- For Australia」，例如082  04  $a A823.4  $2 23 100  1#  $a Griffiths, Andy,  $d 1961-  $e author. 245  14  $a The 104-storey treehouse /  $c Andy Griffiths ; illustrated by Terry Denton. 650  #0  $a Tree houses  $v Juvenile fiction. 650  #0  $a Imagination  $v Juvenile fiction. 650  #0  $a Australian fiction. 650  #0  $a Children's stories. 分類號823為「English fiction」，前置代碼「A」指「澳洲」，複分「.4」為澳洲英語文學時代複分「2000 to present in Australia」。",編目法
31037,2019-05-10,31037_A01,出版年與版權年不同時，年代號應以出版年或版權年為主？,依據LC CSM G140第5點的解釋，在AACR2編目環境下，若版權日期晚於出版日期，會以版權日期作為索書號年代號。但在採用RDA編目後，因RDA以「出版日期」為核心元素，若存在出版年資訊，則以出版年取年代號，若無出版年，才以版權年、製作年或經銷年等取年代號。,編目法
31037,2019-05-10,31037_A02,版權年為2020年、出版年為2019年的第三版書，年代號應取2020還是2019？,若採用AACR2編目，年代號取2020（260欄位著錄2019，264欄位著錄©2020）；若採用RDA編目，年代號取2019（264欄位僅著錄出版年2019，版權年©2020為選擇性著錄）。,編目法
31038,2019-05-14,31038_A01,《西遊記》在杜威分類中，正確的類號是什麼？,《西遊記》為中國小說，若以杜威分類法（DDC）取擇類號，其類號為895.1346。取號方式為：895.1（中國文學）＋複分號「3」（小說）＋複分號「46」（明代）＝895.1346（小說「西遊記」即入此類號）。,分類法
31038,2019-05-14,31038_A02,「CF」是否為杜威分類法中的文學類別？,「CF」並非杜威分類法（DDC）的正式類號結構，DDC分類號皆由數字與小數點組成，沒有英文字母。若見到「CF」前綴，應為各圖書館自訂的特藏代碼，可能指「Chinese fictions」，屬館藏自訂代碼，非DDC標準類號。,分類法
31039,2019-05-13,31039_A01,貓戰士與特殊傳說：這類型的書要採編成１筆書目或各書分別編１筆書目，請問要如何選擇?,「套書」通常指2本或2本以上的書組成一個整體，強調一個整體的概念。套書處理原則分為「單編」及「套編」。所謂「單編」，係針對整套圖書資料之個別部分（各單冊）建置單筆書目紀錄，適用時機為整套圖書各部分作品有明確的個別書名及作者，且整套圖書不同時間出版或入館。以「貓戰士」系列出版品為例，建議以每一系列的題名進行單編，每個系列題名下包括數冊，將各冊的題名著錄於內容註。,編目政策與管理
31039,2019-05-13,31039_A02,如果我只編到套書某１筆時和面對完整一套時，那麼在編目上要如何處理較適合呢?,當僅編到套書的某一單冊時，由於尚不確知整套圖書情形，或可先採單編方式處理，隨後若各冊到館或確知其題名、作者、出版情況時，再決定是否改為套編。而若面對的是整套完整圖書時，依偱前述有關「單編」及「套編」的原則進行判斷和處理。,編目政策與管理
31040,2019-05-17,31040_A01,主編、副主編及一眾編者，是否全部都要著錄在700段？有沒有一個上限呢？,若採用《中國編目規則》（CCR），超過三人（團體）者，僅記首列之著者，並加「等」字，其餘全部省略。若採用《Resource Description & Access》（RDA），未規定著者人數著錄上限，但可選擇性省略相同職責之單一著者名稱敘述（超過三人時，除第一個外可省略其他著者名稱敘述）。,編目法
31040,2019-05-17,31040_A02,電影獲獎無數時，應全部著錄在586段嗎？還是只著錄大獎項呢？,得奬資訊著錄於附註項，依據MARC 21欄位586定義為「與所描述單件相關的得獎資訊」。附註項為補充說明，因此得奬無數的作品，可著錄全部奬項，也可僅著錄重要或較大奬項。,編目法
31040,2019-05-17,31040_A03,頁數的著錄應根據頁面底下的頁數還是手算記錄呢？,CCR 2.5.1.2規定：面（葉）數包括正文及前後之面（葉）數，若全書順次相連以最後一面為準；若另計則依書中次序。若原書註明面數後尚有繼續前文但未註明，應計其面數並加方括弧（廣告等未涉及內容者不計）。,編目法
31041,2019-05-18,31041_A01,744.39這個分類號是新出的嗎？,《中文圖書分類法》（2007年版）類表中並無『744.39』這個類號，而是由『744.3 捷克』主類號加上『各國史地複分表』的『9 備用 如不另指定，遊記得入此』形成。,其他
31041,2019-05-18,31041_A02,為何手邊的書看不到744.39這項？,『各國史地複分表』屬於專類複分表，必須配合主類號（730-770）一起使用，且需根據圖書資料實際情況決定是否加註。手邊的書可能未使用此複分表或未符合加註條件。,其他
31042,2019-05-19,31042_A01,什麼情況才會在分類號上面加上特藏號？,當需要將同一類型的資料集中放置，並且與其他資料類型予以區別時，無論是區別資料類型或資料使用設備、區分典藏區域、方便館員或讀者依資料類型上架或找書、或是辨識資料可否外借等情況，圖書館皆可考量是否在索書號之分類號上方加上特藏號。,作者號及輔助區分號
31043,2019-05-19,31043_A01,台灣中文編目常用的著者號碼法是什麼？,在台灣中文編目部分多為首尾五筆法、四角號碼法等。,編目法
31043,2019-05-19,31043_A02,台灣西文編目常用的著者號碼法是什麼？,"西文編目則是採用克特號 (Cutter numbers)，若您是使用美國國會圖書館分類法 (LCC)，通常會使用""LC Cutter Table""，若您是使用杜威分類表 (DDC)，則通常會查檢 ""Cutter Sanborn Three-Figure Table"" 或 ""Cutter Three-figure Table"" 來做取號，這2個取號表目前也被OCLC分別擴充為 ""Cutter Sanborn Four-Figure Table"" 或 ""Cutter Four-figure Table""。",作者號及輔助區分號
31044,2019-05-21,31044_A01,登入號有字數限制嗎？,現代圖書館的登錄號格式和長短係由各圖書館依其預期館藏量的規模自行訂定編號原則，因此無統一的字數限制。,其他
31044,2019-05-21,31044_A02,登入號前可加英文字當代碼嗎？,可於登錄號前加英文字母作為代碼，例如以C代表漫畫書，但需由貴館自行訂定此類前導式英文碼的使用規則。,作者號及輔助區分號
31045,2019-05-23,31045_A01,標題與題名的差異為何？,「題名」指的是出現在圖書資料單件上的字詞、短語、字符或字符組，用以代表該單件或作品的名稱。以紙本圖書而言，題名通常會出現於書名頁、版權頁、封面、書背等，故又稱「書名」。以非書資料而言，則以「題名」代表各式圖書資料的名稱。 「標題」則是用以揭示文件內涵主題的文字標示，目的是讓使用者在未詳閱內容前即可了解內容重點和主題。標題形成的過程需進行主題分析，並轉譯為符合圖書館主題相關規範工具的主題詞彙。,主題法
31045,2019-05-23,31045_A02,標題等同題名嗎？,標題不等同於題名。題名是用以標示作品名稱的固定標識，而標題是用以揭示文件主題的動態標示，兩者在功能、形成方式及應用情境均有顯著差異。,權威控制
31046,2019-05-23,31046_A01,《再現臺灣》（100冊，2006-2009）應採集中編成1筆書目或各別各編1筆書目？,依套書處理原則，若採「套編」時，建議2006、2007、2008、2009各編1筆書目，書目紀錄的正題名皆為《再現臺灣》、編次名稱則為年代，且100冊之各冊題名須著錄於內容註；若採「單編」時，以各冊題名作為書目紀錄的正題名，且各冊係屬《再現臺灣》哪個年度，也須在書目紀錄內的集叢項敘明。,編目法
31046,2019-05-23,31046_A02,國家圖書館對《再現臺灣》套書的處理方式為何？,國家圖書館館藏發展及書目管理組表示，圖書館可自行判斷及決定《再現臺灣》究竟應採「單編」或「套編」，並建議在採「套編」時，仍以2006、2007、2008、2009各編1筆書目處理。,編目政策與管理
31046,2019-05-23,31046_A03,編目考量上應如何處理《再現臺灣》套書？,編目考量包括：1.「單編」適用於各部分有明確個別書名及作者，且不同時間出版或入館；2.「套編」適用於整套有共同題名及著者，且同時出版或入館；3.各冊題名須著錄於內容註，年度資訊需在集叢項敘明。,編目政策與管理
31047,2019-05-24,31047_A01,字順主題法中，關鍵詞法之組配方式為後組合式，抑或無組配方式？,字順主題法中的「關鍵詞法」，係以文件本身的主題詞彙來形成，多為自然語言，其詞彙不預先控制、也不另編詞表，故屬於「後組合」式，使用者在資料檢索時，才進行關鍵字詞的組合檢索。,主題法
31047,2019-05-24,31047_A02,字面組配與概念組配之具體差異為何？為何標題法與單元詞法屬字面組配，而敘述詞法屬概念組配？,「字面組配」與「概念組配」之具體差異，前者為就標題或主題詞進行字面上的組配，後者則以標題或主題詞進行概念上的組配。所謂「敘述詞法」係利用概念的分解與組配原理來進行敘述詞的規範化，因此屬於「概念組配」。而「標題法」是以字詞作為主題的呈現，並將各主題詞彙以字順方式排序而形成標題表；「單元詞法」則是將每個複合的概念拆解為單元詞，一個詞僅代表一個概念。此兩者不以概念的分解與組配原理來進行組配，而是以標題詞及單元詞進行「字面組配」，故不屬於「概念組配」。,主題法
31048,2019-05-25,31048_A01,索引典詞彙「食品」UF「食物」，下列敘述何者正確？,敬啟者，您好： 本館編目園地是圖書館界同道相互溝通信息之橋樑，其中資訊組織諮詢服務係為服務圖書館同道有關資訊組織業務之經驗交流，台端所提問題為考試題目，不在本園地諮詢服務範圍，謝謝！ 國家圖書館館藏發展及書目管理組敬覆,其他
31048,2019-05-25,31048_A02,索引典上面的認可術語是什麼意思?,敬啟者，您好： 本館編目園地是圖書館界同道相互溝通信息之橋樑，其中資訊組織諮詢服務係為服務圖書館同道有關資訊組織業務之經驗交流，台端所提問題為考試題目，不在本園地諮詢服務範圍，謝謝！ 國家圖書館館藏發展及書目管理組敬覆,其他
31049,2019-05-25,31049_A01,VRA詮釋資料標準有哪些特性？,敬啟者，您好： 本館編目園地是圖書館界同道相互溝通信息之橋樑，其中資訊組織諮詢服務係為服務圖書館同道有關資訊組織業務之經驗交流，台端所提問題似為考試問答題目，不在本園地諮詢服務範圍，謝謝！ 國家圖書館館藏發展及書目管理組敬覆,編目法
31050,2019-05-25,31050_A01,8 標籤（tagging）並非新興的人類資訊活動，但在以下那個行為之後，就形成了當前網路世界中的社會性標籤（social tagging）？ (A)登記 (B)儲存 (C)分享 (D)虛擬化,本館編目園地資訊組織諮詢服務係為服務圖書館同道有關資訊組織業務之經驗交流，台端所提問題為考試題目，不在本園地諮詢服務範圍,其他
31050,2019-05-25,31050_A02,社會性標籤（social tagging）定義是什麼?,本館編目園地資訊組織諮詢服務係為服務圖書館同道有關資訊組織業務之經驗交流，台端所提問題為考試題目，不在本園地諮詢服務範圍,其他
31051,2019-05-25,31051_A01,35 IFLA 的權威資料功能需求概念模式中，定義了四種使用者工作（user tasks），下列何者不在其中？,敬啟者，您好： 本館編目園地是圖書館界同道相互溝通信息之橋樑，其中資訊組織諮詢服務係為服務圖書館同道有關資訊組織業務之經驗交流，台端所提問題為考試題目，不在本園地諮詢服務範圍，謝謝！ 國家圖書館館藏發展及書目管理組敬覆,其他
31051,2019-05-25,31051_A02,請問是哪四種呢？,敬啟者，您好： 本館編目園地是圖書館界同道相互溝通信息之橋樑，其中資訊組織諮詢服務係為服務圖書館同道有關資訊組織業務之經驗交流，台端所提問題為考試題目，不在本園地諮詢服務範圍，謝謝！ 國家圖書館館藏發展及書目管理組敬覆,其他
31052,2019-05-26,31052_A01,當單獨只編到某套書的某1集時，在編目上有什麼考量？,「單編」係針對整套圖書資料之個別部分（各單冊）建置單筆書目紀錄。可能由於整套圖書資料每一個別部分的題名、作者、稽核項、附件等資料不同，為完整而詳細呈現每一個別部分的形式特徵，因而採行為每一個別部分各自建立1筆書目紀錄。適用時機為整套圖書各部分作品有明確的個別書名及作者，且整套圖書不同時間出版或入館。若採「單編」時，則以各冊題名作為書目紀錄的正題名，且各冊係屬哪個集叢名及集叢號，也須在書目紀錄內的集叢項敘明，分類時可針對單冊主題進行分類（各冊圖書於排架時可能會分散多處），也可採整套主題進行歸類（各冊圖書於排架時集中一處）。,編目法
31052,2019-05-26,31052_A02,當編到完整一套書時，在編目上有什麼考量？,「套編」係指整套圖書有明顯的共同題名、無各部分（或單冊）的題名、且有共同著者（編者），才會將整套圖書共同編製1筆書目紀錄，並將各部分（或單冊）圖書單件的條碼號輸入在該筆書目紀錄下的特定欄位內。適用時機為整套圖書有共同且明確的題名及作者、各部分作品無明確之題名及作者時，且整套圖書同時出版或入館。百科全書、字辭典、年鑑、名錄等套書的處理原則多採此類方式。若採「套編」時，書目紀錄的正題名為整套書的共同題名，且各冊或各部分的題名須著錄於內容註，分類時通常採整套主題進行歸類。,編目法
31053,2019-05-27,31053_A01,如何利用國圖資訊查到如何編目？,可至本館編目園地之「活動與研習」的『專業研習』項目，查詢歷年由本館主辦或與中華民國圖書館學會合辦之資訊組織相關課程（http://catweb.ncl.edu.tw/portal_g13_cnt.php?button_num=g13&folder_id=41），內容包含資訊組織、記述編目、主題分析、權威控制、RDA、編目資料應用等主題，并提供課程講義電子檔及數位影音服務。,編目政策與管理
31053,2019-05-27,31053_A02,國圖資訊是否收錄《東協工作筆記》相關內容？,本館專業研習課程內容包含《青年寫給青年的東協工作筆記》等模式，說明該書作為編目實務案例被收錄於課程資料中。,編目政策與管理
31054,2019-06-03,31054_A01,我國之前使用中國機讀編目格式(CMARC)時，僅研訂了MARC21五種格式中的哪二種？,我國之前使用的中國機讀編目格式（簡稱CMARC），僅訂定了書目與權威資料格式（名稱分別為《中國機讀編目格式》及《中國機讀權威記錄格式》）,機讀編目格式
31054,2019-06-03,31054_A02,為何我國之前使用中國機讀編目格式(CMARC)時，僅研訂了那二種格式？,係由於此兩種資料的機讀格式為國內大部分圖書館編目建檔時會使用到的機讀格式。,機讀編目格式
31055,2019-06-10,31055_A01,西文預行編目中658-dc21是否為杜威十進位分類法?,若是出現於西文圖書之分類號，類號658的確有可能為杜威分類號（DDC number）；若您看到的圖書主題是管理方面的，那麼類號658就可確認為DDC分類號沒錯了。,機讀編目格式
31055,2019-06-10,31055_A02,dc21是杜威十進位分類法的複分號還是作者號?,dc21應是用以取號的杜威分類表版本，DDC目前更新到第23版，所以您所舉的例子，指的是該類號依據DDC第21版取號。,作者號及輔助區分號
31056,2019-06-10,31056_A01,英文繪本若為兒童、青少年讀物，以中文圖書分類法應給予什麼索書號？,若繪本為兒童、青少年讀物，通常會視為兒童文學之一，類分時會依作者國別，分入相應的各國文學類下之兒童文學類目。如：由美國作家 Jane Yolen 創作，Matt Phelan 繪圖的《A kite for Moon》，類號可取為「874.59 美國兒童文學」；若是不知或未能查明作者國別，則可入「815.99 兒童繪本及圖畫書」（仿「859 中國兒童文學」加以複分而成）。另外，也可不區分作者國別，將館藏所有繪本集中分入「815.99 世界兒童繪本及圖畫書」類中。,作者號及輔助區分號
31056,2019-06-10,31056_A02,英文繪本若為一般成年人讀物，以中文圖書分類法應給予什麼索書號？,若是繪本為一般成年人讀物，目前在類分時也是依作者國別，分入相應的各國文學類下之「散文」或「雜著」等類目中。,作者號及輔助區分號
31057,2019-06-15,31057_A01,什麼是追尋項？,追尋項係指以往圖書館自動化前，編目員將檢索點（access points）逐一記載於卡片的最下或最末，用以提供編製不同檢索標目的卡片、並放入不同用途的目錄中之著錄項目。配合編目規則所訂的各個著錄項目（例如題名及著者敘述項、版本項…），此類檢索點也稱為「追尋項」。,編目法
31057,2019-06-15,31057_A02,追尋項的用途是？,追尋項的用途係為了記載書目資料之檢索款目的數量與內容，以便作為製作不同附加款目卡片的依據。例如可據以產生標題款目卡片、著者款目卡片等，並配合分類片形成完整卡片組合。在圖書館自動化後，則改以檢索標目相關欄位（如MARC 21之欄位1XX、6XX、7XX、8XX）進行著錄。,機讀編目格式
31058,2019-06-21,31058_A01,分類號是甚麼？,分類號係依據圖書館採用之圖書分類表來取號。以《植物大戰殭屍: 機器人漫畫. 1 機器人迷宮》為例，若圖書館採用《中文圖書分類法》（2007年版），該書主題若為科學叢書，則分類號為「308」；若為中國史地通俗史話，則為「610.9」；若為中國地理疆域有關都城部分，則為「681.1」；若為各國博物館，則為「069.8」。,作者號及輔助區分號
31058,2019-06-21,31058_A02,作者號是甚麼？,作者號係區分相同分類號之不同著者，由時代號與取碼法組成。以編繪者「笑江南」為例，依《中文圖書分類法》（2007年版）取時代號為「8」（代表民國；現代），再配合「首尾五筆」法取得「935」，形成著者號「8935」；若採用「四角號碼」法，則取「8834」。,作者號及輔助區分號
31059,2019-06-21,31059_A01,CNS13151:2019是改變那種統計方式？,CNS13151係參考國際標準組織之圖書館統計標準（ISO 2789）編製而成，目的是增進各圖書館對統計標準定義的認知與了解，並提供圖書館業務和服務項目一致化且標準化的計量單位。,其他
31059,2019-06-21,31059_A02,CNS13151對圖書館有何改變？,使統計數據能夠精準反映圖書館服務內涵，進一步作為各項服務比較分析之基礎。,其他
31060,2019-06-24,31060_A01,ISBN書號一定要印在封底上嗎？,國內並未強制要求出版品封底一定要印製ISBN，然而ISBN印於封底通常會搭配商品條碼，目的在於不需翻開出版品即可進行掃描，方便銷售典藏單位讀取資料及庫存管理。,其他
31060,2019-06-24,31060_A02,只有版權頁有印ISBN書號可以嗎？,版權頁上須有ISBN。雖未強制要求封底印製，但其他媒體出版品若無法依前述規定處理者，則視其型式印製於顯要處，如載體及盛裝物的標籤等。,其他
31061,2019-06-25,31061_A01,《植物大戰殭屍: 機器人漫畫. 1 機器人迷宮》若內容涉及機器人知識，應屬哪一類號？,若內容涉及機器人知識，則類號為「448.992 機械人」。,作者號及輔助區分號
31061,2019-06-25,31061_A02,《植物大戰殭屍: 機器人漫畫. 1 機器人迷宮》若僅以機器人為漫畫角色，應屬哪一類號？,若僅以機器人為漫畫角色且內容並非有關機器人相關學理或知識，則類號為「947.41 漫畫；連環圖畫」。,作者號及輔助區分號
31062,2019-06-27,31062_A01,本館使用中文圖書分類法時，西文作者號應如何取得？,依「四角號碼」羅馬字母號碼表取號，不需翻譯成中文即可依羅馬字母號碼表取號，詳細說明可參見網址http://catweb.ncl.edu.tw/class2007/b13_app01.pdf。,作者號及輔助區分號
31062,2019-06-27,31062_A02,如何為外國個人著者取著者號？,需查表取足4碼數字：1) 雙名著者：著者號依姓氏部分前兩個字母取2碼，名字部分依雙名之各自前1個字母取1碼；2) 單名著者：姓氏及名字兩部分，均依前2個字母查表各取2碼。取號時，若發生不同著者有相同著者號，建議加「作者區分號」作區別，例如在著者號後面加上「:2」、「:3」、「:4」...等。詳細說明可參考「西文書號及文獻排檢法」的說明（http://catweb.ncl.edu.tw/portal_f2_cnt_page.php?button_num=f2&folder_id=85&cnt_id=207&sn_judge=1%27）。,作者號及輔助區分號
31063,2019-06-28,31063_A01,哪里能下载到最新的杜威分类法中文版？,目前杜威十進分類法（DDC）並未見有正式授權翻譯的中文翻譯版DDC。臺灣、香港等在中文編目時所採用的「中文圖書分類法」，則是參照杜威十進位圖書分類法做改進，適用於中文書籍的中文圖書十進分類法。,分類法
31063,2019-06-28,31063_A02,若無法下載完整版，是否有大類表和宗教表的資源？,目前網路上並未釋出可公開、免費使用的DDC 23全表，但有下列網站可供參考綱要表：1) https://www.oclc.org/content/dam/oclc/dewey/ddc23-summaries.pdf（含DDC 23 outline）；2) http://web.lib.fju.edu.tw/chi/collection/classification/ddc（英文）；3) http://webpac.library.ntpu.edu.tw/Webpac2/ClassSearch.dll/?CW=DDC（英文）；4) http://www.libdipper.com.tw/cat/class/ddc/ddc_index.htm#TOP（含DDC outline及其中文翻譯，但未載明版本）,其他
31064,2019-07-01,31064_A01,分類法802.88與802.86在主題詞使用上有什麼不一樣? 是否增加主題詞以區分?,類號「802.88」為國語會話或國語讀本，「802.86」則為外國人學習用之漢語讀本。主題詞方面兩者皆可用「漢語」、「讀本」；若與會話有關者，尚可加上主題詞「會話」；而對於外國人學習用之漢語讀本，則可視實際情況考慮加上主題詞「漢語教學」。,其他
31064,2019-07-01,31064_A02,四角號碼使用羅馬字母拼音取號時，若不滿4個字母時該如何處理? 例如:Ada,著者名稱為羅馬拼音且不滿4個字母，若無法區分姓與名或是僅以名取號，取3個字母的號碼數、最後補0。所提名稱「Ada」，據前述原則，即可得四角號碼「0300」。,作者號及輔助區分號
31065,2019-07-02,31065_A01,下列哪一種特藏代碼的書較不適合兒童閱覽？,敬啟者，您好： 所提問題題意不完整，若為考試題目，不在本園地諮詢服務範圍。本館編目園地是圖書館界同道相互溝通信息之橋樑，其中資訊組織諮詢服務係為服務圖書館同道有關資訊組織業務之經驗交流，謝謝！ 國家圖書館館藏發展及書目管理組敬覆,其他
31066,2019-07-03,31066_A01,《開羅美術館》一書在《中文圖書分類法》（2007年版）中應如何類分？,《開羅美術館》一書的類號為「906.8」（藝術館）。,編目法
31066,2019-07-03,31066_A02,若採整套書編目，《世界美術館全集》之第三冊應如何類分？,正題名為《世界美術館全集》之類號為「906.808」，即類號「906.8」加上「總論複分表」之「08」（叢書）組合而成。,編目法
31067,2019-07-03,31067_A01,兩個問題想請問,敬啟者，您好： 所提問題似為考試或作業題目，不在本園地諮詢服務範圍。本館編目園地是圖書館界同道相互溝通信息之橋樑，其中資訊組織諮詢服務係為服務圖書館同道有關資訊組織業務之經驗交流，謝謝！ 國家圖書館館藏發展及書目管理組敬覆,其他
31068,2019-07-04,31068_A01,"根據RDA，tag 100及700的著錄方式是否需要連著作方式一併記錄？例如：100 |a何小明,|e著 100 |a何小明,|e編等寫法有問題嗎？","採用RDA編目後，有關MARC 21欄位100及700之$e關係用語（即所謂的著作方式），通常是要著錄的，除非找不到適當或恰當的關係用語時，方不著錄，主要係由於MARC 21欄位100及700之$e並非必備分欄。雖然如此，但是為了未來或新一代目錄呈現時能達到FRBR目錄的顯示方式，建議於編目時，若確定著作方式及資源與作者之間的關係用語時，最好仍是儘可能著錄。MARC 21欄位100及700之$e關係用語，並非任意自行決定其詞語，編目時仍需依據RDA附錄I所規定之正式用語，若為中文編目，則可參考國家圖書館編目園地已公布之RDA附錄I中譯用語（http://catweb.ncl.edu.tw/userfiles/catweb/files/RDA%20附錄I20170912更新.pdf）。例如：1001 $a何小明,$e文字作者 1001 $a何小明,$e編輯 1001 $a何小明,$e插圖者",編目法
31068,2019-07-04,31068_A02,tag 007及008的作用是什麼？有什麼重要的意義？目前使用的系統沒有這2個tag，可以請老師指點？,欄位007及008為MARC 21定長欄位，係以代碼或數字方式標示資料實際情形。欄位007用來描述書目資源的稽核細節，通常用於非書資料；欄位008則用來描述書目資源的內容特性，適用於各種類型的資料。定長欄以代碼或數字表示的好處是，記載簡單不佔空間，同時也方便書目呈現時轉為文字方式於WEBPAC上顯示，另一用途則方便書目資料庫內特定類型與情形的資料之篩選和統計。,機讀編目格式
31069,2019-07-04,31069_A01,中文书编目若按照RDA规范，则264段后面需要加句号（半型）吗？,於MARC 21欄位264最末不需加句號或半形圓點。,編目法
31069,2019-07-04,31069_A02,以往出版社这三个字我们会省略不写，现在需要著录完整吗？例如：空中花园出版社。（以往我们会写：空中花园，省略出版社三字）,出版單位名稱需依在編資源上所載進行著錄，因此若在編資源上所載之出版社名稱即含有「出版社」3個字，仍應照錄（例如：空中花园出版社）,編目法
31069,2019-07-04,31069_A03,250段 版本项需要加句号（半型）吗？,於MARC 21欄位250最末不需加句號或半形圓點。,機讀編目格式
31070,2019-07-05,31070_A01,关于020段的著錄,MARC 21欄位020著錄範例為 020__ |a 1118785568 |q (pbk.) : |c 12.45 中文圖書通常以「平裝」或「精裝」著錄。 若欄位300後無欄位490集叢項，欄位300內容最末之計量單位著錄為「cm」。 若欄位300後緊接著欄位490集叢項，則欄位300內容最末之計量單位著錄為「cm.」。,機讀編目格式
31071,2019-07-05,31071_A01,翻译作品的原题名应如何著录？,若採用RDA編目，翻譯作品之原題名，一律需著錄欄位130或240。若原題名語文與正題名不同，且該題名出現位置相當於正題名，則以並列題名著錄於245$b，並可建立欄位246。若原題名語文與正題名不同，且該題名出現位置不相當於正題名，則不以並列題名著錄於245$b及不建立欄位246。,編目法
31071,2019-07-05,31071_A02,翻译作品的原题名副题名应如何处理？,翻譯作品之原題名的副題名，若與原題名同時出現於相當正題名之位置，則原題名的副題名，連同原題名一起著錄於245$b，並可為原題名的副題名另外建立欄位246。,編目法
31071,2019-07-05,31071_A03,翻译作品的其他语文题名应如何著录？,翻譯作品，不再判斷是否有與其他語文題名相同語文的內容，皆將資源中任何部分之其他語文題名視為並列題名，著錄於245$b及欄位246。,編目法
31071,2019-07-05,31071_A04,据以翻译的题名应如何处理？,據以翻譯之題名，視為並列題名，著錄於245$b，並且加錄246$i$a或欄位500加欄位7XX（二法擇一加錄）。,編目法
31071,2019-07-05,31071_A05,并列题名的来源应如何标注？,並列題名出現於資源內之任何部分，皆可著錄於欄位245$b，且不加方括號；若正題名取自資源以外的來源，並列題名應取自相同來源（見RDA 2.3.3.2），並於附註項註明正題名及並列題名來源。,編目法
31072,2019-07-05,31072_A01,部冊號為什麼用v來代表呢,部冊號以「v.」來代表，主要是採用「volume」的縮寫，有的圖書館也可能會標示為「vol.」。若在編圖書上以「part 1」、「part 2」...等，或是「number 1」、「number 2」...來做卷冊號次的標記，則圖書館也可能會以「pt.」或「no.」來著錄部冊號。部冊號如何標示，要視書上的標記方式以及各館索書號給號政策而定，並非絕對只以「v.」來標示。,作者號及輔助區分號
31073,2019-07-05,31073_A01,9787520314077『元刊杂剧三十种』之通俗性研究，國圖類號,依本館採用之《中文圖書分類法》（2007年版），會入「824 中國戲曲論」。圖書館此類圖書若館藏量不大時，即可直接使用「824」作為此書的分類號，然而本館館藏量龐大、此類主題的圖書也不少，因此有進一步細分的必要，故仿「821 中國詩論」其下所列細分，而形成 824    中國戲曲論 .5    各類戲曲研究 .8    戲曲評論 再依「附表二  中國時代表」找出元朝之時代號為「57」，組成 824.857    元代戲曲評論 因此『元刊杂剧三十种』一書由本館給出的分類號為「824.857」。,其他
31074,2019-07-07,31074_A01,為何圖書館仍使用四角號碼法或五筆檢字法進行查詢？,四角號碼法或是首尾五筆檢字法的目的，皆是圖書館作為該圖書資料的著者號，也就是分類號相同時用以區別不同書而以該書著者名稱依四角號碼法或是首尾五筆檢字法來取著者號，以便連同分類號、著者號、年代部冊次號共同組成索書號，並且藉由索書號以利於圖書資料的排架與調閱等之管理。,作者號及輔助區分號
31074,2019-07-07,31074_A02,如何正確使用圖書館系統查詢書籍？,讀者或使用者可以直接在圖書館系統上以題名或著者或主題等查詢所需資料，也可先經由Google查詢所需資料之書名、著者、出版者等相關資訊，再到圖書館系統上查詢是否該館或哪一個圖書館收藏有該資料。,其他
31075,2019-07-08,31075_A01,書中有兩個或以上主題且不在同一大類時，應採用哪種分類法的原則？,應依《中文圖書分類法》遵循多論題或多主題作品的分類原則，包括側重原則、應用原則、在前原則（依排名最前的學科進行分類，當主題有並列關係、不互為解說、不側重其中任一主題時）及涵蓋原則。國會分類法中的「在前原則」適用於此情境。,主題法
31076,2019-07-09,31076_A01,互著是什麼？,有關「互著」可參考https://pedia.cloud.edu.tw/Entry/Detail/?title=%E4%BA%92%E8%91%97,其他
31076,2019-07-09,31076_A02,別裁是什麼？,有關「別裁」可參考http://terms.naer.edu.tw/detail/1682478/?index=2,其他
31084,2019-07-18,31084_A01,文學作家的國籍認定原則為何？,通常以最新國籍為原則、以最初國籍為輔助，或依循原先分類為考量。,作者號及輔助區分號
31084,2019-07-18,31084_A02,艾略特的國籍為何？,艾略特（Thomas Stearns Eliot）的國籍為美、英。,其他
31084,2019-07-18,31084_A03,奧登的國籍為何？,奧登（Wystan Hugh Auden）的國籍為英、美。,作者號及輔助區分號
31084,2019-07-18,31084_A04,卡夫卡的國籍為何？,卡夫卡（Franz Kafka）的國籍為奧、捷。,作者號及輔助區分號
31084,2019-07-18,31084_A05,石黑一雄的國籍為何？,石黑一默出生於日本，後隨家人移居英國並入英國籍，故國籍屬英國。,編目法
31084,2019-07-18,31084_A06,若作家出生於中國且後改為英國籍，其國籍如何歸類？,其國籍仍以英國歸類。,其他
31084,2019-07-18,31084_A07,華僑的國籍認定原則為何？,有關華僑之國籍認定，可採寛鬆之認定原則，不一定要入新的國籍，或可考量仍以本國國籍歸類。,其他
31084,2019-07-18,31084_A08,若圖書館原先無英國傳記分類，新進館的奧登相關圖書應如何分類？,新進館該主題圖書仍依最新國籍的原則，即分入美國傳記（785.28）。,其他
31084,2019-07-18,31084_A09,若圖書館原先已分入英國傳記，新進館的奧登相關圖書應如何分類？,後續進館的圖書資料仍可持續分入英國傳記（784.18）。,其他
31086,2019-07-18,31086_A01,ISBN 9780440414803的出版年份是否有2018年的相關資訊？,未發現此ISBN於2018年出版之相關資訊。目前僅找到一精裝本版本（20 Years in Print，ISBN為9780374312640）於2018年出版。,其他
31086,2019-07-18,31086_A02,如何著錄封面設計版權年資訊？,若認為封面設計版權年資訊對出版年推估有參考價值，或對作品識別具重要性，建議於欄位500中做說明。例如：『Text copyright ©1998 by Louis Sachar. Cover art copyright ©2015 by Brando Dorman』-- Colophon。,編目法
31086,2019-07-18,31086_A03,如何著錄文字作品與封面設計版權年資訊？,可同時著錄文字作品與封面設計版權年資訊於欄位500，例如：『Text copyright ©1998 by Louis Sachar. Cover art copyright ©2015 by Brando Dorman』-- Colophon。,編目法
31086,2019-07-18,31086_A04,如何著錄原始出版資訊？,"建議於欄位500說明原始出版資訊，例如：『Originally published in hardcover in the United States by Farrar, Straus and Giroux, New York, in 1998. First Yearling edition 2000』-- Colophon。",編目法
31086,2019-07-18,31086_A05,封面設計版權年資訊是否影響出版年推估？,封面設計版權年資訊可能影響出版年推估，但建議以主要或整體作品之版權年為優先考量。若認為封面設計版權年資訊對出版年推估有參考價值，可於欄位500做說明。,其他
31089,2019-07-19,31089_A01,出版日期早於第1刷日期時，如何著錄出版年資訊？,"在欄位260將2個日期做著錄與說明，並在008/07-10著錄第1刷日期。例如：008/06 = s ; 008/07-14 = 2001, #### 260  ##  $a … :  $b …,  $c 2000 [i.e. 2001]",編目法
31089,2019-07-19,31089_A02,無出版年僅有版權日期與第1刷日期時，如何著錄出版年？,"以「copyright date」著錄出版年，於008/06 = s ; 008/07-14 = 2000, #### 260  ##  $a … :  $b …,  $c c2000，並建議於欄位500說明「This edition first print, 2001」",編目法
31089,2019-07-19,31089_A03,OCLC如何處理出版年與第1刷日期不一致的情況？,"當出版日期早於第1刷日期，會在欄位260同時著錄兩者，並於008/07-10記錄第1刷日期。例如：008/06 = s ; 008/07-14 = 2001, #### 260  ##  $a … :  $b …,  $c 2000 [i.e. 2001]",編目法
31092,2019-07-24,31092_A01,非譯自原作之翻譯作品的題名應如何著錄？,據以翻譯之題名，視為並列題名，著錄於245$b，並加錄246$i$a或欄位500加欄位7XX（二法擇一加錄）。,編目法
31092,2019-07-24,31092_A02,非譯自原作之翻譯作品的題名著錄於246字段時應如何操作？,246 31 |a並列題名,編目法
31092,2019-07-24,31092_A03,非譯自原作之翻譯作品的題名著錄於500字段時應如何操作？,500 00 |a譯自: 並列題名,編目法
31092,2019-07-24,31092_A04,非譯自原作之翻譯作品的題名可使用哪個字段加錄？,欄位500加欄位7XX（二法擇一加錄）,其他
31092,2019-07-24,31092_A05,翻譯作品非譯自原作時，原題名應如何著錄？,240 10 |a原題名,編目法
31092,2019-07-24,31092_A06,翻譯作品非譯自原作時，中文題名與並列題名應如何著錄？,245 10 |a中文題名|b並列題名,編目法
31092,2019-07-24,31092_A07,翻譯作品非譯自原作時，並列題名應如何著錄？,246 31 |a並列題名,編目法
31092,2019-07-24,31092_A08,翻譯作品非譯自原作時，7XX字段應如何使用？,740 0# |a並列題名,其他
31096,2019-07-25,31096_A01,中央大學的「學習與教學研究所」是否已更正系所名稱？,"經過查證, 本館過去的系所代碼紀錄裡, 將中央大學的 ""學習與教學研究所"" 誤植為 ""學習與教育研究所"" 現已更正",其他
31096,2019-07-25,31096_A02,為何中央大學的「學習與教學研究所」仍使用分類號521？,"分類號為了與過去的論文盡量集中, 仍使用 ""521""",其他
31100,2019-07-29,31100_A01,國家圖書館出版品預行編目（CIP）資料的實施時間為何？,我國出版品預行編目自民國78年起實施,編目政策與管理
31100,2019-07-29,31100_A02,何種圖書不會有國家圖書館出版品預行編目（CIP）資料？,出版地不在國內之出版品，不會有我國國家圖書館出版品預行編目（CIP）資料,其他
31100,2019-07-29,31100_A03,《王時敏》的中文圖書分類號為何？,參考類號：909.8,作者號及輔助區分號
31100,2019-07-29,31100_A04,《書畫家語林》的中文圖書分類號為何？,參考類號：830.99（需以原書實際內容作考量）,作者號及輔助區分號
31100,2019-07-29,31100_A05,《書道技法1‧2‧3》的中文圖書分類號為何？,參考類號：942,分類法
31100,2019-07-29,31100_A06,《歷代名畫解析：溪山清遠圖》的中文圖書分類號為何？,參考類號：944.4,主題法
31100,2019-07-29,31100_A07,《中國歷代山水名畫技法解析：趙幹．江行初雪圖》的中文圖書分類號為何？,參考類號：944.4,主題法
31100,2019-07-29,31100_A08,《美術教學示範作品：工筆人物畫法》的中文圖書分類號為何？,參考類號：944.5,作者號及輔助區分號
31100,2019-07-29,31100_A09,《美術基礎教學系列叢書：工筆禽鳥設色技法》的中文圖書分類號為何？,參考類號：944.6,作者號及輔助區分號
31100,2019-07-29,31100_A10,《文化資產叢書○29中國的花鳥畫》的中文圖書分類號為何？,參考類號：944.6,編目法
31100,2019-07-29,31100_A11,《美術基礎教學系列叢書：工筆獅虎豹基礎教程》的中文圖書分類號為何？,參考類號：944.7,作者號及輔助區分號
31100,2019-07-29,31100_A12,《中國繪畫史綱》的中文圖書分類號為何？,參考類號：944.09,編目法
31100,2019-07-29,31100_A13,《中國畫論類編》的中文圖書分類號為何？,參考類號：944,分類法
31100,2019-07-29,31100_A14,《中国古代绘画理论发展史》的中文圖書分類號為何？,參考類號：940.192,編目法
31100,2019-07-29,31100_A15,《東西方美術的交流》的中文圖書分類號為何？,參考類號：909.1,其他
31100,2019-07-29,31100_A16,哪些圖書的分類號需依實際內容調整？,《書畫家語林》、《中國藝術象徵辭典》需以原書實際內容作考量,分類法
31103,2019-07-29,31103_A01,日本全國遊記的中文圖書分類號為何？,圖書資料內容若為有關日本全國的遊記，其類號應為「731.9」（日本遊記）。,其他
31103,2019-07-29,31103_A02,日本東北地方志中遊記的中文圖書分類號為何？,類號「731.719」代表日本東北地方之地方志中的遊記。,作者號及輔助區分號
31103,2019-07-29,31103_A03,日本東北地方志歷史及現況部分的中文圖書分類號為何？,類號「731.7109」為日本東北地方志（「731.71」）中的歷史及現況部分，即「731.71」加〈附表一　總論複分表〉之「09 歷史及現況」所得之類號。,其他
31103,2019-07-29,31103_A04,日本東北地方遊記的中文圖書分類號為何？,類號「731.91」則是代表日本東北地方的遊記。,作者號及輔助區分號
31103,2019-07-29,31103_A05,日本遊記類號的備用分類號為何？,9 備用 如不另指定，遊記得入此。然而類表也有「731.9 日本遊記」，此類號是由「731 日本」＋〈各國史地複分表〉之「9」而得。,其他
31105,2019-07-30,31105_A01,依據AACR2規則，如何著錄無總題名合集的圖書？,"當在編的圖書是沒有總題名的合集，依據AACR2規則，其欄位245及相關之劃一題名可能會著錄如下： 100 1# $a Bernhard, Thomas. 240 10 $a Macbt der Gewobnbeit. $l Portuguese. 245 12 $a A forca do habito : $b comedia ; Simplesmente complicado / $c Thomas Bernhard. … 700 12 $a Bernhard, Thomas. $t Einfach kompliziert. $l Portuguese. … 740 02 $a Simplesmente complicado",編目法
31105,2019-07-30,31105_A02,依據RDA規則，如何著錄無總題名合集的圖書？,"依據RDA規則，題名及翻譯關係的描述會改為以下方式： 100 1# $a Bernhard, Thomas, $e author. 245 12 $a A forca do habito : $b comedia ; Simplesmente complicado / $c Thomas Bernhard. … 700 12 $i Container of (expression): $a Bernhard, Thomas. $t Macbt der Gewobnbeit. $l Portuguese. 700 12 $i Container of (expression): $a Bernhard, Thomas. $t Einfach kompliziert. $l Portuguese. … 740 02 $a Simplesmente complicado",編目法
31105,2019-07-30,31105_A03,在RDA規則中，是否必須著錄「Container of (expression)」關係標示語？,在RDA書目中，當指標2選為2時，基本上已含有「分析」的意義，可用以描述圖書內所包含的內容，所以關係標示語「Container of (expression)」可依各館政策選擇是否著錄，並非強制性的。,編目法
31105,2019-07-30,31105_A04,國際圖書館如何描述圖書中的翻譯關係？,"部分國際圖書館會選擇性使用欄位700或765，更清楚地描述「翻譯關係」： 700 1# $i Translation of: $a Bernhard, Thomas. $t Macbt der Gewobnbeit. 700 1# $i Translation of: $a Bernhard, Thomas. $t Einfach kompliziert.",機讀編目格式
31106,2019-07-31,31106_A01,《中文圖書分類法》2007年版中「797.8」類號的用途為何？,《「亮島人」DNA研究》一書內容主要研究福建省連江縣南竿鄉之人類演化。於《中文圖書分類法》（2007年版）中，「797.8」代表中國古物志有關遺址方面，圖書館可以直接使用類號「797.8」,其他
31106,2019-07-31,31106_A02,《中文圖書分類法》2007年版中如何透過「附表七 中國縣市表」進行複分？,「797.8」類號下可依「附表七 中國縣市表」複分，「31」代表福建省、「137」代表連江縣，主類號與省「31」之間加上「0」、而省與縣之間加上「/」以示區隔，因而形成該書類號為「797.8031/137」,其他
31106,2019-07-31,31106_A03,為何需在「797.8」與「31/137」之間加入「0」？,之所以必需在「797.8」與「31/137」之間加上「0」，是為了避免與類表中原已存在的類號「797.831」城鎮遺址有所衝突，故仍宜其間補「0」,其他
31109,2019-08-15,31109_A01,莎士比亞的作者號為何？,正確作者號為5745。,作者號及輔助區分號
31110,2019-08-16,31110_A01,附件註銷後是否需保留300分欄$e,本館處理方式仍會保留欄位300分欄$e，以完整著錄書的狀況。,編目法
31110,2019-08-16,31110_A02,系統無附件單冊處理狀態功能時應如何處理,可在欄位500分欄$a著錄此附件已報銷。,其他
31112,2019-08-18,31112_A01,大學圖書館目前依據哪一項法規作為營運規範？,大學圖書館是依據105年公布的「圖書館設立及營運標準」作為主要營運規範。,編目政策與管理
31112,2019-08-18,31112_A02,「大學圖書館設立及營運基準」的處理狀態為何？,「大學圖書館設立及營運基準」的廢除處理，承辦單位教育部高教司近期內將會處理。,其他
31115,2019-08-23,31115_A01,外文書籍編目時推薦使用哪些書目資料庫作為抄錄來源？,建議以OCLC WorldCat資料庫作為西文書目抄錄來源，可搜尋到較多資訊。其他常用資源包括美國國會圖書館WebPac、OCLC Classify、紐約公共圖書館、耶魯大學圖書館、哈佛大學圖書館等。,其他
31115,2019-08-23,31115_A02,OCLC Classify的主要功能為何？,OCLC Classify系統分析了所有OCLC書目資料庫的書目，可查所有擁有某一本書的圖書館，對該本書給予什麼樣的分類號、主題詞，可做為取分類號或索書號、給訂主題詞的參考依據。,其他
31115,2019-08-23,31115_A03,西文書籍編目需要熟悉哪些編目工具？,需要熟悉RDA編目規則、LCC（美國國會分類表）、DDC（杜威分類表）、LCSH（美國國會主題詞表）、LCGFT（作品名稱主題詞表）等工具。,編目法
31115,2019-08-23,31115_A05,美國國會圖書館WebPac的網址為何？,https://catalog.loc.gov/index.html,其他
31115,2019-08-23,31115_A06,OCLC Classify資料庫的網址為何？,http://classify.oclc.org/classify2/,其他
31115,2019-08-23,31115_A07,西文編目工作若無購置相關工具的規劃，會面臨什麼困難？,若對編目工具沒有使用經驗，且未購置相關工具，要完全原始編目會較為費時。,其他
31116,2019-08-25,31116_A01,英文書的索書號如何根據分類法體系產生？,英文書的索書號取法需根據所採用的分類法體系。學術研究、大學、國家圖書館等多採用國會圖書館分類法(LCC)，公共及學校圖書館則多採用杜威分類法(DDC)。LCC分類法採用LC Basic Cutter Table取作者號，DDC分類法則多搭配Cutter-Sanborn克特表取號。,作者號及輔助區分號
31116,2019-08-25,31116_A02,LCC分類法的作者號如何產生？,LCC分類法的作者號取自LC Basic Cutter Table（網址：https://www.loc.gov/aba/pcc/053/table.html），需依作者姓氏取克特號，並與國會圖書館館藏目錄複查確認無重號後使用。若作者已存在國會圖書館專號，則直接使用。,作者號及輔助區分號
31116,2019-08-25,31116_A03,DDC分類法的作者號如何產生？,DDC分類法的作者號多搭配Cutter-Sanborn克特表取號，並根據館藏政策調整。例如紐約公共圖書館對童書繪本採用特藏代碼「J」代表童書、「PIC」代表繪本，後接作者姓氏排列。,作者號及輔助區分號
31116,2019-08-25,31116_A04,英文繪本的索書號結構包含哪些部分？,英文繪本的索書號結構包含分類號、作者專號、作品號及年代號。例如LCC分類法下，Emma Adbøge的繪本「The grand expedition」索書號為「PZ7.1.A23848 Gr 2018」，其中「Gr」為作品號，「2018」為年代號。,作者號及輔助區分號
31116,2019-08-25,31116_A05,如何查詢英文書的索書號參考資料？,可參考「LC Classification and Selflisting Manual」（網址：https://www.loc.gov/aba/publications/FreeLCC/freelcc.html）、「LC Procedures for Shelflisting CYAC Material」（網址：https://www.loc.gov/aba/cyac/shelflisting.html）以及OCLC提供的「OCLC Classify」工具（網址：http://classify.oclc.org/classify2/）。,作者號及輔助區分號
31118,2019-08-26,31118_A01,旅遊書版權頁的版本或版次應著錄於哪個MARC 21欄位？,旅遊書版權頁上所載的版本或版次，皆著錄於MARC 21欄位250。,編目法
31118,2019-08-26,31118_A02,書名頁出現的「18-19版」應如何著錄？,書名頁上所出現的「18-19版」，通常不會將之著錄於245$n，而是著錄於欄位250或500。,編目法
31118,2019-08-26,31118_A03,何種情況下可將「2018-2019」視為編次並著錄於245$n？,若要將「2018-2019」視為該書的編次，著錄於MARC 21欄位245$n。,編目法
31118,2019-08-26,31118_A04,「編採」職責角色的定義為何？,『編採』此一職責角色，非出版品之創作者（指「著」或「作」或「撰」），而是貢獻者或輔助著者。,其他
31118,2019-08-26,31118_A05,「編採」角色的著錄方式為何？,除了於MARC 21欄位245$c照錄外，並需於欄位700為其建立個人名稱的附加檢索款目。,編目法
31122,2019-08-30,31122_A01,喬治亞於1991年4月9日獨立前的文學應歸入哪個類號？,880 俄國文學,其他
31122,2019-08-30,31122_A02,喬治亞於1991年4月9日獨立後的文學應歸入哪個類號？,869 其他亞洲各國文學,其他
31122,2019-08-30,31122_A03,圖書館如何處理喬治亞文學作品的類號歸類？,圖書館或可考量選定其中一個類號作為該國文學作品歸類依據，以便匯聚同主題作品，方便讀者查閱,其他
31123,2019-08-31,31123_A01,MARC 21欄位246用於著錄什麼類型的題名？,MARC 21欄位246所著錄的題名為在編圖書之不同題名形式，而不是指不同版本的題名。,機讀編目格式
31123,2019-08-31,31123_A02,相同媒體不同版本之題名應著錄於哪個欄位？,相同媒體不同版本之題名，依MARC 21規定係著錄於欄位775。,機讀編目格式
31123,2019-08-31,31123_A03,題名相同之新舊版應如何區辨？,"實務上大部分圖書館對於題名相同之新舊版，比較少會再額外著錄欄位77,5，而是以欄位250版本項進行區辨。",機讀編目格式
31123,2019-08-31,31123_A04,不同語言版本、不同地區版本或翻印等不同版本之題名應如何著錄？,不論題名是否相同，皆須透過欄位775著錄不同版本之相關題名。,編目法
31123,2019-08-31,31123_A05,欄位740用於什麼情況？,欄位740指非經權威控制的題名附加款目、或指分析題名的附加款目，後者應用時機為無著者之合刊作品（不論是否有共同題名）。,其他
31123,2019-08-31,31123_A06,連接款目段之題名在OPAC是否可檢索到？,連接款目段（欄位76X-78X）之題名於OPAC是否檢索得到，端視欄位76X-78X之$t是否納入貴館OPAC系統題名或相關題名之索引參數內，若有納入，讀者或館員於OPAC方能查詢到連接款目段之題名。,其他
31126,2019-09-04,31126_A01,雜誌類書籍的索書號需包含哪些基本組成部分？,Julia，您好：對於期刊、雜誌等連續性出版品建立索書號時，除了分類號、作者號、卷期冊次號、複本號外，通常會於索的號上方再加上特藏代碼（例如以「Ｐ」代表期刊或連續性出版品），若相同連續性出版品有不同語言版本或不同地區版本，則會在作者號、卷期冊次號之間加上版本號，最終形成如下的索書號。特藏代碼 分類號 作者號 版本號 卷期冊次號 複本號,作者號及輔助區分號
31126,2019-09-04,31126_A02,雜誌類書籍的索書號如何標示特藏代碼？,對於期刊、雜誌等連續性出版品建立索書號時，通常會於索書號上方再加上特藏代碼（例如以「Ｐ」代表期刊或連續性出版品）。,作者號及輔助區分號
31126,2019-09-04,31126_A03,不同語言或地區版本的雜誌類書籍如何影響索書號結構？,若相同連續性出版品有不同語言版本或不同地區版本，則會在作者號、卷期冊次號之間加上版本號，最終形成如下的索書號。,作者號及輔助區分號
31127,2019-09-05,31127_A01,查詢作者號時，若書籍中無著者年代應如何處理？,當書籍中查詢不到著者的年代時，仍可查詢其他相關之中西文參考資源，例如作家傳記、百科全書、網路資源或其他圖書館權威紀錄。最終仍無法查得著者生卒年，如果知其所屬世紀或時代、朝代，仍可據此取著者號。,其他
31127,2019-09-05,31127_A02,相同人名使用不同著者號取碼規則會產生什麼結果？,對於相同人名採用不同的著者號取碼規則，所取出的著者號不會相同，目前國內常用的著者號取碼規則為「四角號碼法」及「首、尾五筆檢字法」。,作者號及輔助區分號
31127,2019-09-05,31127_A03,如何透過四角號碼法取得著者號？,〈四角號碼著者號取碼規則〉請參見http://catweb.ncl.edu.tw/class2007/b13_app01.pdf。,作者號及輔助區分號
31127,2019-09-05,31127_A04,如何透過首尾五筆檢字法取得著者號？,〈首尾五筆著者號取碼規則〉請參見http://catweb.ncl.edu.tw/class2007/b13_app02.pdf。,作者號及輔助區分號
31127,2019-09-05,31127_A05,如何組合時代號與取號結果形成著者號？,"取號結果仍需依分類法所訂於取號結果最前再加上著者時代號，方形成著者號。以著者「葛查諾」（Gozzano, Guido）為例，其生卒年為1883-1916，於《中文圖書分類法》（2007年版）〈附表三 西洋時代表〉查得時代號為「7」（十九世紀）、採「首尾五筆檢字法」以「葛查諾」取號，結果為「643」，因此該著者之著者號為「7643」。",作者號及輔助區分號
31127,2019-09-05,31127_A06,作品無著者時如何取得著者號？,作品若無著者、編者等，則以正題名前3字取號，其前仍須加上作品時代號，進而形成該出版品之著者號。,作者號及輔助區分號
31129,2019-09-05,31129_A01,大字的四角號碼為何？,「大」字的四角號碼為「4003」。,作者號及輔助區分號
31129,2019-09-05,31129_A02,丫字的四角號碼為何？,「丫」字的四角號碼為「8020」。,作者號及輔助區分號
31129,2019-09-05,31129_A03,如何計算兩個字的四角號碼？,兩字各取前二碼，例如「大丫」的四角號碼為「4080」。,作者號及輔助區分號
31130,2019-09-05,31130_A01,DVD中同步播放評論員音軌應著錄於哪個MARC欄位？,DVD內同步評論影片內容的資訊，通常著錄於MARC 21欄位546,機讀編目格式
31130,2019-09-05,31130_A02,國家圖書館提供何種參考資料供查詢同步評論著錄範例？,國家圖書館館藏發展及書目管理組提供美國國會圖書館線上目錄查得之書目範例，網址為https://catalog.loc.gov/vwebv/staffView?searchId=20722&recPointer=0&recCount=25&searchType=1&bibId=19689924,其他
31131,2019-09-06,31131_A01,館藏註銷戳印常用的英文字樣有哪些？,館藏註銷戳印多會使用「Discard」或「Withdrawn」這2個用語。,編目法
31131,2019-09-06,31131_A02,哪些機構提供了館藏註銷戳印的相關政策？,"1) King Fahd University of Petroleum and Minerals 的 Weeding policy（網址：http://www.kfupm.edu.sa/deanships/library/Pages/Policies/Weeding.aspx）
2) Albemarle Regional Library 的 Book withdrawal policy（網址：http://www.arlnc.org/policies/BOOK_WITHDRAWAL_POLICY.htm）",編目政策與管理
31131,2019-09-06,31131_A03,哪本著作提及館藏註銷戳印的處理方式？,"Peggy Johnson (2018). Fundamentals of Collection Development and Management, 4th Edition. Chicago : ALA Editions",編目政策與管理
31132,2019-09-06,31132_A01,作者姓名為阿拉伯數字時，如何取四角號碼,將作者姓名例如「943」轉為相對應的國字「九四三」，其四角號碼為「4061」,作者號及輔助區分號
31132,2019-09-06,31132_A02,正題名含阿拉伯數字時，如何取作者號,略過阿拉伯數字，以正題名前四字取作者號，例如正題名為「3萬5輕鬆遊倫敦」，取「萬輕鬆遊」為作者號「4573」,作者號及輔助區分號
31132,2019-09-06,31132_A03,圖書館如何處理作者號取碼規則,圖書館可自行決定採用何法，並加以記錄作為編目作業取碼規則，以便未來遇有相同情形時，能一以貫之，用相同的原則進行作者號取碼,編目政策與管理
31133,2019-09-10,31133_A01,《中文圖書分類法》（2007年版）中分類號「782.84」所指為何？,《中文圖書分類法》（2007年版）中分類號「782.84」所指為「唐及五代人物分傳」，並不包括中國歷代帝王后妃。,其他
31133,2019-09-10,31133_A02,《武則天傳》的分類號為何？,"《武則天傳》的分類號應為「624.13」，該類號為唐「中宗(683-684,705-710);武后(684-705);睿宗(684,710-712)」的專號。",作者號及輔助區分號
31133,2019-09-10,31133_A03,《中文圖書分類法》（2007年版）中「624.13」類號包含哪些人物？,"「624.13」類號包含唐中宗(683-684,705-710)、武后(684-705)、睿宗(684,710-712)，以及武則天（稱則天皇帝）等中國歷代帝王后妃。",編目法
31134,2019-09-12,31134_A01,拼音書名是否屬於並列題名？,拼音題名並非另一種語言或文字的題名，因此不屬於並列題名。,其他
31134,2019-09-12,31134_A02,AACR2及RDA對於並列題名的定義為何？,AACR2及RDA對於並列題名（Parallel title）的定義均為「另一種語言或文字的正題名」（The title proper in another language and/or script.）（https://beta.rdatoolkit.org/Content/Index?externalId=en-US_ala-01595b77-...）,編目法
31135,2019-09-12,31135_A01,雜誌類書籍的特藏代碼為何？,特藏代碼「P」為連續性出版品（例如：期刊、報紙、叢刊）的特藏代碼，以「periodicals」的首字母大寫代表。,機讀編目格式
31135,2019-09-12,31135_A02,連續性出版品的定義為何？,連續性出版品係指意欲無限期出版的出版品，所以每種期刊、報紙，叢刊創辦時，都會依其既訂的刊期、編次持續地出版。,其他
31135,2019-09-12,31135_A03,連續性出版的各卷期或各冊是否需要相同索書號？,同一種期刊各卷期或各冊的分類號必須是一致的，以便將其各個卷期或各冊一起排架、方便讀者取閱。,作者號及輔助區分號
31135,2019-09-12,31135_A04,連續性出版品的編目方式為何？,編目上並不會為連續性出版品的各個卷期或各冊各編一筆書目，而是將其整體視為一出版品編製一筆書目。,編目法
31136,2019-09-18,31136_A01,作者為擬人化人物時，245及100欄位應如何著錄？,"Kashumii，您好：RDA規定權威標目不包括非真實人物，但是《中國編目規則》條文內容並未規定非真實人物部分，因此以《中國編目規則》著錄時，無論是《向原力覺醒: 用意識創造, 取代行動創造》或《耶穌: 我的自傳》，若書名頁及版權頁皆題作者為""阿南達""，MARC 21欄位245 $c仍應照錄作者為""阿南達""。",編目法
31136,2019-09-18,31136_A02,"確定""阿南達""為""蒂娜.司帕爾汀""時，如何處理欄位100與400？","如果確定""阿南達"" 實為""蒂娜.司帕爾汀""，則可用欄位500附註說明，並將""司帕爾汀"" 著錄於欄位100，且據此取作者號，而""阿南達"" 之名，則納入""司帕爾汀"" 權威紀錄之欄位400，以呈現其與""蒂娜.司帕爾汀"" 名稱間之關係，書目紀錄中不需為""阿南達"" 建立欄位700。",編目法
31136,2019-09-18,31136_A03,"無法確定""阿南達""與""蒂娜.司帕爾汀""關係時，如何處理欄位100與700？","如果無法確定""阿南達"" 實為""蒂娜.司帕爾汀""、或是該書作者本意即欲讓""阿南達"" 與""蒂娜.司帕爾汀"" 有所區別並視為不同個體，則以""阿南達"" 著錄於欄位100作為主要款目，據此取作者號，另將""司帕爾汀"" 著錄於欄位700，並為""阿南達"" 及""司帕爾汀"" 分別建立權威紀錄。",編目法
31137,2019-09-20,31137_A01,各國傳記複分表的時代複分是否設有分傳？,是的。,編目法
31144,2019-10-03,31144_A01,一般性遊記應歸入何種類目？,凡一般性之遊記、旅行記、探險記，分入史地類遊記目。,編目法
31144,2019-10-03,31144_A02,以文學筆法敘述的遊記應歸入何種類目？,凡以文學筆法敘述者，得分入各國文學類。,編目法
31144,2019-10-03,31144_A03,中國遊記的中文圖書分類號為何？,中國遊記之類號為690。,分類法
31144,2019-10-03,31144_A04,世界遊記的中文圖書分類號為何？,世界遊記之類號為719。,作者號及輔助區分號
31144,2019-10-03,31144_A05,日本遊記的中文圖書分類號為何？,日本遊記之類號為719.31。,作者號及輔助區分號
31144,2019-10-03,31144_A06,歐洲遊記的中文圖書分類號為何？,歐洲遊記之類號為719.4。,作者號及輔助區分號
31144,2019-10-03,31144_A07,美國遊記的中文圖書分類號為何？,美國遊記之類號為719.52。,作者號及輔助區分號
31144,2019-10-03,31144_A08,麥哲倫周遊世界記的中文圖書分類號為何？,麥哲倫周遊世界記之類號為712.45。,作者號及輔助區分號
31144,2019-10-03,31144_A09,各國遊記可歸入何種類目？,各國遊記可入世界遊記719，也可入各國史地（730-779）。,其他
31144,2019-10-03,31144_A10,各國史地類目中遊記的複分號為何？,各國史地類目中遊記係以「9」表示。,作者號及輔助區分號
31144,2019-10-03,31144_A11,《新加坡地鐵地圖快易通》中新加坡遊記的中文圖書分類號為何？,《新加坡地鐵地圖快易通》中新加坡遊記可入738.79，也可入719.387。,作者號及輔助區分號
31145,2019-10-04,31145_A01,書上版權頁的版次題為'首版'時，編目時應如何處理？,編目時照錄'首版',編目法
31145,2019-10-04,31145_A02,時代複分應如何依被傳者國別進行？,依被傳者國別取西洋或日本或韓國時代表進行複分,編目法
31146,2019-10-07,31146_A01,《中文主題詞表》中是否有「旅記」主題詞？,《中文主題詞表》中，並無「旅記」此一主題詞。,主題法
31146,2019-10-07,31146_A02,CIP中出現的「旅記」主題詞可能為何？,CIP中所出現的主題詞「旅記」，似為誤鍵或出版品印製前排版誤謬。,其他
31147,2019-10-07,31147_A01,索書號相同時應如何區分,若圖書館的分編政策確定採用相同類號及作者號以便資料排架位置得以相鄰，此時可考慮於著者號後加上『-』（作品號）、『.』（續編號）、『（）』（書次號），或其中一種作為另一種的附件來處理。,作者號及輔助區分號
31147,2019-10-07,31147_A02,同索書號的圖書如何區分類別,《國際濕地大會暨國際交流合作論文集. 2018》的分類號為『351.6807』，其中『07』為『論文集』的複分號，而《國際濕地大會大會手冊. 2018》因非論文集，故不適用此複分號。,作者號及輔助區分號
31147,2019-10-07,31147_A03,索書號相同時可使用哪些符號區分,可於著者號後加上『-』（作品號）、『.』（續編號）、『（）』（書次號），或其中一種作為另一種的附件來處理。,作者號及輔助區分號
31148,2019-10-07,31148_A01,期刊更名資訊通常會標示於哪些位置？,出版社通常會在期刊的題名頁、版權頁、封面或封㡳（含封面或封㡳的背面）標示更名資訊。,作者號及輔助區分號
31148,2019-10-07,31148_A02,如何查詢中文期刊的更名資訊？,若未能在期刊上找到更名資訊，中文期刊可透過「全國期刊聯合目錄資料庫」（https://sticnet.stpi.narl.org.tw/unicatc/unicatq?49:732848529:10:/sticne...）查獲。,其他
31148,2019-10-07,31148_A03,如何查詢外文期刊的更名資訊？,外文期刊可藉由《Ulrich's Periodicals Directory》或「ULRICHSWEB：Global Serials Directory」（http://ulrichsweb.serialssolutions.com/login）查獲。,其他
31148,2019-10-07,31148_A04,MARC21書目紀錄如何記載期刊更名資訊？,MARC21書目紀錄係以欄位780記載舊刊名、以欄位785記載新刊名。,機讀編目格式
31149,2019-10-07,31149_A01,若無法在期刊上找到更名資訊，中文期刊應如何查詢？,中文期刊尚可透過「全國期刊聯合目錄資料庫」（https://sticnet.stpi.narl.org.tw/unicatc/unicatq?49:732848529:10:/sticne...）查獲期刊更名資訊。,其他
31149,2019-10-07,31149_A02,若無法在期刊上找到更名資訊，外文期刊應如何查詢？,外文期刊則可藉由《Ulrich's Periodicals Directory》或「ULRICHSWEB：Global Serials Directory」（http://ulrichsweb.serialssolutions.com/login）查獲期刊更名資訊。,其他
31149,2019-10-07,31149_A03,MARC21書目紀錄中如何記載舊刊名？,MARC21書目紀錄係以欄位780記載舊刊名。,機讀編目格式
31149,2019-10-07,31149_A04,MARC21書目紀錄中如何記載新刊名？,MARC21書目紀錄係以欄位785記載新刊名。,機讀編目格式
31150,2019-10-08,31150_A01,當著者敘述為「厲河＝小說，柯南‧道爾＝原著人物」時，應如何取著者號？,以「厲河」為創作者及取著者號。,作者號及輔助區分號
31150,2019-10-08,31150_A02,當著者敘述為「厲河＝改編，柯南‧道爾＝原著」時，應如何取著者號？,以「道爾」為創作者及取著者號。,作者號及輔助區分號
31150,2019-10-08,31150_A03,若圖書內容不完全相同，應如何處理著者號？,建議仍維持分別取著者號。,作者號及輔助區分號
31150,2019-10-08,31150_A04,圖書館如何將相同題名但不同作者或內容的圖書放在一起？,分別編目，著者號改以題名取，並在附註項註明「著者號取自題名」。,作者號及輔助區分號
31153,2019-10-14,31153_A01,外文人名譯為中文的標準譯名資料庫為何？,外文人名譯為中文，一般採用中央通訊社出版的《標準譯名錄》。,權威控制
31153,2019-10-14,31153_A02,漢語拼音與羅馬拼音轉換為中文的工具為何？,教育部提供「中文譯音轉換系統」（https://crptransfer.moe.gov.tw/index.jsp）作為漢語拼音、羅馬拼音譯為中文的工具。,其他
31153,2019-10-14,31153_A03,原住民作者名字拼音轉中文的查詢工具為何？,目前暫未能查獲專為原住民作者名字拼音字母組成的名稱譯為中文字的工具，建議詢問「原住民族委員會」、「原住民族語言研究發展中心」、「原住民族文化事業基金會」或「內政部」主管戶籍姓名業務之相關單位。,作者號及輔助區分號
31153,2019-10-14,31153_A04,如何以原住民作者名字拼音取得四角號碼？,若無相關工具，可直接以原住民作者名字拼音字母組成的名稱取四角號碼，依「四角號碼著者號取碼規則」（http://catweb.ncl.edu.tw/sites/default/files/upload/standard/中文圖書分類法2007年版%20類表編%28修訂一版%2920170621.pdf）之「5羅馬字母號碼」所列字母及其對應之號碼進行取號。,作者號及輔助區分號
31154,2019-10-15,31154_A01,美國國會圖書館克特號系統為何不採用LC Basic Cutter Table？,國家圖書館西文編目所採用的克特號系統為「Cutter Three-figure table」，並非採用「LC Basic Cutter Table」（就是您所列出的對照表）。,其他
31154,2019-10-15,31154_A02,Cutter Three-figure table的使用方式為何？,「Cutter Three-figure table」的使用方式類同於「Cutter-Sanborn Three-Figure Author Table」，表中會列出所有Main Entry的排列區間（依字母排序）及相應的固定克特號，編目員在給克特號時，須查表使用表上的克特號，如不同Main Entry有相同的克特號時，則在該克特號之後加十進的數字予以擴充。,作者號及輔助區分號
31154,2019-10-15,31154_A03,哪些圖書館會使用Cutter-Three Figure Table？,「Cutter-Three Figure Table」多半用由採用DDC (杜威分類法) 的圖書館所使用。,其他
31154,2019-10-15,31154_A04,LCC克特號如何處理主題、形式體裁等複分？,LCC的克特號不只依據Main Entry來取號，許多的主題、形式體裁、地理等複分，都會以克特號的方式來做分類號的複分。,分類法
31154,2019-10-15,31154_A05,國家圖書館為何持續使用Cutter-Three Figure Table？,國家圖書館因為歷史因素，從過去以來一直採用「Cutter-Three Figure Table」，為了不造成既有館藏Shelflisting的混亂所以無法改用LC Basic Cutter Table。,其他
31154,2019-10-15,31154_A06,克特號後的小寫字母擴充方式為何？,過去的作法是當不同圖書有相同克特號時，會在克特號後面依編目順序以英文小寫字母做標示，但這樣的取號方式無法聚集同一個Main Entry的所有圖書，且英文字母僅有26個，因此目前已改以十進的數字做擴充。,作者號及輔助區分號
31155,2019-10-30,31155_A01,如何查詢主題詞？,您可自編目園地之中文主題編目規範系統中查詢主題詞、分類號。,主題法
31155,2019-10-30,31155_A02,如何查詢分類號？,您可自編目園地之中文主題編目規範系統中查詢主題詞、分類號。,其他
31158,2019-10-31,31158_A01,童書屬於Juvenile belles lettres的分類標準為何？,依據美國國會分類法，童書若屬於文學作品（Juvenile belles lettres），則入PZ類，包含小說（Fiction）、文學合集、圖畫故事書、具有故事情節之字母書、數字書、以押韻形式書寫的故事、傳奇故事、圖像小說及童謠等。,其他
31158,2019-10-31,31158_A02,美國國會分類法PZ類下如何依語言分類？,"PZ類下首先依語言分為American and English、Arabic、Chinese、Dutch、Flemish、Afrikaans、French、German、Hebrew、Italian、Japanese、Korean、Slavic、Spanish、Portuguese、Other languages, A-Z等子類。",其他
31158,2019-10-31,31158_A03,美國國會分類法中英語兒少文學的類目結構為何？,英語兒少文學的類目為PZ5-PZ10.3，包含Collections、General juvenile belles lettres、Novels in verse、Graphic novels、Fairy tales、Folklore、Legends、Romance、Fables、nursery rhymes、Stories in rhyme、Animal stories、Humorous works、Juvenile drama、Miscellaneous等細目。,其他
31158,2019-10-31,31158_A04,美國國會分類法PZ8.3類號的適用範圍為何？,"PZ8.3類號適用於童謠（文字）或以押韻形式書寫的故事，編目時通常給予主題詞「Stories in rhyme」，例如書名為Go to sleep, little creep的圖書。",其他
31158,2019-10-31,31158_A05,美國國會分類法PZ10.3類號的適用範圍為何？,PZ10.3類號適用於動物故事，編目時通常給予描述內容主角動物的主題詞，例如書名為Walk with a wolf的圖書。,其他
31158,2019-10-31,31158_A06,美國國會分類法PZ7類號的適用條件為何？,若童書為單純文學性的故事、小說作品（General juvenile belles lettres），且作者第1個作品出現於1870-2014年間，則入PZ7；若作者第1個作品出現於2015年以後，則入PZ7.1。,其他
31163,2019-11-01,31163_A01,美國國會圖書館分類法中，若編目書目的Main entry以字母A開頭，克特號如何處理？,若在編圖書的Main entry是以字母A開頭，則所取的克特號不能完全按照LC basic Cutter table的數字給號，要調整在A9之後，並預留空間給其他A開頭的Main entry。,其他
31163,2019-11-01,31163_A02,美國國會圖書館分類法中，若編目書目的Main entry以B以後字母開頭，克特號如何處理？,若在編圖書的Main、entry是以B以後的字母為開頭，則您可直接使用LC basic Cutter table所提供的數字區間給號。,作者號及輔助區分號
31163,2019-11-01,31163_A03,美國國會圖書館分類法中，如何處理沒有1XX欄位的書目？,若該書目沒有前述的1XX欄位，就依欄位245取號 (採用LC basic Cutter table取號)。,其他
31163,2019-11-01,31163_A04,美國國會圖書館分類法中，K11附表最後複分號.A9-Z的用途為何？,K11附表最後的複分號：.A9 - Z General works. Treatises 是指如在編圖書為德國所得稅法律的一般作品，在給定分類號後，要再以該書的「Main entry」取號，即依書目的欄位100、110、111或130取號，若該書目沒有前述的1XX欄位，就依欄位245取號 (採用LC basic Cutter table取號)，不過，取出的克特號必須落於A9-Z的範圍內，因為A9以前的號碼，已被留用於傳記、期刊、會議等資源的複分。,作者號及輔助區分號
31166,2019-11-01,31166_A01,《中國藝術象徵辭典》的中文圖書分類號為何？,《中國藝術象徵辭典》分類號為961.2，本書為辭典，多數的圖書館會在分類號上方加上辭典的特藏代碼「Ｒ」。,編目法
31166,2019-11-01,31166_A02,《結晶塔の帝王》的中文圖書分類號為何？,《結晶塔の帝王》分類號為947.41。,編目法
31166,2019-11-01,31166_A03,《裂空の訪問者—代歐奇希斯》的中文圖書分類號為何？,《裂空の訪問者—代歐奇希斯》分類號為947.41。,作者號及輔助區分號
31166,2019-11-01,31166_A04,《決戰時空の塔帝牙盧卡VS帕路奇犽VS達克萊伊》的中文圖書分類號為何？,《決戰時空の塔帝牙盧卡VS帕路奇犽VS達克萊伊》分類號為947.41。,作者號及輔助區分號
31166,2019-11-01,31166_A05,如何查詢圖書的中文圖書分類號？,可透過「全國圖書書目資訊網」（簡稱NBINet）（http://nbinet3.ncl.edu.tw/screens/opacmenu_cht.html），以書名、著者、國際標準號碼（例如ISBN）等查詢是否有其他圖書館完成編目的書目紀錄，若有，即可參考該館該書之「索書號」（內含分類號）。,其他
31166,2019-11-01,31166_A06,如何確認圖書分類號是否符合貴館分類法？,應將所查得的參考類號與貴館採用的分類法［例如《中文圖書分類法》（2007年版）］核對並確定無誤後再行使用。,其他
31167,2019-11-06,31167_A01,MARC21 tag 040的分欄a、c、d分別代表什麼？,分欄a代表原始編目機構，分欄c代表轉檔機構，分欄d代表修正機構,編目法
31167,2019-11-06,31167_A02,若尚未申請機構代碼且書目資料無需與國內或國際進行交換時，應如何處理？,可以暫不填寫,其他
31167,2019-11-06,31167_A03,書目來源為抄錄編目時，應如何處理分欄a？,建議仍保留分欄a原始編目機構代碼,編目法
31167,2019-11-06,31167_A04,書目需進行交換或分享時，應如何確保欄位040各分欄內容正確？,"於書出輸出前記得由圖書館自動化系統批次加上欄位040分欄a, c, d或分欄c, d的代碼",機讀編目格式
31167,2019-11-06,31167_A05,MARC21 tag 040的機構代碼是否必須已向國外申請？,必須是使用已向國外申請的機構代碼,其他
31168,2019-11-08,31168_A01,台灣文學作品的分類號如何界定？,早期本館僅針對圖書資料內容為有關臺灣文學作品總集、多人選集、叢書，或以母語書寫之文學作品，或有關之鄉土文學（包括報導文學、遊記文學、風土紀事詩）歸入《中文圖書分類法》（2007年版）之『863 臺灣文學』。,其他
31168,2019-11-08,31168_A02,2008年台灣文學分類原則有何調整？,本館於2008年8月11日回覆資訊中，將出生及成長於臺灣作家的作品歸入『863 臺灣文學』，以回應讀者建議及解決查找需求。,其他
31168,2019-11-08,31168_A03,2018年台灣文學分類原則有何調整？,本館於108年4月底進行討論，將臺灣文學作家之作品（包括別集、個人選集、各體文學作品）分入『863 臺灣文學』類有關子目，並自108年5月起實施。,編目政策與管理
31168,2019-11-08,31168_A04,《小熊寬寬與魔法提琴》的分類號為何？,《小熊寬寬與魔法提琴》依據本館最新分類原則，類號歸入『863.59 臺灣兒童文學』，以解決兒童圖書館藏排架擁擠問題。,其他
31168,2019-11-08,31168_A05,各圖書館對台灣文學分類原則的處理方式？,各館仍可依各自的館方政策、實務考量、舊有館藏、讀者查詢等，決定是否跟進或維持原有作法。,編目政策與管理
31170,2019-11-11,31170_A01,臺灣高等教育中的書院的中文圖書分類號為何？,據《中文圖書分類法》（2007年版）有關「臺灣書院」的類號為『525.9932』，屬臺灣高等教育中的書院。,其他
31170,2019-11-11,31170_A02,以臺灣史地人文角度介紹的臺灣書院的中文圖書分類號為何？,據《中文圖書分類法》（2007年版）有關「臺灣書院」的類號為『733.445』，屬以臺灣史地人文角度介紹的臺灣書院。,其他
31170,2019-11-11,31170_A03,《神獸帶路：南海書院走讀》一書的中文圖書分類號可能為何？,目前暫無法看到該書內容，若以題名來看，其類號可能是『733.445』，謹提供參考，敬請自行核對該書內容後，再行決定類號。,其他
31171,2019-11-13,31171_A01,期刊更名是否需要另行編目？,《中國編目規則》（第三版）條文3.1.1.4.1規定，「連續性出版品正題名若有更易，應另行編目」。,其他
31171,2019-11-13,31171_A02,期刊更換ISSN是否需要另行編目？,《英美編目規則》（第二版）條文12.1B8規定，「連續性出版品正題名若有主要改變，應另行編目」。,其他
31171,2019-11-13,31171_A03,期刊更換出版社是否需要另行編目？,《資源描述與檢索》（RDA）條文2.3.2.12.2規定，「若連續性出版品後續部分正題名有主要改變（符合RDA 2.3.2.13.1定義），以新資源著錄之」。,編目法
31171,2019-11-13,31171_A04,何謂RDA中「主要改變」的定義？,RDA 2.3.2.13.1所定義的「主要改變」包括：(1)題名前五字有增、刪、改變或重新排列；(2)題名前五字之後的文字有增、刪、改變，且題名的意義改變或主題變更；(3)題名中所含之團體名稱改變，且為不同團體。,編目法
31171,2019-11-13,31171_A05,連續性出版品符合主要改變後如何處理？,依據RDA原則，連續性出版品只要符合主要改變，不論卷期是否接續，應視為新資源另行編目，並將新舊資源的著錄視為相關作品進行著錄。,編目法
31172,2019-11-14,31172_A01,套書整套編目時冊次應著錄於何處？,套書採整套編目時，冊次是著錄於附註項的內容註內。依據《中國編目規則》（第三版）第2.0.2.2條規定，附註項的指定著錄來源為該書、其他參考資料，非得自指定著錄來源者，加方括弧。據此著錄冊次時，即直接著錄，不需加方括弧，例如：第1冊。,編目法
31172,2019-11-14,31172_A02,套書各冊單獨編目時冊次應著錄於何處？,套書採各冊單獨編目時，冊次係著錄於題名及著者敘述項內或集叢項內。,編目法
31172,2019-11-14,31172_A03,冊次著錄於題名及著者敘述項時是否需加方括弧？,依據《中國編目規則》（第三版）第2.0.2.2條規定，題名及著者敘述項的指定著錄來源為主要著錄來源（即書名頁），非得自指定著錄來源者，加方括弧。因此主要著錄來源上無冊次（冊次僅出現在封面上），著錄冊次時，需於冊次前後加上方括弧，例如：[第1冊]。,編目法
31172,2019-11-14,31172_A04,冊次著錄於集叢項時是否需加方括弧？,依據《中國編目規則》（第三版）第2.0.2.2條規定，集叢項的指定著錄來源為集叢書名頁、書名頁、版權頁、封面、該書其他部份，非得自指定著錄來源者，加方括弧。因此著錄冊次時，即直接著錄，不需加方括弧，例如：第1冊。,編目法
31172,2019-11-14,31172_A05,無書名頁時圖書主要著錄來源為何？,依《中國編目規則》（第三版）第2.0.2.1條規定，編目時圖書的主要著錄來源為書名頁，若無書名頁，則參考版權頁、封面、書背、卷端、簡略書名頁及逐頁書名頁，以載有最完備之著錄資料替代之。,編目法
31173,2019-11-14,31173_A01,「漫畫」的定義為何？,「漫畫」依教育部重編國語辭典修訂本的定義為『抓住人物特點，用誇張或歪曲的手法呈現，以產生滑稽諷刺的繪畫，筆法簡單，不拘形式』，是一種靜態圖畫，目的是以圖畫來提示或表達內容，有時無文字，有時會加上對白或旁述等文字。,其他
31173,2019-11-14,31173_A02,連環漫畫的定義為何？,連環漫畫係以多張靜態的圖畫構成，各圖案為前後連貫的敘述情節，時間依每格圖畫而流動。,編目法
31173,2019-11-14,31173_A03,「圖文書」的定義為何？,「圖文書」指的是書本的內容有圖有文，有些以圖為主、有些以文為主、有時則圖文並茂，目的是用繪畫來提示文章的內容，其圖案也是一種靜態圖畫，與漫畫的差異在於圖文書內的圖畫屬於插畫性質。,編目法
31173,2019-11-14,31173_A04,漫畫與圖文書的差異為何？,漫畫與圖文書的差異在於圖文書內的圖畫屬於插畫性質，而漫畫的圖畫則是以圖畫本身來提示或表達內容，並可能包含對白或旁述等文字。,編目法
31174,2019-11-15,31174_A01,如何搜尋不同語文圖書？,所提問題屬於資料查詢方法，而不是資訊組織問題，因此不在本園地諮詢服務範圍，建議就近向所在地圖書館讀者服務或參考服務館員尋求協助。,其他
31175,2019-11-15,31175_A01,哪些标题表常用于书目中？,美玲您好： 如於書目中採用杜威分類號 (DDC)，除了Sears 標題之外，仍可著錄國會圖書館的標題 (LCSH)。一般而言，因為LCC (分類表)和 LCSH (標題表) 的類目及詞彙量都很龐大，使用上又須依據一定的規則做標題的構組與著錄 (LC Subject Heading Manual)，因此，多用於館藏規模較大的學術圖書館或國家圖書館。館藏規模較小的圖書館為了減輕繁複的編目工作，有可能會採用 Sears list，分類號則使用 DDC。但這並非必然，各館仍可衡量其書目服務的需求與品質要求，來決定編目政策。 標題在書目中的功能是提供讀者與主題相關的檢索詞，增強書目在主題上的可檢索性，因此，如您至OCLC WorldCat查檢國外西文編目的書目，會發現一筆書目中不一定只著錄一種標題，以OCLC WorldCat的書目來說，最常見的是LCSH和FAST，另外，視各國圖書館政策及資源類型，也會看到有MeSH、BISACSH等。,編目法
31175,2019-11-15,31175_A02,不同規模圖書館常用的標題表有哪些？,館藏規模較大的學術圖書館或國家圖書館多使用 LCSH (國會圖書館標題表)，而館藏規模較小的圖書館可能採用 Sears list。,主題法
31175,2019-11-15,31175_A03,書目中著錄的標題表如何區分？,書目中著錄的標題表可透過欄位6XX指標2的內容區分，例如：LCSH (指標2為0)、LC的兒童文學標題 (指標2為1)、MeSH醫學標題 (指標2為2)、Sears 標題 (指標2為sears)。,編目法
31175,2019-11-15,31175_A04,哪些標題表會出現在OCLC WorldCat的書目中？,OCLC WorldCat的書目中最常見的是LCSH和FAST，也可能出現MeSH、BISACSH等，視各國圖書館政策及資源類型而定。,主題法
31175,2019-11-15,31175_A05,如何選擇適合的標題表？,建議參考貴館的館藏特性及書目服務需求，採行合用的標題表，並未硬性規定「只能選用一種標題」。,其他
31176,2019-11-15,31176_A01,套書的定義為何？,套書通常指2本或2本以上的書組成一個整體，強調一個整體的概念。如上、下冊加起來是一個整體，第1冊至第10冊加起來亦是一個整體，少了其中1冊就稱不上完整的1套。,主題法
31176,2019-11-15,31176_A02,「單編」的處理原則為何？,「單編」係針對整套圖書資料之個別部分（各單冊）建置單筆書目紀錄。因各單冊的題名、作者、稽核項、附件等資料不同，為完整呈現形式特徵，採行為每一個別部分各自建立1筆書目紀錄。適用時機為整套圖書各部分作品有明確的個別書名及作者，且整套圖書不同時間出版或入館。,編目法
31176,2019-11-15,31176_A03,「套編」的處理原則為何？,「套編」指整套圖書有明顯的共同題名、無各部分（或單冊）的題名、且有共同著者（編者），將整套圖書共同編製1筆書目紀錄，並將各部分（或單冊）圖書單件的條碼號輸入在該筆書目紀錄下的特定欄位內。適用時機為整套圖書有共同且明確的題名及作者、各部分作品無明確之題名及作者時，且整套圖書同時出版或入館。,編目法
31176,2019-11-15,31176_A04,《中國編目規則》（第三版）對題名著錄的規定為何？,圖書的主要著錄來源為書名頁，若無書名頁，則參考版權頁、封面、書背、卷端、簡略書名頁及逐頁書名等，以載有最完備之著錄資料者替代之。,編目法
31176,2019-11-15,31176_A05,採「單編」時，MARC 21欄位245$a的題名著錄方式為何？,"以書名頁的題名著錄於MARC 21欄位245$a，例如：245 00 $a 靜思 : $b 信願行的實踐 / $c邱淑絹, 王慧萍撰述。",編目法
31176,2019-11-15,31176_A06,採「套編」時，MARC 21欄位245$a的題名著錄方式為何？,以版權頁的題名著錄於MARC 21欄位245$a，例如：245 00 $a 慈濟的故事 : $b 「信 願 行」的實踐 / $c 王慧萍總編輯。,編目法
31177,2019-11-15,31177_A01,MARC 21 040欄位的$d分欄是否可以僅保留1個分欄填寫館別代碼？,可以僅保留1個分欄$d填寫貴館代碼，除非貴館為類似OCLC的書目公用中心，方有必要將修改單一書目的各個館別代碼全部記載下來。,機讀編目格式
31177,2019-11-15,31177_A02,MARC 21 040欄位的$b分欄編目語文應如何設定？,國內圖書館通常將中、日、韓文圖書資料採中文編目（編目語文為「chi」），其他語文圖書資料採西文編目（編目語文為「eng」）。部分圖書館對日、韓文圖書資料也採西文編目，此時編目語文為「eng」。,機讀編目格式
31184,2019-11-27,31184_A01,848 現代別集的定義為何？,「848 現代別集」指的也是由一人創作之不限文學體裁但為當代或現代的中國文學作品。,其他
31184,2019-11-27,31184_A02,855 散文；隨筆；日記的定義為何？,「855 散文；隨筆；日記」包含散文、隨筆、日記（含論叢、雜考、雜說、雜講、雜品）等文學體裁，且包含多人之作品或1人之作品。,主題法
31184,2019-11-27,31184_A03,由1位當代作家所創作的文學作品，其內容之文學體裁若為散文、隨筆與日記，而沒有其他文學體裁時，該作品的類號為何？,該作品的類號可入「848」或「855」，然而多數圖書館為求類號簡潔、方便標記而選用類號「855」作為《魯迅散文選》之類號。,作者號及輔助區分號
31184,2019-11-27,31184_A04,848 類號與 855 類號的區別為何？,「848」係以某一作家為主，其下再依該作家各個作品的文學體裁區分；而「855」則以文學體裁為主，不論個別作家。,作者號及輔助區分號
31184,2019-11-27,31184_A05,848.2 類號的組成方式為何？,「848.2」為「840 中國文學別集」加上中國時代複分表「8.2 現代民初」組合而成。,其他
31185,2019-11-28,31185_A01,廣泛論述癌症的圖書資源在《中文圖書分類法》（增訂七版）的類號為何？,《中文圖書分類法》（增訂七版）或（增訂八版）有類目「415.271 癌」，類號確為「415.231」。,其他
31185,2019-11-28,31185_A02,廣泛論述癌症的圖書資源在《中文圖書分類法》（2007年版）的類號為何？,《中文圖書分類法》（2007年版）的類號「415.138」則為「腫瘤病理」，屬於病理學方面。,其他
31185,2019-11-28,31185_A03,「腫瘤科」相關圖書在《中文圖書分類法》（2007年版）的類號為何？,《中文圖書分類法》（2007年版）並無「腫瘤科」類目，本館目前試行暫入類號「417.8」。,其他
31186,2019-11-28,31186_A01,電子書在MARC 21編目時Leader/06字段的值為何？,電子書編目時，MARC 21之Leader/06為「a」（文字資料），而非「m」（電子資源），係由於電子書內容上仍以文字形式的資料為主，而非電腦檔或電子資源型式的資料。,機讀編目格式
31186,2019-11-28,31186_A02,電子書在MARC 21編目時是否會使用欄位007？,電子書書目會比圖書書目多了欄位007（稽核細節定長資料—一般性資料），用以描述其實體；而紙本圖書無此欄位。,機讀編目格式
31186,2019-11-28,31186_A03,採用《中國編目規則》時，電子書MARC 21書目欄位245$h的內容為何？,採用《中國編目規則》進行編目時，電子書MARC 21書目會有欄位245$h[電子資源]，而紙本圖書無欄位245$h。,機讀編目格式
31186,2019-11-28,31186_A04,採用RDA規則時，電子書MARC 21書目欄位336$a的內容為何？,採用《資源描述與檢索》（RDA）進行編目時，電子書MARC 21書目欄位有336$atext、337$acomputer、338$aonline resource，而紙本圖書MARC 21為書目欄位336$atext、337$aunmediated、338$avolume。,機讀編目格式
31186,2019-11-28,31186_A05,紙本圖書在RDA規則下MARC 21書目欄位337$a的內容為何？,採用《資源描述與檢索》（RDA）進行編目時，紙本圖書MARC 21為書目欄位336$atext、337$aunmediated、338$avolume。,機讀編目格式
31186,2019-11-28,31186_A06,紙本圖書在RDA規則下MARC 21書目欄位338$a的內容為何？,採用《資源描述與檢索》（RDA）進行編目時，紙本圖書MARC 21為書目欄位336$atext、337$aunmediated、338$avolume。,機讀編目格式
31187,2019-11-29,31187_A01,為何部分書目資料無館藏資料?,ISBN 9579749825之題名為《芝山風雲》、ISBN 9574116441之題名為《情報作戰參考》在「全國圖書書目資訊網」僅顯示CIP（出版品預行編目）資料，尚未標示任何圖書館有此館藏。,其他
31187,2019-11-29,31187_A02,如何取得書目資料的分類號?,第一種書的查詢結果條列顯示有分類號，第二種書則需點進機讀格式顯示，自欄位681取得分類號。,機讀編目格式
31187,2019-11-29,31187_A03,「全國圖書書目資訊網」查詢結果未顯示類號如何處理?,已通知本館業務負責單位進行修正處理中，此問題非本園地資訊組織諮詢服務範疇。,其他
31188,2019-11-30,31188_A01,本園地是否提供參考諮詢服務？,本園地不處理圖書館參考服務問題，建議就近向所在地圖書館讀者服務或參考服務館員尋求協助。,其他
31189,2019-12-01,31189_A01,《全民國防教育補充教材：雙十國慶生日快樂不一樣》若探討國防教育與研究，其分類號為何？,類號為「599.03」,其他
31189,2019-12-01,31189_A02,《全民國防教育補充教材：雙十國慶生日快樂不一樣》若屬軍隊之國防教育，其分類號為何？,類號為「593」,其他
31189,2019-12-01,31189_A03,《全民國防教育補充教材：雙十國慶生日快樂不一樣》若為全民國防之軍事訓練教育，其分類號為何？,類號為「593.56」,其他
31189,2019-12-01,31189_A04,《全民國防教育補充教材：雙十國慶生日快樂不一樣》若係學校的軍訓教育，其分類號為何？,類號為「593.57」,其他
31193,2019-12-12,31193_A01,LCC索書號的基本結構包含哪些部分？,LCC索書號的基本結構為「分類號 + 克特號（Cutter number，最多2個） + 年代號」，視實際書況會再加上部冊號、複本號，或是其他後置符號。,作者號及輔助區分號
31193,2019-12-12,31193_A02,LCC索書號的排序原則中，子類別（Subclass）如何排序？,先依Subclass排序，這部分比較直觀，直接依字母順序排即可。例如HT HV HX的排序方向為HT→HV→HX。,編目法
31193,2019-12-12,31193_A03,LCC索書號的細目類號如何排序？,細目類號可能為整數或含複分的小數點數值，依數值大小排序。例如HV6772→HV6773→HV6773.15→HV6773.2。,作者號及輔助區分號
31193,2019-12-12,31193_A04,克特號（Cutter number）的排序原則為何？,克特號排序時，字母部分依字母順序排序，數字部分以十進方式逐位排序。若含雙克特號，先排完第1克特號，再排第2克特號。,作者號及輔助區分號
31193,2019-12-12,31193_A05,克特號的取號來源包含哪些類型？,克特號可能取自作者姓名、地區名稱（如Taiwan為T28）、主題詞（如Cyberbullying為C92）、語言名稱（如English為E5）、形式體裁（如傳記中A3為自傳），或其他特定規則。,作者號及輔助區分號
31193,2019-12-12,31193_A06,單一克特號的索書號排序範例為何？,以類號HV6773為例，克特號直接以Main entry取號（作者姓名或題名），如HV6773.B55→HV6773.B7→HV6773.C585→HV6773.C63。,作者號及輔助區分號
31193,2019-12-12,31193_A07,雙克特號的索書號排序範例為何？,以類號HV6771為例，第1克特號依地區或國家名稱取號，第2克特號依Main entry取號，如HV6771.A758.T119→HV6771.A78.A46→HV6771.A78.C53→HV6771.A78.C8。,作者號及輔助區分號
31194,2019-12-14,31194_A01,英文兒童文學作品的杜威類號為何？,"依據DDC對類號810-890的說明，文學作品的類號是根據作品的原始創作語言決定。Altés, Marta以英語創作的作品，DDC類號會入823（英語小說），而非863（西班牙小說）。",作者號及輔助區分號
31194,2019-12-14,31194_A02,西班牙語兒童文學作品的杜威類號為何？,"依據DDC對類號810-890的說明，文學作品的類號是根據作品的原始創作語言決定。Altés, Marta以英語創作的作品，DDC類號會入823（英語小說），而非863（西班牙小說）。",作者號及輔助區分號
31195,2019-12-15,31195_A01,《金庸小說的女子》索書號中「857.9」代表什麼類別？,「857.9」為分類號，代表「武俠小說」。,作者號及輔助區分號
31195,2019-12-15,31195_A02,《金庸小說的女子》索書號中第一個著者號「864」的來源？,第一個著者號「864」取自被評作品的著者「金庸」，前加時代號，本館採用首尾五筆檢字法取著者號。,作者號及輔助區分號
31195,2019-12-15,31195_A03,《金庸小說的女子》索書號中「:2」的用途？,「:2」為相同著者號但是不同人的作者區分號。,作者號及輔助區分號
31195,2019-12-15,31195_A04,《金庸小說的女子》索書號中「(08)」的含義？,「(08)」係本館借用總論複分表「08 叢書」，用以表達本書探討內容不限於金庸特定或某一作品，而是集結多個作品中有關特定方面的探討與評論。,作者號及輔助區分號
31195,2019-12-15,31195_A05,《金庸小說的女子》索書號中第二個著者號「8855-2」的來源？,第二個著者號「8855」取自本書著者「吳靄儀」，前加時代號，本館採用首尾五筆檢字法取著者號，其後之「-2」係同一著者不同作品的作品區分號。,作者號及輔助區分號
31195,2019-12-15,31195_A06,為何《金庸小說的女子》索書號借用總論複分表「08 叢書」而非「中國作家作品複分表」？,因本書所評內容並非金庸某些小說或全部小說之整部作品的內容，而僅評其內容中有關女子方面，本館的作法為借用總論複分表「08 叢書」形成類號。,其他
31195,2019-12-15,31195_A07,其他圖書館對《金庸小說的女子》類別的處理方式？,其他圖書館可以有自已的處理原則，或者僅依「中國作家作品複分表」納為「37 小說」，而不再區分探討特定方面。,其他
31197,2019-12-17,31197_A01,MARC 21欄位245內容為中、日、韓文時是否需要加句點？,MARC 21欄位2、45為題名及著者敘述項，欄位內容若為中、日、韓文，該欄位最末不需加點。,機讀編目格式
31197,2019-12-17,31197_A02,MARC 21欄位245內容為西文時是否需要加句點？,MARC 21欄位2、45為題名及著者敘述項，欄位內容若為西文，該欄位最末需加一圓點。,編目法
31198,2019-12-19,31198_A01,出版年著錄應以何者為依據？,依據AACR2 1.4F1，出版年的著錄應以在編圖書所屬版本的出版日期為依據。,編目法
31198,2019-12-19,31198_A02,第1刷年代與版權年不同時應如何處理？,實務上可用第1刷的年代合理推論圖書的出版年，出版年須標示方括號，並於264分欄$c加錄版權年。,編目法
31198,2019-12-19,31198_A03,260字段的出版年應如何標註？,"應標註為[2013]，例如：260 ## $a … : $b Scholastic Inc., $c [2013], c2010。",編目法
31198,2019-12-19,31198_A04,版權年應著錄於哪個字段？,版權年應著錄於264分欄$c，例如：c2010。,編目法
31198,2019-12-19,31198_A05,推薦參考哪本書了解出版年著錄原則？,推薦參考『Cataloging with AACR2 and MARC21』（作者 Deborah A. Fritz），其中提供Dates Flowchart流程圖協助判斷。,編目法
31200,2019-12-20,31200_A01,《精靈上戲: 南海劇場傳奇》的中文圖書分類號為何？,由於未能實際取得《精靈上戲: 南海劇場傳奇》一書翻閱其內容，如僅就題名所含主題進行分類，其類號為「981.933｣，即類號「981.9 各國劇場藝術｣，加上「附表十 世界區域及分國表｣之「33 臺灣｣複分，而得類號「981.933｣，係因「南海劇場｣位於國立臺灣藝術教育館內。,其他
31200,2019-12-20,31200_A02,如何根據書名主題判斷中文圖書分類號？,如僅就題名所含主題進行分類，可參考主類號「981.9 各國劇場藝術｣，並配合「附表十 世界區域及分國表｣之「33 臺灣｣複分，以確定最終類號。,其他
31200,2019-12-20,31200_A03,「南海劇場」的分類依據為何？,「南海劇場｣位於國立臺灣藝術教育館內，因此在分類時需配合「附表十 世界區域及分國表｣之「33 臺灣｣複分，以確定類號「981.933｣。,其他
31201,2019-12-26,31201_A01,《京都.大阪.神戶》一書的分類號為何使用731.7509而非731.759？,由於《中文圖書分類法》（2007年版）類表中731.759類號並未指定予任何地區的類目使用，分類時可直接以「731.75」日本近畿地方加上各國史地複分表「9 備用 如不指定，遊記得入此」，形成分類號「731.759」。但本館考量類號731.75之下尚有下位類，例如「731.757 紀伊國」，「731.759」易被誤認為其他地區類號，且未來新增類號時可能受限，故改為「731.7509」。,其他
31201,2019-12-26,31201_A02,日本近畿地方地區類號如何與各國史地複分表結合？,分類時可直接以「731.75」日本近畿地方加上各國史地複分表「9 備用 如不指定，遊記得入此」，形成分類號「731.759」，這是目前多數圖書館的用法。,其他
31201,2019-12-26,31201_A03,為何《京都.大阪.神戶》一書的分類號使用「09」而非「9」？,本館為解決類表修訂及分類實務考量，針對史地類圖書資料，若遇地區類號有下位類之情形時，會在各國史地複分表之號碼「9」前補「0」，形成「09」。遊記內容通常包含歷史與現況，故由「9」改用「09」以區分。,其他
31201,2019-12-26,31201_A04,各國史地複分表中「9」與「09」的用途有何不同？,「9」為備用碼，用於未指定地區的遊記分類；「09」則為本館修訂後的碼，用於區分遊記與歷史現況內容，避免與「附表一 總論複分表」之「09 歷史與現況」混淆。,其他
31202,2019-12-27,31202_A01,《生死教育講呢啲》的中文圖書分類號建議為何？,依博客來網路書店該書的內容簡介，分類號建議為191.9、而非397.18。,其他
31202,2019-12-27,31202_A02,《生死教育講呢啲》不建議使用哪個分類號？,不建議使用397.18，因該分類號係自人體生理學之死亡生理的角度來探討。,其他
31202,2019-12-27,31202_A03,《生死教育講呢啲》的分類號如何確定？,實際歸類時仍需查看原書內容，依其內容主題再行確定類號。,作者號及輔助區分號
31203,2019-12-30,31203_A01,期刊裝訂成合訂本後編目的書目應如何處理？,期刊若一開始為單本編目，各自有其獨立書目，於裝訂成合訂本後，書目需合併為1筆，並將書目改為open編（若該刊持續刊行中），做法是MARC 2、21書目定長欄Leader位址07之值為s（連續性出版品）、008位址06出版情況之值為c（繼續刊行之連續性出版品）、008位址11-14出版年2之值為9999（表示尚未終止），以及變長欄之出版年無終止年月（欄位260或264分欄c出版年有起年但無迄年）、稽核項（欄位300分欄a）的冊數僅著錄「冊」而不標示冊數、並且加註刊期（欄位310或321）以及於附註項載明著錄依據（欄位588）和裝訂情形（欄位563）等。,機讀編目格式
31203,2019-12-30,31203_A02,期刊合訂本與單本上架方式有何差異？,有些圖書館將合訂本與單本分處上架，有些圖書館則放在一起，圖書館可以考量存放空間、方便排架、便於取用等因素，自行決定合併上架或分別陳列。,編目政策與管理
31203,2019-12-30,31203_A03,期刊贈書若不符合館藏政策應如何處理？,期刊若為贈書，且只有一冊或數冊，如不符合館藏政策、也無參考價值，則不一定收藏，可轉贈相關單位。,編目政策與管理
31204,2019-12-30,31204_A01,西洋個人著者四角號碼如何取碼？,"個人著者取足4碼，雙名著者姓氏部分依前兩個字母查表取2碼，名字部分依雙名之各自前1個字母取1碼，例如 Henry, O. B. 的著者號碼為『0401』；單名著者姓氏及名字兩部分，均依前兩個字母查、表各取2碼，例如 Monroe, Paul 的著者號碼為『8010』",作者號及輔助區分號
31204,2019-12-30,31204_A02,西洋機關團體著者四角號碼如何取碼？,西洋機關團體著者取碼可仿上述西洋個人著者。凡4字以上之機關團體名稱，以前4個字之首字母查表取碼；凡3個字以內之機關團體名稱，則準用雙名及單名著者取碼法有關之規定,作者號及輔助區分號
31204,2019-12-30,31204_A03,三采文化出版之世界歷史探險系列作者Popcorn Story四角號碼為何？,三采文化出版之世界歷史探險系列作者Popcorn Story名稱為3個字以內的機關團體，採四角號碼取號時，各取前後兩個字母，即以Po及St取四角號碼為1093,作者號及輔助區分號
31204,2019-12-30,31204_A04,四角號碼著者號取碼規則的參考文件為何？,〈四角號碼著者號取碼規則〉（http://catweb.ncl.edu.tw/class2007/b13_app01.pdf）,作者號及輔助區分號
31210,2020-01-14,31210_A01,RDA中轉譯作品的「劃一題名」如何著錄？,在採用RDA後，劃一題名已改為「作品首選題名」，通常會著錄該作品原始題名或其音譯。,編目法
31210,2020-01-14,31210_A02,RDA書目中表現形式檢索點的結構為何？,表現形式檢索點的結構為「著者權威檢索點 + 作品首選題名 + 表現形式特性」。,編目法
31210,2020-01-14,31210_A03,西藏流亡政府著作的著者權威檢索點如何著錄？,西藏流亡政府著作的著者權威檢索點著錄為「Central Tibetan Administration-in-Exile (India)」。,編目法
31210,2020-01-14,31210_A04,西藏流亡政府著作的「作品首選題名」如何著錄？,"西藏流亡政府著作的「作品首選題名」以藏文音譯題名著錄為「'Dsin grwa bdun pa'i slob deb, Gyal rabs chos'byung dang rigs lam nang chos」。",編目法
31210,2020-01-14,31210_A05,轉譯作品核心關係的書目著錄格式為何？,核心關係著錄格式為：110欄位著錄著者權威檢索點，240欄位$a著錄作品首選題名，240欄位$l著錄表現形式特性（翻譯語言）。,編目法
31210,2020-01-14,31210_A06,轉譯作品如何描述其他表現形式的關係？,轉譯作品可透過以下方式描述其他表現形式關係：1) 700/710/711欄位著錄權威檢索點；2) 765欄位結構性描述；3) 500欄位非結構性描述。,機讀編目格式
31210,2020-01-14,31210_A07,740欄位在轉譯作品著錄中的用途為何？,740欄位用於著錄英文譯本題名，例如「Tibetan reader」，以提供檢索功能。,機讀編目格式
31211,2020-01-20,31211_A01,如何判斷LC童書類號中作者標目字母排序的合理性？,"若單從作者標目的字母排序來看，「Nichols, Lydia」的PZ類號，採用「PZ7.1.N527」較為合理，若使用「PZ7.1.N537」，會將「Nichols, Lydia」排在「Nicol, James (James E.)」和「Nicolas, Christopher」之間，字母排序上較為不合適。",其他
31211,2020-01-20,31211_A02,LC童書類號如何處理作者異名與權威標目變動？,1) 在LC Authorities或LC WebPac中，查看該作者是否有異名，且其名稱權威標目是否有更動過（名稱權威標目的擇定可能因編目規則的變動或其他因素而有所更動）。2) 查看該作者是否有異名，因而擁有不同的名稱權威標目。,權威控制
31211,2020-01-20,31211_A03,LC童書類號如何選擇無異名且權威標目未變動的作者？,若該作者既無異名，也沒有更動過權威標目，就在LC WebPac中，查看相關的索書號與Main Entry字母排序情況，協助判斷在Shelflisting時使用哪個類號較為合理。,編目法
31211,2020-01-20,31211_A04,非LC機構提供的索書號在050欄位應如何著錄？,若所著錄的索書號是由LC以外的機構給的，建議指標著錄為「#4」即可（可參考OCLC的詳細說明 https://www.oclc.org/bibformats/en/0xx/050.html）。,其他
31211,2020-01-20,31211_A05,Lydia Nichols新出版兒童故事書的050欄位應如何著錄？,050 #4 $a PZ7.1.N527 $b (Book number),編目法
31211,2020-01-20,31211_A06,"Twinkle, twinkle, fairy friend一書的050欄位應如何著錄？",050 14 $a PZ8.3.B968 $b Tf 2019,編目法
31211,2020-01-20,31211_A07,LC童書類號中09X欄位的用途與限制為何？,09X欄位是本地使用欄位（Local fields），使用館可做內部定義與使用，但有關國會圖書館的詳細抄編政策為何，或是否依循內部政策將欄位050改為097等，我們無法確知。,其他
31211,2020-01-20,31211_A08,國會圖書館WebPac中Item Availability顯示Not Available的可能原因？,該書的編目可能尚未完成，因此顯示CALL NUMBER為Not Available，Status為In Process，日期為10-29-2019。,其他
31212,2020-01-20,31212_A01,MARC欄位246用於記錄原作副題名的規則為何？,欄位246用於記載原作題名之副題名，以提供檢索款目，而欄位240僅記載劃一題名或作品首選題名（即原作之正題名）。,機讀編目格式
31212,2020-01-20,31212_A02,變體題名中是否省略字首冠詞？,依據LC-PCC PS for 2.3.6.3說明，記載變體題名於MARC欄位246或740時，除非欲以該冠詞排序，否則應省略變體題名任何開頭的冠詞。,其他
31212,2020-01-20,31212_A03,MARC欄位240與246的用途有何不同？,欄位240用於著錄劃一題名或作品首選題名（即原作之正題名），而欄位246用於記載原作題名之副題名，以提供檢索款目。,機讀編目格式
31213,2020-01-30,31213_A01,同一本書收錄兩個不同題名且著者相同時，應如何著錄？,第一個作品之題名與第二個作品之題名間以分號區隔，欄位100與245組成著者與作品之關係及其檢索款目；第二個作品以欄位700$a$t組成著者與作品之關係及其檢索款目。,編目法
31213,2020-01-30,31213_A02,同一本書收錄兩個不同題名且著者不同時，應如何著錄？,第一個作品之題名與著者敘述，再著錄第二個作品之題名與著者敘述，其間以圓點及空格區隔；第二個以後的作品若有著者，仍以欄位700$a$t建立檢索款目。,編目法
31213,2020-01-30,31213_A03,合刊出版品中無著者或不知著者時，應如何處理？,書目紀錄無欄位100、110或111，第二個以後的作品改用欄位730$a（劃一題名）或740$a（非控制相關或分析題名）建立題名附加款目。,編目法
31213,2020-01-30,31213_A04,合刊出版品中有多位合著者時，第二位合著者應如何著錄？,第二位合著者不採用著者-題名款目，僅以欄位700$a（個人名稱附加款目）提供檢索。,編目法
31222,2020-02-06,31222_A01,日文圖書資料可透過何種網站查詢與下載？,Iris，您好： 日文圖書資料則可經由NDL Online(https://ndlonline.ndl.go.jp/#!/)查詢與下載，下載格式僅提供tsv及BibTex格式；也可透過OCLC WorldCat查詢與複製，該網站僅提供條列式詳細書目，未提供MARC格式；若需下載MARC格式則需透過OCLC Connexion，惟需付費加入成員方可使用。以上資訊提供參考。 國家圖書館館藏發展及書目管理組敬覆,機讀編目格式
31222,2020-02-06,31222_A02,NDL Online提供哪些格式的下載？,下載格式僅提供tsv及BibTex格式,其他
31222,2020-02-06,31222_A03,OCLC WorldCat是否提供MARC格式下載？,該網站僅提供條列式詳細書目，未提供MARC格式,機讀編目格式
31222,2020-02-06,31222_A04,如何取得MARC格式的日文圖書資料？,若需下載MARC格式則需透過OCLC Connexion，惟需付費加入成員方可使用,機讀編目格式
31223,2020-02-11,31223_A01,金融問題或金融改革的中文書類號為何？,入類號561.9,其他
31223,2020-02-11,31223_A02,經濟政策的中文書類號為何？,入類號553,編目政策與管理
31223,2020-02-11,31223_A03,綠色經濟的中文書類號為何？,入類號550.16367,作者號及輔助區分號
31223,2020-02-11,31223_A04,綠能相關書籍（非綠色產業）的中文書類號為何？,入類號551.4,其他
31224,2020-02-11,31224_A01,兒童文學859.6與859.9的主要區別為何？,《中文圖書分類法》（2007年版）中，859.6為「兒童故事；兒童小說」，以文為主；859.9為「圖畫故事」，以圖為主。,主題法
31224,2020-02-11,31224_A02,圖文對照的兒童書籍應歸入何類？,圖文對照的兒童書，可採內部規定說明應歸入「859.6」或「859.9」。,編目法
31224,2020-02-11,31224_A03,國家圖書館發布的兒童文學分類表於何時？,國家圖書館於108年8月15日編製〈兒童文學相關分類表〉（http://catweb.ncl.edu.tw/sites/default/files/upload/standard/兒童文學相關分類表%28公告版%29.pdf）。,其他
31224,2020-02-11,31224_A04,兒童文學理論歸入何類？,兒童文學理論歸入「859.1」，兒童文學寫作法歸入「859.1」，兒童文學評論歸入「859.3」。,其他
31224,2020-02-11,31224_A05,兒童繪本歸入何類？,兒童繪本歸入「859.9」，包含兒童圖畫書、橋梁書、圖像故事、圖文小說、圖文故事。,其他
31224,2020-02-11,31224_A06,兒童詩歌歸入何類？,兒童詩歌歸入「859.8」，童詩、兒歌、童謠歸入「859.8」。,其他
31224,2020-02-11,31224_A07,科學故事歸入何類？,科學故事歸入「307.9」，中國歷史故事歸入「610.9」，世界歷史故事歸入「710.9」。,其他
31224,2020-02-11,31224_A08,兒童散文歸入何類？,兒童散文歸入「859.7」。,其他
31224,2020-02-11,31224_A09,兒童劇劇本歸入何類？,兒童劇劇本歸入「859.5」，兒童劇演出歸入「985」。,其他
31224,2020-02-11,31224_A10,兒童寓言歸入何類？,兒童寓言歸入「859.6」，寓言歸入「856.8」。,其他
31225,2020-02-13,31225_A01,登錄號的定義為何？,登錄號是圖書館圖書資料財產與管理的流水號，也代表著圖書資料入藏的先後次序，從流水號式的登錄號，即可確知館藏圖書資料的總冊／件數。,作者號及輔助區分號
31225,2020-02-13,31225_A02,登錄號的格式有哪些種類？,早期為一串數字，現在有些圖書館的登錄號則不限於純數字，而以英文字母開頭、其後再接數字。,作者號及輔助區分號
31225,2020-02-13,31225_A03,地圖資料的登錄號前導字母為何？,以Ｍ開頭再接數字的登錄號，用於地圖資料。,作者號及輔助區分號
31225,2020-02-13,31225_A04,加有前導式英文碼的登錄號有何特點？,僅能提供館藏該特定類型資料的總冊／件數，無法立即據此得知館藏各類型資料的總冊／件數。,作者號及輔助區分號
31225,2020-02-13,31225_A05,現代圖書館的登錄號如何標記？,現代圖書館的登錄號，多以條碼形式來標記，以便數位掃描讀取，避免人為抄寫可能的錯誤。,作者號及輔助區分號
31225,2020-02-13,31225_A06,登錄號的格式與長短由誰決定？,其格式和長短，係由各圖書館依其預期館藏量的規模自行訂定編號原則。,編目政策與管理
31225,2020-02-13,31225_A07,國小圖書館登錄號的格式現況如何？,貴館以往採用的登錄號於標識上有手寫的、也有條碼式的，在格式上有8位數字、9位數字及A+數字的，的確不便相關作業與運用。,其他
31225,2020-02-13,31225_A08,國小圖書館是否需統一登錄號格式？,貴館可評估人力、時間、經費等，再自行決定是否全數改為一致的作法或者維持原狀。,編目政策與管理
31226,2020-02-14,31226_A01,期刊排序的依據為何？,依分類而非刊名。,其他
31226,2020-02-14,31226_A02,首字為臺或台之期刊如何處理？,會將之全部改以臺字排列。,編目法
31227,2020-02-18,31227_A01,紙本與光碟版是否需要分別編製書目？,紙本與光碟版屬於不同資料類型，須分別編製書目，即使內容相同，因載體或使用媒介不同，不會將紙本與光碟版共同編在同1筆書目內。,其他
31227,2020-02-18,31227_A02,光碟版《台北文献》之內容為純文字時，其資料類型屬於何種類型？,光碟版《台北文献》之內容若為純文字，則其資料類型屬於連續性出版品，MARC 21書目之定長欄Leader/06=a（代表記錄類型為文字資料）且Leader/07=s（表示書目性質為連續性出版品）。,機讀編目格式
31227,2020-02-18,31227_A03,光碟版內容包含聲音或影像時，其資料類型屬於何種類型？,光碟版內容若除了文字外、尚有聲音或影像，則其資料類型屬於電子資源，MARC 21書目之定長欄Leader/06=ｍ（代表記錄類型為電子資源）且Leader/07=s（表示書目性質為連續性出版品）。,機讀編目格式
31227,2020-02-18,31227_A04,光碟版書目變長欄需註明哪些資訊？,光碟版書目變長欄須註明正題名來源、另發行紙本、第幾期以前為紙本或自第幾期起改為光碟版（代表不再發行紙本，紙本期刊的書目須加上終止的卷期及註明另發行電子版）、資料型式。,機讀編目格式
31227,2020-02-18,31227_A05,光碟版內容含影音時，書目需增加哪些欄位？,光碟版內容含影音時，須於附註項另加系統需求，若另有電子檔連結網址，則須加欄位856…等。,編目法
31227,2020-02-18,31227_A06,MARC 21書目中欄位008的用途為何？,欄位008為連續性出版品型式（若資料類型為文字）或電子資源型式（若資料類型為電子資源）。,機讀編目格式
31227,2020-02-18,31227_A07,MARC 21書目中欄位007的用途為何？,欄位007用以記載電子資源稽核細節（資料類型為電子資源時）。,機讀編目格式
31227,2020-02-18,31227_A08,MARC 21書目中欄位006的用途為何？,欄位006用以記載連續性出版品的資料特性（資料類型為文字時）。,機讀編目格式
31227,2020-02-18,31227_A09,光碟版書目中500欄位的內容格式為何？,"500 ## $a正題名取自題名畫面；500 ## $a""自直字第195期起, 增加了電子版, 提供數位時代讀者更多元的閱讀選擇""--盛裝盒內說明文字。",機讀編目格式
31227,2020-02-18,31227_A10,光碟版書目中516欄位的內容格式為何？,"516 8# $a資料型式: 文字(PDF檔); 自直字第195期起, 光碟內容含電子書PDF檔、HTML檔、EXE檔等。",機讀編目格式
31227,2020-02-18,31227_A11,光碟版書目中538欄位的內容格式為何？,"538 ## $a系統需求: Windows 98以上作業系統; Pentium以上多媒體PC; 32 MB(含)以上RAM; 8X以上光碟機; 高彩(16 bit)以上顯示卡; 16位元音效卡; 滑鼠, 喇叭; 單一指向性麥克風(錄音功能需要)。",機讀編目格式
31227,2020-02-18,31227_A12,光碟版書目中588欄位的內容格式為何？,588 ## $a據196期著錄。,編目法
31228,2020-02-19,31228_A01,欄位200的用途為何？,欄位200為人名之權威標目。,權威控制
31228,2020-02-19,31228_A02,欄位240的用途為何？,欄位240為著者／題名的權威標目（即西文編目中所謂的name-title heading），係由個人名稱或團體名稱加上題名而組成的附加款目，用以集中在某作品中的各個部分或集叢中的單本，供檢索者於書目查詢時指定特定著者之作品。,權威控制
31228,2020-02-19,31228_A03,欄位250的用途為何？,欄位250為主題標題的權威標目。,權威控制
31228,2020-02-19,31228_A04,欄位235的用途為何？,欄位235為記載總集劃一題名的標目，目的在集中該總集或集叢中的不同作品。,權威控制
31228,2020-02-19,31228_A05,欄位245的用途為何？,欄位245為記載著者／總集劃一題名的標目，目的是為了集中特定著者之總集或集叢中的不同作品。,作者號及輔助區分號
31228,2020-02-19,31228_A06,哪些項目需要進行權威控制？,人名、團體名稱、地名、劃一題名、集叢劃一題名、主題或標題均需進行權威控制。,權威控制
31228,2020-02-19,31228_A07,作品因版本或譯本不同而題名有異時，如何處理？,編目時透過劃一題名將之立為檢索款目，期能於目錄中匯集一處，以便檢索。,編目法
31228,2020-02-19,31228_A08,集叢名如何處理以區別於作品之劃一題名？,集叢名為了與作品之劃一題名區別，而冠以「總集」二字，便成「總集劃一題名」。,作者號及輔助區分號
31229,2020-02-19,31229_A01,若西文书的版权年份包含多个日期且第一个早于1978年，应如何选取？,"依据LCRI规则，若书上载有多個版權日期且並未指出這些不同日期涉及作品內容的修訂，當第1個版權日期是早於1978年，則於著錄時選用最早的版權日期，例如：書上的資訊：© 1946, 1968；書目著錄：260 ## …….., $c c1946 或 264 #1 …….., $c [1946] 264 #4 $c ©1946",編目法
31229,2020-02-19,31229_A02,若西文书的版权年份包含多个日期且第一个晚于1977年，应如何选取？,"依据LCRI规则，若书上载有多個版權日期且第1個版權日期晚於1977年，則著錄最晚近的版權日期，例如：書上的資訊：© 1986, 1999；書目著錄：260 ## …….., $c c1999 或 264 #1 …….., $c [1999] 264 #4 $c ©1999",編目法
31229,2020-02-19,31229_A03,西文书的部分内容版权年份应如何著录？,"若書上所載的版權日期是屬於「部分內容」的版權，如分屬於文字、插圖的版權，或故事集中各短篇故事的版權，建議不要著錄於欄位260或264。若認為提供這樣的版權訊息對讀者在資源識別與選擇有幫助，可於欄位500做說明，例如：500 ## $a “Text copyright © Roald Dahl Nomincee Ltd, 1966 ; illustrations copyright © Quentin Blake, 1995”--Title page verso.",編目法
31229,2020-02-19,31229_A04,西文书的版权年著录需注意哪些法律背景？,1978年以前取得版權的出版品，其版權更新有時僅是為了保持法律上的合法性，不一定有內容的修訂。因此，若第1個版權年是在1978年以前且未明示與內容修訂有關，應選用最早的版權年以傳達作成年代概念。而1977年以後取得的版權，通常伴隨著內容修訂，故選用最晚近的版權年。,編目法
31230,2020-02-20,31230_A01,杜威分類法的索引分為幾種類型？,分類法的索引一般而言有兩種：相關索引（relative index）及列舉式索引（specific index）。,作者號及輔助區分號
31230,2020-02-20,31230_A02,相關索引的定義為何？,「相關索引」係將分散於各個學科的相同主題加以聚集，以便相互比較與利用，可謂分類系統中的主題索引。也就是將分類表的主題詞（包括全部類目、類目同義詞及類目注釋中有關的主題詞）分別註明對應的分類號，再依字順編排而成的索引。,其他
31230,2020-02-20,31230_A03,相關索引的用途為何？,是文獻分類標引人員或讀者使用分類表的輔助工具，代表範例為《杜威十進分類法》的索的。,作者號及輔助區分號
31230,2020-02-20,31230_A04,列舉式索引的定義為何？,「列舉式索引」係以分類表中的類目為標目，並註明其在分類表的標記代碼（即所對應的分類號），通常每個類目在索引中只出現一次，故又稱直接索引。,作者號及輔助區分號
31230,2020-02-20,31230_A05,列舉式索引的特點為何？,其設計方式為分類表中的每一個學科僅會有一個出處，也就是說索引中僅為每一個學科設定一個特定的款目，並採機械式予以列舉。,編目法
31230,2020-02-20,31230_A06,《杜威十進分類法》的索引屬於哪一種類型？,《杜威十進分類法》的索引為相關索引。,其他
31230,2020-02-20,31230_A07,《中國圖書分類法》的索引屬於哪一種類型？,《中國圖書分類法》的索引為列舉式索引。,分類法
31230,2020-02-20,31230_A08,相關索引的參考資源為何？,國家圖書館館藏發展及書目管理組提供的資源：http://terms.naer.edu.tw/detail/1679220/ 或《杜威十進分類法》。,其他
31231,2020-02-25,31231_A01,MARC 21欄位040分欄$d是否需要保留所有修正機構代碼？,除非貴館為類似OCLC的書目公用中心，方有必要將修改單一書目的各個館別代碼全部記載或保留下來，否則沒有一定要全部保留，可以僅保留1個分欄$d填寫貴館代碼即可。,機讀編目格式
31231,2020-02-25,31231_A02,若非書目公用中心，MARC 21欄位040分欄$d應如何處理？,可僅保留1個分欄$d填寫貴館代碼，而略去其他重複的分欄$d，例如：040 ## $a DLC $b eng $c DLC $d TEU $e rda。,機讀編目格式
31231,2020-02-25,31231_A03,MARC 21欄位040分欄$d的用途為何？,欄位040分欄$d為修正機構代碼，並非如分欄$a是原始機構代碼。,機讀編目格式
31233,2020-02-27,31233_A01,期刊編目需符合哪些基本要件？,期刊所需具備的要件包括：（1）意欲無限期發行；（2）統一而固定的刊名；（3）有卷號、期號、年分、月分、或只有卷號或期號、或只有年分、月分標示；（4）出版周期基本上固定，每年至少出版2次，但不多於每周3次；（5）每期至少有2個以上不同作者發表的文章。,編目法
31233,2020-02-27,31233_A02,期刊著者號如何取號？,以刊名的第一個字開始取著者號。若刊名為西文，則會略去刊名開頭的定冠詞（例如：英文的the、法文的la及le、…）或不定冠詞（例如：英文的a、…）。,作者號及輔助區分號
31233,2020-02-27,31233_A03,中文刊名如何以首尾五筆檢字法取著者號？,採用首尾五筆檢字法為中文刊名之期刊取著者號，以刊名的第一個字開始取號。刊名若為3個以上的中文字，如未略去刊名開頭特定文字時，則以刊名前3個中文字來取號；若有略去刊名開頭特定文字時，則以略去文字之後的前3個中文字來取號。,作者號及輔助區分號
31233,2020-02-27,31233_A04,中文刊名著者號如何與時代號組合？,若採用《中文圖書分類法》，則著者號為時代號加上首尾五筆檢字法取出的號碼（最多3位阿拉伯數字）組合而成。例如《第三波》之著者號為時代號「8 民國；現代」加上「第三波」3字之首尾五筆檢字法取出之號碼「846」，組合而成著者號「8846」。,作者號及輔助區分號
31233,2020-02-27,31233_A05,刊名不足3個字如何取著者號？,刊名不足3個字時，以刊名實際字數以首尾五筆檢字法取號，例如《燃燈》之著者號為時代號「8 民國；現代」加上「燃燈」2字之首尾五筆檢字法取出之號碼「23」，組合而成著者號「823」。,作者號及輔助區分號
31233,2020-02-27,31233_A06,刊名前幾個字相同時如何處理著者號？,若館藏期刊多數刊名的前幾個字相同（例如：刊名開頭均為「中華民國…」、「臺灣地區…」），有些圖書館為避免取出的著者號皆相同，多半會略去這類文字，而以其後的文字取著者號，俾便索書號的區別及館藏的管理。,作者號及輔助區分號
31233,2020-02-27,31233_A07,期刊著者號是否需遵循特定分類法？,若採用《中文圖書分類法》，則著者號為時代號加上首尾五筆檢字法取出的號碼（最多3位阿拉伯數字）組合而成。,編目法
31235,2020-03-02,31235_A01,MARC 21格式中字段050的$b分欄符號應為何？,MARC 21欄位050的$b分欄符號應為$b，可能在資料處理過程中發生一些狀況，以致被改為{dollar}，但正確應為$b。,機讀編目格式
31235,2020-03-02,31235_A02,MARC 21格式中字段830的$x分欄符號應為何？,"MARC 21欄位830的$x分欄符號應為$x，且$x前、$a內容最末的標點符號應該是逗號而非圓點，即 830 #0 $a--------, $x ------ 而非 830 #0 $a--------. $x ------。",機讀編目格式
31235,2020-03-02,31235_A03,MARC 21欄位050指標2值為4時代表什麼意義？,MARC 21欄位050當指標2之值為4時，代表該索書號並非美國國會圖書館所給定的，而是採用美國國會圖書館分類法之其他圖書館或資料單位所給予的索書號。,機讀編目格式
31235,2020-03-02,31235_A04,MARC 21欄位前的等號是什麼作用？,MARC 21欄位前的等號為有些系統或書目編輯軟體（例如：MarcEdit）本身在每個欄位前自動會帶出的符號，並非資料內容的一部分。,機讀編目格式
31243,2020-03-05,31243_A01,RDA的定義為何？,"《資源描述與檢索》（Resource Description and Access, RDA）為取代AACR2之新的編目規則，提供編目人員處理圖書資料時，用以規範書目著錄的項目與次序。",編目法
31243,2020-03-05,31243_A02,RDA的目標為何？,RDA的目標是提供各種類型與內容資源一致且有擴展性的描述框架，並且與國際標準ISBD著錄、ICP規則、FRBR模式相容。,編目法
31243,2020-03-05,31243_A03,MARC的定義為何？,MARC為機讀編目格式，簡稱機讀格式，為電腦系統可以閱讀和處理編目紀錄的格式，即一種用來辨識、儲存、傳輸編目資訊的標準。,機讀編目格式
31243,2020-03-05,31243_A04,RDA與MARC的關係為何？,RDA為編目規則、MARC為編目格式，雖然二者同為編目之目的，但兩者在性質上本來就不同。,編目法
31243,2020-03-05,31243_A05,RDA的實施時間為何？,本館於2013年3月31日起西文編目與國際同步採用RDA，2018年7月1日起中文編目正式實施RDA。,編目政策與管理
31243,2020-03-05,31243_A06,MARC 21如何因應RDA？,MARC 21為因應RDA，經由多次MARC 21的重要更新，進而集結成「RDA in MARC」，其內容包括MARC 21因應RDA所新增之有關書目與權威的欄位、指標、分欄、代碼等。,機讀編目格式
31243,2020-03-05,31243_A07,「RDA in MARC」的內容包含哪些？,「RDA in MARC」的內容包括MARC 21因應RDA所新增之有關書目與權威的欄位、指標、分欄、代碼等，協助編目人員於採用RDA編目規則前後了解其間差異、以及MARC 21機讀編目格式實務作業方面的參考。,機讀編目格式
31243,2020-03-05,31243_A08,「RDA in MARC」的參考網址為何？,https://www.loc.gov/marc/RDAinMARC.html,編目法
31244,2020-03-09,31244_A01,《癌症好朋友》的中文圖書分類號為何？,《癌症好朋友》係以插畫的手法描述癌症之通俗性作品，其內容仍具主題性，故依其主題「癌症」進行歸類。若採用《中文圖書分類法》（2007年版），有關西醫方面的「癌症」入「417.8 腫瘤科」,其他
31244,2020-03-09,31244_A02,西醫癌症的新增中文圖書分類號為何？,《中文圖書分類法》（2007年版）中，有關西醫方面的「癌症」為新增類號，入「417.8 腫瘤科」,其他
31244,2020-03-09,31244_A03,肝癌的中文圖書分類號為何？,腫瘤科總論入417.8，各科腫瘤維持各入其類，例如肝癌入415.5362,其他
31244,2020-03-09,31244_A04,中文圖書分類法中腫瘤科的參考連結為何？,敬請參見「中文主題編目規範系統」http://catbase.ncl.edu.tw/App3/index.html,其他
31245,2020-03-12,31245_A01,RDA書目關係編目參考手冊欄位700分欄$e相關職責用語正確詞彙為何？,《RDA書目關係編目參考手冊》第216頁實例之欄位700分欄$e相關職責用語誤植為「編輯者」，正確應為「編輯」。,編目法
31245,2020-03-12,31245_A02,MARC 21欄位1XX及7XX分欄$e相關職責用語依據何種文件？,國家圖書館館藏發展及書目管理組公告之『RDA 附錄I ：「資源」與「個人、家族、團體」之間關係標示(20170912更新).pdf』（http://catweb.ncl.edu.tw/sites/default/files/upload/standard/RDA%20附錄I%20%EF%BC%9A「資源」與「個人、家族、團體」之間關係標示%2820170912更新%29.pdf）,編目法
31246,2020-03-18,31246_A01,套編方式下如何標示冊次？,若採套編（全部僅編１筆書目），則加冊次號，以茲區別，例如：861.57 8426:3 v.1 861.57 8426:3 v.2 … 861.57 8426:3 v.8.5 … 861.57 8426:3 v.11 … 861.57 8426:3 v.13.5,作者號及輔助區分號
31246,2020-03-18,31246_A02,單編方式下如何標示冊次？,若採單編（每冊各編１筆書目）：（一）仍依各冊冊次加冊次號，以茲區別，例如：861.57 8426:3 v.1 861.57 8426:3 v.2 … 861.57 8426:3 v.8.5 … 861.57 8426:3 v.11 … 861.57 8426:3 v.13.5,作者號及輔助區分號
31246,2020-03-18,31246_A03,單編方式下如何按入藏順序標示冊次？,"依入藏順序於著者號後加書次號（例如：-2, -3, …），以為區分，例如：861.57 8426:3 861.57 8426:3-2 861.57 8426:3-3 …",作者號及輔助區分號
31246,2020-03-18,31246_A04,採用套編或單編第一種方式時，排架時如何處理？,各冊可依冊次順序排架；採單編第二（二）法時，由於以入藏順序加書次號，排架時同書各冊仍可集中，但可能無法依原有冊次順序陳列，通常用於冊次出版情況未知或尚未明確時。,編目法
31246,2020-03-18,31246_A05,如何提供圖片以供參閱？,本館編目園地考量系統資安問題及主機負載能力，目前並未提供上傳圖片的服務，若有圖片需於諮詢服務問題內提供參閱時，或可自行上傳至免費雲端（例如：Google雲端硬碟、…），於取得共用連結後，再將該連結網址貼至本園地諮詢服務問題內，藉此提供參閱。,其他
31247,2020-03-18,31247_A01,書名相同且出版年相同但版次不同的圖書，其分類號如何標註？,書名相同、且出版年相同、但是版次不同的圖書，同一年代最早版次之圖書，僅需加上出版年作為年代號，同一年代後續版次之圖書，則須於年代後加上「-2」、「-3」、「-4」…，以示區別，例如： 572.022 8734-2 108 572.032 8734-2 108-2 572.022 8734-2 108-3,作者號及輔助區分號
31248,2020-03-18,31248_A01,同一本書出版年相同但版本不同，如何給索書號？,書名相同、且出版年相同、但是版次不同的圖書，同一年代最早版次之圖書，僅需加上出版年作為年代號，同一年代後續版次之圖書，則須於年代後加上「-2」、「-3」、「-4」…，以示區別，例如：992.5 8875 104 992.5 8.875 104-2 992.5 8875 104-3,作者號及輔助區分號
31248,2020-03-18,31248_A02,中文圖書的版次年代號通常使用哪種年份標示方式？,中文圖書資料處理時，有關版次之年代號，多採用民國年，較少採用西元年（按：西元年主要為處理西文圖書資料時其年代號的標示方式）,其他
31249,2020-03-19,31249_A01,套書每冊的索書號如何標示？,套書各冊需為每冊及書盒製作書標，例如：943.5 8762:2-2 v.1 943.5 8762:2-2 v.2 943.5 8762:2-2 v.3 943.5 8762:2-2 v.4 943.5 8762:2-2 v.5 943.5 8762:2-2 v.6,作者號及輔助區分號
31249,2020-03-19,31249_A02,套書書盒的索書號如何標示？,套書書盒外之書標需將各冊卷號合併標示，例如：943.5 8762:2-2 v.1-6,作者號及輔助區分號
31250,2020-03-20,31250_A01,文石電子書閱讀器屬於哪種類型的閱讀器？,文石電子書(Boox) 是屬於電子紙閱讀器的一個品牌。,編目法
31250,2020-03-20,31250_A02,Amazon Kindle 系列支援哪些電子書格式？,"Amazon Kindle 系列能夠讀取自己特有的格式的電子書 (AZW3, AZW) 及比較通用的公共格式(PDF, mobi, txt) 等。",其他
31250,2020-03-20,31250_A03,其他閱讀器品牌支援哪些電子書格式？,"其他大多數的閱讀器品牌(包含文石)則能夠讀取最普遍通用的 ePub 格式和通用的電子書格式(PDF, mobi, txt) 等等。",其他
31250,2020-03-20,31250_A04,本館提供哪些設備供民眾使用電子書資源？,本館提供供安卓系統的平板電腦，供民眾使用本館提供的電子書資源。,其他
31250,2020-03-20,31250_A05,如何取得本館電子書的使用說明？,詳細的使用方式請參考電子書 新手上路詳細說明。,其他
31251,2020-03-23,31251_A01,如何申請國際標準書號（ISBN）？,建議參考「全國新書資訊網」『如何申請國際標準書號（ISBN）暨出版品預行編目（CIP）』(http://isbn.ncl.edu.tw/NEW_ISBNNet/main_ProcessMenuItems.php?Ptarget=307&Pact=ViewContent&Pval=307&Pfld=Ffile.),其他
31251,2020-03-23,31251_A02,申辦ISBN暨CIP的聯絡電話為何？,可逕洽本館ISBN暨CIP申辦專線電話：(02)23619132轉分機701至706,其他
31254,2020-03-25,31254_A01,西文圖書的館藏代碼是什麼？,目前圖書館使用「BE」、「BJP」等館藏代碼，用以區分不同語言類型的圖書資料，例如，「BE」代表西文圖書，「BJP」代表日文圖書等。,機讀編目格式
31254,2020-03-25,31254_A02,杜威分類法與國會圖書館分類法的藝術類類目如何查詢？,國會圖書館分類法（LCC）的藝術類為N大類，可透過https://www.loc.gov/aba/publications/FreeLCC/freelcc.html查詢；杜威分類法（DDC）的藝術類簡表可透過http://www.libdipper.com.tw/cat/class/ddc/ddc_c700.htm查詢。,其他
31254,2020-03-25,31254_A03,如何取得杜威分類法的完整類表及複分表？,若需使用最新的完整類表及複分表，目前只能向OCLC訂閱線上版，或透過Amazon訂購Print-on-demand的類表（訂購資訊可參考https://www.oclc.org/en/dewey/ordering.html）。,其他
31254,2020-03-25,31254_A04,索書號中的「Z3-BE」代表什麼意思？,「Z3-BE」是舊資料，目前該圖書館已不再使用，僅保留「BE」作為西文圖書的館藏代碼。,其他
31254,2020-03-25,31254_A05,杜威分類法與國會圖書館分類法的適用情境為何？,若圖書規模不大，一般會使用杜威分類法（DDC）；若需更精細的藝術類分類，可選擇國會圖書館分類法（LCC）。,分類法
31266,2020-05-04,31266_A01,西文編目中，文數字內容的表格是否屬於插圖內容？,依據AACR 2 2.5 C1規則，僅含文數字內容的表格不算在插圖內容的描述之列。,編目法
31266,2020-05-04,31266_A02,AACR 2規則下，圖書插圖內容的著錄用語有哪些？,依據AACR 2 2.5 C2規則，可著錄的用語包括：coats of arms、facsimiles、forms、genealogical tables、maps、music、plans、portraits、samples。,編目法
31266,2020-05-04,31266_A03,LCRI對AACR 2 2.5 C2規則的解釋是什麼？,LCRI說明：除非有地圖或符合2.5 C5規則，否則一律於稽核資訊著錄「ill.」。,編目法
31266,2020-05-04,31266_A04,RDA規則下，圖書插圖內容的著錄用語有何變化？,RDA改用完整字詞（如illustrations、facsimiles、portraits）取代縮寫，並新增graph、illumination、photograph等類型。,編目法
31266,2020-05-04,31266_A05,RDA規則中如何處理多種插圖類型的著錄？,"編目員可選擇將各插圖類型逐一著錄，或統一使用「illustrations」，例如：charts, graphs, maps 或 illustrations, charts, graphs, maps。",編目法
31266,2020-05-04,31266_A06,008/18-21代碼與300分欄$b的著錄關係是什麼？,008/18-21代碼的著錄須與300分欄$b的著錄用語相對應。,編目法
31266,2020-05-04,31266_A07,AACR 2規則中，什麼情況下會著錄「chiefly ...」或「all ...」？,當書籍內容「全為」或「主要為」某一插圖類型時，著錄「chiefly ...」或「all ...」，例如「chiefly maps」。,編目法
31266,2020-05-04,31266_A08,RDA規則中，如何處理插圖類型用語的選擇？,若表列用語不適用或不夠精確，可使用其他更精確的詞語描述插圖內容類型。,其他
31266,2020-05-04,31266_A09,西文編目中，插圖內容的著錄是否需遵循特定規則？,需遵循AACR 2或RDA規則，例如AACR 2 2.5 C1/C2、RDA 7.15.1.3，並可能參考LCRI的解釋。,編目法
31267,2020-05-07,31267_A01,光碟是否需要登錄號？,光碟為具實體的資源，為便於圖書館之財產盤點、流通服務、讀者借用、及避免遺失，仍需比照圖書給予登錄號。,編目法
31267,2020-05-07,31267_A02,光碟是否需要貼上條碼？,光碟為具實體的資源，為便於圖書館之財產盤點、流通服務、讀者借用、及避免遺失，仍需比照圖書於適當位置貼上條碼。,編目法
31268,2020-05-07,31268_A01,MARC 21欄位9XX的主要用途為何？,欄位9XX在MARC 21未定義，主要是保留予各館使用，即各館可透過此段欄位滿足各館自行著錄相關資料的需求，由於係供各館使用，因此各館對於此段各欄位的定義有所不同，所著錄的內容性質也會不同。,機讀編目格式
31268,2020-05-07,31268_A02,何時應使用MARC 21欄位9XX著錄特定資訊？,若希望將廠商補償另筆書目的資訊（例如「原書下架換書補償」）及平台轉換相關資訊（例如「原平台為XXX」）保留在書目紀錄內，雖然MARC 21欄位500附註項著錄範疇較廣，但是類似「原書下架換書補償」及「原平台為XXX」的資訊，係屬貴館對於自有館藏之該筆書目著錄的額外需求，而非普遍各單位對該筆書目會著錄的內容，因此只能選用欄位9XX進行著錄。,機讀編目格式
31268,2020-05-07,31268_A03,若未來可能上傳OCLC應如何處理MARC 21欄位9XX？,如果貴館書目未來可能會上傳OCLC，欄位910不適合，主要原因為OCLL針對MARC 21欄位9XX已自行定義了901-907、910、936、938、945-949、956、987、994等欄位（https://www.oclc.org/bibformats/en/9xx.html），建議採用OCLC未定義的其他9XX欄位，選定欄位及自行給予定義、並於WebPAC系統參數上設定為不顯示後，再行使用該欄位進行資料著錄。,機讀編目格式
31269,2020-05-08,31269_A01,Item的正體中文名稱應如何譯定？,國內資訊組織界多將「Item」譯為「單件」。,權威控制
31269,2020-05-08,31269_A02,Instance的正體中文名稱應如何譯定？,國內資訊組織界多將「Instance」譯為「實例」。,權威控制
31269,2020-05-08,31269_A03,Holdings的正體中文名稱應如何譯定？,國內資訊組織界維持「Holdings」譯為「館藏」。,其他
31269,2020-05-08,31269_A04,Item的概念定義為何？,Item：A single exemplar or instance of a manifestation。（資料來源：https://beta.rdatoolkit.org/Glossary）,其他
31270,2020-05-08,31270_A01,《中文圖書分類法》附表四是否會增加「令和」時代表,目前不建議將「令和」納入附表四日本時代表，因「79 平成(1989- )」已用至「79」這個號碼，若將「令和」改為「8」開頭會破壞類表結構層次，且影響著者號的首碼時代號，導致未來年號變動頻繁時號碼不足。,其他
31270,2020-05-08,31270_A02,為何《中文圖書分類法》附表四不採用「8」開頭新增「令和」時代表,因「79 平成(1989- )」已用至「79」這個號碼，若將「令和」納入「8」會突兀且影響著者號首碼時代號，同時未來日本年號可能頻繁變動，導致號碼不足，因此不建議改為「8」開頭。,其他
31270,2020-05-08,31270_A03,《中文圖書分類法》附表四如何處理「令和」時代表的圖書,目前本館作法是維持現狀，將「令和」出版的圖書資料歸入「79 平成以後 (1989- )」，因「令和」仍屬於「平成以後」，未違背「79 平均以後」的涵義。,其他
31271,2020-05-25,31271_A01,電子書採購註記是否應註記於MARC 21欄位910?,業已回覆，敬請至編目園地諮詢服務網址http://catweb.ncl.edu.tw/QandA/page/31268參閱。,機讀編目格式
31271,2020-05-25,31271_A02,電子書採購註記是否可記載於MARC 21欄位856分欄ｘ?,由於於5月26日另提出將電子書採購註記於MARC 21欄位856分欄ｘ的詳細問題，因此併同該項諮詢問題一併回覆。,機讀編目格式
31272,2020-05-25,31272_A01,國會圖書分類法PS類如何根據作者姓氏的第二個字母確定克特號？,當LCC類表的類目中出現「The author number is determined by the second letter of the name」時，表示須以該作者姓氏的第2個字母開始取克特號，做為該位作者的專號。此規則較常出現於文學類（P大類）的「個別作家」（Individual authors）類目之下，因該類號已將作者姓氏的第一個字母涵括在類目意義之中，所以克特號就從姓氏的第2個字母開始取號。,作者號及輔助區分號
31272,2020-05-25,31272_A02,PS3603類目對應的作者條件及克特號取法為何？,"PS3603類目是指「於2001年以後開始活躍的美國文學作者，且姓氏首字母為C者」，因類目意義已納入姓氏的首字母，所以克特號就從姓氏的第2個字母開始取號。例如作家John R. Corrigan，書目中的名稱標目為「Corrigan, John R.」，其文學作者專號為「PS3603.O773」，就是從O開始取的克特號。",作者號及輔助區分號
31273,2020-05-26,31273_A01,856字段的x子字段用途為何？,欄位856分欄x雖然是非公開的附註，但是係指該資源之電子資源位址的相關說明或註釋。,編目法
31273,2020-05-26,31273_A02,何時應使用856字段的x子字段？,若確定上述所註記的資訊為欄位856分欄u電子資源位址之不公開的相關說明或註釋，當然可以採用欄位856分欄x加以註記。,機讀編目格式
31273,2020-05-26,31273_A03,書目資訊應使用何種字段註記？,若所註記之內容為針對該筆書目（整筆書目）的資訊、而非對於欄位856分欄u所列電子資源位址的註記，則建議採用欄位9XX。,機讀編目格式
31274,2020-05-26,31274_A01,國會圖書館索書號欄位050的用途為何？,欄位050用以著錄國會圖書館索書號，原則上可直接使用為貴館的索書號，但部分圖書館因有自己索書號政策，可能與050資訊不同。,機讀編目格式
31274,2020-05-26,31274_A02,PZ類在國會圖書館分類法中的用途為何？,PZ類用於兒童、青少年作品的分類，美國國會圖書館為此制定特別索書號給訂政策，用以分類1870-2014年間開始發表出版的兒童青少年讀物之作者。,作者號及輔助區分號
31274,2020-05-26,31274_A03,PZ類索書號結構中「PZ7」的含義為何？,「PZ7」是LCC本表中的分類號，用以分類1870-2014年間開始發表出版兒童青少年讀物之作者。,作者號及輔助區分號
31274,2020-05-26,31274_A04,PZ類索書號結構中「.T273」的含義為何？,「.T273」是克特號（第1克特號），以創作者姓名（欄位100所著錄的作者標目）取的克特號，作用同於文學類的「作者專號」，同一作者的書均著錄此第1克特號。,作者號及輔助區分號
31274,2020-05-26,31274_A05,PZ類索書號結構中「Su」的含義為何？,「Su」是作品標記（Work mark），通常取自書名前2個字母（省略首冠詞），若書名第2個字母為「a」，則取到第3個字母。,作者號及輔助區分號
31274,2020-05-26,31274_A06,作品標記的生成規則為何？,作品標記通常取自書名前2個字母（省略首冠詞），若書名第2個字母為「a」，則取到第3個字母。例如：書名「Summer freeze」取「Su」，書名「A tale of two daddies」取「Tal」。,作者號及輔助區分號
31274,2020-05-26,31274_A07,美國國會圖書館兒童青少年讀物索書號政策的連結為何？,https://www.loc.gov/aba/cyac/shelflisting.html,其他
31274,2020-05-26,31274_A08,書名「Summer freeze!」的索書號結構為何？,PZ7 .T273 Su 2015，其中「PZ7」為LCC分類號，「.T273」為克特號，「Su」為作品標記，「2015」為年份。,作者號及輔助區分號
31284,2020-06-01,31284_A01,國會圖書館索書號欄位050的主要用途為何？,欄位050用以著錄國會圖書館索書號，原則上可直接使用為貴館的索將號，但部分圖書館因有自己索書號政策，可能與050資訊不同。,機讀編目格式
31284,2020-06-01,31284_A03,PZ類索書號結構中『PZ7』的用途為何？,『PZ7』是LCC本表中的分類號，用以分類1870-2014年間開始發表出版兒童青少年讀物之作者。,作者號及輔助區分號
31284,2020-06-01,31284_A04,PZ類索書號結構中『.T273』的用途為何？,『.T273』是克特號（第1克特號），以創作者姓名取得，作用同於文學類的『作者專號』，同一作者的書均使用此克特號。,作者號及輔助區分號
31284,2020-06-01,31284_A05,PZ類索書號結構中『Su』的用途為何？,『Su』是作品標記（Work mark），通常取自書名前2個字母（省略首冠詞），若第2個字母為『a』則取至第3個字母。,作者號及輔助區分號
31284,2020-06-01,31284_A06,書名『Summer freeze!』的索書號結構中『Su』是如何產生的？,書名『Summer freeze』的『Su』是取自書名前2個字母（忽略首冠詞），因第2個字母為『u』，故取前2個字母『Su』作為作品標記。,作者號及輔助區分號
31284,2020-06-01,31284_A07,書名『A tale of two daddies』的索書號結構中『Tal』是如何產生的？,書名『A tale of two daddies』的『Tal』是取自書名前2個字母（忽略首冠詞），因第2個字母為『a』，故取至第3個字母『Tal』。,作者號及輔助區分號
31284,2020-06-01,31284_A08,美國國會圖書館針對兒童青少年讀物的索書號政策網頁連結為何？,https://www.loc.gov/aba/cyac/shelflisting.html,其他
31285,2020-06-02,31285_A01,杜威分類法索書號是否需要在克特號前加點？,通常不會在克特號前加點，即通常為：082  __  $a 372.21  $b E261。克特號加點做標註通常見於以國會圖書館分類法（LCC）所建構的索書號中。,作者號及輔助區分號
31285,2020-06-02,31285_A02,有關杜威分類法索書號建構的教材簡報連結為何？,https://www.slideshare.net/CherylMiracle/dewey-decimal-classification-sy...,其他
31285,2020-06-02,31285_A03,OCLC提供杜威分類法索書號的培訓資源連結為何？,https://www.oclc.org/en/dewey/resources/teachingsite.html,其他
31286,2020-06-03,31286_A01,PZ7類號用於分類哪些類型的圖書？,PZ7類號用於分類1870-2014年間開始發表出版的兒童青少年讀物之作者。,作者號及輔助區分號
31286,2020-06-03,31286_A02,克特號的生成是否需要考慮作者姓名？,是的，克特號會以創作者姓名（即欄位100所著錄的作者標目）取號，作用同於文學類的「作者專號」。,作者號及輔助區分號
31286,2020-06-03,31286_A03,童書索書號的結構包含哪些部分？,索書號結構包含：1. 分類號（如PZ7），2. 作者專號（如.H8566257），3. 作品標記（如Mi）。,作者號及輔助區分號
31286,2020-06-03,31286_A04,美國國會圖書館對童書的索書號有什麼具體政策？,美國國會圖書館制定「Procedures for Shelflisting CYAC Material」政策，用於為PZ類兒童或青少年讀物建構索書號（https://www.loc.gov/aba/cyac/shelflisting.html）。,編目政策與管理
31286,2020-06-03,31286_A05,童書索書號的排序原則是什麼？,索書號結構原理在於讓童書陳列能先依主題分類排，然後再依作者姓名排，同一作者的作品再依書名排。,作者號及輔助區分號
31286,2020-06-03,31286_A06,是否有圖書館不遵循美國國會圖書館的索書號作法？,是的，有些圖書館可能不依循國會圖書館的作法，例如使用「PZ7 / H8604 / 2010」的結構。,其他
31287,2020-06-08,31287_A01,分類法與標題法的異同點有哪些？,1. 主題概念表達方式：分類法採用標記方式（例如數字或字母）表達主題概念；標題法直接以詞語方式表達主題概念。 2. 主題概念組織方式：分類法多以學科類別作為主題概念的組織方式；標題法則以詞語之字順作為主題概念的組織方式。 3. 主題內在關係顯示：分類法係以類號及類目之層級顯示主題之內在關係；標題法則以詞語之參照系統顯示主題之內在關係。 4. 主題標引方式不同：經過主題分析後，以分類法標引前，需先確定文獻主題之學科範圍與性質；以標題法標引前，則需辨別文獻主題名稱構成因素間之關係。 5. 文獻聚集情形差異：分類法會依學科集中文獻、但是主題分散；標題法則依主題聚集文獻，將自不同面向不同學科研究同一主題的文獻集中。 6. 適應學科發展能力：遇有類號、類目或標題修訂時，標題法之標題詞增刪修改，對於系統結構的影響較少，故其對於學科發展的適應能力較高。,主題法
31287,2020-06-08,31287_A02,分類法的分類方式有哪些？,分類法依其組配程度的不同，可分為階層式分類法及分析綜合式分類法。階層式分類法是一種直接表現知識分類層級概念的標示系統，通常由編表人員預先組配主題之組合型式，故屬列舉式分類法。分析綜合式分類法則強調主題概念的可分析性及可綜合性，即將主題概念之術語詞彙逐一列出，而由主題分析人員自由組合使用。,主題法
31287,2020-06-08,31287_A03,標題法的定義與特點為何？,標題法是以標題詞作為文獻概念呈現的一種主題法，其內所採用的標題詞必須預先經過規範化處理，以便代表文獻主題的詞或詞組，亦即以詞語作為主題概念的呈現，將標題詞採字順排列，並搭配參照方式，以便間接顯示概念間的相互關係。,主題法
31287,2020-06-08,31287_A04,分類法與標題法的共同點為何？,分類法與標題法二者都是揭示文獻主題內容的方法，而且都是經由主題分析、主題標引的過程，進而提供文獻聚集功能及達到資訊檢索的目的。,主題法
31287,2020-06-08,31287_A05,分類法與標題法的主題概念組織方式有何不同？,分類法多以學科類別作為主題概念的組織方式；標題法則以詞語之字順作為主題概念的組織方式。,主題法
31287,2020-06-08,31287_A06,分類法與標題法的主題內在關係顯示方式有何不同？,分類法係以類號及類目之層級顯示主題之內在關係；標題法則以詞語之參照系統顯示主題之內在關係。,主題法
31287,2020-06-08,31287_A07,分類法與標題法的主題標引方式有何不同？,經過主題分析後，以分類法標引前，需先確定文獻主題之學科範圍與性質；以標題法標引前，則需辨別文獻主題名稱構成因素間之關係。,主題法
31287,2020-06-08,31287_A08,分類法與標題法的文獻聚集情形有何差異？,分類法會依學科集中文獻、但是主題分散；標題法則依主題聚集文獻，將自不同面向不同學科研究同一主題的文獻集中。,編目法
31287,2020-06-08,31287_A09,分類法與標題法的適應學科發展能力有何差異？,遇有類號、類目或標題修訂時，標題法之標題詞增刪修改，對於系統結構的影響較少，故其對於學科發展的適應能力較高。,主題法
31288,2020-06-10,31288_A01,如何進行主題詞表的精確查詢？,於「國家圖書館中文主題編目規範系統」進行主題詞表查詢時，若選取「精確查詢」方式，則所輸入的查詢詞必須與主題詞表內的主題詞文字完全吻合，方可獲得查詢結果。,主題法
31288,2020-06-10,31288_A02,如何進行主題詞表的近似查詢？,於「國家圖書館中文主題編目規範系統」進行主題詞表查詢時，若選取「近似查詢」方式，系統會將主題詞表內含有查詢詞在內之主題詞列出。,主題法
31288,2020-06-10,31288_A03,主題詞表查詢時「斯拉夫」無法搜尋到結果的原因？,主題詞表內所採用的主題詞為『斯拉夫民族』，而非『斯拉夫』，因此若勾選「精確查詢」，僅會出現「無符合資料」的查詢結果。,其他
31288,2020-06-10,31288_A04,主題詞表查詢時「斯拉夫」可搜尋到的結果？,若勾選「近似查詢」，則會出現查詢結果為『斯拉夫民族』，係因採「近似查詢」時，系統會將主題詞表內含有該查詢詞在內之主題詞列出。,其他
31289,2020-06-12,31289_A01,套書單冊作者不同時，如何表示作者與作品關係？,透過欄位700之name-title added entry形式，搭配$i關係用語（參考RDA附錄J）表達著者與作品間之關係，例如：700 12 $i 包含(作品) $a林坤誼. $t生活科技；700 12 $i 包含(作品) $a何榮桂. $t資訊科技。,編目法
31289,2020-06-12,31289_A02,僅有編輯者而無創作者時，應如何處理套書的題名檢索款目？,僅需透過欄位740為兩冊的題名分別建立題名檢索款目，例如：740 02 $a生活科技；740 02 $a資訊科技。,編目法
31289,2020-06-12,31289_A03,MARC 21欄位700中$a與$t的使用規則為何？,欄位700若採name-title added entry形式且同時有$a$t時，$t不是標題而是作品題名，且$a個人名稱必須為對應$t作品題名的主要著者（如創作者或第一位創作者）。,編目法
31289,2020-06-12,31289_A04,MARC 21欄位700能否使用$e關係用語？,不能，若採name-title added entry形式且同時有$a$t時，$e用語（參考RDA附錄I）不可使用，應改用$i關係用語（參考RDA附錄J）。,編目法
31291,2020-06-15,31291_A01,《中國編目規則》1.2.2.1對並列版本著者敘述的處理方式為何？,若作品之版本敘述已有並列版本之著錄，而其關係版本之著者敘述僅一種語文時，可將版本之著者敘述著錄於所有並列版本之後。,編目法
31291,2020-06-15,31291_A02,《中國編目規則》1.2.2.2對兩種不同語文版本敘述的處理方式為何？,若作品有二種不同語文之版本敘述及其版本之著者敘述，可依語文類別分別著錄。,編目法
31291,2020-06-15,31291_A03,《RDA》2.5.2.4對版本標示出現多種語文的處理方式為何？,若著錄來源之版本標示出現不只一種語文，以與正題名相同語文著錄之；若此原則不適用，則以最先出現之語文著錄之。,編目法
31291,2020-06-15,31291_A04,《RDA》2.5.4.4對版本相關著者敘述出現多種語文的處理方式為何？,若著錄來源上有關版本之著者敘述出現不只一種語文時，以與正題名相同語文著錄之；若此原則不適用，則以最先出現之語文著錄之。,編目法
31291,2020-06-15,31291_A05,《中國編目規則》與《RDA》在版本敘述語言處理上的差異為何？,圖書館書目資料著錄依所採用之編目規則不同（例如採用《中國編目規則》或《RDA》）將會有不同的結果。,編目法
31291,2020-06-15,31291_A06,版本敘述中出現多種語文時，應如何著錄？,若著錄來源之版本標示出現不只一種語文，以與正題名相同語文著錄之；若此原則不適用，則以最先出現之語文著錄之。,編目法
31291,2020-06-15,31291_A07,並列版本之著者敘述僅一種語文時，應如何著錄？,可將版本之著者敘述著錄於所有並列版本之後。,編目法
31291,2020-06-15,31291_A08,兩種不同語文版本敘述應如何分別著錄？,可依語文類別分別著錄。,編目法
31293,2020-06-17,31293_A01,碩士論文註的年代指的是什麼？,碩士論文註（以MARC 21為例，指欄位502）之年代係學位授予年度（例如民98或2009），不是學年度，更不是出版年。,機讀編目格式
31293,2020-06-17,31293_A02,為何碩士論文註的年代不採用學年度？,學位論文屬於未正式出版之作品，編目時不需著錄出版地、出版者，出版項僅著錄學位論文之製作年代，並將取得學位之學位別、授予學位之機構名稱（通常指學校系所名稱）、學位授予年度記載於學位論文註。,其他
31293,2020-06-17,31293_A03,碩士論文註需要著錄哪些資訊？,學位論文註需記載取得學位之學位別、授予學位之機構名稱（通常指學校系所名稱）、學位授予年度。,編目法
31293,2020-06-17,31293_A04,碩士論文註是否需要著錄出版地與出版者？,國家圖書館館藏發展及書目管理組說明，學位論文屬於未正式出版之作品，編目時不需著錄出版地、出版者。,其他
31294,2020-06-17,31294_A01,學位論文註的年代指什麼？,學位論文註（以MARC 21為例，指欄位502）之年代係指學位授予年度（例如民98或2009），不是學年度，更不是出版年。,機讀編目格式
31294,2020-06-17,31294_A02,學位論文註是否需要著錄出版地與出版者？,國家圖書館館藏發展及書目管理組說明，學位論文屬於未正式出版之作品，編目時不需著錄出版地、出版者。,其他
31294,2020-06-17,31294_A03,學位論文註應著錄哪些內容？,學位論文註需著錄學位別、授予學位之機構名稱（通常指學校系所名稱）、學位授予年度，並將取得學位之學位別、授予學位之機構名稱及學位授予年度記載於學位論文註。,編目法
31295,2020-06-20,31295_A01,諮詢服務之查詢結果連結錯誤的原因為何？,因系統索引問題導致連結有所錯誤。,其他
31295,2020-06-20,31295_A02,諮詢服務之查詢結果連結錯誤是否已解決？,本園地業已處理改善。,其他
31296,2020-06-20,31296_A01,書架移架問題是否屬於國家圖書館的諮詢範圍？,所提問題不在本園地諮詢服務範圍,其他
31296,2020-06-20,31296_A02,書架移架問題應如何處理？,建議請教有移架經驗之圖書館的閱覽典藏單位或查詢相關參考資料,其他
31297,2020-06-23,31297_A01,《東方島上的感恩心.一世情 : 達悟之父 : 紀守常影像集》的正確索書號格式為何？,Lu，您好： 有關《東方島上的感恩心.一世情 : 達悟之父 : 紀守常影像集》一書的索書號，於網路上可查得①249.9448 8726 8464及②249.9448/8726 8464兩種。 抄編時請選用①之索，即包括分類號249.9448、被傳主號8726、撰者之著者號8464，於線上目錄索書號直列的顯示方式為各號碼間加一空格，即「249.9448 8726 8464」,作者號及輔助區分號
31297,2020-06-23,31297_A02,索書號中分類號與被傳主號之間的符號應為何？,經請教書目來源之圖書館，得知係該館早期作法，現已取消「/」而將之改為「249.9448 8726 8464」,作者號及輔助區分號
31297,2020-06-23,31297_A03,《東方島上的感恩心.一世情 : 達悟之父 : 紀守常影像集》的書標格式為何？,書標則為 249.9448 8726 8464 2010,編目法
31305,2020-07-02,31305_A01,依據AACR2規則編目時，圖書插圖內容應如何著錄？,依據AACR2規則2.5C，於書目中以「ill.」著錄圖書插圖內容，不需標示單複數之區分，例如：300 ## $a 230 p. : $b col. ill. ; $c ... 或 300 ## $a 327 p. : $b ill. (some col.) ; $c ...,編目法
31305,2020-07-02,31305_A02,依據RDA規則編目時，圖書插圖內容應如何著錄？,依據RDA 7.15.1.3，於書目中描述圖書插圖內容時，可著錄通稱用語「illustrations」，需以完整詞語做著錄且使用複數形式，例如：300 ## $a 230 pages : $b color illustrations ; $c ... 或 300 ## $a 327 pages : $b illustrations (some color) ; $c ...,編目法
31305,2020-07-02,31305_A03,編目時如何處理圖書插圖數量的著錄？,若能即時判斷插圖之確切數量（如書內插圖有編號），可選擇性地加錄插圖之數量，例如：300 ## $a 147 pages : $b 48 illustrations ; $c ...,編目法
31305,2020-07-02,31305_A04,AACR2規則中插圖著錄是否需標示單複數？,依據AACR2規則2.5C，著錄圖書插圖內容時不需標示單複數之區分。,編目法
31305,2020-07-02,31305_A05,RDA規則中插圖著錄是否需使用完整詞語？,依據RDA 7.15.1.3，編目時須以完整詞語做著錄，不採用縮稱。,編目法
31306,2020-07-02,31306_A01,圖書分類編目中，資料類型包括哪些？,包括圖書、連續性資源（例如：期刊、電子期刊、持續更新之活頁出版品、網站）、善本圖書、地圖資料、樂譜、錄音資料（例如：唱片、錄音帶、音樂捲帶）、電影片及錄影資料（例如：影片、電視節目、紀錄片、新聞報導）、靜畫資料（例如：圖表、照片、幻燈片、平面藝術品）、立體資料（例如：模型、標本、展覽品、雕塑、機器、服飾、遊戲用品）、拓片、微縮資料、電子資源等。,其他
31306,2020-07-02,31306_A02,圖書分類編目中，資源種類如何分類？,以資源的種類來分：包括有形實體（例如：卡式錄音帶）、無形實體（例如：網站）。,編目法
31306,2020-07-02,31306_A03,圖書分類編目中，描述的對象如何分類？,以描述的對象來分：包括一個個別實體（例如：單張影碟）、實體的集合體（例如：3張單張地圖）、實體的組成部分（例如：1套20張幻燈片中的1張、1期學報中的1篇文章）。,編目法
31306,2020-07-02,31306_A04,圖書分類編目資料來源為何？,以上資料來源為《中國編目規則》及《RDA》。,編目法
31307,2020-07-03,31307_A01,美國國會圖書館分類法（LCC）的全表PDF檔下載網址為何？,https://www.loc.gov/aba/publications/FreeLCC/freelcc.html,其他
31307,2020-07-03,31307_A02,如何取得美國國會圖書館分類法（LCC）的分類號？,必須依LCC本表說明取號，每個類目的複分方式可能不完全相同，需查閱該類目是否須複分及如何複分。,分類法
31307,2020-07-03,31307_A03,如何為現代法國文學作家取專號？,"需先選定合適的文學類號，再以克特號取號，並考慮姓氏首字母及第二字母的排序功能。例如，Peyrin, Laurence的專號為PQ2716.E97。",作者號及輔助區分號
31307,2020-07-03,31307_A04,LCC克特號取號概念的核心原則為何？,LCC的克特號取號概念講求相對的排序功能，而非絕對對應，取號後需經Shelflisting與館藏目錄中的其他書目進行字母排序查檢。,編目政策與管理
31307,2020-07-03,31307_A05,如何確認LCC分類號的正確排序功能？,需查閱LC WebPac及所在圖書館館藏目錄，確認待編作者與其他作家的字母排序關係是否正確，並確保無重號。,編目政策與管理
31307,2020-07-03,31307_A06,LCC附表P-PZ40的結構如何？,結構包含：.x date-.xA13（全集）、.xA199-.xA59（翻譯）、.xA6（選集）、.xA61-.xZ458（單獨作品）、.xZ4581-.xZ999（傳記評論）。,其他
31307,2020-07-03,31307_A07,「La drôle de vie de Zelda Zonk」的索書號為何？,PQ2716 .E97 D74 2016，其中PQ2716為作家專號，.E97為克特號，D74為作品題名克特號，2016為出版年份。,作者號及輔助區分號
31307,2020-07-03,31307_A08,哪些作家可能不適用LCC標準的專號取號方式？,部分有名且被 frequently 研究的作家及作品，會有不同的取號方式，例如莎士比亞。,其他
31308,2020-07-07,31308_A01,錄影資源的題名應優先以何處為著錄來源？,"1. 以題名畫面或題名螢幕著錄題名。2. 若題名畫面或螢幕僅列出個別內容的題名，而資源上其他來源載有正式呈現的總題名(如盛裝盒上)，則以正式呈現總題名著錄題名。3. 若資源上沒有題名畫, 優先選用永久印刷或黏貼在資源上的題名標籤(光碟標籤)為首選來源。",編目法
31308,2020-07-07,31308_A02,錄影資源無題名畫面時，如何著錄題名？,若資源上沒有題名畫面或螢幕，則優先選用下列載有題名者為首選的著錄來源：1. 永久印刷或黏貼在資源上的題名標籤(光碟標籤)，但不包括附隨的文字資料或盛裝盒。2. 作整體著錄時，可參考隨資源發行的附隨文字資料或盛裝盒。,編目法
31308,2020-07-07,31308_A03,錄影資源的其他欄位資訊應如何著錄？,除了題名以外，其他所有欄位著錄資訊可參考附隨文字資料或盛裝盒。,編目法
31308,2020-07-07,31308_A04,錄影資源的出版地應如何著錄？,盡量推斷並著錄可能的出版地，並標示方括號。若真的完全無法查找或推斷出版地，則著錄[出版地不詳]，並標示方括號。,編目法
31308,2020-07-07,31308_A05,錄影資源的出版者應如何著錄？,錄音及錄影資源本身或其外盒上所呈現的出版公司商標或品牌（trade name or brand name），可視為出版者名稱。找不到出版者資訊，則著錄「出版者不詳」。若不只一個出版者名稱出現在著錄來源，僅第1個出版者是必須著錄的。,編目法
31308,2020-07-07,31308_A06,錄影資源的出版日期應如何著錄？,若為確知日期，不需標示方括號。若為推估的日期，才需要加方括號。若無法合理推估大約的出版日期，則著錄「出版日期不詳」。版權日期©和℗可用以推估出版日期，需加方括號。若查不出出版日期，國圖的作法是把光碟放進電腦去，找出光碟VIDEO資料夾內-內容-建立日期。,編目法
31308,2020-07-07,31308_A07,錄音資源的題名應優先以何處為著錄來源？,以唱片標籤為主，若唱片標籤無題名，可參考盛裝盒上的題名。,編目法
31308,2020-07-07,31308_A08,錄音資源的其他欄位資訊應如何著錄？,其他欄位著錄，可參考隨資源發行的盛裝盒或附隨資料。,編目法
31308,2020-07-07,31308_A09,影音視訊編目可參考哪些外部網站？,相關著錄資訊參考網站：全國圖書書目資訊網(NBINET)、IMDb：https://www.imdb.com/(電影片)、http://isrc.ncl.edu.tw/(音樂CD)、https://catalog.loc.gov/(書目)、https://authorities.loc.gov/(權威)。,其他
31311,2020-07-08,31311_A01,翻譯作品原文題名在採用《中國編目規則》時應如何著錄？,依據CCR 1.1.3.2，翻譯作品附原文且原題名載於主要著錄來源時，原題名以並列題名著錄於欄位245$b並加欄位246。若未附原文，原題名著錄於欄位500，前導用語固定為『譯自：』。,編目法
31311,2020-07-08,31311_A02,翻譯作品原文題名在採用《英美編目規則》（AACR2）時應如何著錄？,AACR2 1.1D3規定，與正題名不同語文的原題名若出現於主要著錄來源且作品含原文，視為並列題名著錄於欄位245$b並加欄位246；若與正題名語文相同，則著錄於欄位246；其他情況原題名著錄於欄位765或500，前導用語固定為『譯自：』。,編目法
31311,2020-07-08,31311_A03,翻譯作品原文題名在採用《資源描述與檢索》（RDA）時應如何著錄？,RDA 2.3.3.1規定，與正題名不同語文的原題名若出現位置等同正題名，視為並列題名著錄於欄位245$b並加欄位246；若正題名非來自資源，並列題名應取自相同來源，並於欄位500註明來源。,編目法
31311,2020-07-08,31311_A04,翻譯作品的劃一題名與並列題名的關係為何？,翻譯作品通常以原題名作為劃一題名，並列題名可能為原題名。若符合並列題名要件，原題名著錄於欄位245$b並加欄位246，劃一題名著錄於欄位240。,編目法
31311,2020-07-08,31311_A05,非譯自原作之翻譯作品的題名應如何著錄？,若翻譯作品的題名非原作，例如譯自其他譯本，則該題名視為並列題名，著錄於欄位245$b及246，或欄位245加欄位500加欄位740（二法擇一）。,編目法
31311,2020-07-08,31311_A06,《資源描述與檢索》（RDA）中並列題名的著錄要件為何？,RDA 2.3.3.1規定，並列題名係指另一語言或文字的正題名，且出現於資源內任何部分均可著錄於欄位245$b，並加欄位246。若正題名非來自資源，並列題名應取自相同來源。,編目法
31311,2020-07-08,31311_A07,《英美編目規則》（AACR2）中劃一題名的處理方式為何？,AACR2所稱「劃一題名」於RDA稱為「首選題名」，著錄於欄位240或130。若正題名取自資源外來源，並列題名應取自相同來源，並於欄位500註明來源。,編目法
31311,2020-07-08,31311_A08,翻譯作品原文題名著錄於欄位765時應如何處理？,根據AACR2規定，若原題名未符合並列題名要件且與正題名語文相同，則原題名著錄於欄位765（可透過指標1選擇是否產生附註）或欄位500，前導用語固定為『譯自：』。,編目法
31311,2020-07-08,31311_A09,翻譯作品原文題名著錄於欄位500時應如何處理？,根據CCR規定，若原題名未符合並列題名要件，則原題名著錄於欄位500，前導用語固定為『譯自：』。根據AACR2及RDA，若原題名未符合並列題名要件，亦可能著錄於欄位500，前導用語固定為『譯自：』。,編目法
31311,2020-07-08,31311_A10,《中國編目規則》（CCR）中並列題名的著錄條件為何？,CCR 1.1.3.2規定，翻譯作品附原文且原題名載於主要著錄來源時，原題名以並列題名著錄於欄位245$b並加欄位246；若未附原文，原題名一律著錄於欄位500，前導用語固定為『譯自：』。,編目法
31312,2020-07-20,31312_A01,西文編目方式下藏文作者號如何取號？,西文編目實務中，藏文作者號是以克特號取號，需先將藏文姓名音譯為拉丁字母，再依據音譯結果取號。音譯工具使用ALA-LC Romanization Tables（https://www.loc.gov/catdir/cpso/roman.html）中的藏文音譯表，或可使用The Tibetan & Himalayan Library網站的線上轉換工具（http://www.thlib.org/reference/transliteration/wyconverter.php），其威利轉寫結果與國會圖書館音譯相符度約8~9成。,作者號及輔助區分號
31312,2020-07-20,31312_A02,中文編目方式下藏文作者號如何取號？,中文編目處理藏文書籍時，需先進行藏文音譯，再依作者號取號方式取號。,作者號及輔助區分號
31312,2020-07-20,31312_A03,四角號碼取藏文作者號的步驟為何？,若以四角號碼取號，需依據音譯結果（拉丁字母）參考四角號碼對照表（http://catweb.ncl.edu.tw/class2007/b13_app01.pdf）取號。,作者號及輔助區分號
31312,2020-07-20,31312_A04,首尾五筆法取藏文作者號的步驟為何？,若以首尾五筆法取號，需將音譯結果（拉丁字母）再次進行中文音譯，再依據中文音譯名稱取號。中文音譯可參考「世界人名翻譯大辭典」等工具書，但可能僅能取得發音相近的結果。,作者號及輔助區分號
31312,2020-07-20,31312_A05,藏文音譯工具的線上轉換服務網址為何？,The Tibetan & Himalayan Library網站提供線上音譯工具（Converter between Wylie and Unicode），網址為http://www.thlib.org/reference/transliteration/wyconverter.php。,其他
31312,2020-07-20,31312_A06,ALA-LC藏文音譯表的下載網址為何？,ALA-LC Romanization Tables的藏文音譯表下載網址為https://www.loc.gov/catdir/cpso/roman.html。,其他
31312,2020-07-20,31312_A07,四角號碼對照表的下載網址為何？,四角號碼對照表下載網址為http://catweb.ncl.edu.tw/class2007/b13_app01.pdf。,其他
31312,2020-07-20,31312_A08,首尾五筆法對照表的下載網址為何？,首尾五筆法對照表下載網址為http://catweb.ncl.edu.tw/class2007/b13_app02.pdf。,其他
31316,2020-07-29,31316_A01,何謂「Folk literature」的分類標準？,「Folk literature」（民間文學或民俗文學）的分類標準為：1) 創作來源不明（anonymous）。2) 以口語方式代代相傳（handed down by word of mouth from one generation to the next）。3) 可被蒐集與重述，但蒐集者與重述者不視為作品創作者，如格林童話。符合上述定義者入類於「398.2」。,其他
31316,2020-07-29,31316_A02,具有確知創作者的童話作品應歸入何類？,若作品雖具典型「Folk literature」體裁形式，但有確知創作者（如安徒生童話），應視為一般文學，歸入「800」類。,其他
31316,2020-07-29,31316_A03,何謂「Folklore」的入類原則？,「Folklore」指透過模仿或觀察，以口語傳承與學習的文化事物，包括故事、傳說等敘事性資料。對這些故事的較為忠實重述與改編可入類「398.2」，但大幅度改編或改作則不在此列，應歸類於其他類別。,其他
31316,2020-07-29,31316_A04,"《Honestly, Red Riding Hood Was Rotten!》的分類號為何？","《Honestly, Red Riding Hood Was Rotten!》的分類號為「813.6」（除簡化特藏代碼「E」的圖書館外）。",機讀編目格式
31316,2020-07-29,31316_A05,如何查詢童話繪本的分類號參考資訊？,可參考OCLC Classify工具（https://classify.oclc.org/classify2/ClassifyDemo?wi=711988976），以題名或主題詞查詢該書或類似圖書在入類時，大部分圖書館採用的分類號。,作者號及輔助區分號
31316,2020-07-29,31316_A06,OCLC DDC Manual的定義文件連結為何？,OCLC DDC Manual的定義文件連結為：https://www.oclc.org/content/dam/oclc/webdewey/help/manual.pdf,其他
31317,2020-07-30,31317_A01,分類號782.885的構成依據為何？,「782.88」係《中文圖書分類法》（2007年版）中國現代人物分傳之類號；而最後一碼「5」係來自《中國圖書分類法》（增訂七版）「附表二 中國時代表（詳表）」「8 現代；民國」之「5 二十六年以後」。,分類法
31317,2020-07-30,31317_A02,《中文圖書分類法》（2007年版）附表二的子類有哪些？,「8 現代；民國」之下僅含「82 民國三十八年以前（1912-1949）」、「86 民國三十八年以後（1949-  ）」、「87 中共建國以後（1949-  ）」。,其他
31317,2020-07-30,31317_A03,《中國圖書分類法》（增訂七版）附表二的子類有哪些？,「8 現代；民國」之下包含「.1 辛亥革命」、「.2 元年至十五年」、「.3 國民革命」、「.4 十六年以後」、「.5 二十六年以後」、「.6 三十六年以後」。,其他
31317,2020-07-30,31317_A04,國家圖書館如何決定採用《中國圖書分類法》（增訂七版）的附表二？,基於《中國圖書分類法》（增訂七版）「附表二 中國時代表（詳表）」包含更多細分，決議採用該版本並另加「.87 中共建國以後」以標引中國現代人物別傳。,其他
31317,2020-07-30,31317_A05,各館在時代複分上可如何選擇分類法？,各館對於有關別傳及別集之時代複分，可自行決定適用《中國圖書分類法》（增訂七版）或《中文圖書分類法》（2007年版）之附表二。,其他
31323,2020-08-06,31323_A01,588.01 行政法理論與588.1 總論的區分標準為何？,《中文圖書分類法》（2007年版）將「588.01 行政法理論」與「588.1 總論」區分為：588.01專指行政法理論（哲學與原理等），不包含實務法規；588.1 總論包含行政組織法、公务员法、行政行為等多項實務法規內容，用於論述多個部分的出版品。,其他
31323,2020-08-06,31323_A02,588.01 行政法理論的定義為何？,依《教育部重編國語辭典修訂本》「理論」係指由實踐中歸納或觀念推演而得的有系統說理，專指行政法哲學與原理等理論內容，不包含實務法規，故使用「588.01」類號。,其他
31323,2020-08-06,31323_A03,588.1 總論包含哪些子類？,588.1 總論包含「588.11 行政組織法」、「588.12 公務員法」、「588.13 行政行為」、「588.14 行政救濟法；國家賠償法」、「588.15 訴願法；請願法」、「588.16 行政訴訟法」、「588.17 行政裁判」、「588.18 行政執行法；行政罰法」等子類。,其他
31323,2020-08-06,31323_A04,588.1 總論的定義為何？,依《教育部重編國語辭典修訂本》「總論」係指緒論，為論述總綱的文字，用於行政法綜論和泛論，包含多項實務法規內容，故採用「588.1」類號。,其他
31323,2020-08-06,31323_A05,588.01 行政法理論與588.1 總論的分類依據為何？,分類依據為內容範疇：588.01 限於理論方面（哲學與原理），588.1 總論包含多項實務法規內容，且分類表以粗細範圍區分，使使用者能明確區別類號適用性。,權威控制
31324,2020-08-11,31324_A01,消防法規相關書籍應如何分類？,圖書館無論採用《中文圖書分類法》（2007年版）或《中國圖書分類法》（增訂七版），類號「575.81 警政法規」及「575.87 消防」皆屬於「575.8 警政；公安」之下。若圖書內容僅單獨探討消防法規，則分類號為「575.87023」；若內容同時含括警政法規，則分類號為「575.81」。,其他
31324,2020-08-11,31324_A02,消防法規的中文圖書分類號為何？,若圖書資料內容僅單獨探討消防法規，則分類號為「575.87023」，即「575.87 消防」加〈附表一 總論複分表〉之「023 法規」。,分類法
31324,2020-08-11,31324_A03,消防法規與警政法規合併分類的條件為何？,若圖書資料內容不僅介紹消防法或消防法規，也含括警政方面的法規時，則其分類號為「575.81」。,其他
31324,2020-08-11,31324_A04,圖書分類應遵循哪些基本原則？,圖書分類基本原則包括：分入最大用途的類、主題優先於形式、分入最切合內容的類…等（資料來源：陳和琴等編著，資訊組織，臺北縣蘆洲市：空大，民92，頁135）。,分類法
31324,2020-08-11,31324_A05,消防法規分類需考量哪些因素？,除需了解該書實際內容、主題及範圍外，尚需考量圖書館的類型、讀者的需要及其他相關影響因素，以便決定最適合圖書館使用的類號。,其他
31325,2020-08-12,31325_A01,一本書有3個題名且無共同題名時，如何進行編目著錄？,《中國編目規則》1.1.6.2規定「作品含若干部分而無共同題名，若無明顯之主要部分，可以整體為一單元著錄之（參見1.1.6.3款）；或以每一部分之題名分別著錄之，其餘部分之題名著錄於附註項（參見1.7.1(21)款）。」,編目法
31325,2020-08-12,31325_A02,3個不同題名作品合刊且無共同題名，且有相同2個著者時，題名如何著錄？,"題名與題名間以分號相隔，例如：245 10 $aBASIC語言 ;$bCOBOL語言 ; PASCAL語言 /$c譚培華, 張嘉鴻編著",作者號及輔助區分號
31325,2020-08-12,31325_A03,3個不同題名作品合刊且無共同題名，且各具不同著者時，如何著錄題名與著者？,題名與著者依次對應著錄，每一題名及著者敘述間以圓點及一空格相隔，例如：245 10 $a佛教的科學觀 /$cㄤ智表著. 一個科學者研究佛經的報告 / 王小徐著,編目法
31325,2020-08-12,31325_A04,合刊合訂書籍的出版項如何著錄？,"出版項可參考MARC 21範例：260 ## $a臺北市 :$b正中,$c民65 500 ## $a行政法由臺灣書店印行, 民事法及刑事法由正中書局印行",編目法
31325,2020-08-12,31325_A05,合刊合訂書籍的稽核項如何處理面葉數與插圖？,"稽核項可將3個作品總面葉數加總並加方括號表示，或以「1冊」著錄；插圖則考量3個部分所含情況；裝訂後尺寸記其高廣，例如：300 ## $a[163]面 :$b圖, 像, 地圖 ;$c23公分",編目法
31325,2020-08-12,31325_A06,RDA對無共同題名作品的著錄原則為何？,《RDA》2.3.2.9規定「若著錄類型採整體著錄，且著錄來源無共同題名，則將所有出現於著錄來源的個別題名著錄為正題名。若資源個別部分的著錄來源被視為整體資源的共同著錄來源（RDA 2.1.2），則資源個別題名依出現順序著錄為正題名。」,編目法
31326,2020-08-14,31326_A01,不同資料類型或媒體是否需要另外建立書目紀錄？,Fulva，您好： 著者之某一作品僅會因不同資料類型或媒體、不同發行模式（單行本、連續性出版品或整合性資源）、不同語文、不同出版者、不同版本而需為之另外建立1筆新的書目紀錄。,編目法
31326,2020-08-14,31326_A02,裝訂方式不同是否需要分別編目？,相同具體呈現之出版品，並不會因其裝訂的不同（精裝或平裝）而需分別編目，主要原因在於相同具體呈現（即代表某一作品之媒體相同、發行模式相同、語文相同、出版者相同、版本相同）的出版品，即使裝訂不同，其內容與版式仍然會是完全一樣的，因此不需為其另行編目。,編目法
31326,2020-08-14,31326_A03,同一套書包含精裝與平裝如何處理？,同一套書無論是否齊全，若同時館藏有精、平裝，以最先入館者為正本、後續入館者為複本，複本於索書號上依序加上c.2、c.3…以茲區別。CMARC著錄時，利用重複的欄位010分別記載精、平裝之ISBN，並以欄位300或310註明裝訂情況，例如： 010 0# $a978-957-333-270-1$b平裝$dNT$420 010 0# $a978-957-333-271-8$b精裝$dNT$480 310 ## $a c.2為精裝本,機讀編目格式
31326,2020-08-14,31326_A04,連續性出版品題名變更後如何處理？,對於連續性出版品而言，題名前五字有增、刪、改變或重新排序時，會被視為連續性出版品的主要改變，因此需為題名改變後的連續性出版品另編1筆書目紀錄。CMARC編目時，不以欄位「517其他題名」來建立相關題名的連結，而係以欄位「430繼續」及欄位「440改名」來建立前後題名的相關連結，著錄方式如下： 200 1# $a最高行政法院裁判要旨彙編 430 #1 $12001#$a行政法院裁判要旨彙編 200 1# $a行政法院裁判要旨彙編 440 #1 $12001#$a最高行政法院裁判要旨彙編,編目法
31326,2020-08-14,31326_A05,連續性出版品如何建立前後題名連結？,CMARC編目時，不以欄位「517其他題名」來建立相關題名的連結，而係以欄位「430繼續」及欄位「440改名」來建立前後題名的相關連結，著錄方式如下： 200 1# $a最高行政法院裁判要旨彙編 430 #1 $12001#$a行政法院裁判要旨彙編 200 1# $a行政法院裁判要旨彙編 440 #1 $12001#$a最高行政法院裁判要旨彙編,機讀編目格式
31327,2020-08-16,31327_A01,黎巴嫩文學的中文圖書分類號為何？,《中文圖書分類法》（2007年版）未設置黎巴嫩文學專屬類號，因此以阿拉伯文學（865）為基底，結合〈附表十 世界區域及分國表〉中黎巴嫩的「357」取其「7」，組合為「865.7」代表黎巴嫩文學。,其他
31327,2020-08-16,31327_A02,《先知》的中文圖書分類號為何？,《先知》為紀伯倫具代表性的作品，內容以英文詩體構成，需在黎巴嫩文學（865.7）基礎上，加上〈各國文學複分表〉之「51 詩」，組合為「863.751」。,作者號及輔助區分號
31328,2020-08-21,31328_A01,如何為機關團體著者取四角號碼？,依據「四角號碼著者號取碼規則」，機關團體著者取碼法可仿個人著者，其三個字的簡稱取碼方式為首字取2碼、其餘兩字各取1碼。,作者號及輔助區分號
31328,2020-08-21,31328_A02,「平凡社」的四角號碼著者號為何？,「平凡社」之四角號碼著者號為『1073』，計算方式為首字「平」取2碼（10）、次字「凡」取1碼（7）、末字「社」取1碼（3）。,作者號及輔助區分號
31328,2020-08-21,31328_A03,何處可查詢四角號碼著者號？,可利用輔仁大學圖書館採編組四角號碼查詢系統（http://140.136.208.5/4codes/4codes.asp）輸入文字查詢。,作者號及輔助區分號
31329,2020-08-21,31329_A01,一册书有三个不同题名且相同著者时如何著录？,"若為3個不同題名作品合刊（無共同題名）且具有相同的2個著者，則依次著錄題名，題名與題名間以分號相隔。MARC 21著錄範例如下： 100 1# $a譚培華, $e文字作者 245 10 $aBASIC語言 ;$bCOBOL語言 ; PASCAL語言 /$c譚培華, 張嘉鴻編著 700 1# $a張嘉鴻, $e文字作者 700 12 $a譚培華$tCOBOL語言 700 12 $a譚培華$tPASCAL語言",編目法
31329,2020-08-21,31329_A02,一册书有三个不同题名且不同著者时如何著录？,"若為3個不同題名作品合刊（無共同題名）分別有不同的著者，則題名與著者依次對應著錄，每一題名及著者敘述間以圓點及一空格相隔。MARC 21著錄範例如下： 100 1# $aㄤ智表, $e文字作者 245 10 $a佛教的科學觀 /$cㄤ智表著. 一個科學者研究佛經的報告 / 王小徐著 700 12 $a王小徐$t一個科學者研究佛經的報告",編目法
31329,2020-08-21,31329_A03,《中國編目規則》如何規定無共同題名作品的著錄方式？,《中國編目規則》1.1.6.2規定「作品含若干部分而無共同題名，若無明顯之主要部分，可以整體為一單元著錄之（參見1.1.6.3款）；或以每一部分之題名分別著錄之，其餘部分之題名著錄於附註項（參見1.7.1(21)款）。」,編目法
31329,2020-08-21,31329_A04,《中國編目規則》如何規定無共同題名且無明顯主要部分作品的著錄方式？,《中國編目規則》1.1.6.3規定「無共同題名且無明顯主要部分之作品，若以整體為一單元著錄，則以載於主要著錄來源之題名依次著錄之。各部分各有其主要著錄來源時，仍視為一個主要著錄來源。」,編目法
31329,2020-08-21,31329_A05,RDA如何規定無共同題名作品的著錄原則？,《RDA》2.3.2.9規定「若著錄類型採整體著錄，且著錄來源無共同題名，則將所有出現於著錄來源的個別題名著錄為正題名。若資源個別部分的著錄來源被視為整體資源的共同著錄來源（RDA 2.1.2），則資源個別題名依出現順序著錄為正題名。」,編目法
31329,2020-08-21,31329_A06,一册书有三个不同题名时出版項如何著錄？,"出版項的著錄可參考以下MARC 21著錄範例： 245 10 $a民事法 ;$b刑事法 ; 行政法 /$c國立臺灣政治大學判例研究委員會編纂 260 ## $a臺北市 :$b正中,$c民65 500 ## $a行政法由臺灣書店印行, 民事法及刑事法由正中書局印行",編目法
31329,2020-08-21,31329_A07,一册书有三个不同题名时稽核項如何著錄？,"稽核項有關面葉數方面，可將1書之3個作品加總的總面葉數外加方括號表示，或簡單以「1冊」著錄；插圖則以3個部分所含插圖情況考量著錄之；合刊合訂書籍記其裝訂後之高廣。MARC 21著錄範例如下： 300 ## $a[163]面 :$b圖, 像, 地圖 ;$c23公分 或 300 ## $a1冊 :$b圖, 像, 地圖 ;$c23公分",編目法
31330,2020-08-25,31330_A01,美國兒童文學的分類號為何？,《中文圖書分類法》（2007年）美國文學之兒童文學類號為「874.59」。,其他
31330,2020-08-25,31330_A02,美國兒童文學複分號「6」的來源為何？,「6」取自108年8月15日本館編目園地公告之〈兒童文學相關分類表〉的『兒童文學複分表』（http://catweb.ncl.edu.tw/sites/default/files/upload/standard/兒童文學相關分類表%28公告版%29.pdf）內之「6 兒童故事；兒童小說」。,其他
31330,2020-08-25,31330_A03,美國兒童小說的分類號如何計算？,美國文學之兒童小說類號為「874.59」加上〈兒童文學複分表〉「6」，故類號為「8.74.596」。,作者號及輔助區分號
31330,2020-08-25,31330_A04,何時開始於美國兒童文學分類號末尾加註「6」？,〈兒童文學相關分類表〉為108年8月15日本館編目園地公告資訊，因此自該日期起新分類之兒童小說等圖書會於類號最末加註「6」。,作者號及輔助區分號
31330,2020-08-25,31330_A05,108年8月15日前分類的美國兒童小說是否加註「6」？,對於108年8月15日前各圖書館已完成分類之兒童小說等圖書，不會於類號最末加註「6」兒童小說之複分號。,其他
31330,2020-08-25,31330_A06,《史賴皮搞怪連篇》的分類號為何？,《史賴皮搞怪連篇》等書為美國文學之兒童小說，類號係《中文圖書分類法》（2007年）「874.59」加上〈兒童文學複分表〉「6」，故類號為「874.596」。,其他
31336,2020-08-27,31336_A01,西班牙文學的兒童文學分類號為何？,依《中文圖書分類法》（2007年）西班牙文學之類號為「878」，該類號下的注釋文字為『仿873英國文學分』，其中「873.59」為英國文學的兒童文學，因此西班牙文學之兒童文學類號為「878.59」。,其他
31336,2020-08-27,31336_A02,分類號「878.598」中的「8」代表什麼？,分類號「878.598」的「8」係取自108年8月15日本館編目園地公告之〈兒童文學相關分類表〉的『兒童文學複分表』（http://catweb.ncl.edu.tw/sites/default/files/upload/standard/兒童文學相關分類表%28公告版%29.pdf）內之「8 兒童詩歌」。,作者號及輔助區分號
31336,2020-08-27,31336_A03,〈兒童文學相關分類表〉的公告日期為何？,〈兒童文學相關分類表〉為108年8月15日本館編目園地公告資訊。,編目政策與管理
31336,2020-08-27,31336_A04,108年8月15日前已完成分類的兒童詩歌圖書是否會加「8」作為複分號？,對於108年8月15日前各圖書館已完成分類之兒童詩歌等圖書，自然不會於類號最末加上「8」兒童詩歌之複分號。,其他
31341,2020-09-01,31341_A01,職業與職銜的定義有何不同？,職業指個人所擔任的職務或工作，如農業、礦業等；職銜則為職位的頭銜。（資料來源「教育部重編國語辭典」http://dict.revised.moe.edu.tw/cgi-bin/cbdic/gsweb.cgi?ccd=MlDqQv&o=e0&sec=sec1&index=1）,權威控制
31341,2020-09-01,31341_A02,MARC 21欄位700$c何謂頭銜等修飾語？,頭銜等修飾語包括：(1)代表階級、官階、或皇室貴族等頭銜，例如爵士（Sir）；(2)頭銜稱呼，例如夫人（Mrs.）；(3)學術學位縮寫或組織會員，例如博士（Ph.D.）；(4)完整姓名中用以表現關係的文字（例如Jr.）或其他與名字相關的詞語（例如Saint）。,權威控制
31341,2020-09-01,31341_A03,MARC 21欄位700$c著錄頭銜等稱呼是否需加圓括號？,頭銜等稱呼於欄位700$c著錄時，是不需加圓括號。西文編目時專業或職業或職稱的用語來自LCSH，中文編目時專業或職業或職稱的用語則來自中文主題詞表或行政院主計總處職業標準分類（https://mobile.stat.gov.tw/StandardOccupationalClassification.aspx）。,其他
31341,2020-09-01,31341_A04,MARC 21欄位700$c著錄專業或職業或職稱是否需加圓括號？,專業或職業或職稱著錄於欄位700$c時需加圓括號，例如：7001#$a沈春華$c(大眾傳播)、7001#$a黃春明$c(作家)。,機讀編目格式
31341,2020-09-01,31341_A05,RDA 9.19.1.5規則如何區分姓名相同的不同作者？,"為分辨姓名相同的不同作者，編目員可於其姓名之後用圓括號附加該著者的專業或職業，例如：7000#$aSpagna$c(Artist)、7001#$aAnderson, Wendy$c(Cartographer)。",作者號及輔助區分號
31341,2020-09-01,31341_A06,MARC 21欄位700$c西文著錄範例有哪些？,"西文著錄範例如下：7001#$aMunro, Jean,$cPh. D.、70010$aDrake, Francis,$cSir,$d1540?-1596.、7000#$aThomas,$cAquinas, Saint,$d1225?-1274.（資料來源https://www.loc.gov/marc/bibliographic/bdx00.html）",機讀編目格式
31341,2020-09-01,31341_A07,MARC 21欄位700$c中文著錄範例有哪些？,"中文著錄範例如下：7001#$a沈春華$c(大眾傳播)、7001#$a林思玲$c(文化學),$e設計者、7001#$a黃春明$c(作家)、7001#$a鄧雨賢$c(音樂家)、7001#$a李國修$c(演員)、7001#$a廖棟樑$c(教授)。",編目法
31342,2020-09-17,31342_A01,733.8的中文图书分类法对应什么主题？,類號「733.8」為《中國圖書分類法》（增訂七版）有關香港史地的類號。,主題法
31342,2020-09-17,31342_A02,673.8的中文图书分类法对应什么主题？,若圖書館採用的是《中文圖書分類法》（2007年），則有關香港史地的類號為「673.8」，後者已據1997年香港回歸進行類號調整。,主題法
31342,2020-09-17,31342_A03,《香港小遊雜記》的中文图书分类号为何？,《香港小遊雜記》類號為「673.86」，即類號「673.8」加上〈地方志複分表：第二法〉之「6 名勝古蹟；指南」。,主題法
31342,2020-09-17,31342_A04,《香港街道與地區》的中文图书分类号为何？,《香港街道與地區》類號為「673.83」，即類號「673.8」加上〈地方志複分表：第二法〉之「3 地理」。,主題法
31342,2020-09-17,31342_A05,《香港報刊與大眾傳播》的中文图书分类号为何？,《香港報刊與大眾傳播》一書的類號為「898.38」，「898」為中國新聞事業，再依〈附表七 中國縣市表〉複分「.38 香港特別行政區」。,編目法
31342,2020-09-17,31342_A06,《飛鴻踏雪：香港基本法實踐20年》的中文图书分类号为何？,《飛鴻踏雪：香港基本法實踐20年》一書的類號為「581.28」，代表中華人民共和國憲法及其相關法規。,分類法
31342,2020-09-17,31342_A07,圖書館是否需要更改舊有分類號及索書號？,圖書館因不同時期採用不同分類法，若可將館藏圖書資料所有分類號及索書號更改，則對未來館員作業及讀者查詢有助益。然而更改分類號及索書號涉及重新分類、更新著者號之同一著者不同作品或不同著者之取號、書標、書內碼、線上目錄、甚或卡片目錄的修改，需耗費相當時間、人力與成本，對於館藏量相當大的圖書館而言，著實力有未殆，國內外一些館藏量大的圖書館也有不採行更改舊有分類號及索書號的情況，仍然維持新舊分類並存於館藏資料上。,作者號及輔助區分號
31343,2020-09-23,31343_A01,中文圖書分類號的排序方式為何？,中文圖書分類號通常採用「逐位排序」方法，且312.49類號下，英數字是混合排序（意即逐位檢視比對，數字排於英文字之前），其排序結果會如下所示： 312.49 312.49022 312.49A3 （小數點後第3位為數字） （小數點後第3位為英文字母，所以排在後面） 排序方向（→）,機讀編目格式
31343,2020-09-23,31343_A02,圖書排序的基本邏輯順序為何？,圖書排序的基本邏輯順序是：分類 → 作者 → 作品。意即先依類號排序，同一類號下依作者排序，同一作者下依作品排序。,作者號及輔助區分號
31343,2020-09-23,31343_A03,冒號（:）在中文圖書作者號中的意義為何？,冒號（:）為作者區分號，同一類號下用以區分具有相同作者號的不同作者。例如：8224（作者A）、8224:2（作者Ｂ）、8224:3（作者Ｃ）。,作者號及輔助區分號
31343,2020-09-23,31343_A04,槓號（-）在中文圖書作者號中的意義為何？,槓號（-）為作品區分號，同一類號下用以區分同一作者的不同作品。例如：8224:2-2（作者Ｂ、作品２）、8224:2-3（作者Ｂ、作品３）。,作者號及輔助區分號
31343,2020-09-23,31343_A05,點號（.）在中文圖書作者號中的意義為何？,點號（.）為續編號，同一類號下用以區分同一作者特定作品的續編。例如：8224:2-2.2（作者Ｂ、作品２續編）。,作者號及輔助區分號
8224,2025-02-24,8224_A01,中文圖書索書號的排序方向為何？,排序方向（→）,作者號及輔助區分號
8224,2025-02-24,8224_A02,西文圖書的索書號依何種分類系統排序？,國會圖書館分類號（LCC）,其他
8224,2025-02-24,8224_A03,LCC索書號的Subclass如何排序？,依字母順序排。HT HV HX 排序方向（→）,作者號及輔助區分號
8224,2025-02-24,8224_A04,細目類號的排序依據為何？,依「數值大小」做排序。HV HV HV HV 6772 6773 6773.15 6773.2 排序方向（→）,機讀編目格式
8224,2025-02-24,8224_A05,克特號的排序原則為何？,字母部分依字母順序排序，數字部分以十進方式逐位排序；若索書號中有雙克特號，則先排完第1克特號，再排第2克特號。,作者號及輔助區分號
8224,2025-02-24,8224_A06,單一克特號的索書號排序範例為何？,HV HV HV HV 6772 6773 6773 6773.15 .B55 .B7 排序方向（→）,作者號及輔助區分號
31344,2020-09-25,31344_A01,MARC 21欄位024指標2的三個可能值及其含義為何？,指標2之值為：「#」—未提供資訊 「0」—無差異：掃描讀取的號碼與肉眼所見的號碼相同 「1」—有差異：掃描讀取的號碼與肉眼所見的號碼不同,機讀編目格式
31344,2020-09-25,31344_A02,為何大多數圖書館在MARC 21欄位024指標2選填「#」？,係因資料本身未提供資訊或者無法以掃描讀取結果和肉眼所見進行比較,機讀編目格式
31344,2020-09-25,31344_A03,MARC 23欄位024在ISBD標點符號規則下正確的著錄方式為何？,MARC 21書目紀錄若Leader/18著錄「i」（遵循ISBD標點符號規則），則著錄時應於變長欄（包括欄位020、024、100、245…）之各分欄間加上ISBD所規定的標點符號，因此以下的著錄方式方為正確作法。 024 30 $a 4710586271003 $q (Score ; $q sewn) : $c NT$450,機讀編目格式
31346,2020-09-26,31346_A01,RDA重要中文詞彙用語的參考網址為何？,國家圖書館編目園地網址http://catweb.ncl.edu.tw/standard/page/30632。,其他
31346,2020-09-26,31346_A02,MARC 21關係標示代碼對照的參考網址為何？,https://www.loc.gov/marc/relators/。,機讀編目格式
31346,2020-09-26,31346_A03,依用語排序（Term Sequence）的關係標示格式為何？,例如：Author [aut]，Author為關係標示用語[aut]為關係標示代碼。,作者號及輔助區分號
31346,2020-09-26,31346_A04,依代碼排序（Code Sequence）的關係標示格式為何？,例如：aut Author，aut為關係標示代碼Author為關係標示用語。,作者號及輔助區分號
31352,2020-09-29,31352_A01,英文書籍為合著作品時，如何取作者號？,在編圖書為「合著作品」（Collaborative work，RDA 6.27.1.3），意即所有著者一起完成整部作品的撰著，則會將「負有主要著作職責」的著者視為「主要款目」，並依據這個主要款目取著者號。實務上如無法確認主要著作職責，則以書上「列名首位」的著者為主要款目，取其姓名為著者號，不會將兩位著者姓名併在一起取號。,作者號及輔助區分號
31352,2020-09-29,31352_A02,英文書籍為合集時，如何取作者號？,在編圖書為「合集」（Collection），意即每位著者分工負責作品中的一部分，最常見為分章節撰寫。中文編目實務上會依編輯者取著者號，西文編目實務上則會依書名取著命。,作者號及輔助區分號
31353,2020-09-29,31353_A01,中文圖書分類法中，西洋個人著者取四角號碼時如何處理雙名著者？,"雙名著者姓氏部分依前2個字母取2碼，名字部分依雙名之各自前1個字母取1碼。例如Henry, O. B.的著者號碼為『0401』。",作者號及輔助區分號
31353,2020-09-29,31353_A02,中文圖書分類法中，西洋個人著者取四角號碼時如何處理單名著者？,"單名著者姓氏部分依前2個字母取2碼，名字部分依前2個字母取2碼。例如Monroe, Paul的著者號碼為『8010』。",作者號及輔助區分號
31353,2020-09-29,31353_A03,中文圖書分類法中，西洋著者使用首尾五筆取碼時需如何處理？,必須將西洋著者姓名音譯為中文，再依據中文譯名取碼，並可使用國家圖書館提供的『首尾五筆著者號查詢系統』（網址：http://catapp.ncl.edu.tw/five/）。,作者號及輔助區分號
31353,2020-09-29,31353_A04,美國國會圖書館分類法中，西洋著者取克特號的規則為何？,"克特號以英文字母及數字組成，第一個大寫字母為姓氏首字母，後續字母依『LC Cutter Tables』查取。例如Henry, O. B.的克特號為『H46』，Martin, Bill, Jr.的克特號為『M37』。",作者號及輔助區分號
31353,2020-09-29,31353_A05,杜威十進分類法中，西洋著者取克特號的規則為何？,"使用『Cutter Three-figure Table』查表，依字母順序取碼。例如Martin, Bill, Jr.的克特號為『M363』，Henry, O. B.的克特號為『H396』。",作者號及輔助區分號
31353,2020-09-29,31353_A06,『Jr.』在西洋著者姓名中如何處理？,"『Jr.』作為標示關係的稱謂詞語，取碼時仍以主要姓名部分『Martin, Bill』為依據，不包含『Jr.』。",作者號及輔助區分號
31353,2020-09-29,31353_A07,四角號碼著者號取碼規則的羅馬字母號碼表可查詢何處？,可參見編目園地上的PDF檔（網址：http://catweb.ncl.edu.tw/class2007/b13_app01.pdf）。,作者號及輔助區分號
31353,2020-09-29,31353_A08,克特號的LC Cutter Tables可查詢何處？,可查詢美國國會圖書館網站（網址：https://www.loc.gov/aba/pcc/053/table.html）。,其他
31353,2020-09-29,31353_A09,杜威十進分類法的Cutter Cutter Sanborn Four-Figure Table查表程式可下載何處？,可下載OCLC提供的查表程式（網址：https://help.oclc.org/Metadata_Services/WebDewey/Dewey_Cutter_Program/De...）。,其他
31356,2020-10-09,31356_A01,西文紙本書出版年與實際書上資訊不符的原因有哪些？,國外紙本圖書的出版流程包含設計、編輯、排版、校對、行銷與銷售規劃、印製與裝訂等，約需9-12個月，有的出版社甚至需要15個月。出版社通常會在正式出版前6-9個月發布新書目錄或未來季節的新書訊息，且像「Publishers Weekly」、「Library Journal」和「Kirkus Reviews」等刊物需在圖書出版前幾個月進行評閱。為增加銷售壽命，部分出版社會將出版日期押至來年。,其他
31356,2020-10-09,31356_A02,西文圖書出版年可能延後多久？,國外紙本圖書的出版流程約需9-12個月，有的出版社更可能預留15個月的時間。新書通常會在預訂出版日期的幾個月前發送至各通路，因此可能出現收到的新書出版日期在幾個月後或隔年的情況。,其他
31357,2020-10-12,31357_A01,哪些MARC格式未定義欄位809？,CMARC、UNIMARC、MARC 21、以及OCLC皆未定義欄位809。,機讀編目格式
31357,2020-10-12,31357_A02,MARC 21中含9之欄位有哪些？,MARC 21中含9之欄位包括：09X（各館索書號）、59X（各館附註）、69X（各館主題檢索欄位）、9XX（保留予各館實施）。,機讀編目格式
31357,2020-10-12,31357_A03,欄位809可能為何種類型？,欄位809可能是各館自定欄位或是欄號誤鍵問題。,其他
31357,2020-10-12,31357_A04,電子資源位址應使用哪個欄位？,電子資源位址應使用欄位856，例如URL及取得方法。,機讀編目格式
31357,2020-10-12,31357_A05,欄位80X-83X的用途為何？,欄位80X-83X為集叢附加款目欄位（Series Added Entry Fields）。,機讀編目格式
31357,2020-10-12,31357_A06,自定欄位809的定義如何確認？,自定欄位809的定義需洽詢書目來源圖書館，因各館自定欄位可能不同。,其他
31358,2020-10-13,31358_A01,264字段的標準呈現方式為何？,將多個相同職責放在一個264內多個$b呈現，就如同第1種方式。,權威控制
31358,2020-10-13,31358_A02,何時會使用附加的264字段進行著錄？,對於連續性出版品與多冊(件)的資源，若有出版(經銷)資訊的前後更動，則可使用附加的264做著錄。,編目法
31358,2020-10-13,31358_A03,如何標註264字段的出版資訊更動？,"以指標1及$3說明，例如：264 #1 $3 <1976->: $a New York, NY : $b Alan R. Liss, Inc. 264 31 $3 <2005->: $a Hoboken, N.J. : $b Wiley-Liss, Inc. (原本的出版者是Alan R. Liss, Inc.，2005年以後改由Wiley-Liss, Inc.出版)",作者號及輔助區分號
31358,2020-10-13,31358_A04,264字段的相關指引可參考哪些資源？,OCLC guidelines相關資訊(https://sites.google.com/site/bagardatraining/264、https://www.loc.gov/catworkshop/RDA%20training%20materials/RDA-refresh/rdarefr-264.pdf),編目法
31359,2020-10-15,31359_A01,預行編目（CIP）的定義為何？,出版者在新書出版前，將毛裝本或正文前的書名頁、版權頁、目次、序、前言、摘要等相關資料傳送至本館國際標準書號中心，由該中心依據這些資訊進行分類編目。,編目政策與管理
31359,2020-10-15,31359_A02,預行編目分類號的依據為何？,編目時僅能依據書名頁、版權頁、目次、序、前言、摘要等預行編目資料進行分類，尚未能看到實際出版品的全部內容。,編目法
31359,2020-10-15,31359_A03,如何聯繫處理預行編目問題的機構？,建議於上班時間（星期一～五，上午8:30~12:30，下午13:30～17:30）逕洽本館ISBN暨CIP服務專線電話（02）23619132轉分機701至706。,其他
31359,2020-10-15,31359_A04,預行編目業務的服務時間為何？,星期一～五，上午8:30~12:30，下午13:30～17:30。,編目政策與管理
31361,2020-10-19,31361_A01,英文團體作者如何取得首尾五筆著者號？,首尾五筆著者號取碼規則未為羅馬字母規劃取碼表，因此需將外文團體作者姓氏音譯為中文，再依據中文譯名取號。,作者號及輔助區分號
31361,2020-10-19,31361_A02,無著者之書籍如何取得首尾五筆著者號？,若書籍無著者，則改以書名取著者號。,作者號及輔助區分號
31361,2020-10-19,31361_A03,團體名稱包含英文字母時如何處理？,團體名稱若以英文字母開頭（如BBC），則略過英文字母，自第一個中文字起算前三個中文字取著者號。,作者號及輔助區分號
31361,2020-10-19,31361_A04,首尾五筆著者號查詢系統的網址為何？,首尾五筆著者號查詢系統的網址為http://catapp.ncl.edu.tw/five/。,作者號及輔助區分號
31361,2020-10-19,31361_A05,《BBC知識》（國際中文版）的著者號為何？,《BBC知識》（國際中文版）著者號為時代號『8』加上「知識」二字的號碼『62』，合計為「862」。,作者號及輔助區分號
31362,2020-10-20,31362_A01,RDA編目中建立關係的4種方式為何？,"識別碼（Identifier）、權威檢索點（Authorized Access Point, AAP）、結構性敘述、非結構性敘述。",編目法
31362,2020-10-20,31362_A02,MARC 21用以呈現作品及表現形式的權威檢索點著錄方式有幾種？,分為欄位130、1XX加240、7XX三種方式。,機讀編目格式
31362,2020-10-20,31362_A03,MARC 21欄位130與240的重複性規則為何？,欄位130與240皆為不可重複的欄位。,機讀編目格式
31362,2020-10-20,31362_A04,MARC 21欄位7XX的重複性規則為何？,欄位7XX為可重複欄位。,機讀編目格式
31362,2020-10-20,31362_A05,RDA編目時如何透過權威檢索點建立在編資源與原作品或表現形式的關係？,採用欄位130或1XX加240或7XX等3種方式，當該筆書目有欄位100時則不用欄位130而改用欄位240。,編目法
31362,2020-10-20,31362_A06,欄位130與欄位1XX加240的差別為何？,欄位130以作品首選題名為主，欄位1XX加240或7XX是以創作者的權威檢索點加作品首選題名。,權威控制
31362,2020-10-20,31362_A07,在編資源僅呈現1個作品或表現形式時應使用哪種欄位？,使用欄位130或1XX加240。,機讀編目格式
31362,2020-10-20,31362_A08,在編資源呈現2個以上作品或表現形式時應使用哪種欄位？,使用欄位7XX。,編目法
31362,2020-10-20,31362_A09,RDA範例中前2組範例的處理方式為何？,在編資源與某一作品之兩種表現形式有關，因此使用MARC 21欄位7XX著錄。,編目法
31362,2020-10-20,31362_A10,RDA範例中後2組範例的處理方式為何？,在編資源與某一作品之一種表現形式有關，因此使用MARC 21欄位1XX加240著錄。,編目法
31363,2020-10-22,31363_A01,多論題作品分類時應優先考量哪種層面關係？,多論題作品分類原則中，應就影響層面、對象層面、應用層面及比較層面等4種層面關係分別考量。,編目法
31363,2020-10-22,31363_A02,何謂影響層面的分類原則？,作品中所涉及的A學科如果會影響B學科，分類時依受影響之B學科分類。例如《廢水排放對河川生態的影響》，以「河川生態」來歸類。,編目法
31363,2020-10-22,31363_A03,何謂對象層面的分類原則？,作品涉及A學科，但針對B學科的讀者對象而撰寫，分類時依A學科分類。例如《寫給兒童閱聽的鲑魚生態的書》，以「鲑魚生態」來歸類。,編目法
31363,2020-10-22,31363_A04,何謂應用層面的分類原則？,作品中所涉及的A學科被視為工具應用於B學科，分類時依B學科分類。例如《寶特瓶在衣物製作的應用》，以「衣物製作」來歸類。,編目法
31363,2020-10-22,31363_A05,何謂比較層面的分類原則？,作品中涉及的A學科與B學科互相比較，依著者指定的學科重點或排名在前的A學科分類。例如《日本與中國的建築風格比較》，以「日本建築」來歸類。,編目法
31363,2020-10-22,31363_A06,多論題作品分類原則可參考哪些專書？,可參考《資訊組織》或《圖書分類編目》等專書。,編目法
31373,2020-11-02,31373_A01,兒童文學的定義為何？,兒童文學是指以兒童為閱讀對象的文學作品。早期許多兒童文學多由一般成人作品改編而成，其動機可以說是為了重造童年或教育兒童，但是若不適合兒童或未針對兒童而改編，就不是所謂的兒童文學作品。有些由兒童自行創作的作品，雖然也可包含在兒童文學範疇內，但是由於兒童創作，經常流於塗鴨，故仍須由成人鑑定是否具有文學價值。,其他
31373,2020-11-02,31373_A02,哪些作品屬於兒童文學範疇？,圖畫故事書、兒歌、兒童戲曲、少年小說屬於兒童文學範疇。但單純的兒歌旋律（如：嬰兒催眠曲）或表演舞蹈，則不納入兒童文學。,其他
31373,2020-11-02,31373_A03,《月族1：機器灰姑娘》的中文圖書分類號為何？,《月族1：機器灰姑娘》一書內容未符合兒童文學定義，是比較適合青年（young-adult）閱讀之小說，其類號為「874.57」，而非「874.59」。,其他
31373,2020-11-02,31373_A04,國中圖書館分類應優先考量哪些原則？,國中圖書館分類建議依分類的基本原則將圖書資料進行歸類，例如：選用哪一個類號對使用者的幫助最大、主題通常優先於形式、採用最具特定性的類號…等。,其他
31373,2020-11-02,31373_A05,《名偵探柯南》小說與漫畫的中文圖書分類號有何不同？,《名偵探柯南》小說之類號為「861.57」，漫畫之類號為「947.41」，科學推理圖書之類號為「308.9」。建議分類上仍以圖書資料之內容主題為主。,作者號及輔助區分號
31373,2020-11-02,31373_A06,如何處理不同形式的《名偵探柯南》圖書陳列？,若貴館意欲將《名偵探柯南》小說和漫畫於排架時放在一起，則可以透過成立專區的方式來陳列，或是自訂內部分類政策採用同一分類號及著者號。,編目政策與管理
31377,2020-11-02,31377_A01,電腦文字或數據檔案類型的電腦光碟，336字段的‡a與‡b值為何？,電腦文字或數據檔案類型電腦光碟 336 ‡a 文字 ‡b txt ‡2 rdacontent,編目法
31377,2020-11-02,31377_A02,電腦文字或數據檔案類型的電腦光碟，337字段的‡a與‡b值為何？,電腦文字或數據檔案類型電腦光碟 337 ‡a 電腦 ‡b c ‡2 rdamedia,編目法
31377,2020-11-02,31377_A03,電腦文字或數據檔案類型的電腦光碟，338字段的‡a與‡b值為何？,電腦文字或數據檔案類型電腦光碟 338 ‡a 電腦碟片 ‡b cd ‡2 rdacarrier,編目法
31377,2020-11-02,31377_A04,電腦圖像檔案類型的電腦光碟，336字段的‡a與‡b值為何？,電腦圖像檔案類型電腦光碟 336 ‡a 靜態影像 ‡b sti ‡2 rdacontent,編目法
31377,2020-11-02,31377_A05,電腦圖像檔案類型的電腦光碟，3、37字段的‡a與‡b值為何？,電腦圖像檔案類型電腦光碟 337 ‡a 電腦 ‡b c ‡2 rdamedia,其他
31377,2020-11-02,31377_A06,電腦圖像檔案類型的電腦光碟，338字段的‡a與‡b值為何？,電腦圖像檔案類型電腦光碟 338 ‡a 電腦碟片 ‡b cd ‡2 rdacarrier,編目法
31378,2020-11-16,31378_A01,MARC 21的紀錄標示包含哪些資訊？,紀錄標示（Leader）由24個字符組成，包含紀錄長度、資料類型、紀錄建立日期等電腦系統所需的資訊，用以處理紀錄及直接辨識書目紀錄。,機讀編目格式
31378,2020-11-16,31378_A02,指引的用途與生成方式為何？,指引（Directory）記載各欄的欄號、資料欄長度及在磁帶中首字的位址，與書目資料互相對應，由系統自動產生。,機讀編目格式
31378,2020-11-16,31378_A03,書目資料欄的欄位分為哪些類型？,書目資料欄（Data Fields）分為定長欄及變長欄。定長欄長度固定，變長欄由指標、分欄識別、資料單元及欄間符號組成。,機讀編目格式
31378,2020-11-16,31378_A04,變長欄的結構包含哪些元素？,變長欄每個欄位下包括1個或1個以上的分欄，分欄是資料欄的次層單元，用於區分需要單獨操作的欄位中的不同資料元素，且分欄係於個別欄位下獨立定義。,機讀編目格式
31378,2020-11-16,31378_A05,分欄識別的符號組成規則為何？,"分欄識別由兩個符號組成，第一個符號為ISO 646符號集IS1，第二個符號為數字或字母，例如：$a, $b, |a, ▼b。",機讀編目格式
31378,2020-11-16,31378_A06,分欄的資料內容重複性規則為何？,理論上，即使欄位和其分欄都可以重複，但是所著錄之資料內容則是不可重複。,編目法
31378,2020-11-16,31378_A07,MARC 21分欄資訊的參考網站為何？,有關MARC 21之分欄資訊可參考美國國會圖書館MACR Standards網站上之https://www.loc.gov/marc/bibliographic/bdintro.html。,機讀編目格式
31379,2020-11-19,31379_A01,MARC21編目時CCL分類號應著錄於哪個欄位?,CKLIB，您好： MARC 21書目欄位050為美國國會圖書館索書號、欄位060為美國國家醫學圖書館索書號、欄位082為杜威十進分類號，其他無適當欄位可供著錄之分類號，則著錄於欄位084其他分類號。欄位09X（含090~099）則為各館索書號，保留供各館索書號使用和各館定義。,機讀編目格式
31379,2020-11-19,31379_A02,MARC21欄位084著錄分類號時需包含哪些必要欄位?,欄位084著錄時，除了$a著錄分類號、$b著錄書號（若書號後需有年代冊次號，則與書號一同著錄於$b）外，尚需搭配$2著錄分類法代碼，以便揭示$a所著錄之分類號係採用哪一種分類法。,機讀編目格式
31379,2020-11-19,31379_A03,採用《中國圖書分類法》（增訂七版）或《中文圖書分類法》（2007年）時，MARC21應著錄於哪個欄位?,貴館若係採用《中國圖書分類法》（增訂七版）或《中文圖書分類法》（2007年），本館已向美國國會圖書館申請中國（中文）圖書分類法於Classification Scheme Source Codes之分類法代碼為「ncsclt」。欄位084不著錄分類法版本。,機讀編目格式
31379,2020-11-19,31379_A04,MARC21中非標準分類法的索書號應著錄於哪個欄位?,若貴館採用之分類法不是一般常見的分類法或為自訂之分類法（即無適當欄位可供著錄之分類號且該分類法未向美國國會圖書館申請分類法代碼者），則其索書號僅能著錄於欄位09X（含090~099）。,機讀編目格式
31380,2020-11-19,31380_A01,MARC21欄位084與090同時存在時應如何處理？,CKLIB，您好： 抄錄編目時，來源書目內容同時具有欄位084和090，則需確定貴館所採用的分類法與來源書目欄位084相同、抑或與欄位090相同？ 欄位084由於有$2可著錄分類法代碼，方便藉此確定來源書目採用的分類法是否與貴館相同；而欄位090未著錄分類法代碼，故需另行洽詢書目來源機構所採用的分類法。,機讀編目格式
31380,2020-11-19,31380_A02,MARC21欄位09X是否會被保留？,圖書館抄錄編目時，來源書目之欄位050、060、082、084…等會被保留、欄位09X（含090~099）通常不保留（除非來源書目之欄位09X的分類法與貴館採用的分類法相同）。,機讀編目格式
31380,2020-11-19,31380_A03,MARC21欄位084與貴館分類法不同時應如何處理？,若貴館使用的分類法與來源書目之欄位084不同，則視貴館採用的分類法，於書目紀錄內另增加該分類法或索書號之著錄欄位（例如：欄位050、060、082或09X）。,機讀編目格式
31380,2020-11-19,31380_A04,MARC21欄位090的分類法代碼如何確認？,欄位090未著錄分類法代碼，故需另行洽詢書目來源機構所採用的分類法。,機讀編目格式
31381,2020-11-20,31381_A01,MARC21格式中外国人名標目的正確寫法為何？,"外國人名慣用寫法是名在前、姓在後（例如：John Smith）。若要將姓列於前、而名在後，需於姓和名之間加上一個逗號（例如：Smith, John）。當編目需形成人名標目（例如：欄位100和700）時，也是姓在前、名在後，因此姓和名之間，必須有一個逗號（例如：100 1# $a Smith, John.）。",權威控制
31381,2020-11-20,31381_A02,MARC21格式中中文人名標目的正確寫法為何？,中文人名慣用方式為姓在前、名在後，姓和名之間，不會有任何符號或逗號。《MARC 21書目紀錄中文手冊》所舉之中文人名標目，係基於中文人名慣用方式，以MARC 21著錄時，皆著錄於分欄a（例如：100 1# $a林語堂）。,編目法
31381,2020-11-20,31381_A03,圖書館自動化系統如何處理中文人名標目的排序？,"圖書館自動化系統著者人名索引，係以欄位100和700之分欄a內容文字排序，第1個字皆相同者方以第2個字排序。為考量單姓與複姓不要混合排序，以免造成順序錯誤而影響目錄瀏覽效果，有些圖書館編目時將之著錄為「100 1# $a歐,陽明」及「100 1# $a歐陽,峰」，以便讓系統進行索引時，須依逗號前後分別排序。",權威控制
31381,2020-11-20,31381_A04,MARC21格式中中文人名標目於WebPAC顯示時應如何處理？,WebPAC顯示時，建議移除姓和名之間的逗號，以符合中文人名慣用方式。,權威控制
31381,2020-11-20,31381_A05,MARC21格式中英文全名應放置於分欄c或分欄q的依據為何？,"將英文全名放在分欄c者，係把英文全名視為「$a多明戈斯」之其他修飾語（qualifier），用以區別同為「$a多明戈斯」、但是英文全名不同者（例如：100 1# $a多明戈斯 $c (Domingos, Pedro)與100 1# $a多明戈斯 $c (Domingos, Smith)）。將英文全名放在分欄q者，係把英文全名視為「$a多明戈斯」的英文全稱（Fuller form of name）（例如：100 1# $a多明戈斯 $q (Domingos, Pedro)）。",權威控制
31382,2020-11-23,31382_A01,四大名著套書的定義為何？,「套書」通常指2本或2本以上的書組成一個整體，強調一個整體的概念。如上、下冊加起來是一個整體，第1冊至第10冊加均為一個整體，少了其中1冊就稱不上完整的1套。,主題法
31382,2020-11-23,31382_A02,套書處理原則分為哪些方式？,套書處理原則分為「單編」及「套編」。,編目政策與管理
31382,2020-11-23,31382_A03,「單編」的處理方式為何？,「單編」係針對整套圖書資料之個別部分（各單冊）建置單筆書目紀錄。可能由於整套圖書資料每一個別部分的題名、作者、稽核項、附件等資料不同，為完整而詳細呈現每一個別部分的形式特徵，因而採行為每一個別部分各自建立1筆書目紀錄。,編目法
31382,2020-11-23,31382_A04,「單編」的適用時機為何？,適用時機為整套圖書各部分作品有明確的個別書名及作者，且整套圖書不同時間出版或入館。,其他
31382,2020-11-23,31382_A05,「套編」的處理方式為何？,「套編」則指整套圖書有明顯的共同題名、無各部分（或單冊）的題名、且有共同著者（編者），才會將整套圖書共同編製1筆書目紀錄，並將各部分（或單冊）圖書單件的條碼號輸入在該筆書目紀錄下的特定欄位內。,編目法
31382,2020-11-23,31382_A06,「套編」的適用時機為何？,適用時機為整套圖書有共同且明確的題名及作者、各部分作品無明確之題名及作者時，且整套圖書同時出版或入館。,其他
31382,2020-11-23,31382_A07,四大名著套書的處理方式為何？,四大名著的套書即使各套各有不同出版社，只要有明顯的共同題名，也可採行「套編」方式。為了解決排架上的聚集問題，著者號的變通方式為不採正規方式取第1個著者、而改取套書正題名為著者號，不同出版社之版本則以年代區分，進而形成的索書號，即可使不同出版社出版的四大名著套書就近排列。,作者號及輔助區分號
31382,2020-11-23,31382_A08,四大名著套書的分類號如何處理？,除了給予符合整套圖書內容主題之分類號，著者號的變通方式為不採正規方式取第1個著者、而改取套書正題名為著者號，不同出版社之版本則以年代區分，進而形成的索書號，即可使不同出版社出版的四大名著套書就近排列。,作者號及輔助區分號
31392,2020-12-03,31392_A01,出版品只有一種語文且非翻譯時，是否需要著錄欄位041？,若一出版品只有一種語文，且非翻譯，則不需著錄欄位04、定長欄裡的語文代碼(008/35-37(Lang))就足以代表。(OCLC對Tag041的說明),機讀編目格式
31392,2020-12-03,31392_A02,作品有2種以上不同語文時，是否需要著錄欄位041？,著錄欄位041主要是針對作品有2種以上不同語文(包含作品本身及附隨附件)，才需著錄。,編目法
31392,2020-12-03,31392_A03,國語發音搭配中文字幕時，應著錄哪個欄位？,"國語發音, 中文字幕(發音與字幕為同一種語言)，則不會著錄欄位041，會著錄欄位546##$a 國語發音, 中文字幕。",編目法
31392,2020-12-03,31392_A04,閩.粵.國語發音搭配繁.簡體中文字幕時，應著錄哪個欄位？,"閩.粵.國語發音, 繁.簡體中文字幕(閩.粵.國語同為一個語種，語種代碼為chi)，則不會著錄欄位041，會著錄欄位546##$a 臺語/粵語/國語發音, 中文(繁體/簡體)字幕。",機讀編目格式
31393,2020-12-04,31393_A01,《中文圖書分類法》2007年版的出版日期為何？,於96年12月20日更名並出版《中文圖書分類法》（2007年版）,分類法
31393,2020-12-04,31393_A02,《中文圖書分類法》2015年版的ISBN為何？,續於105年3月30日出版修訂一版（即ISBN 978-957-678-615-0）,編目法
31393,2020-12-04,31393_A03,《中文圖書分類法》是否為賴永祥教授親修版本？,該書係基於賴永祥教授編訂之《中國圖書分類法》而修訂之分類法，並非賴永祥教授親修之版本,編目法
31394,2020-12-15,31394_A01,MARC21欄位246的用途為何？,MARC21欄位246用於著錄其他題名之內容，係指出現在題名頁或主要著錄來源或首選來源以外其他與正題名不同的題名，以利圖書館自動化系統建立題名索引或相關題名索引，協助讀者線上檢索。,機讀編目格式
31394,2020-12-15,31394_A02,若圖書館自動化系統未提供全文檢索，是否需要著錄欄位246？,若圖書館自動化系統僅針對MARC21部分特定欄位之$a的內容建立索引，且未提供書目全文檢索，則不將副題名著錄於欄位246$a將無法以副題名查得該書。,機讀編目格式
31394,2020-12-15,31394_A03,為何建議將欄位245$b的其他題名著錄於欄位246？,目前國內多數圖書館將書目上傳至NBINet，提供各館查詢與抄錄編目，為確保兼容性與可查詢性，建議將欄位245$b之其他題名（包括副題名、並列題名等）再以欄位246建立題名附加檢索款目。,其他
31394,2020-12-15,31394_A04,出版品有其他版本時，應如何著錄題名？,若出版品有其他版本（如再版、修訂版等）且題名與初版、第一版不同，應透過欄位7XX著錄相關資源附加檢索款目，而非以欄位246著錄相關出版品的題名。,編目法
31394,2020-12-15,31394_A05,「小花.小器 手感花草設計」的副題名應如何著錄？,「小花.小器 手感花草設計」的副題名應著錄於欄位245$b，並建議同時於欄位246$a建立題名附加檢索款目，以確保在圖書館自動化系統中可被查詢。,編目法
31398,2020-12-22,31398_A01,同一作者不同譯名如何統一？,遇有同一作者不同譯名情形，編目人員會依據特定譯名規範或標準（例如《標準譯名錄》或其他相關規範）重譯著者中譯姓氏，以便統一採用相同的著者號。,作者號及輔助區分號
31398,2020-12-22,31398_A02,MARC 21格式中如何處理譯名改譯？,使用MARC 21格式編目時，書目紀錄欄位245$c著者敘述採照錄方式，著者檢索款目欄位100$a及700$a著錄取自《標準譯名錄》或其他相關規範之中譯姓氏，主要創著者以欄位500$a加錄著者改譯名稱之附註。,編目法
31398,2020-12-22,31398_A03,翻譯書外國著者多於兩人時如何處理？,翻譯書之外國著者若有2個或2個以上，需於書目紀錄內提供中譯姓氏之著者檢索款目（例如欄位100$a及700$a），因未來中譯出版時可能需以主要創著者統一中譯姓氏及取著者號。,編目法
31398,2020-12-22,31398_A04,譯名改譯的依據標準為何？,譯名改譯依據特定譯名規範或標準，例如《標準譯名錄》或其他相關規範，用以統一中譯姓氏及著者號。,權威控制
31398,2020-12-22,31398_A05,書目紀錄中如何標示主要創著者譯名改譯？,主要創著者（創作者中列名第1位）於欄位500$a加錄著者改譯名稱之附註，例如「500## $a 著者改譯布蘭恰德 …」。,編目法
31404,2020-12-28,31404_A01,西文圖書價格資訊通常標示於何處？,西文圖書價格資訊多標示於版權頁或封底，著錄於欄位020分欄$c，並依資料來源標示之幣別做照錄。但許多西文圖書不會在書上標示價格，因此OCLC及國會圖書館書目資料中罕見欄位020有價格資訊。,編目法
31404,2020-12-28,31404_A02,西文圖書價格資訊是否應著錄於欄位020分欄$c？,OCLC Support & Training網站明確說明欄位020分欄$c中不要著錄價格資訊（Do not enter any price information）。,編目法
31404,2020-12-28,31404_A03,可查詢西文圖書定價的參考工具有哪些？,可使用Books In Print（網址：https://www.booksinprint.com/）等現版圖書營業目錄資料庫，或Amazon、Book Depository（網址：https://www.bookdepository.com/）等網路書店查詢。,其他
31404,2020-12-28,31404_A04,網路書店標示之定價是否與出版社實際定價一致？,網路書店所標示之定價可能與出版社實際定價資訊有落差，建議多方查證。,其他
31404,2020-12-28,31404_A05,如何取得西文圖書的定價證明？,可向代理商索取國外原廠invoice，作為價格查證依據。,其他
31404,2020-12-28,31404_A06,OCLC及國會圖書館書目資料是否包含西文圖書價格資訊？,OCLC及國會圖書館書目資料中，西文圖書價格資訊著錄較少，罕見於欄位020。,其他
31405,2020-12-29,31405_A01,外國團體著者有中文名稱時，應如何著錄？,中文編目時，外國團體著者若有中文名稱，則以其中文名稱為標目；當中文名稱不止一個時，則採用其著稱者（例如：作品中最常用者、文獻中最常用者、最近使用者）；若團體名稱有變更時，則採用作品上所載名稱，且新舊名稱分立參見款目；團體名稱若有不同形式（例如：全銜或簡稱），則採用正式名稱或全銜。,編目法
31405,2020-12-29,31405_A02,MARC 21欄位110或710中，如何直接著錄原文名稱？,"團體名稱若想同時著錄中譯名稱及其原文名稱，採MARC 21編目時，於欄位110或710著錄原文名稱的方式為直接在中譯名稱之後加圓括號內置原文名稱，而非寫在$c或$q。例如：110 1 $a 美國 $b 國務院 $b 情報研究局 (United States. Department of State. Bureau of Intelligence and Research) 710 2 $a 蓋洛普行銷顧問公司 (The Gallup Organization, Inc.)",機讀編目格式
31405,2020-12-29,31405_A03,MARC 21欄位110或710的$g欄位用途為何？,MARC 21欄位110或710之$g，係用於題名之其他資料（Miscellaneous information），而非用於團體名稱，團體名稱的原文是直接放在$a或$b中譯名稱之後的圓括號內。,機讀編目格式
31406,2020-12-31,31406_A01,與科學遊戲有關之書籍的類號為何？,與「科學遊戲」有關之書籍的類號為083、084者，表示以叢書入類，沒有特別偏重在哪一冊或哪一部分的主題，自然也非強調「科學遊戲」；類號為301、301.3、302.2、303、303.4、307、308.6者，代表該書內容以科學為重點；類號如為997.9，表示該書以智力遊戲為主。,其他
31406,2020-12-31,31406_A02,《全世界都在玩的科學遊戲》的中文圖書分類號為何？,《全世界都在玩的科學遊戲》一書之類號為「307.9」，因其內容主要是藉由科學遊戲來了解物理與化學，目的是讓讀者透過輕鬆有趣的遊戲，找到有關學習理化的樂趣。,其他
31406,2020-12-31,31406_A03,圖書分類時是否建議自訂分類號？,圖書分類時不建議各館自訂分類號，係因目前《中文圖書分類法》的修訂工作由國家圖書館負責，每個類號、類目、注釋等之增、刪、修改，皆會經過詳細討論，必要時還得請教學科專家，最後公布於國家圖書館編目園地供全國圖書館使用與參考。,其他
31406,2020-12-31,31406_A04,若無法在《中文圖書分類法》（2007年版）中找到適當類號應如何處理？,若分類時於《中文圖書分類法》（2007年版）內真的找不到適當的類號時，建議可至「全國圖書書目資訊網」（http://nbinet3.ncl.edu.tw/screens/opacmenu_cht.html）查詢同一書各館分類號，或是聯繫國家圖書館館藏發展及書目管理組於《中文圖書分類法》內增訂特定主題之類號、類目等。,其他
31407,2021-01-14,31407_A01,CMARC轉MARC 21轉換系統是否適用於CNMARC格式資料？,本館所建置的「CMARC轉MARC 21轉換系統」主要是針對 CMARC的資料進行轉換，因貴館所在地使用的是中國機讀目錄格式(CNMARC)與本館使用的CMARC編目格式不盡相同，故不適用。,機讀編目格式
31407,2021-01-14,31407_A02,CMARC轉MARC 21轉換系統的主要用途為何？,本館所建置的「CMARC轉MARC 21轉換系統」主要是針對 CMARC的資料進行轉換。,機讀編目格式
31408,2021-01-15,31408_A01,LC Cutter number的第一碼如何取得？,LC Cutter number的第一碼均為Main entry（主要款目）的第一個字母。,作者號及輔助區分號
31408,2021-01-15,31408_A02,LC Cutter number的數字部分通常如何取用？,第2碼開始為數字，通常若取一碼數字就能達到區別與排序功能，可不必再往後取，若真有需要再往後擴充取碼，再使用「For Expansion」取號表取號。,作者號及輔助區分號
31408,2021-01-15,31408_A03,LC Cutter number的取號概念核心為何？,LC Cutter number的取號概念並非講求絕對的對應，而是要達成相對的排序功能，意即，並非強制固定哪個字母或哪個Main Entry固定用什麼號碼，Cutter Table給的只是一個取號的基礎。,作者號及輔助區分號
31408,2021-01-15,31408_A04,Shelflisting的定義與作用為何？,所謂的Shelflisting，就是要與館藏目錄中，同類號下的其他書目，做字母排序的查檢。以克特號達成館藏圖書依Main entry字母順序排列，就是Shelflisting的原理。,編目政策與管理
31408,2021-01-15,31408_A05,LC Cutter number的數字部分如何處理同類號下的排序？,當同一個類號下的Main entry種數越多，克特號的數字部分就越不會與LC Cutter Table完全一致，因為會因應館藏排序做調整，調整的方式也沒有硬性規定，只要能預留數字空間給可能的Main entry字母組合即可。,作者號及輔助區分號
31408,2021-01-15,31408_A06,LC Cutter number的擴充號碼如何取得？,若需擴充號碼，可依「For expansion」取號表取碼，第一碼為「3」，對應字母為「a-d」，但需根據Main entry的字母組合調整起始數字。,作者號及輔助區分號
31408,2021-01-15,31408_A07,LC Cutter number的取號是否絕對？,上述的克特號是提供參考，不是絕對值，只要克特號的排列可讓您的館藏順利的依Main entry字母順序排列即可。,作者號及輔助區分號
31408,2021-01-15,31408_A08,LC Cutter number的取號是否需要與館藏目錄比對？,將取號結果於貴館館藏目錄中做查對，如與同類號下的其他Main entry可達成正確的字母排序，且無重號現象（即與其他作者的書索書號相同），則可直接使用。,作者號及輔助區分號
31408,2021-01-15,31408_A09,LC Cutter number的取號是否需要考慮未來可能的Main entry組合？,取號時需預留數字空間給可能的Main entry字母組合，例如：若Main entry為「Maa...」或「Mac...」開頭者，建議從數字「2」開始取擴充號。,作者號及輔助區分號
31408,2021-01-15,31408_A10,LC Cutter Table的取號基礎為何？,LC Cutter number是依據國會圖書館（LC）所規劃的Basic Cutter Table來取號（網址：https://www.loc.gov/aba/pcc/053/table.html）。,作者號及輔助區分號
31409,2021-01-20,31409_A01,「編輯」在圖書館書目紀錄中的定義為何？,「編輯」係指為各種出版品（包括不同媒體）在出版前進行的後期製作，包括文字、圖像、聲音、影像、多媒體之生成處理、製作、審核、校對等等的一項工序。,編目政策與管理
31409,2021-01-20,31409_A02,圖書館書目紀錄中主要著作方式包含哪些？,主要著作方式包括：「著」、「撰」、「編著」、「編撰」等。,編目法
31409,2021-01-20,31409_A03,圖書館書目紀錄中其他著作方式包含哪些？,其他著作方式包括：「編」、「輯」、「編輯」、「主編」、「譯」、「注」、「繪」、「刻」、「攝」、「製作」、「錄」等。,其他
31409,2021-01-20,31409_A04,擔任非主要著作方式者在圖書館書目紀錄中的角色為何？,擔任其他著作方式者，則多半為作品之貢獻者（contributor）。,其他
31409,2021-01-20,31409_A05,中文編目中對於非主要著作方式的處理方式為何？,有些圖書館基於編目效率的考量，對於非主要著作方式，並不全數著錄於題名及著者敘述項中。,其他
31409,2021-01-20,31409_A06,「編著」及「編撰」在圖書館書目紀錄中的處理方式為何？,「編著」及「編撰」是「編輯著述」及「編輯撰寫」的意思，因此，編著者是編者也是著者、編撰者是編者也是撰者，皆屬主要著作方式，概需著錄。,編目法
31409,2021-01-20,31409_A07,圖書館書目紀錄中如何處理同時具有主要著作方式與其他著作方式的出版品？,必須著錄創作者，貢獻者則未必會出現在書目紀錄的題名及著者敘述項內。若該貢獻者對於作品或出版品有其重要性，則編目員通常會將貢獻者著錄於附註項。,編目法
31409,2021-01-20,31409_A08,如何透過圖書館線上目錄查找含括編輯者之書目紀錄？,以國家圖書館館藏目錄查詢系統（https://aleweb.ncl.edu.tw/F）為例，於「查詢字詞」輸入『編輯』二字、「查詢欄位」選『全部欄位』，即可查得所需書目。,編目法
31410,2021-01-21,31410_A01,如何為他人撰寫的作家傳記或評論作品分配Z Cutter號？,若主要款目為傳記或評論的作者，Z Cutter號應位於Z5-Z999之間，並以作者姓名的字母順序排列。同一位作者的多部作品需按書名拼音排序。,作者號及輔助區分號
31418,2021-01-28,31418_A01,臺灣銀行業對主要國家金融曝險的分類號為何？,依據《中文圖書分類法》（2007年版），臺灣銀行業對主要國家金融曝險的分類號為「561.78」，指金融恐慌，其範圍包括銀行、貨幣、信用等。,其他
31418,2021-01-28,31418_A02,若曝險目的是改善臺灣銀行業之金融監督或管理的分類號為何？,依據《中文圖書分類法》（2007年版），若曝險目的是為了改善臺灣銀行業之金融監督或管理，則分類號為「561.933」，指臺灣金融問題。,其他
31419,2021-02-03,31419_A01,共用筆名在編目時應歸入哪個MARC 21欄位？,Hihi，您好： 有關美國夫妻檔作家Ilona Gordon及Andrews Gordon採用筆名「Ilona Andrews」共同著作時，由於該筆名意欲代表個人之創作者，編目時，仍會將之視為個人，其檢索款目納入MARC 21書目紀錄之欄位100。,編目法
31420,2021-02-03,31420_A01,《數學小魔女》一書的中文圖書分類號為何？,《數學小魔女》一書所提供之類號為「310.9941」，係以《中文圖書分類法》（2007年版）類號「310數學總論」加上〈附表一 總論複分表〉之「099 傳記」及〈附表十 世界區域及分國表〉之「41 英國」而組成。,其他
31420,2021-02-03,31420_A02,有學科主題之傳記資料應如何分類？,有學科主題之傳記資料，應以學科分類為主，再加〈附表一 總論複分表〉之「099 傳記」及〈附表十 世界區域及分國表〉複分，例如《數學小魔女》即屬此類。,編目法
31420,2021-02-03,31420_A03,無學科主題之傳記資料應如何分類？,無學科主題之傳記資料，應以「780 傳記」為主，再依〈附表十 世界區域及分國表〉複分，並配合專類複分表〈各國傳記複分表〉細分。,其他
31420,2021-02-03,31420_A04,《數學小魔女》類號「310.9941」的分類依據為何？,「310.9941」類號的分類依據為《中文圖書分類法》（2007年版），其中「310」為數學總論，「99」為傳記，「41」為英國。,其他
31420,2021-02-03,31420_A05,《林肯傳》的中文圖書分類號為何？,《林肯傳》的類號為「785.28」，係「780 傳記」、加〈附表十 世界區域及分國表〉之「52 美國」、再加上專類複分表〈各國傳記複分表〉之「8 分傳」而組成。,分類法
31421,2021-02-04,31421_A01,「英國脫歐」在《中文圖書分類法》（2007年版）是否有專用分類號？,「英國脫歐」在《中文圖書分類法》（2007年版）中，並無專用的分類號。,其他
31421,2021-02-04,31421_A02,《英國脫歐後對歐洲金融版圖之影響及我國銀行業之策略研析》的中文圖書分類號為何？,《英國脫歐後對歐洲金融版圖之影響及我國銀行業之策略研析》的分類號為「561」，指「貨幣；金融」。,作者號及輔助區分號
31421,2021-02-04,31421_A03,"《匯市勝訣. 2, 一條Mala Line走天下英國脫歐英鎊走勢全紀錄》的中文圖書分類號為何？","《匯市勝訣. 2, 一條Mala Line走天下英國脫歐英鎊走勢全紀錄》的分類號為「563.23」，指「國外滙兌」。",編目法
31421,2021-02-04,31421_A04,《英國脫歐與歐洲轉型》的中文圖書分類號為何？,《英國脫歐與歐洲轉型》的分類號為「578.1642」，指「歐盟」。,作者號及輔助區分號
31421,2021-02-04,31421_A05,「歐盟」在《中文圖書分類法》（2007年版）的分類號為何？,「歐盟」在《中文圖書分類法》（2007年版）有其專屬類號「578.1642」。,其他
31422,2021-02-04,31422_A01,《中文圖書分類法》（2007年版）中兔子飼養的分類號為何？,《中文圖書分類法》（2007年版）類號「437.37 兔」,其他
31422,2021-02-04,31422_A02,《中國圖書分類法》（增訂七版）中兔子飼養的分類號為何？,《中國圖書分類法》（增訂七版）類號「437.68 兔」,編目法
31422,2021-02-04,31422_A03,若圖書館採用《中國圖書分類法》（增訂七版），兔子飼養圖書應使用何種分類號？,應使用類號「437.68」,其他
31422,2021-02-04,31422_A04,若圖書館已改用《中文圖書分類法》（2007年版），兔子飼養圖書應使用何種分類號？,應使用類號「437.37」,其他
31423,2021-02-10,31423_A01,合刊作品無共同題名且有明顯主要部分時，應如何著錄題名？,《中國編目規則》1.1.6.1規定「作品含若干部分而無共同題名，如有明顯之主要部分，則以其主要部分之題名著錄之，其他部分之題名著錄於附註項（參見1.7.1(19)款）。,編目法
31423,2021-02-10,31423_A02,合刊作品無共同題名且無明顯主要部分時，應如何著錄？,《中國編目規則》1.1.6.2規定「作品含若干部分而無共同題名，若無明顯之主要部分，可以整體為一單元著錄之（參見1.1.6.3款）；或以每一部分之題名分別著錄之，其餘部分之題名著錄於附註項（參見1.7.1(21)款）。,編目法
31423,2021-02-10,31423_A03,三個不同題名作品合刊且無共同題名時，MARC21應如何著錄？,"依次著錄題名，題名與題名間以分號相隔。MARC21著錄範例：100 1# $a譚培華 245 10 $aBASIC語言 ;$bCOBOL語言 ; PASCAL語言 /$c譚培華, 張嘉鴻編著 700 1# $a張嘉鴻 700 12 $a譚培華$tCOBOL語言 700 12 $a譚培華$tPASCAL語言",機讀編目格式
31423,2021-02-10,31423_A04,兩個不同題名作品合刊且無共同題名時，MARC21應如何著錄？,題名與著者依次對應著錄，每一題名及著者敘述間以圓點及一空格相隔。MARC21著錄範例：100 1# $aㄤ智表 245 10 $a佛教的科學觀 /$cㄤ智表著. 一個科學者研究佛經的報告 / 王小徐著 700 12 $a王小徐$t一個科學者研究佛經的報告,編目法
31423,2021-02-10,31423_A05,RDA對無共同題名合刊作品的著錄原則為何？,《RDA》2.3.2規定「若著錄類型採整體著錄，且著錄來源無共同題名，則將所有出現於著錄來源的個別題名著錄為正題名。若資源個別部分的著錄來源被視為整體資源的共同著錄來源（RDA 2.1.2），則資源個別題名依出現順序著錄為正題名。」,編目法
31423,2021-02-10,31423_A06,合刊作品無共同題名且無明顯主要部分時，如何處理檢索款目？,"若已知作品之著者，檢索款目以欄位700$a$t著錄；若不知作品之著者，則改用欄位740$a建立檢索款目。例如：檢索款目不選用「740 02 $a屈賦微」，而選用「700 1# $a馬其昶, $d1855-1930. $t屈賦微」。",編目法
31423,2021-02-10,31423_A07,根據《中國編目規則》1.1.6.3，無共同題名且無明顯主要部分之作品如何著錄？,無共同題名且無明顯主要部分之作品，若以整體為一單元著錄，則以載於主要著錄來源之題名依次著錄之。各部分各有其主要著錄來源時，仍視為一個主要著錄來源。,編目法
31423,2021-02-10,31423_A08,如何根據提供的資料網址進行MARC21著錄？,"由於所提供資料網址為網路書店資訊，無法確認主要著錄來源，依《中國編目規則》建議著錄：100 1# $a朱駿聲, $d清 245 10 $a離騷賦補注 /$c朱駿聲撰. 屈賦微 / 馬其昶撰 ; 李鳳立, 黃靈庚點校 700 1# $a李鳳立 700 1# $a黃靈庚 700 12 $a馬其昶, $d1855-1930. $t屈賦微",編目法
31424,2021-02-16,31424_A01,Marc21欄位245中並列題名的著錄規則為何？,《中國編目規則》1.1.3規定「主要著錄來源載有與正題名不同語文之其他題名…，視為並列題名。依主要著錄來源所載之順序著錄，並列題名前冠以等號（=）。」,編目法
31424,2021-02-16,31424_A02,Marc21欄位245中並列題名非來自主要來源的處理方式為何？,《中國編目規則》1.1.3.3規定「並列題名非得自主要著錄來源則著錄於附註項。」,編目法
31424,2021-02-16,31424_A03,Marc21欄位245中並列題名的RDA規則為何？,《RDA》2.3.3.2規定並列題名之「著來源可取自資源中的任何部分。若正題名是取自資源以外的來源，其並列題名也應取自相同的來源。」,編目法
31424,2021-02-16,31424_A04,Marc21欄位245中副題名的著錄規則為何？,《中國編目規則》1.1.4規定「主要著錄來源若載有副題名，則加冒號置於正題名或並列題名之後。」,編目法
31424,2021-02-16,31424_A05,Marc21欄位245中相同語文題名的著錄原則為何？,著錄時請將相同語文之題名聚集。,編目法
31424,2021-02-16,31424_A06,《中国园林 : 诗意/审美与四季 Chinese Garden》的題名著錄建議為何？,245 10 $a中国园林 :$b诗意/审美与四季 = Chinese Garden,主題法
31424,2021-02-16,31424_A07,Marc21欄位245中並列題名的著錄範例為何？,245 10 $a中華民國經濟年鑑 =$b Economic yearbook of the Republic of China,編目法
31424,2021-02-16,31424_A08,Marc21欄位245中副題名的著錄範例為何？,245 10 $a健康的第一步 :$b認識你的身體 245 10 $a專家系統設計 :$b理論與實務 = Expert systems from inside to practice,機讀編目格式
31424,2021-02-16,31424_A09,Marc21欄位245中包含正題名、副題名與並列題名的著錄範例為何？,245 10 $a中國園林圖解詞典 :$b看見中國園林細節之美 = Illustrated dictionary of Chinese gardens architecture /$c王其鈞著,編目法
31431,2021-02-23,31431_A01,MARC21書目紀錄中文手冊最新版本與刷次為何？,《MARC21書目紀錄中文手冊 : 圖書、連續性出版品》（修訂版）之最新版本與刷次為民國109年6月再版三刷。網址 https://www.ncl.edu.tw/periodicaldetail_305_370.html 所顯示即為該書最新版本與刷次之書。,機讀編目格式
31431,2021-02-23,31431_A02,如何透過版權頁辨識MARC21書目紀錄中文手冊版本與刷次？,購買該書時，可透過版權頁之資訊，加以辨識版本與刷次（如附圖）。該書封面及書名頁仍標示再版的年月（即民國102年12月），另於版權頁方可見再版三刷之年月為109年6月。,機讀編目格式
31431,2021-02-23,31431_A03,MARC21書目紀錄中文手冊展售處位置與電話為何？,該書有兩個展售處：國家書店松江門市 地址：10485臺北市松江路209號1樓 電話：(02)2518-0207；五南文化廣場 地址：40042臺中市中山路6號 電話：(04)2226-0330轉20、21。,機讀編目格式
31431,2021-02-23,31431_A04,MARC21書目紀錄中文手冊線上訂購網址為何？,線上訂購則可透過國家網路書店（http://www.govbooks.com.tw）或其他網路書店購買。,機讀編目格式
31435,2021-03-10,31435_A01,分類號710的定義為何？,《中文圖書分類法》（2007年版）中，類號「710」為『世界史地』，係指圖書資料之內容主題含括世界之歷史與地理。,主題法
31435,2021-03-10,31435_A02,分類號711的定義為何？,《中文圖書分類法》（2007年版）中，類號「711」為『世界通史』，指圖書資料之內容主題僅含括世界各時期之歷史。,主題法
31435,2021-03-10,31435_A03,分類號710與711的主要差別為何？,『世界史地』（710）包括世界之歷史與地理，而『世界通史』（711）以歷史為重心，較少涉及地理方面。,其他
31435,2021-03-10,31435_A04,通史與斷代史的定義為何？,通史係相對於斷代史而言，指記載古代到現代各時代或各朝代之歷史的史書，以時間為主軸連貫敘述各時代歷史；斷代史則限於某個時代。,其他
31435,2021-03-10,31435_A05,圖書分類實務上如何判定分類號710與711？,若圖書內容主題兼具世界歷史與地理且兩者並重，歸入710；若以通史方式記載或研究世界發展或歷史事件，歸入711。,主題法
31435,2021-03-10,31435_A06,《十八個地理座標看世界史》的分類號為何？,《十八個地理座標看世界史》之類號為「710」。,作者號及輔助區分號
31435,2021-03-10,31435_A07,《世界五千年》的分類號為何？,《世界五千年》之類號為「711」。,作者號及輔助區分號
31436,2021-03-11,31436_A01,中国文学作品的DDC类号为何？,中国文学作品的DDC类号为895.1，需使用Table 3A进行一人作家文学作品形式之复分，并依895.1类号下所列时期表做时代细分。,分類法
31436,2021-03-11,31436_A02,散文作品的DDC复分号为何？,散文作品的DDC复分号为4，需配合Table 3A进行一人作家文学作品形式之复分。,作者號及輔助區分號
31436,2021-03-11,31436_A03,杂记类作品的DDC复分号为何？,杂记类作品的DDC复分号为8，需配合Table 3A进行一人作家文学作品形式之复分。,分類法
31436,2021-03-11,31436_A04,小说类作品的DDC复分号为何？,小说类作品的DDC复分号为3，需配合Table 3A进行一人作家文学作品形式之复分。,作者號及輔助區分號
31436,2021-03-11,31436_A05,1912年至1949年的DDC时代复分号为何？,1912年至1949年的DDC时代复分号为51，对应时期表第5项。,分類法
31436,2021-03-11,31436_A06,朱自清《荷塘月色》的DDC分类号为何？,朱自清《荷塘月色》的DDC分类号为895.1451（即类号895.1＋形式复分散文-4＋时代复分51）。,分類法
31436,2021-03-11,31436_A07,鲁迅《朝花夕拾》的DDC分类号为何？,鲁迅《朝花夕拾》的DDC分类号为895.1851（即类号895.1＋形式复分杂记-8＋时代复分51）。,分類法
31436,2021-03-11,31436_A08,萧红《呼兰河传》的DDC分类号为何？,萧红《呼兰河传》的DDC分类号为895.1351（即类号895.1＋形式复分小说-3＋时代复分51）。,分類法
31436,2021-03-11,31436_A09,老舍《骆驼祥子》的DDC分类号为何？,老舍《骆驼祥子》的DDC分类号为895.1351（即类号895.1＋形式复分小说-3＋时代复分51）。,分類法
31436,2021-03-11,31436_A10,采用粗分政策时现化名家作品的DDC分类号如何处理？,若采用粗分政策，现化名家作品的DDC分类号可直接使用895或895.1。,作者號及輔助區分號
31436,2021-03-11,31436_A11,DDC中现化名家作品的复分表类型为何？,"DDC中现化名家作品的复分表包含〈Table 3A. Subdivisions for Works by or about Individual Authors〉、〈Table 3B. Subdivisions for Works by or about More than One Author〉及〈Table 3C. Notation to Be Added Where Instructed in Table 3B, 700.4, 791.4, 808-809〉三种类型。",作者號及輔助區分號
31437,2021-03-17,31437_A01,《國家圖書館館訊》96年第4期的總號為何？,《國家圖書館館訊》96年第4期（總號第114期）,編目政策與管理
31437,2021-03-17,31437_A02,《國家圖書館館訊》96年第4期的出版時間為何？,民國96年11月出版,其他
31437,2021-03-17,31437_A03,《國家圖書館館訊》96年第4期的連結是否已修復？,已處理完成，可正常檢視與顯示,其他
31437,2021-03-17,31437_A04,《國家圖書均館訊》96年第4期文章「開風氣之先——雜誌創刊展（1945-1987）」策展紀實.pdf的連結為何？,https://nclfile.ncl.edu.tw/files/202103/e1308749-be8f-4e22-9389-067331d851ac.pdf,其他
31438,2021-03-19,31438_A01,《國家圖書館館訊》96年第1期「以古通今──書的歷史」特展紀實.pdf連結是否已修復？,已處理完成，可正常檢視與顯示（敬請參考 https://www.ncl.edu.tw/periodical_301_762.html 及 https://nclfile.ncl.edu.tw/files/202103/56b38fa6-8345-443b-b6c8-3342b08fa6ef.pdf）,其他
31438,2021-03-19,31438_A02,國家圖書館是否會處理網站改版後的連結問題？,本館相關單位將重新檢視因網站改版可能引發或存在之資料連結與顯示狀況，並感謝反應《國家圖書館館訊》線上全文連結之相關問題。,其他
31440,2021-03-21,31440_A01,《精細色鉛筆技法 : 讓畫作極具美感的27個繪畫秘技》的中文圖書分類號為何？,《精細色鉛筆技法 : 讓畫作極具美感的27個繪畫秘技》一書之類號為「948.2」。,作者號及輔助區分號
31440,2021-03-21,31440_A02,"《簡單塗塗點點就好看,10分鐘畫出美味幸福感!》的中文圖書分類號為何？","《簡單塗塗點點就好看,10分鐘畫出美味幸福感!》一書之類號為「947.45」。",作者號及輔助區分號
31440,2021-03-21,31440_A03,類號「948.2」的含義為何？,類號「948.2」係指「948 各種西洋畫法」之「948.2 鉛筆畫；銀筆畫」。,編目法
31440,2021-03-21,31440_A04,類號「947.45」的含義為何？,類號「947.45」則指「947 西洋繪畫」之「947.4 特殊畫」的「947.45 插圖」。,其他
31440,2021-03-21,31440_A05,《中文圖書分類法》（2007年版）中類號「948.2」與「947.45」的歸屬範疇？,類號「948.2」係指特定畫材之繪畫技法，後者「947.45」僅就畫風、不限定畫材。,其他
31440,2021-03-21,31440_A06,《中文圖書分類法》（2007年版）的類號資訊來源？,以上二書之分類號取自《中文圖書分類法》（2007年版）。,其他
31448,2021-03-23,31448_A01,411.711分類號適用於哪些運動類別？,411.711 有氧運動；體操；健身運動為醫藥類之下有關「411 衛生學」的「411.7 身體活動」，係指為健身為目的所做的身體活動或運動。,其他
31448,2021-03-23,31448_A02,528.923分類號適用於哪些運動類別？,528.923 運動教學與訓練屬於教育類之下有關「528 各種教育」的「528.9 體育；運動」之「528.92 體育設施及教學」，係指體育之教學與訓練。,其他
31448,2021-03-23,31448_A03,《坂詰式正確肌力訓練教科書》的分類號為何？,"《坂詰式正確肌力訓練教科書 : 一天3分鐘,在家就能有效鍛鍊肌肉!》名之為教科書，概以教學為目的，即歸入類號「528.923」。",編目法
31448,2021-03-23,31448_A04,《核心訓練圖解聖經》的分類號為何？,《核心訓練圖解聖經：強化體質.突破瓶頸 : Step-by-step完全攻略》以圖解、解剖或分解動作等教導或訓練學習者，類號為「528.923」。,作者號及輔助區分號
31448,2021-03-23,31448_A05,《自主健身全攻略》的分類號為何？,《自主健身全攻略 : 器材、徒手速練圖解! : 冠軍教練黃欣元最有效的增肌燃脂術》目的是為了燃脂健身，類號為「411.711」。,作者號及輔助區分號
31448,2021-03-23,31448_A06,《健身新手重訓攻略》的分類號為何？,《健身新手重訓攻略》內容係介紹如何於自家或藉助器材完成健身重訓，類號為「411.711」。,作者號及輔助區分號
31450,2021-03-26,31450_A01,類號「830.86」在《中文圖書分類法》（2007年版）中的適用範圍為何？,類號「830.86」於《中文圖書分類法》（2007年版）中係指民國34年以後出版之中國文學總集。,其他
31450,2021-03-26,31450_A02,類號「863.3」在《中文圖書分類法》（2007年版）中的適用範圍為何？,類號「863.3」則指臺灣文學總集。,其他
31450,2021-03-26,31450_A03,首屆《臺中文學獎得獎作品集》為何使用類號「830.86」？,首屆《臺中文學獎得獎作品集》使用類號「830.86」，係由於以往對於中文文學作品，為方便讀者架上瀏覽或借閱，仍視為中文或華文文學，以中國文學歸類，僅臺灣出生之本土作家之作品，方歸入臺灣文學。,作者號及輔助區分號
31450,2021-03-26,31450_A04,本館於民國108年更新分類政策後，臺灣各縣市文學獎作品集的分類方式為何？,本館於民國108年更新分類政策，即「臺灣各縣市之文學獎作品集，入臺灣文學類下之各地方文學」。,編目政策與管理
31450,2021-03-26,31450_A05,舊有書目因何原因仍維持原有類號？,在本館館藏量龐大的情況下，一時難以為原有書目及書標進行更改，加以新增館藏為與原書及各屆得獎作品集做最鄰近之排列，因而仍維持舊有類號。,編目政策與管理
31450,2021-03-26,31450_A06,最新屆次《臺中文學獎得獎作品集》的書末版權頁預行編目類號如何處理？,最新屆次《臺中文學獎得獎作品集》之書末版權頁上方的出版品預行編目，則依本館最新分類政策給予類號。,編目政策與管理
31453,2021-03-29,31453_A01,類號046的定義為何？,類號「046」於《中文圖書分類法》（2007年版）係指「常識手冊」。,作者號及輔助區分號
31453,2021-03-29,31453_A02,類號047的定義為何？,類號「047」則為「青少年百科全書；兒童百科全書」。,其他
31453,2021-03-29,31453_A03,常識的定義為何？,依教育部《重編國語辭典修訂本》之釋義，係指『普通知識』；依《維基百科》之定義，則指『普通社會上智力正常的人皆有或普遍擁有的知識』。,其他
31453,2021-03-29,31453_A04,百科全書的定義為何？,依教育部《重編國語辭典修訂本》之解釋，為『一種工具書。搜羅重要資料，分門別類，用簡明文字敘述，以方便查索取閱』；依《維基百科》之說明，則認為『百科全書是概要介紹人類全部知識或某一特定領域或學科的工具書或綱要』。,其他
31453,2021-03-29,31453_A05,"《諾貝爾大師,請回答 : 從科學到哲學,孩子與諾貝爾大師的22段啟蒙對話》歸入何類號？",歸入類號「046 常識手冊」。,編目法
31453,2021-03-29,31453_A06,《考倒大教授》歸入何類號？,歸入類號「047 青少年百科全書；兒童百科全書」。,其他
31455,2021-03-30,31455_A01,合刊情況下，《中國編目規則》與《AACR2》的處理方式有何不同？,以《中國編目規則》或《AACR2》遇合刊情況仍會擇一主要款目（通常為合刊第一個作品之創作者），即有欄位有100，並為第二個以後的作品增加欄位700，且欄位245指標1之值為1。,編目法
31455,2021-03-30,31455_A02,根據《RDA》規則，合刊情況的處理方式為何？,以《RDA》編目時，遇合刊情況則不會擇一主要款目（原因在於認為合刊並沒有以哪一個作品為主要），因此無欄位100，但是會為每一個作品增加欄位700，且欄位245指標1之值為0。,編目法
31455,2021-03-30,31455_A03,MARC 21格式中，合刊情況下欄位700的分欄$i用於何處？,採用《RDA》規則時，可進一步使用分欄$i來載明兩個合刊作品資源間之關係。,機讀編目格式
31455,2021-03-30,31455_A04,合刊情況下，主要款目的不同或有無會影響什麼？,主要款目的不同或有無，將左右著者號的取號結果。,作者號及輔助區分號
31455,2021-03-30,31455_A05,香港浸會大學圖書館如何處理合刊情況的書目紀錄？,透過欄位700之分欄$i、分欄$a、分欄$t記載兩個作品之關係，並認為兩個作品各有其創作者且同等重要，於書目紀錄內不以欄位100特別標示以其中一個作品之創作者作為主要款目，此方式符合《RDA》的作法。,編目法
31455,2021-03-30,31455_A06,《RDA》與《中國編目規則》及《AACR2》在合刊處理上的主要差異為何？,《RDA》新增了許多關係用語，包括名稱與名稱間之關係、名稱與資源間之關係、資源與資源間之關係，前者呈現於權威紀錄、後二者呈現於書目紀錄。合刊屬於資源與資源之關係，以MARC 21書目格式著錄時，其關係用語著錄於欄位7XX之分欄$i。,編目法
31456,2021-04-02,31456_A01,2007年以前與2007年後使用的中文圖書分類法分別為何？,2007年以前採用《中國圖書分類法》（增訂七版），2007年後則使用《中文圖書分類法》（2007年版）。,其他
31456,2021-04-02,31456_A02,《信心走路 : 記錄一個美麗的生命》的分類號為何？,《信心走路 : 記錄一個美麗的生命》於2013年出版，使用《中文圖書分類法》（2007年版），分類號為437.35。,作者號及輔助區分號
31456,2021-04-02,31456_A03,《看護犬塔莎》的分類號為何？,《看護犬塔莎》初版為2004年出版，使用《中國圖書分類法》（增訂七版），分類號為437.66。,作者號及輔助區分號
31456,2021-04-02,31456_A04,分類號437.35與437.66是否代表相同意義？,分類號437.35及437.66皆代表「犬」，係因這兩個分類號源自不同的分類法，而非分類號代表的意義有所不同。,其他
31457,2021-04-03,31457_A01,《圖解人類基因組的構造》的中文圖書分類法（增訂七版）類號為何？,《圖解人類基因組的構造》之類號363.019係取自《中國圖書分類法》（增訂七版），而《中文圖書分類法》（2007年版）無此類號。,其他
31457,2021-04-03,31457_A02,《中文圖書分類法》（2007年版）中基因結構的類號為何？,《中文圖書分類法》（2007年版）有關基因結構的類號為363.82。,編目法
31457,2021-04-03,31457_A03,《鏽：自然與金屬間無止盡的角力》的中文圖書分類法（2007年版）類號為何？,《鏽：自然與金屬間無止盡的角力》一書因內容屬於科學範疇，且《中文圖書分類法》（2007年版）類號309注釋提及「敘及科學史及技術兩面者入309為宜」，故給予類號309。,其他
31457,2021-04-03,31457_A04,《自私的基因》的中文圖書分類法（2007年版）類號為何？,《自私的基因》因內容主要為動物行為學相關，故給予類號383.7。,其他
31457,2021-04-03,31457_A05,《中文圖書分類法》（2007年版）類號309的注釋內容為何？,《中文圖書分類法》（2007年版）類號309之注釋文字特別提到「敘及科學史及技術兩面者入309為宜」。,其他
31458,2021-04-03,31458_A01,資源回收相關書籍應如何分類？,若以生態學的角度來探討資源回收與環境污染，則入類號367.46；若從市政工程或都市計畫來探討資源回收與環境污染，則入類號445.9。,編目法
31458,2021-04-03,31458_A02,環境永續發展的書籍應如何分類？,都市環境的永續發展入類號445、農業方面的永續發展入類號430、教育方面的永續發展入類號520。,其他
31458,2021-04-03,31458_A03,《向大自然學設計 : 樸門啟發綠生活的無限可能》的正確分類號為何？,該書主題係以有機農法傳播永續農業的概念以達成綠生活的理想，應入類號430.13。,其他
31458,2021-04-03,31458_A04,《向大自然學設計 : 樸門啟發綠生活的無限可能》的分類號曾有什麼變動？,該書原可能分入類號445.9，但因內容屬永續農業，現已將類號修正為430.13。,其他
31459,2021-04-12,31459_A01,西文編目中各語言別的首冠詞表可在何處查閱？,西文編目中，各語言別的首冠詞（initial articles）皆被彙整羅列於編目規則的附錄，建議查閱AACR 2 (Anglo-American Cataloguing Rules) 附錄E。,編目法
31459,2021-04-12,31459_A02,RDA規則中關於西文冠詞的資料如何查閱？,RDA (Resource Description and Access) 附錄C會依語言別或是冠詞字母順序列出各語言所使用的冠詞以供編目參考。,編目法
31460,2021-04-14,31460_A01,LCSH中一般參照（SA）的主要功能為何？,LCSH中一般參照（SA）的功能是建立一個主題詞與另一個完整主題詞群組之間的關係（group of headings），而非連結兩個特定主題詞之間的關係。,主題法
31460,2021-04-14,31460_A02,LCSH中一般參照（SA）的典型應用場景有哪些？,"一般參照（SA）會在參照說明中附加列舉數個主題詞範例來呈現，例如主題詞「Tools」下的SA範例「individual tools, e.g., Files and rasps; Saws」。",主題法
31460,2021-04-14,31460_A03,LCSH中一般參照（SA）如何處理複分詞的指引？,"一般參照可能包含複分詞的指引，特別是自由複分詞（free-floating subdivision），並說明複分的使用情境或方式，例如「Economic history SA subdivision Economic conditions under names of countries, cities, etc., and under classes of persons and ethnic groups」。",主題法
31460,2021-04-14,31460_A04,LCSH中一般參照（SA）如何指引通用主題詞與特定類型主題詞的關係？,一般參照可能指引連結一個通用或意義較廣泛的主題詞，和特定類型主題詞之間的關係，例如以特定字詞開頭的主題詞：「Chemistry SA headings beginning with the word Chemical」。,主題法
31460,2021-04-14,31460_A05,LCSH中一般參照（SA）的現行處理政策為何？,目前LCSH的主題詞給訂政策對一般參照的建立採取較為嚴謹的態度，詞彙關係的建立以階層參照（Hierarchical references，即BT或NT）為優先考量，既有的一般參照會持續保留，除非確認具有階層關係後予以修訂。,主題法
31460,2021-04-14,31460_A06,LCSH中關聯詞參照（RT）的定義為何？,關聯詞參照（RT）在LCSH中是用以連結兩個在概念上有密切關聯的特定主題詞，兩個主題詞之間具有關聯關係（Associative Relationship），但不具有階層關係。,主題法
31460,2021-04-14,31460_A07,LCSH中關聯詞參照（RT）的建立條件有哪些？,若兩個主題詞的意義與概念具有相當程度的重疊，或是兩個詞彙經常可交替使用；一個學科或專業領域及該領域的某個主題聚焦；某個專業領域的人及其所致力的學科領域，則會以關聯詞參照（RT）做連結。,主題法
31460,2021-04-14,31460_A08,LCSH中哪些情況不會建立關聯詞參照（RT）？,兩個主題詞具有相同的字詞為開頭或有同樣的字根；兩個主題詞之間有共同的廣義詞（Broader term）；當兩個主題詞已有廣義詞做了「RT」關聯參照時，不會建立RT。,主題法
31460,2021-04-14,31460_A09,LCSH中一般參照（SA）與階層參照（NT）的關係為何？,部分的一般參照將逐漸以「NT」取代，例如主題詞「Tools」的一般參照現以階層參照「NT」呈現。,主題法
31460,2021-04-14,31460_A10,LCSH中關聯詞參照（RT）的參考資料為何？,建議參考國會圖書館的『Subject Headings Manual』，編號H370和H371的手冊說明。,主題法
31461,2021-04-15,31461_A01,RDA中「writer of added commentary」的定義為何？,當個人、家族或團體為在編資源所提供的補充文字，是屬於評論或闡釋性的內容（interpretation or critical explanation）時，可為其著錄關係標示語「writer of added commentary」。,編目法
31461,2021-04-15,31461_A02,RDA中「writer of supplementary textual content」的用途為何？,當「續補」責任者所補充的文字內容並非對作品做評論或闡釋，且無法歸類至下位標示語時，可著錄此上位標示語用以描述提供補充性文字的責任者。,其他
31461,2021-04-15,31461_A03,RDA附錄I中「writer of supplementary textual content」的下位標示語有哪些？,"writer of added commentary, writer of added text, writer of added lyrics, writer of afterword, writer of foreword, writer of introduction, writer of postface, writer of preface。",作者號及輔助區分號
31461,2021-04-15,31461_A04,RDA中「writer of introduction」的定義為何？,當個人、家族或團體為在編資源所提供的補充文字屬於介紹性內容（如前言、導論等）時，可著錄此關係標示語。,編目法
31461,2021-04-15,31461_A05,RDA中「writer of preface」的定義為何？,當個人、家族或團體為在編資源所提供的補充文字屬於序言內容時，可著錄此關係標示語。,編目法
31461,2021-04-15,31461_A06,RDA中「writer of afterword」的定義為何？,當個人、家族或團體為在編資源所提供的補充文字屬於後記內容時，可著錄此關係標示語。,編目法
31461,2021-04-15,31461_A07,RDA中「writer of postface」的定義為何？,當個人、家族或團體為在編資源所提供的補充文字屬於後跋內容時，可著錄此關係標示語。,編目法
31461,2021-04-15,31461_A08,RDA中「writer of foreword」的定義為何？,當個人、家族或團體為在編資源所提供的補充文字屬於序言內容時，可著錄此關係標示語。,編目法
31461,2021-04-15,31461_A09,RDA中「writer of added text」的定義為何？,當個人、家族或團體為在編資源所提供的補充文字屬於一般性附加文字（非評論或闡釋）時，可著錄此關係標示語。,編目法
31461,2021-04-15,31461_A10,RDA中「writer of added lyrics」的定義為何？,當個人、家族或團體為在編資源所提供的補充文字屬於附加詞彙（如歌曲詞）時，可著錄此關係標示語。,編目法
31461,2021-04-15,31461_A11,美國合作編目計畫（PCC）對關係標示語的選擇原則為何？,編目員在選用關係標示語時，應優先選用專指性最精確的用語，以確保標示語的準確性與專指性。,編目法
31463,2021-04-20,31463_A01,《公共藝術獎專輯. 2014第四屆》的ISBN為何？,《公共藝術獎專輯. 2014第四屆》之ISBN確為9789860434095。,其他
31463,2021-04-20,31463_A02,《故乡为原点的风景 : 1981-2014》的ISBN-10為何？,《故乡为原点的风景 : 1981-2014》之ISBN-10為7512206437（資料來源：https://www.amazon.com/故乡为原点的风景-1981-2014-李樯/dp/7512206437）。,其他
31463,2021-04-20,31463_A03,《故乡为原点的风景 : 1981-2014》的ISBN-13為何？,《故乡为原点的风景 : 1981-2014》之ISBN-13為9787512206434（資料來源：https://www.amazon.com/故乡为原点的风景-1981-2014-李樯/dp/7512206437）。,其他
31463,2021-04-20,31463_A04,NBINet系統是否已修正《故乡为原点的风景 : 1981-2014》的ISBN？,NBINet系統已修正《故乡为原点的风景 : 1981-2014》書目之ISBN（http://nbinet3.ncl.edu.tw/search*cht/?searchtype=t&searcharg=%E6%95%85%E4%B9%A1%E4%B8%BA%E5%8E%9F%E7%82%B9%E7%9A%84%E9%A3%8E%E6%99%AF）。,其他
31463,2021-04-20,31463_A05,SMRT系統何时能顯示《故乡为原点的风景 : 1981-2014》正確ISBN？,SMRT系統也已修正該項資料，待更新排程完成後即可顯示該書正確之ISBN。,其他
31464,2021-04-20,31464_A01,RDA 2.3.3.2對於並列題名的著錄規則為何？,依據RDA 2.3.3.2的說明，並列題名可來自書中任何來源（Take a parallel title proper from any source within the manifestation），因此，出現在書中任何位置的並列題名，都可著錄於欄位245分欄$b，並為其加錄欄位246（指標為31）。,編目法
31464,2021-04-20,31464_A02,美國音樂圖書館協會（MLA）對於並列題名的著錄政策為何？,美國音樂圖書館協會（MLA）在其RDA最佳實踐政策（MLA Best Practices）中說明，僅將出現在首選著錄來源（Preferred source）的並列題名著錄於欄位2.45分欄$b（並加錄欄位246，指標為31），其他來源的並列題名可採用兩種著錄方式：1. 加錄欄位500說明來源；2. 使用欄位246指標1#並在標點符號後標明來源。,編目法
31464,2021-04-20,31464_A03,MLA建議的並列題名著錄方式有何優點？,MLA建議的著錄方式可讓書目使用者一見即知並列題名的來源，特別是當並列題名未出現在首選著錄來源或較不顯眼的位置時，對資源識別有幫助。,編目法
31469,2021-04-28,31469_A01,書目資料無分類號可能屬於哪些情況？,書目資料無分類號，有可能是屬於以下幾種情況之一：1. 尚未完成主題編目：圖書館的資訊組織作業包括主題編目與記述編目，倘若待編圖書尚未完成主題分析及主題標引等主題編目工作時，則其書目內自然不會提供分類號、主題詞或標題。2. 不給予分類號：即圖書館之圖書排架，不是以分類號加作者號等所形成的索書號來排架，而是圖書館另有其他排架方式，因此不需針對每筆書目給予分類號。3. 採用自訂分類法：圖書館採用自行訂定之分類法，或其使用之分類法不是《中文圖書分類法》、《中國圖書分類法》、《美國國會圖書館分類法》《杜威十進分類法》等常見之分類法時，其分類號不會出現在MARC 21書目欄位050、082、084等，反而比較會出現於MARC 21書目欄位09X。4. 漏鍵分類號：書目資料建立時，編目員漏鍵分類號相關欄位（例如：MARC 21書目欄位050、082、084等）之$a，則可查看MARC 21書目欄位852（館藏資訊）之$h（內容即為分類號）；反之，若書目資料建立時，編目員漏鍵館藏相關欄位（例如：MARC 21書目欄位852）之$h時，則可查看是否有分類號相關欄位（例如：MARC 21的欄位050、082、084等）之$a所列的分類號。,機讀編目格式
31469,2021-04-28,31469_A02,如何處理書目資料無分類號的情況？,當遇所需書目無分類號時，則依貴館圖書分類採用之分類法，以待編圖書之內容主題，於分類表中找出適合該書之分類號，並於書目紀錄內有關分類號之相關欄位與分欄進行標註。,其他
31470,2021-04-29,31470_A01,杜威分類法中「Urban communities」在舊版的類號為何？,Helen您好： 在舊版的杜威分類法（以下簡稱DDC）中，分類號301.36的類目是「Urban communities」。,其他
31470,2021-04-29,31470_A02,杜威分類法第19版中「Urban communities」的類號為何？,到了第19版的DDC（1979年出版），「Urban communities」就從舊類號301.36，移至307.76。,其他
31470,2021-04-29,31470_A03,杜威分類法第20版中「Urban communities」的類號為何？,到了第20版的DDC，「Urban communities」自DDC第19版以後，類號就定於301.76，目前尚未有異動。,其他
31470,2021-04-29,31470_A04,杜威分類法中「Rural communities」的類號為何？,在舊版DDC中，「Rural communities」的類號為301.35；第19版後則為307.72。,其他
31470,2021-04-29,31470_A05,杜威分類法中「Suburban communities」的類號為何？,在舊版DDC中，並未明確列出「Suburban communities」類號；第19版後則為307.74。,其他
31470,2021-04-29,31470_A06,《Anthropologists in cities》一書的出版年份為何？,您所提到的「Anthropologists in cities」一書，從OCLC WorldCat的書目資料庫檢索結果可知其出版年為1974年。,其他
31470,2021-04-29,31470_A07,杜威分類法中「Community」相關類目在第19版的調整後位置為何？,到了第19版的DDC（1979年出版），則對類號301下的類目與類號都做了調整（relocation），「Community」的相關類目均被移位至原本為空號的307。,其他
31470,2021-04-29,31470_A08,杜威分類法中「Ecology and community」的類號為何？,在舊版DDC的類號結構中，301.3為「Ecology and community」。,其他
31471,2021-05-02,31471_A01,如何判斷多主題作品的學科重點？,可先查看題名是否具有主題性或主題關鍵字，其次查看目次及各章標題，再翻閱內容，找出內容主題，思考其屬學科，即可釐清學科重點。,主題法
31471,2021-05-02,31471_A02,何時使用學科重點原則分類？何時使用層面關係原則？,若書籍僅探討一個主題或明顯偏重其一，依學科重點分類；若主題多且未側重，且各主題有不同層面關係時，則依層面關係原則分類。,編目法
31471,2021-05-02,31471_A04,如何判斷層面關係中的「應用」層面？,需確認書籍是否將某學科知識應用於另一主題。例如《體育測驗與統計學》歸入「528.925 體能測定」，因統計學應用於體育測驗。,其他
31471,2021-05-02,31471_A05,如何區分「影響」與「應用」層面？,依教育部《重編國語辭典修訂本》定義：「影響」指一方動作引起他方變化，如《廢水排放對河川生態的影響》；「應用」指利用某學科，如《寶特瓶在衣物製作中的應用》。,其他
31471,2021-05-02,31471_A06,多主題作品如何依順序在前的學科分類？,當主題具並列關係且不互為解說時，依類號排列於前的主題分類。,其他
31472,2021-05-06,31472_A01,如何查詢自由時報的裝訂本？,建議逕洽國家圖書館3樓期刊閱覽室（聯絡電話(02)23619132分機305）,其他
31473,2021-05-07,31473_A01,書本附件光碟與主件無法分開使用時，應如何處理？,主件與附件合併編目，以主件之正題名為書目紀錄的正題名，附件資訊紀載於稽核項末（例如：546面 :  彩圖 ;  21公分 +  1張光碟片）或以附註項載明（例如：附光碟片）。,編目法
31473,2021-05-07,31473_A02,書本附件光碟與主件可以分開使用時，應如何處理？,主件與附件可以合併編目、也可分開編目。但有些圖書館不會採用分開編目，主要原因在於編目上更加費時。,編目政策與管理
31473,2021-05-07,31473_A03,使用AACR2編目時，電腦用書所附光碟的資料類型標示為何？,通常會在正題名之後採用「[computer file]」作為資料類型標示。,編目法
31473,2021-05-07,31473_A04,使用AACR2編目時，語言用書所附光碟的資料類型標示為何？,較常於正題名之後採用「[sound recording]」作為資料類型標示，除非光碟內容含括影音或多媒體，方改用「[videorecording]」或「[multimedia]」。,編目法
31473,2021-05-07,31473_A05,圖書所附光碟是否須與圖書分開登錄？,建議最好另給予登錄號，以便財產管理、流通調閱及避免遺失。,其他
31474,2021-05-07,31474_A01,書封相關問題是否在諮詢服務範圍內？,本館編目園地資訊組織諮詢服務係為服務圖書館同道有關資訊組織業務之經驗交流，臺端所提問題不在本園地諮詢服務範圍。,其他
31475,2021-05-07,31475_A01,杜威分類法第19版對類號301的調整內容為何？,第19版的DDC將原本在類號301下的社會學與人類學各主題各論子目移位至302-307，類號301僅用於「通論」作品的分類，包含301.7 Kinds of societies。,其他
31475,2021-05-07,31475_A02,杜威分類法第20版對類號301-307的調整內容為何？,第20版的DDC對類號301-307進行調整，301為Sociology and anthropology，302為Social interaction，303為Social processes，304為Factors affecting social behavior，305為Social groups，306為Culture and institutions，307為Communities。,其他
31475,2021-05-07,31475_A03,杜威分類法第18版中類號301.3對應的主題為何？,杜威分類法第18版中類號301.3對應的主題為Ecology and community。,權威控制
31475,2021-05-07,31475_A04,杜威分類法第20版後類號304.2對應的主題為何？,杜威分類法第20版後類號304.2對應的主題為Human ecology。,其他
31475,2021-05-07,31475_A05,杜威分類法第18版中《Man and nature》的分類號為何？,杜威分類法第18版中《Man and nature : an anthropological essay in human ecology》的分類號為301.3。,編目法
31475,2021-05-07,31475_A06,杜威分類法第20版後《Man and nature》的分類號為何？,杜威分類法第20版後《Man and nature : an anthropological essay in human ecology》的分類號為304.2。,編目法
31475,2021-05-07,31475_A07,杜威分類法第18版中《Ethnic conflicts and power》的分類號為何？,杜威分類法第18版中《Ethnic conflicts and power : a cross-national perspective》的分類號為301.451042。,權威控制
31475,2021-05-07,31475_A08,杜威分類法第20版後《Ethnic conflicts and power》的分類號為何？,杜威分類法第20版後《Ethnic conflicts and power : a cross-national perspective》的分類號為305.8。,其他
31476,2021-05-07,31476_A01,MARC 21欄位650指標2為7時，分欄2的主要用途為何？,用以代碼指明所採用之主題規範（例如：以lcstt表示係採用《中文主題詞表》）,機讀編目格式
31476,2021-05-07,31476_A02,請問MARC 21欄位650分欄2的示例代碼格式為何？,650   #7   $a親職教育$2lcstt,機讀編目格式
31476,2021-05-07,31476_A03,MARC 21欄位650分欄2是否為必備分欄？,非必備分欄（即允許不著錄）,機讀編目格式
31476,2021-05-07,31476_A04,為何建議著錄MARC 21欄位650分欄2？,以便其他圖書館可以很容易知道欄位650分欄a所標識的標題或主題詞究竟取自何一規範,機讀編目格式
31477,2021-05-10,31477_A01,套書編目的「單編」定義為何？,「單編」係針對整套圖書資料之個別部分（各單冊）建置單筆書目紀錄。可能由於整套圖書資料每一個別部分的題名、作者、稽核項、附件等資料不同，為完整而詳細呈現每一個別部分的形式特徵，因而採行為每一個別部分各自建立1筆書目紀錄。,編目法
31477,2021-05-10,31477_A02,套書編目的「套編」定義為何？,「套編」則指整套圖書有明顯的共同題名、無各部分（或單冊）的題、且有共同著者（編者），才會將整套圖書共同編製1筆書目紀錄，並將各部分（或單冊）圖書單件的條碼號輸入在該筆書目紀錄下的特定欄位內。,作者號及輔助區分號
31477,2021-05-10,31477_A03,「單編」適用時機為何？,適用時機為整套圖書各部分作品有明確的個別書名及作者，且整套圖書不同時間出版或入館。,其他
31477,2021-05-10,31477_A04,「套編」適用時機為何？,適用時機為整套圖書有共同且明確的題名及作者、各部分作品無明確之題名及作者時，且整套圖書同時出版或入館。,其他
31477,2021-05-10,31477_A05,套書分類上的「單分」定義為何？,「單分」係以整套圖書之各冊個別分入其內容主題所屬或相關的類號。,主題法
31477,2021-05-10,31477_A06,套書分類上的「套分」定義為何？,「套分」則以整套圖書的內容主題進行分類。,主題法
31477,2021-05-10,31477_A07,如何讓「單分」的套書在分類號上相同？,以整套圖書的內容主題重新給一個適當的分類號（這個類號最好能含括整套圖書之內容主題），再加上著者號（因係以整套圖書分類，則不會以各冊的著者來取著者號，而是以套書著者取著者號，若無套書著者，則以第１冊著者取著者號、或以套書正題名取著者號），各冊再加冊次號（例如：v.1、v.2、…、v.54），如此各冊的索書號即可讓各冊圖書一起排架。,作者號及輔助區分號
31477,2021-05-10,31477_A08,哪些套書通常採用「套編」方式？,百科全書、字辭典、年鑑、名錄等套書的處理原則多採此類方式。,編目法
31483,2021-05-24,31483_A01,僧尼法名與俗名在中國編目規則中的標目擇用規則為何？,依據中國編目規則第22章，人名標目的擇定優先選用較為「著稱」的名稱形式，即普為人知（commonly known）的名稱。但有關僧尼法名與俗名之標目擇用，規則22.1.5進一步說明「以法名為標目。如俗名較為著稱，則以俗名為標目」。,權威控制
31483,2021-05-24,31483_A02,「釋大田（莊崑木）」在LC Authorities及HKCAN中是否有權威資料？,LC Authorities及HKCAN中並無權威資料。,權威控制
31483,2021-05-24,31483_A03,「釋大田（莊崑木）」在全國圖書書目資訊網的聯合目錄中是否有被著錄？,於「全國圖書書目資訊網」聯合目錄中進行作者檢索，檢索結果書目中，「莊崑木」、「釋大田」都有發現被著錄於書目紀錄欄位700之情形。,其他
31483,2021-05-24,31483_A04,「佛學著者規範資料庫」中「釋大田（莊崑木）」的資料狀況如何？,「佛學著者規範資料庫」中「莊崑木」、「釋大田」兩筆標目資料併存。,編目法
31483,2021-05-24,31483_A05,作者早期著作與後期著作在署名上有哪些差異？,該作者2002年以前之著作多署名為「莊崑木」，2003年以後則開始出現「莊崑木（釋大田）」、「釋大田（莊崑木）」或「釋大田」等名稱。,作者號及輔助區分號
31483,2021-05-24,31483_A06,圖書館在編目時如何根據圖書處理時間選擇人名標目？,圖書館在編目時，會以當時所處理之圖書實況做為人名標目選擇與著錄的依據，因此出現了相關書目中兩個名稱都有被使用為標目之情況。,編目法
31483,2021-05-24,31483_A07,未為作者建立人名權威標目時，應如何處理？,如尚未為該位作者建立人名權威標目，則依中國編目規則，選用法名做著錄。無論擇定哪一個名稱做為作者標目，另一個未被擇定的名稱，都應著錄為權威紀錄中的其他名稱形式（權威紀錄欄位400）。,編目法
31483,2021-05-24,31483_A08,如何確保使用者從任一標目名稱檢索都能找到所有相關作品？,無論使用者從哪一個名稱進行檢索，都可檢索出所有相關作品，因未被擇定的名稱已著錄為權威紀錄中的其他名稱形式（權威紀錄欄位400）。,權威控制
31485,2021-05-26,31485_A01,紙本期刊在中國編目規則與英美編目規則下是否需要著錄資料類型標示？,若在編資料為紙本期刊，無論是依據中國編目規則，或是英美編目規則，均不必在題名及著者敘述項中著「錄資料類型標示」，也就是不必著錄欄位245的分欄$h。,編目法
31485,2021-05-26,31485_A02,依據RDA規範是否需要著錄資料類型標示？,依據RDA規範做編目，因為該規範取消了所有資料類型標示的著錄（亦即不再使用欄位245分欄$h），而改以內容類型（欄位336）、媒體類型（欄位337）及載體類型（欄位338）來記錄相關資訊。,編目法
31485,2021-05-26,31485_A03,連續性出版品的書目如何識別其資料類型？,連續性出版品的書目中，確實有其他欄位可供識別一筆書目所描述的是否為期刊、報紙等資源，如：欄位Leader位址06-07、欄位008位址21、欄位022、欄位310、欄位362。,機讀編目格式
31485,2021-05-26,31485_A04,哪些圖書館系統支持在檢索結果中顯示資料類型標示？,部分的圖書館的自動化系統，可依據書目資料定長欄的相關代碼（Leader、006、007、008等），或欄位336、337、338等內容及載體資訊，於檢索結果列表中帶出資料類型的圖示或文字標示，例如：臺大圖書館館藏目錄、美國國會圖書館館藏目錄、國立臺灣圖書館館藏目錄。,機讀編目格式
31485,2021-05-26,31485_A05,資料類型標示的識別資訊是否需要編目館員額外著錄？,上述館藏目錄的呈現，皆需要透過系統功能配合，並非編目館員另於書目資料中增加編目規範以外的著錄資訊。,其他
31487,2021-05-26,31487_A01,集叢的定義為何？,集叢是將內容主題或某種形式特性相近的單行資料，給予一個總題名（collective title），集合成一套資料，該總題名即為集叢題名，可反映整套集叢的性質、用途或對象。,編目法
31487,2021-05-26,31487_A02,集叢號的定義為何？,集叢號是出版社對集叢內每個作品給予的編號標示，用以呈現發行上的序次，但並非所有的集叢都會標示集叢號。,作者號及輔助區分號
31487,2021-05-26,31487_A03,中國編目規則對集叢號的著錄有何要求？,依中國編目規則1.6.6，集叢號應「力求簡明，不必要之文字得予省略，數碼以阿拉伯數字記之」，如：Periscope 專業型偵錯程式 / 白晉榮編譯 (IBM PC小品 ; 第17集) 集叢號：第17集（書上的數詞如以中文或羅馬數字標示，如「十七」、「XVII」等，則皆改為阿拉伯數字「17」）。,編目法
31487,2021-05-26,31487_A05,附屬集叢題名有哪些呈現方式？,附屬集叢題名可能有兩種呈現方式：1. 具獨立性的題名（如：腦部不痴呆Q&A / 大友英一著 ; 陳蒼杰譯 (家庭圖書館. 營養與健康系列 ; 8)）；2. 不具獨立性的題名（如：國地財政劃分問題 / 李權時著 (近代中國史料叢刊. 三編. 第九十一輯 ; 第905冊)）。,其他
31487,2021-05-26,31487_A06,「近代中國史料叢刊」的出版情況為何？,「近代中國史料叢刊」是臺灣文海出版社於1966年起陸續出版的中國近代史資料叢書，由沈雲龍主編，目前計已出版正編一百輯、續編一百輯、三編一百輯，每輯各冊次另有編號。,編目法
31487,2021-05-26,31487_A07,集叢標準號碼可能指什麼？「近代中國史料叢刊」是否有集叢標準號碼？,集叢標準號碼可能指國際標準叢刊號碼（ISSN），但「近代中國史料叢刊」非屬連續性集叢，因此沒有集叢「國際標準叢刊號碼」。,其他
31487,2021-05-26,31487_A08,附屬集叢題名僅由編次組成時如何著錄？,依據中國編目規則1.6.7.1，附屬集叢題名如僅由編次組成，則將其「照錄」於主要集叢題名之後，並以一圓點及空格為間隔，如：抗戰八年 / 王以平編著 (近代中國史料叢刊. 續輯. 第71輯；第705-706冊)。,作者號及輔助區分號
31488,2021-05-29,31488_A01,附屬集叢的定義為何？,依據英美編目規則第2版（AACR2），「附屬集叢」的定義為「A series within a series」，為從屬於一範圍較廣的集叢（或被稱為主要集叢，main series）的一部分（part/section）。,編目法
31488,2021-05-29,31488_A02,附屬集叢題名可能有哪些呈現方式？,附屬集叢題名會有幾種呈現方式：1. 具獨立性的題名：指該附屬集叢具有獨立意義之題名，如：腦部不痴呆Q&A / 大友英一著 ; 陳蒼杰譯 (家庭圖書館. 營養與健康系列 ; 8)。2. 不具獨立性的題名：指該附屬集叢之題名不具有獨立意義，須與主要集叢題名配組，才具有完整意義者，如：搜神秘覽 三卷 / (宋)章炳文撰 (筆記小說大觀. 四十二編；第2冊)。,其他
31488,2021-05-29,31488_A03,「編次」與「編次名稱」的區別為何？,"「編次」為該附屬集叢在主要集叢中的序次或編號標示（可視為 number of part/section），可由描述序次的文字或數詞組成，如：「續編」、「第一輯」、「Stage 2」、「甲類」等。「編次名稱」即賦予該編次的題名（可視為 title of part/section），如：「第三輯, 社會」（「第三輯」為編次，「社會」為該編次之題名）。",作者號及輔助區分號
31488,2021-05-29,31488_A04,依據中國編目規則，附屬集叢名的著錄方式為何？,附屬集叢名若僅由編次組成，照錄之。若包括編次與編次名稱，則依次著錄，兩者以逗點相隔：漢語詞法句法論集 / 湯廷池著 (現代語言學論叢. 甲類 ; 12)。,編目法
31488,2021-05-29,31488_A05,集叢號的著錄規則為何？,集叢號是出版社對集叢內的每個個別作品給予的編號標示，以呈現發行上的序次。如採用中國編目規則進行編目，則依資料上所呈現的標示著錄，數碼部分改以阿拉伯數字記之（中國編目規則1.6.6），如：珊珊集 四卷 / (明)周之標編 (善本戲曲叢刊 ; 14. 第2輯 ; 3)。,編目法
31488,2021-05-29,31488_A06,「標準號碼」指什麼？,「標準號碼」應為集叢或附屬集叢之「國際標準叢刊號碼」（ISSN），常見於連續性集叢，即該集叢中的個別作品，如同期刊的各卷期一般，以連續方式出版，且沒有預訂的出版完成日期。這樣的連續性集叢會在出版品上看到給予該集叢的ISSN號碼。,作者號及輔助區分號
31489,2021-05-29,31489_A01,敘述詞法的定義為何？,敘述詞法是由單元詞發展而來，多用以編製索引典，是以規範化的敘述詞（Descriptor）作為文獻主題，並藉由概念組合的方式來表達文獻主題的主題法。,主題法
31489,2021-05-29,31489_A02,敘述詞法的特點為何？,敘述詞法的特點是詞彙控制嚴格，結構完整，透過概念組配，能夠準確、專指地揭示文獻主題。,主題法
31489,2021-05-29,31489_A03,敘述詞法的詞彙控制方式為何？,敘述詞是經過規範化處理，以基本概念為基礎作為表達文獻主題的詞或詞組，並以這些詞彙控制同義詞，區別同形異義詞，呈現各相關詞彙間階層及語意上的各種關係。,主題法
31489,2021-05-29,31489_A04,關鍵詞法的定義為何？,關鍵詞法是直接引用文獻所使用的主題詞彙（對表達主題內容具有實質意義的語詞），以標示文獻主題概念，並做為檢索用詞，其詞彙來源為出現於文獻題名、作者、摘要或全文中的原始詞彙。,主題法
31489,2021-05-29,31489_A05,關鍵詞法的詞彙處理方式為何？,關鍵詞法是因應主題索引編製自動化而產生的主題分析法。以自然語言的詞語表達主題概念，基本上不做或做很少的規範化處理。,主題法
31489,2021-05-29,31489_A06,組配的定義為何？,在主題標引過程中，將兩個或兩個以上的主題詞，依照一定的邏輯關係或特定規則組織成一組詞串，用以表達文獻主題，稱為組配。,主題法
31489,2021-05-29,31489_A07,概念組配的定義為何？,概念組配是指以概念的分解與組合，進行文獻主題標引，通常用以組配的主題詞，在概念邏輯上具有交集關係，或限定關係。,主題法
31489,2021-05-29,31489_A08,字面組配的定義為何？,字面組配則是利用構詞法進行詞彙的分解與組合，符合構詞原則，但不一定符合概念邏輯。,主題法
31489,2021-05-29,31489_A09,敘述詞法與關鍵詞法在主題標引上的差異為何？,敘述詞法使用詞表進行主題標引，且需在概念分析的基礎上進行；關鍵詞法則直接引用文獻中的原始詞彙（自然語言）做主題標引，且多為電腦自動產生，各詞彙間不一定有必然的組配原理。,主題法
31489,2021-05-29,31489_A10,關鍵詞法的優點為何？,關鍵詞法的優點是主題索引編製成本低、速度快，詞彙專指度高。,主題法
31489,2021-05-29,31489_A11,關鍵詞法的缺點為何？,關鍵詞法因為所使用的關鍵詞屬於自然語言，並沒有對所使用的詞彙建立參照及層次附屬關係，因此，同一主題概念的文獻，常會因作者用詞的不同而分散，增加檢索困難。,其他
31489,2021-05-29,31489_A12,敘述詞法在主題標引時的詞彙控制要求為何？,敘述詞法在主題標引時，所選用的主題詞，在概念的含意上必須有一定的邏輯關係。,主題法
31489,2021-05-29,31489_A13,關鍵詞法在主題標引時的詞彙處理方式為何？,關鍵詞法則是直接以文獻中的原始詞彙（自然語言）做主題標引，且多為電腦自動產生，因此，各詞彙間不一定有必然的組配原理。,主題法
31489,2021-05-29,31489_A14,關鍵詞法中停用詞的處理方式為何？,關鍵詞法一般只將不適合做為檢索的非關鍵詞編為停用詞（如，冠詞、助詞、連接詞、介詞及一些通用概念詞等），以便電腦編製主題索引時，將其排除。,其他
31489,2021-05-29,31489_A15,敘述詞法與關鍵詞法在詞表使用上的差異為何？,敘述詞法需要詞表來標示文獻主題，而關鍵詞法則通常不需以詞表另加控制。,主題法
31490,2021-05-31,31490_A01,英文原文翻譯成中文的美國文學作品應歸入哪個分類號？,分類號為810（American literature in English）,其他
31490,2021-05-31,31490_A02,中文創作的美國文學作品應歸入哪個分類號？,分類號為895.1（Chinese literature）,其他
31490,2021-05-31,31490_A03,如何根據原始創作語言為美國文學作品進行分類？,依據杜威分類表中「810-890 Literatures of specific languages and language families」之下的附註說明，文學作品應以原始創作語言選擇類號,其他
31494,2021-06-01,31494_A01,宗教論文提要彙編的中文圖書分類號為何？,應屬論文摘要集，不以論文集為分類之依據，而將其視同專科目錄（學科目錄）做分類，可分入類號016.2。,編目法
31494,2021-06-01,31494_A02,宗教論文提要彙編可否分入宗教類後加總論複分號？,可分入宗教後，再加上總論複分號021（類號202.1）。,編目法
31494,2021-06-01,31494_A03,宗教論文提要彙編與論文集共同分類的類號為何？,若有較特殊的情況，如該摘要集另有相應的論文集出版品，可將摘要集與論文集一起分入類號207（宗教論文集）。,其他
31495,2021-06-04,31495_A01,集叢號的標示單位為何？,集叢出版品之集叢號，部分會以卷冊為標示單位，所以，集叢中的一個作品如以分冊或分集的方式發行，該作品就會被標示多個集叢號。,作者號及輔助區分號
31495,2021-06-04,31495_A02,何種情況會導致集叢號標示為連號？,若集叢中的一個作品以分冊或分集方式發行且為同時發行，例如「抗戰八年」全書共2冊同時發行，則集叢號標示為連號705、706。,作者號及輔助區分號
31495,2021-06-04,31495_A03,何種情況會導致集叢號標示為不連號？,若集叢中的一個作品分冊出版且發行時間與次序不連貫，例如「民商法問題研究」分4冊於1976、1980、1982、1985年發行，且中間穿插其他作品，則集叢號標示為不連號之3、19、20、38。,其他
31495,2021-06-04,31495_A04,集叢資訊的著錄能否解釋出版者發行決定之原因？,集叢資訊的著錄僅能協助解讀該集叢的內容與發行模式，無法解釋出版者做此發行決定之原因。,編目法
31496,2021-06-04,31496_A01,主集叢與附屬集叢的著錄方式為何？,"第(1)小項以附屬集叢中各個作品為書目主體，將主要集叢、附屬集叢資訊均著錄於集叢項，例如：題名及著者敘述：考古圖釋文 / (明)趙九成撰 集叢：百部叢書集成. 七十六, 十萬卷樓叢書 ; 40（從著錄資訊可知，《考古圖釋文》是《十萬卷樓叢書》中的第40號作品，而《十萬卷樓叢書》是《百部叢書集成》的第76部子集叢）",編目法
31496,2021-06-04,31496_A02,附屬集叢作為書目主體的著錄方式為何？,"第(3)小項則以附屬集叢為書目主體，集叢項僅著錄主要集叢、附屬集叢下的各個作品著錄於內容註，例如：題名及著者敘述：十萬卷樓叢書 集叢：百部叢書集成. 七十六（從著錄資訊可知，《十萬卷樓叢書》是《百部叢書集成》的第76部子集叢）內容：1, 書經注(6冊)--2, 資治通鑑釋文(5冊)--...--40, 考古圖釋文(1冊)--...",編目法
31496,2021-06-04,31496_A03,附屬集叢名由哪些部分組成？,附屬集叢名是由「編次」（七十六）及「編次名稱」（十萬卷樓叢書）所組成，「編次」意即「Part number」，表示的是「十萬卷樓叢書」在主集叢「百部叢書集成」中的序次編號，通常與主集叢名組配著錄，以呈現完整的意義。,作者號及輔助區分號
31496,2021-06-04,31496_A04,為何實務上不會將編次移至題名及著者敘述項？,因為題名及著者敘述項中的「編次」在欄位定義上不等同於集叢編次，無法讓書目的使用者一見即知《十萬卷樓叢書》是《百部叢書集成》的第76部子集叢，反而會讓人不清楚「七十六」是屬於何處的編號。同理，若書目主體是《考古圖釋文》，也不會將其編號「40」移至正題名組配著錄。,其他
31497,2021-06-05,31497_A01,索引典的字順編排方式有哪些？,拼音語系的索引典會依字母序或字序排列所有主題詞；表意文字如漢語，則可用「四角號碼」、「注音符號」、「羅馬拼音」或其他拼音等來排列，若首字同音則可配合筆劃進一步區分排列次序。,主題法
31497,2021-06-05,31497_A02,索引典的分類編排方式包含哪些內容？,以分類表配合引領到分類部分的字順索引。在分類部分，每個敘述詞都有一個分類代碼，詞群結構包含主題詞、注釋或定義、同、義詞及相關詞，層級關係由分類法和縮行空隔表示。,作者號及輔助區分號
31497,2021-06-05,31497_A03,索引典的圖形編排方式包含哪些形式？,一般包括圖形與字順兩部分，圖形部分只有敘述詞，有樹形結構及箭頭關係兩種圖形；其他詞間關係在字順部分表示。線上索引典亦有標籤雲、主題地圖等方式。,主題法
31497,2021-06-05,31497_A04,索引典中敘述詞的結構包含哪些部分？,主題詞、注釋或定義（SN）、同義詞（用：USE；代：UF）、廣義詞（BT）、狹義詞（NT）、相關詞（RT）。,主題法
31497,2021-06-05,31497_A05,線上索引典Thinkmap Visual Thesaurus的視覺呈現方式為何？,以樹形視覺呈現，不同顏色節點及虛線表示敘述詞之間的不同關聯。,其他
31498,2021-06-06,31498_A01,主題法中的標題法是什麼？,標題法是使用經過規範的標題詞標引主題概念，並以參照系統連結相關主題，其詞語結構包含單一名詞、名詞加形容詞、片語、名詞加限定詞等，還會有複分結構，與敘詞表所採用的詞語結構不完全相同。,主題法
31498,2021-06-06,31498_A02,敘詞法在中國有什麼稱呼？,在中國，敘詞法亦稱為主題詞法，敘詞表或稱主題詞表，或稱索引典。,主題法
31498,2021-06-06,31498_A03,敘詞法是如何發展而來的？,敘詞法是由單元詞法發展而來的，因單元詞法使用上雖較為彈性，但嚴密性不足，經過不斷改進才形成了敘詞法。,主題法
31498,2021-06-06,31498_A04,敘詞表的編制方法包含哪些步驟？,敘詞表的編制是收集足以表示知識概念的字詞，以特定結構排列，用這些語彙控制同義詞、區別同形異義詞，並顯現各相關詞彙間階層及語意互屬的各種關係，詞彙結構可為單字或片語，重點在於一個詞彙只表示一個單一概念。,主題法
31498,2021-06-06,31498_A05,標題法與敘詞法在詞組結構上有什麼不同？,標題表選用較複雜的詞組，精確表達文獻主題概念，而敘詞表多用於後組合索引，但也會採用標題法預先組配的詞組，因此詞語結構與標題表不完全相同。,主題法
31498,2021-06-06,31498_A06,索引典中使用的參照標記有哪些？,索引典使用的參照標記包括：用（Use）、代用（UF/Used For）、廣義詞（BT/Broader Term）、狹義詞（NT/Narrower Term）、相關詞（RT/Related Term）、說明或範圍註（SN/Scope Note）。,作者號及輔助區分號
31498,2021-06-06,31498_A07,美國國會圖書館標題表如何應用參照標記？,美國國會圖書館標題表（LCSH）最初沿用柯特字典式目錄規則，後改用索引典「USE」、「UF」、「BT」、「NT」、「RT」等標記表示相等、層級和關聯關係，但仍使用「SA (see also)」做一般性參考說明。,主題法
31498,2021-06-06,31498_A08,敘詞法的詞彙結構特點為何？,敘詞法的詞彙結構可為單字或片語，重點在於一個詞彙只表示一個單一概念，並透過結構控制同義詞、區別同形異義詞，顯現詞彙間階層及語意互屬關係。,權威控制
31498,2021-06-06,31498_A09,中國編目規則第26章的內容為何？,中國編目規則第26章對圖書館目錄中的參照著錄給予詳細規定，常見的參照模式包括見參照、參見、互見、一般參照等。,編目法
31498,2021-06-06,31498_A10,敘詞表如何應用於前組合索引？,敘詞表雖多用於後組合索引，但因其同時會採用標題法預先組配的詞組，所以也用於前組合索引。,主題法
31499,2021-06-08,31499_A01,款目在圖書館館藏目錄中的定義為何？,款目是指目錄或索引的最小著錄單位，又稱條目，通常是編目員根據一定的著錄法，對某一文獻資料的形式和內容特徵所做的記錄。在圖書館館藏目錄中，通常用以指稱代表某一圖書資料的一筆書目紀錄，也可用以指稱在一筆書目紀錄所選用的標目。,編目法
31499,2021-06-08,31499_A02,標目在書目記錄中的作用為何？,標目是專指在書目記錄中，用以指引排序，或具檢索功能的著錄項目，通常是文獻資料內容或形式的某一個主要特徵，如題名、著者、主題詞、分類號等，在傳統卡片目錄或書本式目錄中，標目一般會被著錄於一筆款目（書目記錄）之首。,編目法
31499,2021-06-08,31499_A03,標目分為幾種類型？,標目可分為４種類型：1、題名標目：包括正題名、副題名、叢書名等。2、著者標目：包括著者、編者、注釋者、譯者、改寫者等有相關著作職責的個人名稱，及機關、團體、會議等團體名稱。3、主題標的：用以表示文獻主題的控制詞彙。4、分類標目：用以表示文獻內容學科屬性的分類號碼。,權威控制
31499,2021-06-08,31499_A04,權威控制的主要功能為何？,權威控制的主要功能在於建立圖書館書目資料檢索款目或標目的一致性，並透過「 salopes照」方式，將相同的標目指引到採用的首選標目中，連繫選用的與未被選用的標目形式，並明確其間的關係，以避免在書目中造成檢索款目選用與著錄的重複、歧異或錯誤，可確保書目品質，提高檢索效率。,權威控制
31499,2021-06-08,31499_A05,現行圖書館權威工作的主要實施方式為何？,現行圖書館的權威工作通常是透過名稱、題名、標題、分類等相關「權威記錄」的建立，來維護首選標目形式，與其他不同標目形式之間的參照關係。,權威控制
31500,2021-06-08,31500_A01,建立標目關係的主要目的是什麼？,維護目錄中個人名稱、團體名稱、劃一題名、集叢題名、主題等標目形式的一致性，並建立各種參照關係，將相同的標目指引到採用的首選標目形式中，連繫選用的與未被選用的標目。,權威控制
31500,2021-06-08,31500_A02,權威控制如何避免書目檢索的歧異與重複？,透過權威工作，將相同概念的標目指引到首選標目形式，避免書目中檢索款目的歧異、重複或錯誤，並提高檢索效率。,權威控制
31500,2021-06-08,31500_A03,權威紀錄的欄位151與451分別代表什麼？,欄位151為地理名稱的權威標目形式（即首選標目形式），欄位451著錄的是未被採用於書目紀錄中的標目形式，通常是首選標目的同義詞或不同語言文字的標目。,權威控制
31500,2021-06-08,31500_A04,「韓國」主題詞的權威標目形式是什麼？,「韓國」為地理名稱的權威標目形式（即首選標目形式），其他如「朝鮮」、「大韓帝國」、「大韓帝國」、「朝鮮」、「조선」、「한국」等為非首選標目形式。,權威控制
31500,2021-06-08,31500_A05,權威控制對書目品質有何影響？,透過權威控制維持標目的一致性，使書目資訊保持一致性，並確保讀者檢索時能一次查全相關書目。,權威控制
31500,2021-06-08,31500_A06,未進行權威控制會導致什麼問題？,書目紀錄中可能因不同編目員著錄不同標目形式，導致同一概念的主題或名稱出現多種標目，使讀者無法一次查全相關書目。,權威控制
31500,2021-06-08,31500_A07,權威控制是否適用於個人名稱與團體名稱？,是的，個人名稱、團體名稱等因常有改名、筆名、異名等情況，更需要權威控制以提供更好的檢索效率。,權威控制
31501,2021-06-08,31501_A01,語言是否屬於中國文化範疇？,「中國文化」是既廣且博的主題，其下可能包含語言、文字、文學、歷史、宗教、哲學、藝術、飲食、禮俗、服飾、遊藝，甚至是科技文明等。,其他
31501,2021-06-08,31501_A02,藝術是否可進一步細分為音樂、舞蹈、繪畫等子主題？,「藝術」還可進一步細分有音樂、舞蹈、繪畫、戲劇、建築、雕塑、書法、茶藝、花藝、紙藝、香道等，是否都需要一一納入，這會影響您書目的編排結構。,其他
31501,2021-06-08,31501_A03,是否需要收集期刊論文作為中國文化書目的一部分？,書目中的書目資源只需要圖書即可，還是要包含期刊論文、報紙文章、會議論文、視聽資料、電子資源，甚至是手稿、檔案等資源類型？,編目法
31501,2021-06-08,31501_A04,主題書目應如何排序？,每一主題下的書目要如何排序？是否所有收集到的書目都要保留？是否有需要邀請文史專家來協助您們檢視、篩選書目？,其他
31501,2021-06-08,31501_A05,是否需要諮詢文史專家協助界定中國文化書目範圍？,建議可諮詢相關文史專家之建議，以提供優質的主題書目資訊。,其他
31502,2021-06-09,31502_A01,全國圖書書目資訊網的權威紀錄如何產生？,全國圖書書目資訊網（NBINet）的書目資料由各合作館貢獻及共享，尤其是大型圖書館具有編目專業人力，除了建有該館的書目資料庫，也多建立權威資料，其權威紀錄為經過權威控制後的成果，使得書目紀錄內與著者檢索有關的款目也是權威款目。,編目法
31502,2021-06-09,31502_A02,MARC記錄中的指引格式如何組成？,「指引」是由不定數目之指引款目所組成，每一款目與其書目資料欄或權威資料欄相互對應，為表示書目資料欄或權威資料欄位置的索引。每一指引佔12位，用以記載欄號、資料欄長度和首字位置，即以3位記載欄號、以4位記載資料欄長度、以5位記載首字位置。,機讀編目格式
31502,2021-06-09,31502_A03,定長欄與變長欄的定義為何？,「定長欄」顧名思義指長度固定的欄位，「變長欄」指長度不固定的欄位。,機讀編目格式
31502,2021-06-09,31502_A04,分類號為何會有「單一號碼或一組號碼」？,係指與權威（可能是名稱權威，也可能是主題權威）有關的分類，於分類號給定時可以入不止一個分類號，因而產生一組號碼（指多個分類號）。,權威控制
31502,2021-06-09,31502_A05,7XX字段在權威記錄中的作用為何？,「7XX」表示連接款目，記載與主標目段中之名稱並列或不同語文或文字之標目。即有些名稱同時出現中文和英文，建立權威記錄時，「2XX」主標目段以中文著錄，「7XX」連接款目段以其他語文著錄，且權威檔內需有此名稱之其他語文名稱作為「2XX」主標目段且「7XX」連接款目段以中文著錄，以便系統於此兩筆權威記錄間可以彼此以「7XX」連接。,權威控制
31502,2021-06-09,31502_A06,權威記錄的格式類型有哪些？,權威記錄格式的著錄類型通常有「權威記錄、參照記錄、說明參照記錄」3種，一般是否會同時著錄這3種類型的權威記錄？不一定，要看資料實際情況而定。,權威控制
31502,2021-06-09,31502_A07,「1XX」及「2XX」字樣是否會顯示於權威記錄？,「1XX」及「2XX」等字樣不會顯示於權威記錄，因為「1XX」表示所有以欄號1開頭的欄位，「2XX」表示所有以欄號2開頭的欄位。權威記錄內每一欄號皆為獨立欄位，不會有「1XX」、「2XX」或「7XX」，「1XX」係代表所有以欄號1開頭之欄位的統稱。,機讀編目格式
31502,2021-06-09,31502_A08,「指標」在權威記錄中的作用為何？,「指標」為「每一欄的第一個資料單元」，係因指標為每個欄位內容開始的資料著錄之單元。,權威控制
31503,2021-06-11,31503_A01,合作編目與集中編目的主要差異為何？,合作編目是多館編目、各館共享；集中編目則是一館編目、各館共享。二者最大差異在於合作編目由多館共同完成編目工作，而集中編目由單一中心機構負責編目工作。,編目政策與管理
31503,2021-06-11,31503_A02,合作編目如何促進目錄標準化？,各館在共享合作編目成果時，若遇不同編目規則的書目來源，需進行書目內容修改，此過程可能耗費人力與時間，因此間接促使合作館朝向採用相同編目規則，以減少修改成本，從而促進目錄標準化。,編目政策與管理
31503,2021-06-11,31503_A03,合作編目與聯合目錄的關係為何？,合作編目可視為聯合目錄的基礎，但二者概念不同。合作編目是作業過程，而聯合目錄是產品形式，為聯合二個以上圖書館的館藏目錄或資料庫，使用者可從單一窗口檢索多所圖書館的館藏。,編目政策與管理
31503,2021-06-11,31503_A04,編目自動化的定義為何？,編目自動化是藉電腦為工具進行編目作業及處理書目資料，與整合性圖書館自動化系統及編目機讀格式（MARC）息息相關。,機讀編目格式
31503,2021-06-11,31503_A05,自動化編目與編目自動化的差異為何？,自動化編目係指利用相關設備（例如掃描器）讀取書名頁、版權頁、目次等資訊後，將資料填入機讀編目格式之特定欄位與分欄，進而完成編目工作並產生書目紀錄。與編目自動化在意義上不完全相同。,編目政策與管理
31503,2021-06-11,31503_A06,聯合目錄的定義與來源為何？,聯合目錄為聯合二個以上圖書館的館藏目錄或資料庫，使用者可從單一窗口網站檢索國內多所圖書館的館藏。資料來源：https://zh.wikipedia.org/wiki/%E8%81%AF%E5%90%88%E7%9B%AE%E9%8C%84,其他
31504,2021-06-22,31504_A01,OPAC的全稱與中文譯名為何？,OPAC為Online Public Access Catalog的縮寫，中文譯為「線上公用目錄」，又稱為「線上目錄」（Online Catalog）。,其他
31504,2021-06-22,31504_A02,WebPAC的定義與特點為何？,WebPAC為以Web環境作為使用者介面所開發的OPAC，其優點包括：(1)介面一致，簡單易用；(2)充分運用使用者端的電腦資源；(3)無使用者線上人數限制；(4)開發簡易且不與現有系統衝突；(5)超連結及分散處理將會降低對大型主機的依賴；(6)具多媒體功能且擴充能力佳；(7)易與其他系統整合。,其他
31504,2021-06-22,31504_A03,OPAC與WebPAC在內容方面的差別為何？,WebPAC可結合以下5個功能要項：(1)檢索館內館藏資源；(2)檢索其他圖書館館藏資源；(3)接受使用者所提出的資訊需求；(4)檢索本館與他館的OPAC；(5)串連相關網站而成一整合性資訊系統。,其他
31504,2021-06-22,31504_A04,OPAC與WebPAC在檢索功能方面的差別為何？,WebPAC具有更強的資訊檢索能力，包括：(1)布林邏輯查詢；(2)查詢結果之重要性排序；(3)模糊查詢；(4)相關回饋；(5)個人化服務；(6)資訊過濾；(7)語音檢索；(8)對話式查詢；(9)智慧型檢索精靈等。,其他
31504,2021-06-22,31504_A05,OPAC與WebPAC的差別包含哪些方面？,ＷebPAC及OPAC的差別至少含括以下兩方面：(1)內容方面，WebPAC可結合檢索館內館藏資源、其他圖書館館藏資源、使用者資訊需求、本館與他館的OPAC、串連相關網站等5個功能要項；(2)檢索功能方面，WebPAC具有布林邏輯查詢、查詢結果重要性排序、模糊查詢、相關回饋、個人化服務、資訊過濾、語音檢索、對話式查詢、智慧型檢索精靈等更強的資訊檢索能力。,編目政策與管理
31505,2021-06-23,31505_A01,合刊的定義為何？,「合刊」指2個或2個以上不同題名之作品合在一起出版或刊行，可以是1冊出版品內包括2個或2個以上不同作品，也可以是不止1冊的出版品。,其他
31505,2021-06-23,31505_A02,合刊屬於成套作品的條件為何？,當「合刊」之出版物超過1冊以上時，方屬「成套作品」。,編目法
31505,2021-06-23,31505_A03,《中國歌謠/朱自清著》的編目處理方式為何？,與《中國游藝研究/楊蔭深著》合刊，屬於「合刊」之編目處理方式。,編目政策與管理
31505,2021-06-23,31505_A04,《文化服裝講座》的分類為何？,"內容分為3個部分：「第1-3冊,婦人服編」、「第4冊,童裝編」、「第5冊,男裝編」，屬於「成套作品」。",主題法
31506,2021-06-23,31506_A01,版本的定義為何？,「版本」的定義為書籍因編輯、傳抄、刻版、排版或裝訂方式等不同，而有各類版本問世。如活字本、寫本、抄本、影本等，也作「板本」（資料來源：http://dict.revised.moe.edu.tw/cgi-bin/cbdic/gsweb.cgi?ccd=._xjLB&o=e0&sec=sec1&op=v&view=1-1）。,作者號及輔助區分號
31506,2021-06-23,31506_A02,版次的定義為何？,「版次」係指書籍發行的次數。指書籍內容有所修正、刪改或增加者，如初版、再版、三版等。若重印書籍，但內容未有變更者不能稱「版」（參考資料：http://dict.revised.moe.edu.tw/cgi-bin/cbdic/gsweb.cgi）。,作者號及輔助區分號
31506,2021-06-23,31506_A03,增訂版與修訂版屬於版次或版本？,「增訂版」、「修訂版」，皆指「版次」，而非「版本」。乃因現代出版品幾均為印刷本，而非活字本、寫本、抄本等。,其他
31506,2021-06-23,31506_A04,《中國編目規則》（第三版）對版次的著錄規定為何？,《中國編目規則》（第三版）1.2.1僅規定「(1)版次：依作品中所載版次敘述著錄」。,編目法
31506,2021-06-23,31506_A05,《中國編目規則》（第三版）對版本的著錄規定為何？,《中國編目規則》（第三版）1.2.1規定「(2)版本：版本名稱如原刊本、補刊本、初刊本…等，均照原書所載著錄之」。,編目法
31506,2021-06-23,31506_A06,善本圖書的版本著錄方式為何？,善本圖書之版本著錄方式為首朝代、年號、紀年，次處所，最後為版本之類別，例如：明嘉靖十三年[1534]江西布政司刊本、明永樂十五年[1417]上虞葉氏刊正統五年[1440]增刊序跋本。,作者號及輔助區分號
31506,2021-06-23,31506_A07,關係版本的著者敘述應如何著錄？,"「關係版本的著者敘述」係指與此版本有關的著者即著錄於版本項之著者敘述中，也就是說除本書之原著者外，凡對版本修改增補之有關著者的敘述，著錄於版本敘述之後。例如：圖書板本學要略 / 屈萬里, 昌彼得合著. -- 增訂本 / 潘美月增訂。",編目法
31507,2021-06-23,31507_A01,複印本圖書的著錄方式有哪些？,複印本圖書的著錄方式有兩種：1.以『照錄』為原則：凡複印本已有之著錄項目，照錄之；其餘未備之著錄項目，則著錄為『[出版地不詳 : 出版者不詳]』（《中國編目規則》著錄方式）或『[出版地不詳] : [版者不詳]』（RDA著錄方式）。唯有關『出版年代』部分，即或複印本闕如，也應查考有關資料加以推定年代著錄之，同時於附註項（MARC 21欄位500）註明『據 xx 年 xx 出版社 xx 版複印』之字樣；如有圖書內容之資料年代，宜一併於附註項（MARC 21欄位500）加以著錄。2.變通作法：可將該複印本視為由館方影印複製者，著錄時補上相關著錄項目，必要時加註方括號（[ ]）標識，以資識別。例如『出版項』可著錄為『$a[臺北市 $c xx圖書館複印 $d2001]』（《中國編目規則》著錄方式）或『$a[臺北市] $c[xx圖書館複印] $d[2001]』（RDA著錄方式）。同時，應在附註項（MARC 21欄位500）註明『據 xx 年 xx 出版社 xx 版複印』之字樣。,編目法
31507,2021-06-23,31507_A02,複印本圖書的出版年代如何著錄？,即使複印本缺少出版年代資訊，也應查考相關資料加以推定年代著錄，並於附註項（MARC 21欄位500）註明『據 xx 年 xx 出版社 xx 版複印』之字樣；如有圖書內容之資料年代，宜一併於附註項（MARC 21欄位500）加以著錄。,編目法
31507,2021-06-23,31507_A03,變通作法中如何著錄出版項？,變通作法中，『出版項』可著錄為『$a[臺北市 $c xx圖書館複印 $d2001]』（《中國編目規則》著錄方式）或『$a[臺北市] $c[xx圖書館複印] $d[2001]』（RDA著錄方式）。,編目法
31507,2021-06-23,31507_A04,附註項（MARC 21欄位500）需註明哪些內容？,附註項（MARC 21欄位500）需註明『據 xx 年 xx 出版社 xx 版複印』之字樣，並於其中一併註明圖書內容之資料年代（如有）。,機讀編目格式
31507,2021-06-23,31507_A05,出版項中使用方括號（[ ]）的用意為何？,出版項中使用方括號（[ ]）的用意係指所著錄資料之來源非得自《中國編目規則》所規定之主要著錄來源或指定著錄來源（或指RDA所規定之首選來源）。,編目法
31507,2021-06-23,31507_A06,變通作法的著錄方式範例為何？,"變通作法的著錄方式範例為：『科學的道理. -- [臺北市 : 中央圖書館複印, 民76] 註云：據中央文物供應社版本複印』，此為採用《中國編目規則》的著錄方式。",編目法
31508,2021-06-23,31508_A01,索引檔相關問題屬於哪一領域？,索引檔相關問題屬於資料庫系統問題，而非資訊組織問題。,其他
31508,2021-06-23,31508_A02,關於索引檔的詳細資訊可參考何種資源？,https://terms.naer.edu.tw/detail/1681763/,其他
31508,2021-06-23,31508_A03,索引檔的相關知識可參考哪些網路資源？,https://zh.wikipedia.org/wiki/%E5%80%92%E7%BD%AE%E6%AA%94,作者號及輔助區分號
31509,2021-06-25,31509_A01,內碼的定義為何？,內碼係指將資料編碼後，透過某種方式儲存在特定記憶裝置內部的編碼形式，且不同的系統中會有不同的內碼。,機讀編目格式
31509,2021-06-25,31509_A02,文字內碼常見種類有哪些？,文字內碼常見者為ASCII、Big5、CCCII、Unicode。,機讀編目格式
31509,2021-06-25,31509_A03,Big5內碼的位元組長度為何？,Big5為2個位元組長度的內碼。,機讀編目格式
31509,2021-06-25,31509_A05,CCCII內碼的位元組長度為何？,CCCII則是使用3個位元組長度的內碼來表示1個中文字。,機讀編目格式
31509,2021-06-25,31509_A06,CCCII內碼可容納多少中文字？,"CCCII可容納830,584個中文字。",編目法
31509,2021-06-25,31509_A07,Unicode內碼的特點為何？,Unicode所收錄的字元數遠比Big5為多，並且包括多國文字，為不同語文資料之建立、儲存、處理、查詢和呈現上，提供使用便利。,其他
31509,2021-06-25,31509_A08,CCCII是否為圖書館自動化系統常用內碼？,CCCII為圖書館自動化系統較常採用，以利資料建檔與呈現。,機讀編目格式
31509,2021-06-25,31509_A09,電腦內碼與交換碼的差異為何？,電腦內碼為電腦系統內部或應用程式所用的儲存碼，往往僅限於該系統或該程式使用；交換碼則為不同電腦系統間交換資料的碼。,機讀編目格式
31509,2021-06-25,31509_A10,圖書館自動化系統間交換書目資料的標準交換碼為何？,圖書館自動化系統間交換書目資料的交換字碼標準為ASCII與CCCII。,機讀編目格式
31509,2021-06-25,31509_A11,CCCII是否為國際認可的標準交換碼？,CCCII是我國唯一獲得國外認可之標準交換碼（即ANSI/NISO Z39.64 EAC-1989），並且已經被OCLC和RLIN採用為中日韓文書目的字碼標準。,機讀編目格式
31509,2021-06-25,31509_A12,不同圖書館採用不同編目規則對書目紀錄的影響為何？,不同圖書館間若所採用的編目規則不同，相關著錄規定也會有所不同，可能導致同書因不同圖書館採用不同的編目規則，會讓書目紀錄著錄結果不完全一樣。,編目政策與管理
31509,2021-06-25,31509_A13,《中國編目規則》與RDA對出版者名稱著錄的規定有何不同？,《中國編目規則》規定出版者或經銷者名稱以最簡明字樣且不妨礙辨識為原則著錄之；RDA則規定出版者或經銷者名稱依資源上所載照錄。,編目法
31517,2021-07-01,31517_A01,識別題名的定義為何？,識別題名是在國際期刊系統（ISDS）中，用來識別期刊的主要資料，用以確保該出版品具有個別化、唯一化的題名，作為國際標準期刊號（ISSN）分配的基礎。,編目法
31517,2021-07-01,31517_A02,識別題名與ISSN的關係為何？,識別題名與ISSN具有不可分割的關係，書目著錄時通常以一個等號（=）連結，例如ISSN 0013-029X = Economic Review。,編目法
31517,2021-07-01,31517_A03,非拼音文字的識別題名如何處理？,非拼音文字的識別題名則以音譯為之，中文則以漢語拼音作為音譯的根據。,其他
31517,2021-07-01,31517_A04,ISBN在MARC 21著錄時的欄位位置為何？,國際標準書號（ISBN）若採MARC 21著錄，係著錄於欄位020，以分欄a著錄ISBN。,機讀編目格式
31517,2021-07-01,31517_A06,ISBN著錄範例中的錯誤與正確ISBN如何區分？,著錄範例如下：020 ## $a 0877790019 (black leather) $z 0877780116 : $c $14.00 020 ## $a 0456789012 $q (reel 1) $z 0567890123 $q (reel 2) 說明：reel 1之ISBN為正確之ISBN，reel 2之ISBN為錯誤之ISBN。,編目法
31524,2021-07-28,31524_A01,如何通过ISSN查询机读页？,以ISSN 1022-2901為例進行查詢，即可出現刊名《第3波》的機讀書目（http://nbinet3.ncl.edu.tw/search~S10*cht?/i1022-2901/i10222901/1%2C1%2C11%2CE/marc&FF=i10222901&1%2C%2C11）。,機讀編目格式
31524,2021-07-28,31524_A02,全國圖書書目資訊網的ISSN查詢入口網址為何？,http://nbinet3.ncl.edu.tw/screens/opacmenu_cht.html,其他
31524,2021-07-28,31524_A03,如何通过ISBN查询机读页？,於本館「全國圖書書目資訊網」以ISBN 978-986-89594-8-4查詢，可取得機讀網頁。,機讀編目格式
31524,2021-07-28,31524_A04,全國圖書書目資訊網的ISSN查詢結果頁網址為何？,http://nbinet3.ncl.edu.tw/search~S10*cht?/i1022-2901/i10222901/1%2C1%2C11%2CE/marc&FF=i10222901&1%2C%2C11,其他
31524,2021-07-28,31524_A05,全國圖書書目資訊網的查詢問題諮詢電話為何？,(02)23822374,其他
31526,2021-07-30,31526_A01,錄影資料或影片在MARC 21編目時應使用哪個欄位建立檢索款目？,錄影資料或影片多為集合眾人之力完成之作品，無論是製作、製片、監製、監督、指導、舞台監督，均使用欄位700（視為貢獻者或輔助著者）建立檢索款目，而非採用欄位100。,編目法
31526,2021-07-30,31526_A02,團體製作發行或劇團舞台監督的檢索款目應使用哪個欄位？,團體製作發行或劇團舞台監督應以欄位710建立檢索款目。,編目法
31526,2021-07-30,31526_A03,演講之錄影資料或影片的欄位100應如何著錄？,若演講內容取自演講者所著作品，則欄位100著錄該作品著者（亦同為演講者）；若取自他人作品，則欄位100著錄該書著者，欄位700著錄演講者。,編目法
31526,2021-07-30,31526_A04,流行音樂一人詞曲、一人演唱的檢索款目應如何處理？,以作曲者於欄位100建立檢索款目，演唱者放欄位700。,編目法
31526,2021-07-30,31526_A05,多人詞曲、一人演唱的流行音樂如何處理？,本館自訂政策為僅以欄位700為演唱者建立檢索款目，並以該演唱者取著者號。,編目政策與管理
31526,2021-07-30,31526_A06,西洋古典音樂的檢索款目欄位100應如何處理？,西洋古典音樂則均以作曲者放欄位100。,編目法
31526,2021-07-30,31526_A07,古典音樂、演奏音樂、歌劇類、歌仔戲等的檢索款目欄位如何處理？,古典音樂、演奏音樂、歌劇類、歌仔戲等之監製、監督、指導、舞台監督仍以欄位700或710建立檢索款目，而非欄位100。,其他
31527,2021-08-05,31527_A01,美國國會分類法中，如何根據地理區域和國家取克特號？,依據LC CSM G300的「Regions and Countries Table」，德國（Germany）的克特號為G3。在分類號HV5840.A-Z下，第1克特號（.A-Z）是依地理區域、國家名稱來取號。,其他
31527,2021-08-05,31527_A02,美國國會分類法中，如何處理「General works」類型的書目？,在HV5840.A-Z之下，若主題為「General works」，第2克特號需直接依Main Entry取號，且要落在A6以後（因為A6以前的號碼已保留給「Documents」使用）。,編目法
31527,2021-08-05,31527_A03,美國國會分類法中，如何處理與特定城市或地區相關的書目？,若主題與德國某個特定城市、地區的毒品有關，需先將地理號後方附加號碼2（如HV5840.G32），再依城市名稱取第2克特號。,其他
31527,2021-08-05,31527_A04,美國國會分類法中，HV5840.G32的克特號代表什麼含義？,HV5840.G32表示已為德國（G3）附加號碼2（.x2），並進一步依城市或地區名稱取第2克特號，例如德國漢堡（Hamburg）取為H353。,其他
31527,2021-08-05,31527_A05,美國國會分類法中，與德國毒品相關的書目如何排序？,"所有與德國毒品相關的書目會依照「Documents」（A1-A5）、總論（A6以後）、地方性（Local, A-Z）的順序排列。",編目法
31527,2021-08-05,31527_A06,美國國會分類法中，書目範例1的克特號為何？,書目範例1的克特號為HV5840.G3.D723，其中HV5840.G3為地理號，D723為依題名取的第2克特號。,作者號及輔助區分號
31527,2021-08-05,31527_A07,美國國會分類法中，書目範例2的克特號為何？,書目範例2的克特號為HV5840.G3.O35，其中HV5840.G3為地理號，O35為依主要著作者取的第2克特號。,編目法
31527,2021-08-05,31527_A08,美國國會分類法中，書目範例3的克特號為何？,書目範例3的克特號為HV5840.G32.H353，其中HV5840.G32為地理號附加城市碼，H353為依漢堡（Hamburg）取的第2克特號。,其他
31529,2021-08-08,31529_A01,法人團體出版物的克特號碼如何取號？,"法人團體出版物的克特號碼取號方式為：若書目中存在主要著作者（欄位110），則依主要著作者名稱取號；若無主要著作者，則依書目正題名取號。例如《Roman art : a guide through the Metropolitan Museum of Art's collection》的克特號為M48，因主要著作者為Metropolitan Museum of Art (New York, N.Y.)。",作者號及輔助區分號
31529,2021-08-08,31529_A02,無主要著作者的法人團體出版物如何取克特號碼？,當書目無主要著作者（欄位100/110/111）時，克特號碼取號依據為書目正題名。例如《The Renaissance portrait : from Donatello to Bellini》的克特號為R46，因該書無主要著作者，且題名為正題名。,作者號及輔助區分號
31529,2021-08-08,31529_A03,克特號碼取號時需參考哪些資料？,克特號碼取號時需參考國會圖書館分類法（LCC）本表，檢視分類號是否有進一步的複分說明，並依據其說明取正確的克特號。部分類號可能依主題詞、地理名稱、語言名稱等取號。,分類法
31529,2021-08-08,31529_A04,法人團體出版物的克特號碼是否可能使用雙克特號？,國會圖書館分類號最多可使用雙克特號，部分類號下的克特號甚至會依主題詞、地理名稱、語言名稱等取號。,作者號及輔助區分號
31530,2021-08-16,31530_A01,四角號碼著者號取碼規則下，著者號的位數如何處理,若著者號採用「四角號碼著者號取碼規則」取號，所取之每個著者號，一律為4位數字，不會有不足4位之問題。,作者號及輔助區分號
31530,2021-08-16,31530_A02,首尾五筆著者號取碼規則下，著者號的排序方式為何,若著者號採用「首尾五筆著者數取碼規則」取號，不論其長度，皆由左向右逐位排列。著者號自左向右算第1位數字相同時，次依下一位數字（自左向右算第2位數字）排列，並不會將著者號878視為0878而與0開頭的排在一起。,作者號及輔助區分號
31531,2021-08-25,31531_A01,作者包含筆名及本名時，應如何選擇標目?,《中國編目規則》（第三版）22.1.1規定：「一人有二個以上之名號者，應擇其著稱者為標目，如無法確定，得依下列順序擇定：(1)個人作品中最常用者；(2)文獻中最常用者；(3)個人最近使用者。」,編目法
31531,2021-08-25,31531_A02,當著者均使用同一筆名時，應如何處理?,《中國編目規則》（第三版）22.1.2.1規定：「個人作品如均署同一筆名，即以該筆名為標目；如知其本名，則另立參照款目引見之。」,編目法
31531,2021-08-25,31531_A03,當著者使用不同筆名或本名時，應如何處理?,《中國編目規則》（第三版）22.1.2.2規定：「個人作品如以不同之筆名題署，或間以本名、筆名題署者，擇其著稱者為標目；如無法確定，依22.1.1款擇定；未經採用者，另立參照款目引見之。」,編目法
31531,2021-08-25,31531_A04,當著者使用不同本名及筆名於不同領域時，應如何處理?,《中國編目規則》（第三版）22.1.2.3規定：「若作者以不同之筆名或本名題署於不同寫作領域或風格之作品，且各署名均已相當著稱，則可同時採用各署名為標目，並立參照款目連結之；若無法確定，仍依22.1.1款擇定之。」,編目法
31531,2021-08-25,31531_A05,依RDA規則選擇個人首選名稱的順序為何?,RDA 9.2.2.3規定：「通常選擇最著稱之人名，包含其真名、筆名、貴族頭銜、暱稱、縮寫，或其他稱謂等。」RDA 9.2.2.6規定：「若同一個人有多種名稱，擇其最著稱者著錄為首選名稱…依序為：(1)個人相關資源最常出現的名稱；(2)參考資源中最常出現的名稱；(3)最近使用的名稱。…並將個人的其他名稱，著錄為變異名稱。」,權威控制
31531,2021-08-25,31531_A06,何謂個人具有多重身分？,RDA 9.2.2.8規定：「選擇可與每一身分相關聯的名稱，作為相應身分的首選人名。」所謂個人具有多重身分，係指個人使用多個筆名或個人之真名與筆名都經常使用，則視為該個人具有多重身分。,權威控制
31531,2021-08-25,31531_A07,MARC 21著錄權威紀錄時，首選名稱與變異名稱應如何著錄?,個人首選名稱著錄於欄位100，未經採用之名稱（或變異名稱）則著錄於欄位400。例如：以「王瑞閔」為首選名稱時，「胖胖樹」為變異名稱，著錄為100 1# $a 王瑞閔 400 0# $a 胖胖樹；反之亦然。,權威控制
31531,2021-08-25,31531_A08,MARC 21著錄書目紀錄時，如何處理變體名稱?,個人首選名稱著錄於欄位100（主要著者）或欄位700（輔助著者），未經採用之名稱若出現於首選來源時，則照錄於欄位245$c。若最終選用本名作為首選名稱，需於欄位500分欄$a附註『著者本名OOO』。,機讀編目格式
31535,2021-09-09,31535_A01,出版地的選擇是否會參考ISBN的國別碼,在西文編目實務上，出版資訊的著錄並不會將ISBN國別碼做為判斷選擇的依據。,其他
31535,2021-09-09,31535_A02,RDA規則中如何處理多個出版地的著錄,RDA 2.8.2規則指出：當著錄來源上載有多個出版地時，僅需著錄首位記錄的出版地。,編目法
31535,2021-09-09,31535_A03,RDA規則中如何處理多個出版者的著錄,RDA 2.8.4規則指出：當著錄來源上載有多個出版者時，僅需著錄首位記錄的出版者。,編目法
31535,2021-09-09,31535_A04,Scholastic Singapore的出版者資訊應如何著錄,應以「Scholastic Singapore」著錄為出版者（欄位264，指標2為1），因其為美國Scholastic Inc的子公司且實際執行出版。,編目法
31535,2021-09-09,31535_A05,改寫作品的書目著錄應如何處理,若改寫幅度足以視為不同作品，改寫者應視為創作者（著錄於欄位100），分類號依改寫者使用的語言擇定。,編目法
31535,2021-09-09,31535_A06,新加坡作家Rachel Tey的兒童小說《Tea in pajamas》的分類號如何,分類號可選用「S823.92」或「823.92」，依是否需區分不同國家作者的英語文學而定。,作者號及輔助區分號
31535,2021-09-09,31535_A07,如何區分不同國家作者的英語文學分類號,可在分類號前加上國家名稱的首字母（大寫），如「Singapore」的S，再配合820.1-828的地區時代表。,作者號及輔助區分號
31536,2021-09-10,31536_A01,西洋作家時代號如何依《中文圖書分類法》擇定？,依《中文圖書分類法》「附表三　西洋時代表」取著者之時代號，以確定的卒年為依據。,作者號及輔助區分號
31536,2021-09-10,31536_A02,確定西洋作家卒年時應注意何種規則？,確定的卒年不會跨世紀，因此應盡量查得確定之卒年。,其他
31536,2021-09-10,31536_A03,莎士比亞的時代號為何？,莎士比亞的卒年為1616年，依《中文圖書分類法》「附表三　西洋時代表」為「5 十七世紀」，因此時代號為「5」。,作者號及輔助區分號
31537,2021-09-10,31537_A01,出版品同時具有ISBN與ISSN時，圖書館自動化系統應如何處理？,大部分圖書館自動化系統或編目工具應提供同一筆書目同時著錄ISBN及ISSN之功能。若系統無法實現，應洽詢系統廠商可否進行參數調整。,編目法
31537,2021-09-10,31537_A02,出版品同時具有ISBN與ISSN時，無法同時著錄應採用何種方式？,第一種方式為ISBN及ISS、N擇一著錄且固定為ISBN或ISSN；第二種方式為未著錄於MARC 21欄位020或022之標準號碼改於附註項著錄。,編目法
31537,2021-09-10,31537_A03,採用ISBN及ISSN擇一著錄方式會產生什麼影響？,未著錄之標準號碼無法支援及協助複本控制工作。,其他
31537,2021-09-10,31537_A04,將ISBN及ISSN著錄於附註項會產生什麼影響？,雖可兩種標準號碼皆著錄，但著錄於附註項之標準號碼是否可查詢進行複本控制，仍需視系統支援情形，且索引建置時是否能併同於一個索引內。,編目法
31537,2021-09-10,31537_A05,出版品同時具有ISBN與ISSN時，如何確保後續複本查核一致性？,應採用同一種方式著錄（第一種方式固定為ISBN或ISSN，第二種方式附註項著錄），且前後作法需一致以避免影響複本控制。,編目法
31539,2021-09-16,31539_A01,主題詞表-類號-網頁目前是否可正常使用？,系統經調整後已可正常運作,其他
31539,2021-09-16,31539_A02,若後續仍有主題詞表-類號-網頁使用問題應如何聯繫？,請逕洽23619132分機140,其他
31540,2021-09-16,31540_A01,《一個懷念與感恩的日子》的中文圖書分類號為何？,由於未能查看該書內容，經由網路上查得該書相關資訊似為童書繪本。若採用《中文圖書分類法》(2007年版)，則參考以下分類原則：1. 具主題性之童書，仍依其內容之學科主題歸類，不必然均納入文學類。2. 若確定屬文學作品，則：(1) 中文兒童文學作品入「859」; (2) 臺灣之兒童文學作品入「863.59」,其他
31540,2021-09-16,31540_A02,中文兒童文學作品的分類號為何？,中文兒童文學作品依內容歸類：「859.6 兒童故事；兒童小說」係以文為主，中文兒童故事書入此；「859.9 圖畫故事」則以圖為主，中文兒童繪本入此,主題法
31540,2021-09-16,31540_A03,臺灣兒童文學作品的分類號為何？,臺灣之兒童文學作品入「863.59」，並可依〈兒童文學相關分類表〉「863.59」項下細分，例如「863.594 童話；神話」、「863.595 兒童劇劇本」、「863.596 兒童故事；兒童小說」、「863.599 兒童繪本」,其他
31541,2021-09-22,31541_A01,如何查詢特定索書號的書籍？,於本館館藏目錄查詢系統查找索書號355或356的書籍，可選取「瀏覽」頁籤，於查詢字詞分次輸入「355」或「356」且選擇查詢欄位為「索書號」，即可瀏覽該索書號的所有書籍。,作者號及輔助區分號
31547,2021-09-30,31547_A01,最新版國中小圖書館編目手冊的下載網址為何？,可至「全國圖書教師輔導團」網站之 https://cirn.moe.edu.tw/WebFile/index.aspx?sid=1186&mid=11390 下載。,其他
31548,2021-09-30,31548_A01,如何查找美髮相關的會議論文？,於本館館藏目錄查詢系統（https://aleweb.ncl.edu.tw/F）的查詢字串輸入「美髮」，並選取查詢資料庫為「會議論文」，即可出現相關書目。,其他
31548,2021-09-30,31548_A02,如何查找美髮相關的學位論文？,於本館館藏目錄查詢系統（https://aleweb.ncl.edu.tw/F）的查詢字串輸入「美髮」，查詢資料庫空白不選取，並於縮小查詢條件之典藏地選取「2樓新書及論文室」，即可出現相關書目。,其他
31548,2021-09-30,31548_A03,如何調閱美髮相關論文？,查詢結果可點選「調閱」進行線上調閱，或自行至開架區取得原書查看內容。,其他
31549,2021-10-07,31549_A01,中華民國國家代碼後的年代為1949的原因是什麼？,"Choin，您好： MARC 2.1之〈MARC Code List for Countries〉有關中華民國之國家代碼一直為「ch China (Republic : 1949- )」（請參見https://www.loc.gov/marc/countries/countries_code.html），未曾變更過，亦非「ch  China, Republic of (Taiwan)」。國家圖書館 館藏發展及書目管理組 敬覆",其他
31549,2021-10-07,31549_A02,中華民國國家代碼「ch」是否曾更動過？,"Choin，您好： MARC 2.1之〈MARC Code List for Countries〉有關中華民國之國家代碼一直為「ch China (Republic : 1949- )」（請參見https://www.loc.gov/marc/countries/countries_code.html），未曾變更過，亦非「ch  China, Republic of (Taiwan)」。國家圖書館 館藏發展及書目管理組 敬覆",其他
31549,2021-10-07,31549_A03,中華民國國家代碼「ch」的正確表述為何？,"Choin，您好： MARC 2.1之〈MARC Code List for Countries〉有關中華民國之國家代碼一直為「ch China (Republic : 1949- )」（請參見https://www.loc.gov/marc/countries/countries_code.html），未曾變更過，亦非「ch  China, Republic of (Taiwan)」。國家圖書館 館藏發展及書目管理組 敬覆",其他
31550,2021-10-08,31550_A01,MARC21 100段的英文全名放在分欄c的用途是什麼？,"將英文全名放在分欄c者，係把英文全名視為「$a凱恩」之其他修飾語（qualifier），用以區別同為「$a凱恩」、但是英文全名不同者，例如：100 1# $a凱恩 $c (Kee, Lucy)與100 1# $a凱恩 $c (Kain, Smith)。",權威控制
31550,2021-10-08,31550_A02,MARC21 100段的英文全名放在分欄q的用途是什麼？,"將英文全名放在分欄q者，係把英文全名視為「$a凱恩」的英文全稱（Fuller form of name），例如：100 1# $a凱恩 $q (Kee, Lucy)。",機讀編目格式
31550,2021-10-08,31550_A03,MARC21 100段的英文全名放在分欄c或q是否被接受？,此兩種方式皆可，與對錯無關，國內圖書館也皆普遍採用，之所以會有兩種做法，仍與編目員的考量和圖書館的政策有關。,機讀編目格式
31551,2021-10-08,31551_A01,國小是否可以不完全遵照國中小圖書館編目手冊進行作業,《國民中小學圖書館編目工作手冊》內容中所提供之書標資訊，是作為國中、小學圖書館編目工作人員參考，若各館有其考量，是可以有各自的政策,其他
31551,2021-10-08,31551_A02,圖書館自訂書標政策前需考量哪些因素,國中、小學由各縣市教育局管轄，各縣市教育局對於國中、小學評鑑的要求為何？也是圖書館自訂政策前，必須仔細考量的因素之一，儘量讓圖書館自訂的書標政策，不影響學校整體評鑑及讀者使用資料的便利,其他
31551,2021-10-08,31551_A03,新舊圖書書標格式並存時應如何處理,通常圖書館僅針對其中部分館藏採用圓點色標或粗分類號的書標方式（例如：公共圖書館館藏之嬰幼兒圖書、童書、小說、漫畫），並且另區上架陳列,其他
31552,2021-10-12,31552_A01,兩個以上主要著錄來源時，應如何處理？,Yang，您好： 有關《中國編目規則》1.0.6.1(1)說明「作品由若干部分組成，各有其主要著錄來源，卻無共同之主要著錄來源（例如：合刊圖書之各有其書名頁；錄音資料之兩面各附標籤），則應將各部分之主要著錄來源，視為一個主要著錄來源」。,編目法
31552,2021-10-12,31552_A02,作品含若干部分而無共同題名，且有明顯主要部分時，應如何著錄？,1.1.6.1「作品含若干部分而無共同題名，若有明顯之主要部分，則以其主要部分之題名著錄之，其他部分之題名著錄於附註項」。,編目法
31552,2021-10-12,31552_A03,作品含若干部分而無共同題名，且無明顯主要部分時，應如何處理？,1.1.6.2「作品含若干部分而無共同題名，若無明顯之主要部分，可以整體為一單元著錄之；或以每一部分之題名分別著錄之，其餘部分之題名著錄於附註項，如地圖資料，錄音資料，電影片及錄影資料，電子資源及縮影資料」。,編目法
31552,2021-10-12,31552_A04,無共同題名且無明顯主要部分之作品，以整體為一單元著錄時，應如何處理？,1.1.6.3「無共同題名且無明顯主要部分之作品，若以整體為一單元著錄，則以載於主要著錄來源之題名依次著錄之。各部分各有其主要著錄來源時，仍視為一個主要著錄來源」。,編目法
31552,2021-10-12,31552_A05,同一著者之多部分作品，應如何著錄題名？,1.1.6.3(1)「若為同一著者之作品，則依次著錄題名，題名與題名間，以分號相隔」。 例：孔明棋[電子資源]；蘋果遊戲；智商180 / 楊第設計,作者號及輔助區分號
31552,2021-10-12,31552_A06,不同著者之多部分作品，應如何著錄題名與著者？,1.1.6.3(2)「若為不同著者之作品，則題名與著者依次對應著錄，每一題名及著者敘述間，以圓點及一空格相隔」。 例：寺塔記 / (唐)段成式. 益州名畫錄 / (宋)黃休復. 元代畫塑記 / (元)佚名,作者號及輔助區分號
31552,2021-10-12,31552_A07,合刊、合訂於附註項著錄的範例有哪些？,1.7.1(21)有關合刊、合訂於附註項著錄之範例如下： 例： 1. 新校漢書藝文志 一卷 / (漢)班固撰 ; (唐)顏師古注 註云：與新校隋書經籍志合刊 2. 中國歌謠 / 朱自清著 註云：與中國游藝研究 / 楊蔭深著合刊,編目法
31553,2021-10-14,31553_A01,套書編目時國際標準書號（ISBN）的著錄方式為何？,"建議將整套及各冊之ISBN著錄於MARC 21欄位010國際標準書號（ISBN）（若可知其ISBN的話），以方便未來第3,4,7,8,9,10集或複本進館時，可用整套或單冊之ISBN查核書目及處理複本。",機讀編目格式
31553,2021-10-14,31553_A02,館藏記錄如何確認套書實際收錄的部冊？,實際館藏有哪幾集，將視館藏紀錄之部冊號，而非依據書目內容。,其他
31554,2021-10-20,31554_A01,MARC 21中欄位730的用途為何？,MARC 21欄位730為「附加款目-劃一題名」（Added Entry-Uniform Title），用以著錄與在編資源相關出版品的題名或分析款目題名，提供目錄使用者據此檢索相關書目資料。,機讀編目格式
31554,2021-10-20,31554_A02,MARC 21中欄位740的用途為何？,MARC 21欄位740為「附加款目-非控制相關或分析題名」（Added Entry-Uncontrolled Related/Analytical Title），用以著錄非控制題名，即未經控制或無控制的相關題名。,機讀編目格式
31554,2021-10-20,31554_A03,MARC 21欄位730與740的主要差別為何？,欄位730用於劃一題名（控制題名，已建立權威檔），欄位740用於非控制題名。若題名為劃一題名且可於權威檔查得，則著錄於730；若為非控制題名則著錄於740。,機讀編目格式
31554,2021-10-20,31554_A04,何時應使用MARC 21的欄位730或740建立題名附加款目？,當附加款目非屬於「名稱-題名形式」（name-title added entry），即不確知該題名之著者時，方使用欄位730或740建立題名附加款目。,其他
31554,2021-10-20,31554_A05,MARC 21欄位730與740與欄位76X-78X的用途有何不同？,欄位730及740用以提供題名檢索，而欄位76X-78X用來連結相關書目紀錄。730/740主要功能為題名檢索，76X-78X則為連結功能。,機讀編目格式
31554,2021-10-20,31554_A06,在MARC 21中，何時可省略著錄欄位730或740？,當符合欄位76X-78X之使用情形時，以著錄欄位76X-78X為主，而不一定需再著錄欄位730或740。,機讀編目格式
31555,2021-10-24,31555_A01,套書各冊有共同著者時，如何取著者號？,套書套編時，若各冊有共同著者，以該共同著者取著者號,作者號及輔助區分號
31555,2021-10-24,31555_A02,套書各冊著者不同時，如何取著者號？,套書各冊著者不同時，可改取套書之題名為著者號,作者號及輔助區分號
31555,2021-10-24,31555_A03,中文套書的外文個人著者如何取著者號？,中文套書著者如為外文人名，通常係將該外文人名之姓氏譯為中文，再據所譯姓氏之中文取著者號,作者號及輔助區分號
31555,2021-10-24,31555_A04,中文套書的外文團體著者如何取著者號？,中文套書著者如遇外文團體名稱，若書上已有中譯名稱，以該中譯名稱取著者號；若書上無中譯名稱，圖書館並不會將該團體名稱特地譯為中文，而改以其他著者或題名取著者號,作者號及輔助區分號
31555,2021-10-24,31555_A05,《科學實驗王》套書的著者號如何取？,《科學實驗王》之著者敘述為「Gomdori Co.文 ; Hong Jong Hyun圖 ; 徐月珠譯」，「Gomdori Co.」為英文團體名稱，不譯為中文，繪圖者為華人或東方人之英文人名「Hong Jong Hyun」（不知其原文名字），也不譯為中文，而改以譯者「徐月珠」或題名「科學實驗王」取著者號,作者號及輔助區分號
31555,2021-10-24,31555_A06,套書的著者號取法是否與圖書館分編政策有關？,以《科學實驗王》之著者職責與名稱情況，究竟是改以其他著者或題名取著者號，則視所服務之圖書館的分編政策而定,作者號及輔助區分號
31559,2021-10-28,31559_A01,單編與套編的定義為何？,「單編」係針對整套圖書資料之個別部分（各單冊）建置單筆書目紀錄；「套編」則指整套圖書有明顯的共同題名、無各部分（或單冊）的題名、且有共同著者（編者），才會將整套圖書共同編製1筆書目紀錄。,其他
31559,2021-10-28,31559_A02,單編與套編的適用時機為何？,「單編」適用時機為整套圖書各部分作品有明確的個別書名及作者，且整套圖書不同時間出版或入館；「套編」適用時機為整套圖書有共同且明確的題名及作者、各部分作品無明確之題名及作者時，且整套圖書同時出版或入館。,其他
31559,2021-10-28,31559_A03,套書《飲食文選》的處理方式為何？,套書《飲食文選》由於係分年出版，且各年度有其主編者，雖然各年度出版者相同、但是經銷者有所不同，為詳盡書目資訊，建議採單編套分，也就是各年度單獨編目、且各年度給予整套之分類號。,作者號及輔助區分號
31559,2021-10-28,31559_A04,套編時書目紀錄的處理方式為何？,若採「套編」時，書目紀錄的正題名為整套書的共同題名，且各冊或各部分的題名須著錄於內容註，分類時通常採整套主題進行歸類。,編目法
31559,2021-10-28,31559_A05,單編時書目紀錄的處理方式為何？,若採「單編」時，則以各冊題名作為書目紀錄的正題名，且各冊係屬哪個集叢名及集叢號，也須在書目紀錄內的集叢項敘明，分類時可針對單冊主題進行分類，也可採整套主題進行歸類。,編目法
31559,2021-10-28,31559_A06,套書編目時應如何判斷採用單編或套編？,當手邊有完整1套書或套書的某1冊，應依「單編」及「套編」的處理原則進行判斷。,編目政策與管理
31559,2021-10-28,31559_A07,套書編目時若採套編，是否仍需載明各冊資訊？,若採「套編」時，雖然並無不可，但建議仍於書目中載明各年度之主編及經銷等資訊（例如：內容註等），以完備書目內容及利於資料查詢。,其他
31559,2021-10-28,31559_A08,哪些類型的套書多採套編方式處理？,百科全書、字辭典、年鑑、名錄等套書的處理原則多採套編方式。,編目政策與管理
31562,2021-10-29,31562_A01,套書CMARC書目中100/08欄位的值應如何修改？,定長欄100/08之值請改為g（單行本出版年在一年以上）、而非d（一次或一年內出版完整之單行本）,機讀編目格式
31562,2021-10-29,31562_A02,套書CMARC書目中100/09-16欄位應填寫什麼內容？,100/09-16之值請填寫該書最早及最末出版年,機讀編目格式
31562,2021-10-29,31562_A03,套書CMARC書目中210$d欄位應著錄什麼內容？,欄位210$d也請著錄該書最早及最末出版年,編目法
31562,2021-10-29,31562_A04,套書CMARC書目中215$a欄位的格式應如何調整？,稽核項欄位215「$a3冊」請改為215「$a   冊」，表示總冊數目前尚未確知,機讀編目格式
31562,2021-10-29,31562_A05,套書CMARC書目中225$v欄位的格式應如何調整？,"集叢號欄位225「$vE051,054,056」請改為「$vE051, 054, 056」（逗號後加一空格）",機讀編目格式
31562,2021-10-29,31562_A06,套書CMARC書目中461$v欄位的格式應如何調整？,欄位461 $v亦同（逗號後加一空格）,機讀編目格式
31562,2021-10-29,31562_A07,套書採行套編時書目內容的維護原則為何？,書目內容仍需視該書實際情況或其後進館各年度圖書之資訊進行後續書目修改維護，以提供讀者最詳盡、完整且正確的書目內容,編目政策與管理
31563,2021-10-29,31563_A01,中文翻譯書為雙原文題名時，原作有著者應著錄於哪個欄位？,若原作有著者，其劃一題名著錄於欄位240。,編目法
31563,2021-10-29,31563_A02,中文翻譯書為雙原文題名時，原作無著者應著錄於哪個欄位？,"若原作無著, 其劃一題名著錄於欄位130。",編目法
31563,2021-10-29,31563_A03,中文翻譯書為雙原文題名時，第二個以上原作題名應著錄於哪個欄位？,第2個以後的原作之作品題名著錄於欄位730，欄位730為可重複欄位。,編目法
31563,2021-10-29,31563_A04,原作作品之副題名或其他題名資訊應著錄於哪個欄位？,原作作品之副題名或其他題名資訊，以欄位246來建立題名附加款目。,編目法
31564,2021-11-02,31564_A01,中文翻譯書若原作有著者應如何著錄劃一題名,若原作有著者，其劃一題名著錄於欄位240,編目法
31564,2021-11-02,31564_A02,中文翻譯書若原作無著者應如何著錄劃一題名,若原作無著者，其劃一題名著錄於欄位130,編目法
31564,2021-11-02,31564_A03,MARC 21欄位130與240的使用限制為何,MARC 21欄位130及240皆不可重複，也就是1筆書目內僅能有1個欄位130或240,機讀編目格式
31564,2021-11-02,31564_A04,多個原作題名如何著錄於MARC欄位,通常以第1個原作之作品題名著錄於欄位130或240，第2個以後的原作之作品題名著錄於欄位730，欄位730為可重複欄位,機讀編目格式
31564,2021-11-02,31564_A05,劃一題名著錄應以何種題名為準,劃一題名的著錄（包括欄位130、240、630、730、830）原則，係以原作作品之正題品進行著錄，不會納入原作作品之副題名或其他題名資訊,編目法
31564,2021-11-02,31564_A06,原作作品之副題名或其他題名資訊應如何處理,原作作品之副題名或其他題名資訊，以欄位246來建立題名附加款目，方便目錄使用者即使輸入副題名或其他題名資料進行書目查檢時，仍可檢得相關書目,編目法
31566,2021-11-03,31566_A01,聯合出版的著錄方式為何？,"針對2家以上之聯合出版各種形態及其出版者之著錄，做了詳細的規定和舉例。若採用MARC 21，3個出版機構聯合出版且出版地均相同時，其著錄方式為：260 ## $a 出版地 : $b 出版者 A, 出版者 B, 出版者 C, $c 出版年。3個出版機構聯合出版且出版地不同時，其著錄方式為：260 ## $a 出版地A : $b出版者 A ; $a 出版地B : $b出版者 B ; $a 出版地C : $b出版者 C, $c 出版年。",編目法
31566,2021-11-03,31566_A02,聯合出版是否需要逐一全部著錄？,由於各家出版機構之出版職責均同等重要，需採逐一全部著錄方式。,編目法
31566,2021-11-03,31566_A03,《中國編目規則》（第3版）對聯合出版的規定性質為何？,《中國編目規則》（第3版）雖有相關條文規定，惟係屬於一般通則，猶未能深入精細一舉而解決實務問題。,編目法
31566,2021-11-03,31566_A04,國家圖書館針對聯合出版的著錄格式是否有專門文件？,本館有鑒於此，爰依《中國編目規則》之精神，搜集實例加以引申發揮，編訂成「國家圖書館有關聯合出版之著錄格式」文件一種，以做為編目時參考規範。,編目法
31566,2021-11-03,31566_A05,MARC 21格式下聯合出版的著錄方式是否與CMARC不同？,"該份文件係以CMARC為例，若採用MARC 21，3個出版機構聯合出版且出版地均相同時，其著錄方式為：260 ## $a 出版地 : $b 出版者 A, 出版者 B, 出版者 C, $c 出版年。",編目法
31567,2021-11-09,31567_A01,RDA規範中出版年與版權日期的著錄優先順序為何？,依據RDA規範（目前仍以Original RDA為編目依據），出版年為核心元素，版權日期則不是，因此，在編目實務中通常要求出版日期為必須著錄。,編目法
31567,2021-11-09,31567_A02,當書籍未載明出版年時，如何依據版權日期進行著錄？,"若在編文獻上沒有載明出版日期，可從版權、經銷，或序跋等相關日期做推估著錄，並加方括號標示。當書上只載有版權日期（copyright date），且可被合理推估為出版日期，則據版權日期來著錄出版日期，並標示方括號，欄位264及008出版日期的著錄形式就會是：008/06 = s、008/07 = 2021、008/11-14 = blank 264 #1 $a Place of publication : $b Publisher of publication, $c [2021]",編目法
31567,2021-11-09,31567_A03,美國音樂圖書館學會（MLA）對版權日期的著錄方式有何特殊規定？,"美國音樂圖書館學會（MLA）在其編目政策中說明，當以版權日期來推估著錄出版日期時，除了出版日期標示方括號之外，亦將版權日期以另一個欄位264做著錄（指標2為4），欄位264及008出版日期的著錄形式就會是：008/06 = t、008/07 = 2021、008/11-14 = 2021 264 #1 $a Place of publication : $b Publisher of publication, $c [2021] 264 #4 $c ©2021",編目法
31567,2021-11-09,31567_A04,MARC 21格式中008欄位如何處理同時存在出版日期與版權日期的情況？,在MARC 21編目格式，若書目中同時著錄有出版日期與版權日期，則定長欄008中的位址06必須填代碼t（Publication date and copyright date），日期1（位址07-10）著錄出版年，而日期2（位址11-14）則須著錄版權年。,機讀編目格式
31568,2021-11-15,31568_A01,西文編目中克特號的取得原則為何？,doolish23您好：西文編目實務中，克特號多取自主要款目（Main Entry），即MARC 21欄位1XX之著錄資料。若書目無欄位1XX，則取自欄位245。,編目法
31568,2021-11-15,31568_A02,西文編目中如何處理相同姓氏不同名字的作曲家克特號？,若三位作曲家（如老約翰史特勞斯、小約翰史特勞斯、約瑟夫史特勞斯）的作品被分入相同分類號，需為相同克特號加擴充號以達成姓名字母順序排列，此過程稱為Shelflisting。,作者號及輔助區分號
31568,2021-11-15,31568_A03,Cutter 3-figure Table如何為相同姓氏不同名字的作曲家產生克特號？,"Cutter 3-figure Table中，三位作曲家 Strauss, Johann, 1804-1849；Strauss, Johann, 1825-1899；Strauss, Josef, 1827-1870 的克特號皆為St82，但經Shelflisting擴充後分別為St82、St822、St823。",作者號及輔助區分號
31568,2021-11-15,31568_A04,LCSH分類法下相同姓氏不同名字的作曲家克特號如何產生？,"LCSH分類法依LC Basic Cutter Table取號，三位作曲家 Strauss, Johann, 1804-1849；Strauss, Johann, 1825-1899；Strauss, Josef, 1827-1870 的克特號經Shelflisting擴充後分別為S76、S763、S768。",作者號及輔助區分號
31568,2021-11-15,31568_A05,OCLC提供的Dewey Cutter Program有何功能？,OCLC開發的Dewey Cutter Program將原本3碼的克特號擴充為4碼，並與原有3碼克特號相容，用以減少Main Entry字串查表重號的情況。,作者號及輔助區分號
31569,2021-11-19,31569_A01,電子書館藏統計問題屬於哪個部門處理？,本館電子書館藏統計計算問題屬於圖書館事業發展組處理。,編目政策與管理
31569,2021-11-19,31569_A02,如何聯繫圖書館事業發展組？,請撥打(02)23619132轉737聯繫圖書館事業發展組。,其他
31570,2021-11-19,31570_A01,RDA編目中個人著者職責關係的著錄欄位為何？,採用RDA編目時，個人著者對於資源之職責關係著錄於MARC 21欄位1XX及7XX之分欄e關係標示。,編目法
31570,2021-11-19,31570_A02,RDA中文編目中關係標示用語的選擇依據為何？,中文編目時需視所著錄之標目的語文，來決定是否改以中文關係標示用語著錄。,編目法
31570,2021-11-19,31570_A03,RDA附錄I關係標示用語的中文翻譯文件位置為何？,國家圖書館提供RDA附錄I中文翻譯文件，位於編目園地→RDA專區→中文文件→RDA重要中文詞彙用語(20160711更新)→RDA 附錄I ：「資源」與「個人、家族、團體」之間關係標示(20170912更新).pdf（網址：https://catweb.ncl.edu.tw/sites/default/files/upload/standard/RDA%20附錄I%20%EF%BC%9A「資源」與「個人、家族、團體」之間關係標示%2820170912更新%29.pdf）,編目法
31570,2021-11-19,31570_A04,簡體書中攝影者關係標示用語在欄位100分欄e應著錄為何？,著者姓氏中譯標目欄位100分欄e內容著錄為「攝影者」。,編目法
31570,2021-11-19,31570_A05,簡體書中攝影者關係標示用語在欄位700分欄e應著錄為何？,著者原文姓名標目欄位700分欄e內容著錄為「photographer」。,編目法
31573,2021-11-23,31573_A01,為何MARC21書目紀錄中不使用700字段記錄外文中譯姓名？,因同一外國著者之相同作品被不同出版社中譯及出版，並不會每家出版社都使用相同中譯姓名。中譯姓名僅為其一，且編目規則規定應擇其著稱者為標目，其他不被採用之名稱則以參見方式註明。,機讀編目格式
31573,2021-11-23,31573_A02,MARC21中如何處理同一著者有多個名稱的情況？,當一人有二個以上之名號時，應擇其著稱者為標目；若無法確定，則依序以個人作品中最常用者、文獻中最常用者、個人最近使用者作為標目，其他不被採用之名稱則以參見方式註明。,編目法
31573,2021-11-23,31573_A03,MARC21權威紀錄中4XX字段的用途為何？,用於儲存未被採用之名稱，並透過參見方式指向所採用之名稱，使讀者輸入非正式名稱時，系統可依據權威紀錄進一步指向正式名稱，並呈現符合所採用名稱的書目紀錄。,機讀編目格式
31573,2021-11-23,31573_A04,MARC21書目紀錄中1XX及7XX字段的標目名稱如何確定？,為編目館員經過權威制後所採用的名稱，即經權威控制確認的正式名稱，用以作為書目紀錄的檢索標目。,機讀編目格式
31575,2021-11-24,31575_A01,是否需要蓋日期章？,日期章是否需蓋主要與進館圖書資料財產成立與登記有關。,編目法
31575,2021-11-24,31575_A02,日期章的主要作用為何？,有些圖書館若有圖書資料大量進館，而未能於短時間內立即完成編目上架，則會將日期作為尋書的指引。,編目法
31575,2021-11-24,31575_A03,蓋日期章的優勢為何？,若圖書館人力及時間許可的話，建議仍將進館圖書蓋上日期章，以便未來圖書館財產稽核時之佐證資料。,編目法
31576,2021-11-26,31576_A01,MARC21中008字段24-27的代码'b'代表什么？,MARC21編目時，008字段位址24-27的值'b'代表「書目（參考書目、研究書目、專題書目等）（Bibliographies）」，係指在編資料之內容全部或部分含括書目。,機讀編目格式
31576,2021-11-26,31576_A02,哪些情況下MARC21的008字段24-27應填'b'？,當編資料之內容包含參考書目、書後附有參考書目，或圖書本身全部內容為研究書目、專題書目時，008字段位址24-27應填'b'。,機讀編目格式
31576,2021-11-26,31576_A03,MARC21中008字段24-27的代码'c'代表什么？,MARC21編目時，008字段位址24-27的值'c'代表「目錄（器物目錄、藏書目錄、出版目錄、展覽目錄等）（Catalogs）」，係指在編資料之內容全部為目錄。,機讀編目格式
31576,2021-11-26,31576_A04,《統計原理》在MARC21的008字段24-27如何標註？,《統計原理》只要其內容部分含有參考書目或書後附有參考書目，即可於008字段位址24-27填'b'。,機讀編目格式
31576,2021-11-26,31576_A05,《教育概論》在MARC21的008字段24-27如何標註？,《教育概論》只要其內容部分含有參考書目或書後附有參考書目，即可於008字段位址24-27填'b'。,機讀編目格式
31578,2021-11-30,31578_A01,如何将CMARC4机读格式转成Excel资料？,可下载及安装国外免费之『MarcEdit』软件，该软件提供MARC之ISO 2709格式资料转为Excel档功能，转换操作流程请参考https://www.youtube.com/watch?v=IjiMMsk3S-A,機讀編目格式
31578,2021-11-30,31578_A02,CMARC4转Excel软件的下载地址是什么？,https://marcedit.reeset.net/downloads,機讀編目格式
31578,2021-11-30,31578_A03,CMARC4转Excel的操作指引视频链接是什么？,https://www.youtube.com/watch?v=IjiMMsk3S-A,機讀編目格式
31579,2021-12-01,31579_A01,同一出版年有兩個以上版本時，如何著錄版本項與出版年？,當書名頁或版權頁出現「二版12刷/2012年」，則書目紀錄之版本項填『二版』，出版項之出版年填『2021』。版次、版本及出版年，原則上係以資源上所載最新資料著錄。,編目法
31579,2021-12-01,31579_A02,《中國編目規則》第三版對版本著錄有何特殊規定？,《中國編目規則》（第三版）1.2.1.3規定「若作品中雖載明為新版本，但確知其與舊版本並無不同，則仍以原版本敘述著錄之」。,編目法
31579,2021-12-01,31579_A03,如何處理初版與二版出版年相同且內容無異的圖書？,若二版與初版內容並無不同，著錄時可仿範例處理，例如《盲點》一書雖載「二十二版」，但與舊版本無異，故著錄為「初版」。,編目法
31580,2021-12-08,31580_A01,DVD在編目時，家庭播映版及公播版是否可以列在版本項中？,視聽資料的公播版或家用版，主要是說明影片是否公開播放的授權，不是敘述內容版本的問題，所以國圖的作法是將公播版或家用版，著錄在附註項，而非版本項。,其他
31581,2021-12-09,31581_A01,同一作者同一作品不同譯者時，著者號如何處理？,圖書館在編目實務上，不會為譯者另取著者號（著者號仍以原著者取號），而是將不同譯者視為另一版本，以其出版年加於分類號及著者號之後，作為該書之索書號，以便區別同作品不同版本。,作者號及輔助區分號
31581,2021-12-09,31581_A02,同一作品同一譯者不同版本的索書號如何區分？,同一作品同一譯者不同版本，需在原有分類號/著者號後加上出版年，例如：「882.457/6025/79」為二版79年，「882.457/6025/84」為三版84年。三版非二版複本，不使用「882.457/6025 c.2」格式。,作者號及輔助區分號
31581,2021-12-09,31581_A03,同一作品不同譯者之索書號如何生成？,同一作品不同譯者，需在原有分類號/著者號後加上出版年，例如：「882.457/6025/107」為蔚遲秀譯三版107年，而非「882.457/6025-1 107」格式。,作者號及輔助區分號
31581,2021-12-09,31581_A04,米蘭昆德拉《生命中不能承受之輕》韓少功譯二版79年的索書號為何？,分類號/著者號為「882.457/6025/79」。,作者號及輔助區分號
31581,2021-12-09,31581_A05,米蘭昆德拉《生命中不能承受之輕》韓少功譯三版84年的索書號為何？,分類號/著者號為「882.457/6025/84」。,作者號及輔助區分號
31581,2021-12-09,31581_A06,米蘭昆德拉《生命中不能承受之輕》蔚遲秀譯三版107年的索書號為何？,分類號/著者號為「882.457/6025/107」。,作者號及輔助區分號
31581,2021-12-09,31581_A07,米蘭昆德拉《生命中不能承受之輕》未來四版107年的索書號格式為何？,索書號為「882.457/6025/107-2」。,作者號及輔助區分號
31582,2021-12-10,31582_A01,編目規則的定義為何？,編目規則是圖書館建立目錄時書目紀錄著錄時所依循的規定，用以確保每一筆書目紀錄內著錄之項目、次序、標點符號、著錄來源與著錄方式皆為一致，其功用在於描述圖書資料的重要特徵，以作為與不同版本甚或其他資料間的辨識。,編目法
31582,2021-12-10,31582_A02,機讀格式的定義為何？,機讀格式為電腦系統可以閱讀及處理編目紀錄的格式，是一種用來辨識、儲存、傳輸編目資訊的標準，使圖書館自動化系統得以在標準的書目資料格式上發展。,機讀編目格式
31582,2021-12-10,31582_A03,編目規則與機讀格式的主要差異為何？,編目規則是書目資料著錄的規定，機讀格式則為書目資料鍵入電腦的格式。圖書館員編目時需依循編目規則擇取資料來源及著錄方式，並採用機讀格式將書目紀錄鍵入電腦或自動化系統。,機讀編目格式
31582,2021-12-10,31582_A04,為何圖書館僅需進行一次編目？,圖書館不會對同一本書進行兩次編目，而是一次編目即可，因書目紀錄內容需依循編目規則規定，並採用機讀格式鍵入電腦，避免重複處理。,編目政策與管理
31582,2021-12-10,31582_A05,為何圖書館採用機讀格式將書目紀錄鍵入電腦？,為提供線上目錄查詢服務而非卡片式目錄服務，圖書館需採用機讀格式將書目紀錄鍵入電腦，以實現自動化系統的標準書目資料格式。,機讀編目格式
31582,2021-12-10,31582_A06,圖書館編目的流程包含哪些步驟？,圖書館編目的流程包括：取書、複本查核（若為複本則進行複本處理）、圖書加工、移送閱覽、抄錄編目或原始編目（包括記述編目及主題編目）、書目查驗審核、書目修改、總校、圖書加工（寫書內碼、貼書標）、移送閱覽。,編目政策與管理
31583,2021-12-10,31583_A02,同一作品同一譯本不同版本的索書號如何構成？,同一作品同一譯本不同版本，其分類號/著者號後需加上出版年，形成索書號，例如「882.457/6025/79」（二版79年）及「882.457/6025/84」（三版84年）。,作者號及輔助區分號
31583,2021-12-10,31583_A03,不同版本索書號的格式規則為何？,不同版本索書號需在分類號/著者號後附加出版年，若為同一年不同版本則以「/年-序號」表示，例如四版107年為「882.457/6025/107-2」。三版非二版複本時，不使用「c.2」格式。,作者號及輔助區分號
31583,2021-12-10,31583_A04,米蘭昆德拉《生命中不能承受之輕》不同譯本的索書號如何區分？,米蘭昆德拉的《生命中不能承受之輕》，韓少功、韓剛譯，三版107年索書號為「882.457/6025/107」；蔚遲秀譯三版107年索書號為「882.457/6025/107」，非「882.457/6025-1 107」。,作者號及輔助區分號
31583,2021-12-10,31583_A05,同一作品不同譯本的索書號是否需附加出版年？,同一作品不同譯本的索書號需在分類號/著者號後附加出版年，例如蔚遲秀譯三版107年為「882.457/6025/107」，而非「882.457/6025-1 107」。,作者號及輔助區分號
31584,2021-12-13,31584_A01,RDA中是否有定義「導讀者」的關係用語？,RDA與資源相關之代理者（Agents）與作品、表現形式、具體呈現、或單件之間關係的關係用語，並未定義有關「導讀者」，而僅提供「文字說明者」（writer of added text）及「簡介作者」（writer of introduction）等項。,作者號及輔助區分號
31584,2021-12-13,31584_A02,在MARC 2.1書目紀錄中，如何處理「導讀者」與資源間的關係著錄？,於RDA編目時，由於無適當之關係用語可以選用，故不需著錄導讀者與資源間關係之關係用語與代碼，亦即MARC 21書目紀錄之欄位7XX，不需著錄分欄e及分欄4。,編目法
31585,2021-12-15,31585_A01,附件著錄有幾種處理方式？,附件著錄的處理方式有3種：第一法為視為另一作品著錄；第二法為著錄於附註項；第三法為著錄於稽核項末。,編目法
31585,2021-12-15,31585_A02,什麼情況下附件需單獨編製書目紀錄？,附件可脫離主件單獨使用時，需單獨編製1筆書目紀錄。,編目政策與管理
31585,2021-12-15,31585_A03,附件著錄於附註項的範例是什麼？,例：註云：本書附有教師手冊及習題解答各1冊。,編目法
31585,2021-12-15,31585_A04,附件著錄於稽核項末的範例是什麼？,例：1. 321面 : 彩圖 ; 23公分 + 1冊教師手冊 2. 11面 ; 21公分 + 1捲錄音帶。,其他
31585,2021-12-15,31585_A05,練習本及小本題本是否須單獨編目？,題本和練習本通常仍需閱讀文本內容方能輔助學習，不具單獨編製書目紀錄的條件，故採第二法或第三法著錄於附註項或稽核項末。,編目法
31586,2021-12-19,31586_A01,中國大陸出版品在臺灣重新出版且內容為繁體字時，版次如何計算？,若內容為繁體字，顯然與原先於中國大陸出版之簡體字版本不同，其版次可自初版或第一版開始。,其他
31586,2021-12-19,31586_A02,中國大陸出版品在臺灣重新出版且內容為簡體字時，版次如何計算？,若內容為簡體字，則再視出版者是否相同。若是出版者不同，自然視為不同版本，版次仍可自初版或第一版開始；若是出版者相同（即同於中國大陸該出版品之出版社），則非臺灣重新出版之出版品。,其他
31586,2021-12-19,31586_A03,同時存在簡體字及繁體字版時，圖書館如何區分索書號？,若相同作品同時有簡體字及繁體字版，如果圖書館先入藏簡體字初版，後入藏繁體字初版，由於兩者分類號與著者號相同，則後入藏之出版品，為讓其索書號與先入藏者有所區別，通常會在後入藏者（即繁體字初版）的著者號後加上出版年作為版次號，以茲區別。,作者號及輔助區分號
31589,2021-12-23,31589_A01,文學作品如何根據作者國籍進行分類？,文學作品之分類依作家所屬國籍歸入該國文學。例如英國籍作家寫作的文學作品，即使故事場景發生在印度，仍歸入英國文學（《中文圖書分類法》（2007年版）之類號為「873.57」），而不入印度文學（《中文圖書分類法》（2007年版）之類號為「867.57」）。,作者號及輔助區分號
31589,2021-12-23,31589_A02,印度神話的中文圖書分類號為何？,印度神話非屬文學作品，仍以各國神話歸類，《中文圖書分類法》（2007年版）有關印度神話之類號為「283.71」。,其他
31594,2022-01-06,31594_A01,依據AACR2規範，如何為翻譯作品合集著錄檢索點？,"依據AACR2做著錄時：由於書中的每個作品都是同一位作者的創作，因此，會將第一個作品的劃一題名著錄在欄位240，其他作品則可使用700（name/title）或740來為其著錄檢索點： 100 1 $a Chekhov, Anton Pavlovich, $d 1860-1904. 240 10 $a Chaĭka. $l Portuguese （第1個作品的翻譯版） 245 12 $a A gaivota ; $b O tio Vânia ; Três irmãs ; O Ginjal / $c Anton Tchékhov ; trad. Nina Guerra e Filipe Guerra. 700 12 $a Chekhov, Anton Pavlovich, $d 1860-1904. $t Di︠a︡di︠a︡ Vani︠a︡. $l Portuguese. （第2個作品的翻譯版） 700 12 $a Chekhov, Anton Pavlovich, $d 1860-1904. $t Tri sestry. $l Portuguese. （第3個作品的翻譯版） 700 12 $a Chekhov, Anton Pavlovich, $d 1860-1904. $t Vishnevyĭ sad. $l Portuguese. （第4個作品的翻譯版） 740 02 $a O tio Vânia 740 02 $a Três irmãs 740 02 $a O Ginjal",編目法
31594,2022-01-06,31594_A02,依據RDA規範，如何為翻譯作品合集著錄檢索點？,"依據RDA做著錄時：雖然書中的每個作品都是同一位作者的創作，但因為是不同作品的彙集，無法真正認定那一個作品為「主要作品」，因此，欄位240不會用來著錄任何一個作品的檢索點，而是會依作品內容形式與性質，為其著錄一個慣用的題名（conventional collective title），然後將所有作品的權威檢索點，著錄於欄位700（name/title），並以$i著錄關係標示語「Container of」，來表述圖書內含的作品關係： 100 1 $a Chekhov, Anton Pavlovich, $d 1860-1904, $e author. 240 10 $a Plays. $k Selections. $l Portuguese （240著錄慣用的題名，表述圖書作品內容形式與性質，此書選了Chekhov的4個戲劇作品，因此以「戲劇選集」來著錄與描述） 245 12 $a A gaivota ; $b O tio Vânia ; Três irmãs ; O Ginjal / $c Anton Tchékhov ; trad. Nina Guerra e Filipe Guerra. 700 12 $i Container of (expression): $a Chekhov, Anton Pavlovich, $d 1860-1904. $t Chaĭka. $l Portuguese. （第1個作品的翻譯版） 700 12 $i Container of (expression): $a Chekhov, Anton Pavlovich, $d 1860-1904. $t Di︠a︡di︠a︡ Vani︠a︡. $l Portuguese. （第2個作品的翻譯版） 700 12 $i Container of (expression): $a Chekhov, Anton Pavlovich, $d 1860-1904. $t Tri sestry. $l Portuguese. （第3個作品的翻譯版） 700 12 $i Container of (expression): $a Chekhov, Anton Pavlovich, $d 1860-1904. $t Vishnevyĭ sad. $l Portuguese. （第4個作品的翻譯版）",編目法
31594,2022-01-06,31594_A03,未進行作品權威控制時，如何為翻譯作品合集的葡萄牙文題名著錄檢索點？,如果沒有做作品權威控制，又想為每個作品的葡萄牙文題名做檢索，那麼就可用欄位740做著錄： 740 02 $a O tio Vânia 740 02 $a Três irmãs 740 02 $a O Ginjal （第1個作品的葡萄牙文題名「A gaivota」在欄位245中列於$a，已具檢索點之功能，所以可不必再加做740）,編目法
31595,2022-01-09,31595_A01,ISBD的定義及規範內容為何？,"《國際標準書目著錄》（International Standard Bibliographic Description, ISBD）為書目著錄標準，規範了圖書館書目的八大著錄項目（包括題名及著者敘述項、版本項、資料特殊細節項、出版項、稽核項、集叢項、附註項、標準號碼及其他必要記載項）之著錄原則及標點符號等，為各國及各類型資料編目規則制定時資料著錄的依循原則。",編目法
31595,2022-01-09,31595_A02,編目模式的定義及種類為何？,編目模式係指圖書館對於入藏圖書資料所採取的編目方式，包括原編或抄編、詳編或簡編、套編或單編、主件與附件一起編目或主件與附件分開編目…等編目方式。,編目政策與管理
31595,2022-01-09,31595_A03,RDA的定義及功能為何？,"《資源描述與檢索》（Resource Description and Access, RDA）則是用來取代AACR2、且架構在書目紀錄功能需求（Functional Requirements for Bibliographic Records, FRBR）及權威資料功能需求（Functional Requirements for Authority Data, FRAD）基礎下、供描述各種不同資料類型之資源的編目規則。RDA書目不僅與AACR2紀錄相容，並能兼容於MARC 21、XML及Dublin Core等多種標準資料描述格式，進而加強和改進書目描述和資源之間的相互關係。",編目法
31595,2022-01-09,31595_A04,機讀格式的定義及國際標準為何？,"機讀格式為機讀編目格式（Machine-Readable Cataloging Format, MARC）的簡稱，係指電腦可以閱讀及處理編目紀錄的格式，各國機讀編目格式（如USMARC、UNIMARC、UKMARC、CMARC或MARC 21…等）皆需符合「國際標準組織第2709號標準（ISO 2709）—書目資訊磁帶交換格式（Documentation Format for Information Interchange on Magnetic Tape）」。",機讀編目格式
31595,2022-01-09,31595_A05,ISBD、編目模式、RDA、機讀格式在圖書館編目中的作用為何？,ISBD為書目著錄標準、RDA為編目規則，二者均屬編目規範；而編目模式係實務上圖書館資料之編目方式與政策；機讀格式則為資料鍵入電腦的格式。以上四者之目的與功用各不相同，圖書館編目作業兼顧以上四者（包括：參考相關標準與規則、決定編目方式、以機讀格式建檔），方能發揮相輔相成之效，進而提升編目品質。,機讀編目格式
31596,2022-01-13,31596_A01,西文圖書在008字段中如何標註不同版本的出版年份？,"008/06-14 = t, 2019, 2007 245 00 $a Looking into later life : $b ... 264 1 $a ... : $b Routledge, $c 2019. 264 4 $c ©2007",作者號及輔助區分號
31596,2022-01-13,31596_A02,西文圖書如何著錄不同版本的出版資訊？,"書目著錄可如下：008/06-14 = t, 2019, 2007 245 00 $a Looking into later life : $b ... 264 1 $a ... : $b Routledge, $c 2019. 264 4 $c ©2007",編目法
31596,2022-01-13,31596_A03,西文圖書版本資訊附註應如何著錄？,500 \ $a First published 2007 by Karnac Books Ltd.,編目法
31596,2022-01-13,31596_A04,西文圖書008字段如何標註版本資訊？,"008/06-14 = r, 2019, 2007",作者號及輔助區分號
31598,2022-01-16,31598_A01,《細味：食物的往事追憶》的主題詞有哪些？,Na，您好： 所提有關《細味：食物的往事追憶》一書，經查有關該書之內容簡介，為著者自兒時至中年之食物介紹，並以文字方式回憶著者前半生之生活點滴，包括各時間皆有一道喚起回憶的菜餚，藉食物為題抒發情感，在仔細品味食物之間，描述她五味雜陳的人生。（資料來源：https://www.books.com.tw/products/CN10154535 及 https://www.newton.com.tw/wiki/%E7%B4%B0%E5%91%B3%EF%BC%9A%E9%A3%9F%E7%8...） 主題詞除了「飲食」之外，可加上「文集」，因「往事追憶」並無特定範圍，可以是與任何人、事、時、地、物及主題有關，然而本書內容仍以飲食文化為主，範圍圍繞在飲食與菜餚間，並以文字描述方式，細數著者之人生經歷與生活點滴，故可增加主題詞「文集」，讓讀者透過「文集」的主題詞，也可查得本書。國家圖書館 館藏發展及書目管理組 敬覆,主題法
31598,2022-01-16,31598_A02,《細味：食物的往事追憶》為何可增加「文集」作為主題詞？,因「往事追憶」並無特定範圍，可以是與任何人、事、時、地、物及主題有關，然而本書內容仍以飲食文化為主，範圍圍繞在飲食與菜餚間，並以文字描述方式，細數著者之人生經歷與生活點滴，故可增加主題詞「文集」，讓讀者透過「文集」的主題詞，也可查得本書。,主題法
31599,2022-01-17,31599_A01,紀錄片的定義為何？,「紀錄片」是指『描寫、記錄或者研究現實世界題材的電影。與紀錄片相對的為劇情片。在大多數情況下，紀錄片不需要演員參與。在紀錄比中表現的人、地點、情況與現實、實際情況一致。』（資料來源：https://zh.wikipedia.org/wiki/%E7%B4%80%E9%8C%84%E7%89%87）,權威控制
31599,2022-01-17,31599_A02,知識型影片的定義為何？,「知識型影片」為與各學科領域之知識有關的影片，其目的通常為提供學習，觀看者透過該影片內容的影音觀看聆聽，可以學習到影片中所介紹之學科知識，以便增長學習者對於此學科主題範疇內之相關知識。,其他
31599,2022-01-17,31599_A03,紀錄片是否歸入類號987.81？,本館有關紀錄片之分類，不論是否具有主題性，皆歸入類號「987.81」，便於將各紀錄片匯聚一處、提供參考與使用。,其他
31599,2022-01-17,31599_A04,知識型影片如何選擇分類號？,本館有關知識型影片之分類，係依其內容之學科主題進行分類，歸入各學科所屬之主題。,其他
31599,2022-01-17,31599_A05,《中文圖書分類法》中紀錄片的類號為何？,《中文圖書分類法》（2007年版）訂定「987.81 紀錄片」，目的在於將各「紀錄片」聚集一處，方便同為紀錄片之各個電影片的查找與使用。,編目法
31599,2022-01-17,31599_A06,哪些紀錄片歸入類號987.81？,不論紀錄片是否具有主題性，皆歸入類號「987.81」。例如：《塑料王國》等。,權威控制
31600,2022-01-17,31600_A01,機關團體著者取碼時，若簡稱為兩個字應如何取四角號碼?,機關團體如有習用簡稱依簡稱取碼。兩個字的簡稱，每字各取2碼,作者號及輔助區分號
31600,2022-01-17,31600_A02,機關團體著者取碼時，若簡稱為三個字應如何取四角號碼?,機關團體如有習用簡稱依簡稱取碼。三個字的簡稱，首字取2碼，其餘兩字每字各取1碼,作者號及輔助區分號
31600,2022-01-17,31600_A03,機關團體著者取碼時，若簡稱為四個字以上應如何取四角號碼?,四個字以上的簡稱，依前四字取碼每字各取1碼,作者號及輔助區分號
31600,2022-01-17,31600_A04,機關團體著、全稱包含特定字樣時，取碼時應如何處理?,全稱起始部分如有『中華民國』『臺閩地區』『臺灣地區』『臺灣省』『財團法人』『社團法人』『有限責任』等字樣，取碼時則不計入，從其後的前四字取碼,權威控制
31600,2022-01-17,31600_A05,『中央流行疫情指揮中心』取四角號碼時因無習用簡稱，應如何取碼?,依全稱前四字取碼，全稱起始部分如有『中華民國』等字樣不計入，從其後的前四字取碼,權威控制
31600,2022-01-17,31600_A06,『中央流行疫情指揮中心』的四角號碼為何?,『中央流行疫情指揮中心』由於目前似無習用之簡稱，故依全稱前四字取碼，其四角號碼取自前四字每字左上角之號碼，取碼結果為『5532』,其他
31601,2022-01-19,31601_A01,《Virtual worlds and metaverse platforms : new communication and identity paradigms》的中文類號為何？,《Virtual worlds and metaverse platforms : new communication and identity paradigms》之類號為「QA76.9.H85」（指Human-computer interaction）。,權威控制
31601,2022-01-19,31601_A02,《(In)visible : learning to act in the metaverse》的中文類號為何？,《(In)visible : learning to act in the metaverse》之類號為「HM851」（指Information technology. Information society）。,其他
31601,2022-01-19,31601_A03,《The entrepreneur's guide to Second life : making money in the metaverse》的中文類號為何？,"《The entrepreneur's guide to Second life : making money in the metaverse》之類號為「GV1469.25.S425」 （指Electronic games—Individual games, A-Z—Second Life）。",作者號及輔助區分號
31601,2022-01-19,31601_A04,《元宇宙》一書在中文圖書分類法中建議使用何類號？,《元宇宙》一書目前在網路上可查得之目次與內容等介紹資訊，仍以類號「312.8 特殊電腦方法；多媒體」為宜，該類號的意涵即含括人工智慧、機器學習、知識庫系統、自然語言處理、電腦視覺、電腦模式處理…等。,其他
31601,2022-01-19,31601_A05,《元宇宙》一書為何不適用中文圖書分類法490.29或563.146類號？,《元宇宙》一書的內容不僅僅只談區塊鏈或虛擬貨幣，故而不適合給予該書「490.29」或「563.146」的類號。,其他
31601,2022-01-19,31601_A06,《元宇宙》一書可輔以哪些中文主題詞？,《元宇宙》一書可輔以中文主題詞「人工智慧」、「虛擬實境」、「機器學習」、「電腦視覺」等，以便透過主題詞，展現該書之確切內容主題。,主題法
31601,2022-01-19,31601_A07,美國國會圖書館是否將「Metaverse」納為正式標題或指定單一類號？,至目前為止，美國國會圖書館標題表及分類法，皆尚未將「Metaverse」一詞納為正式標題或指定單一類號。,其他
31602,2022-01-19,31602_A01,總傳的定義為何？,總傳係指二人以上合傳之傳記。,權威控制
31602,2022-01-19,31602_A02,分傳的定義為何？,分傳為一人之傳記。,作者號及輔助區分號
31602,2022-01-19,31602_A03,別傳的定義為何？,別傳是指於紀傳體之外書寫的傳記。,其他
31602,2022-01-19,31602_A04,類傳的定義為何？,類傳則是把同類人物寫入同一傳記中。,權威控制
31602,2022-01-19,31602_A05,各類總傳的分類方式為何？,各類總傳（包括各業總傳）採分散方式分入各類。,其他
31602,2022-01-19,31602_A06,各類別傳的分類方式為何？,各類別傳採集中方式集中於傳記類。,編目法
31602,2022-01-19,31602_A07,哪些類別的別傳仍採分散方式分入各類？,哲學、宗教、美術、音樂、戲劇等類，以及古代帝王之別傳，仍採分散方式分入各類或各斷代史。,其他
31602,2022-01-19,31602_A08,《台灣的驕傲 : 12個把台灣推向世界的精采人物》的分類屬性為何？,該書屬普通總傳，類號為《中文圖書分類法》（2007年版）之「783.31 普通總傳」。,其他
31602,2022-01-19,31602_A09,《新台灣之光100 : 99個台灣人站上世界舞臺的奮鬥故事》的分類屬性為何？,該書屬特殊總傳（即類傳），類號為《中文圖書分類法》（2007年版）之「783.32 特殊總傳」。,其他
31604,2022-01-19,31604_A01,MARC 21欄位041指標1的代碼0與1分別代表什麼含義？,代碼0指的是「內容不是譯文，或不包含譯文」（Item not a translation / does not include a translation），代碼1則是指「內容是譯文，或包含譯文」（Item is or includes a translation）。,機讀編目格式
31604,2022-01-19,31604_A02,中國文學作品中英對照應如何選擇MARC 21欄位041指標1的代碼？,雖然是「中英對照」，但本質上包含「中文原文」及「英文譯文」，因此應選用代碼1（包含譯文）。,機讀編目格式
31604,2022-01-19,31604_A03,RDA規範下中英對照書籍的欄位730應如何著錄原文語文版本？,第1個730用以著錄原文（中文）的檢索點，由於原文表現形式被視為「代表性表現形式」，其權威檢索點形式結構原則上會與「作品」相同，可不必以分欄$l著錄原文語文「Chinese」。,編目法
31604,2022-01-19,31604_A04,RDA規範下中英對照書籍的欄位730應如何著錄譯文語文版本？,第2個欄位730須以分欄$l著錄翻譯語文「English」，用以著錄書中包含的英譯譯文的檢索點。,編目法
31604,2022-01-19,31604_A05,中英對照書籍在WEMI實體關係中如何處理不同語文版本？,不同語文版本在WEMI實體關係中被視為expression層次的實體，因此需用兩個欄位730分別著錄兩個語文版本的權威檢索點。,機讀編目格式
31610,2022-01-25,31610_A01,杜威分類法中索書號標記[E]的用途為何？,標記[E]用於「Easy fiction」資料，即3年級或8歲年齡以下適讀的小說或故事書。,作者號及輔助區分號
31610,2022-01-25,31610_A02,杜威分類法中索書號標記[E]是否適用於非小說類資料？,非小說類資料（nonfiction material）通常不會以標記[E]給號，但字母書、算數書除外。,其他
31610,2022-01-25,31610_A03,杜威分類法中使用標記[E]的索書號結構為何？,索書號結構為「英文標記 + 克特號」，例如「E S799」。,作者號及輔助區分號
31610,2022-01-25,31610_A04,杜威分類法中如何區分同一作者的不同作品？,在克特號後面加上作品標記（work marks），通常取自題名的首字字母，例如「E S799mu」與「E S799si」。,作者號及輔助區分號
31611,2022-02-04,31611_A01,《釋名疏證補》中王先謙的「補」是否適用「補充文本作者」關係標示詞？,《釋名疏證補》一書的王先謙「補」之資源與個人間的職責關係，於著者檢索款目$e關係標示（relator term）的著錄上，不太適合使用「補充文本作者」（writer of supplementary textual content），係因該關係標示詞之解釋為『提供原著文字內容補充說明的個人、家族或團體 （例如簡介、前言）』。,編目法
31611,2022-02-04,31611_A02,古文書或善本書於RDA編目時，若找不到適用之關係標示詞應如何處理？,有關古文書或善本書於RDA編目時，通常不太容易於「RDA附錄I關係標示：與資源相關之Agents與作品、表現形式、具體呈現、或單件之間的關係」中找到適用之關係標示詞，若的確找不到適用之關係標示詞，可以不著錄$e關係標示。,編目法
31611,2022-02-04,31611_A03,《釋名疏證補》一書的輔助著者應著錄於哪個欄位？,"《釋名疏證補》一書之著者敘述包括「劉熙撰 ; 畢沅疏證 ; 王先謙補 ; 祝敏徹, 孫玉文點校」，當以MARC 21格式進行編目時，欄位100主要款目，仍以主要著者「劉熙」著錄之，其餘包括畢沅、王先謙、祝敏徹、孫玉文等輔助著者，則以著錄於欄位700附加款目為宜。",機讀編目格式
31611,2022-02-04,31611_A04,RDA附錄I關係標示詞如何應用於MARC 21欄位1XX及7XX？,「RDA附錄I關係標示：與資源相關之Agents與作品、表現形式、具體呈現、或單件之間的關係」所列各關係標示雖然有區分為不同層次，但是於編目時，無論是最上層或次層的關係標示詞，皆需視與資源相關之Agents與作品、表現形式、具體呈現、或單件之間的關係來決定欄位1XX及7XX之$e或$j應著錄之關係標示詞。,編目法
31611,2022-02-04,31611_A05,MARC 21欄位1XX與7XX的$e或$j如何區分主要與輔助著者？,MARC 21欄位1XX乃著錄主要款目，因此屬於輔助著者之關係標示詞（例如：編輯（editor）），不會出現於欄位1XX之$e或$j，但是屬於主要著者之關係標示詞（例如：文字作者（author））除了會出現於欄位1XX之$e或$j之外，如遇一書由2個以上著者合撰，則第1個著者著錄於欄位1XX，第2個以後之著者則著錄於欄位7XX，其欄位1XX及7XX之$e或$j皆為文字作者（author）。,機讀編目格式
31613,2022-02-11,31613_A01,同作者同譯者相同目錄內容但書名不同如何區分索書號,同作者、同譯者、同樣的目錄與內容之出版品，因正題名已不同，屬於重大變更，會視為另一出版品而另建書目。索書號區別於分類號與著者號下加上該版之出版年。,作者號及輔助區分號
31613,2022-02-11,31613_A02,題名不同但內容相同是否需要另建書目紀錄,當題名不同、或相同作品但版本或版次不同時，會分別建立書目紀錄。編目人員通常無法逐字核對內容，故即使內容相同也會另建書目紀錄。,編目法
31613,2022-02-11,31613_A03,相同作品同一版本但刷次不同如何處理,相同作品且同一版本或版次，但版權頁刷次不同時，視為正複本，不需另建書目，可在書目紀錄附註項敘明刷次差異。,編目法
31613,2022-02-11,31613_A04,ISBN不同的可能原因,可能因出版社申請ISBN時填報的預定出版年與實際出版年有落差，或因題名變更後重新申請ISBN。,其他
31613,2022-02-11,31613_A05,如何判斷是否為同一版本或版次,編目人員需確認內容是否相同，版面重新編排、圖表調整屬不同版本，文字修訂則需錙銖必較，但通常因時間限制會視為不同版本。,編目政策與管理
31614,2022-02-16,31614_A01,220.9 各國佛學的定義為何？,《中文圖書分類法》（2007年版）之「220.9 各國佛學」係屬於「220 佛教總論」之下，指各國有關佛教（包括理論、方法、教理、教義、儀式、教育、研究、比較、批評、發展或歷史…等）之全面且概括的論述。,其他
31614,2022-02-16,31614_A02,228 佛教史地的定義為何？,「228 佛教史地」為分類表中無小數點的類號，在類表的層屬結構上高於「220.9 各國佛學」，且與「220 佛教總論」、「230 經及其釋」…「227 寺院」平行同屬於同一層級，僅限於有關佛教的歷史與地理方面。,其他
31614,2022-02-16,31614_A03,220.9 與 228 的層級關係為何？,「228 佛教史地」在類表的層屬結構上高於「220.9 各國佛學」，且與「220 佛教總論」、「221 經及其釋」、「222 論及其釋」…「227 寺院」平行同屬於同一層級。,編目法
31614,2022-02-16,31614_A04,《中國佛學思想概論》的類號為何？,《中國佛學思想概論》一書之類號入「220.92 中國佛學」。,分類法
31614,2022-02-16,31614_A05,《圖說中國佛教史》的類號為何？,《圖說中國佛教史》一書之類號入「228.2 中國佛教史」。,主題法
31615,2022-02-17,31615_A01,《盧恩符文初學指南》（ISBN 9789865572570）的正確中文圖書分類號為何？,《盧恩符文初學指南》（ISBN 9789865572570）一書之「出版品預行編目（CIP）資料」中之分類號問題，經查該出版品採用《中文圖書分類法》（2007年版）之分類號應為「295.5」，原分類號「292.95」為誤植，現已將該出版品線上CIP資料之分類號更正。,其他
31618,2022-02-25,31618_A01,公共圖書館與研究型圖書館分別採用哪種西文圖書分類法？,公共圖書館多採用杜威分類法，研究型圖書館則多採用國會圖書館分類法來為西文圖書進行分類。,其他
31618,2022-02-25,31618_A02,杜威分類法與國會圖書館分類法的類號結構有何不同？,杜威分類法的類號組成以十進數字為主，國會圖書館分類號的前2~3位為大寫英文字母，因此類號結構有明顯差異。,其他
31618,2022-02-25,31618_A03,西文圖書索書號中作者號的取號方式為何？,西文圖書的索書號中都會以克特號進行作者號的取號，克特號的第一位為大寫英文字母。,作者號及輔助區分號
31618,2022-02-25,31618_A04,杜威分類法的最新版摘要簡表來源為何？,杜威分類法目前由美國國際圖書館電腦中心（OCLC）管理維護，最新版（23版）摘要簡表可透過OCLC取得。,其他
31618,2022-02-25,31618_A05,國會圖書館分類法的完整詳表來源為何？,國會圖書館分類表在美國國會圖書館網站有完整詳表免費公開取用（https://www.loc.gov/aba/publications/FreeLCC/freelcc.html）。,其他
31618,2022-02-25,31618_A06,西文圖書分類管理中特藏號的用途為何？,特藏號用於突顯區分特定館藏類型，例如書名：Collaborations in architecture and engineering 會標註EB（英文書特藏代碼），但特藏號通常各館會依需求制訂不同代號系統。,作者號及輔助區分號
31618,2022-02-25,31618_A07,西文圖書索書號的組成結構為何？,索書號結構包含杜威分類號（如720）、作者克特號（如O522）、年代號（如2022），例如：720 O522 2022。,作者號及輔助區分號
31619,2022-02-25,31619_A01,AACR2規範中，著作職責敘述的主要著錄來源為何？,AACR2規範中，為紙本圖書著錄題名及著作職責敘述項資料時，主要著錄來源為書名頁，非取自主要著錄來源的資料則標示方括號。,編目法
31619,2022-02-25,31619_A02,RDA規範中，著作職責敘述的優先著錄來源為何？,RDA規範中，著作職責敘述優先著錄與正題名出現在相同來源上的資料，如正題名取自書名頁，則優先著錄同樣出現在書名頁的職責敘述。,編目法
31619,2022-02-25,31619_A03,RDA規範中，著作職責敘述若取自資源本身外的來源，應如何標示？,RDA規範中，若著作職責敘述取自資源本身外的來源（如與圖書未裝訂在一起的附件、盛裝容器、其他外部參考來源等），則標示方括號，或在附註中說明著錄來源。,編目法
31619,2022-02-25,31619_A04,AACR2規範中，非主要著錄來源的著作職責敘述應如何標示？,"AACR2規範中，非主要著錄來源的著作職責敘述資料應標示方括號，例如：[writer, Altair Peterson ; illustrator, Chris Pearce]。",編目法
31619,2022-02-25,31619_A05,RDA規範中，著作職責敘述取自資源本身的資料是否需要標示方括號？,RDA規範中，著作職責敘述若取自資源本身的資料，則不必標示方括號。,編目法
31620,2022-02-25,31620_A01,西文編目中ISBN的限定語資訊是否為強制必須著錄？,在西文編目實務中，無論依據AACR2或RDA規範，欄位020分欄$q的限定語資訊都不是強制必須著錄的。是否著錄取決於編目員對資源識別重要性的判斷。,編目法
31620,2022-02-25,31620_A02,西文編目中ISBN需加註限定語資訊的4種情況為何？,"1. 編圖書為不斷更新的活頁資料時，需著錄「loose-leaf」。
2. 編圖書使用耐久紙印刷時。
3. 編圖書的裝訂形式被認為具重要性。
4. 編圖書為多部冊圖書，需標示哪個ISBN屬於整套書標準號碼，哪個屬於個別單冊標準號碼。",其他
31620,2022-02-25,31620_A03,「軟精裝」圖書的英文裝訂用語為何？,「軟精裝」圖書的裝訂用語目前無專用英文詞，但根據圖書裝幀定義，應屬「softcover」或「paperback」。Amazon及OCLC均有使用「paperback」的案例。,其他
31620,2022-02-25,31620_A04,西文編目中裝訂資訊未明確提供時應如何處理？,若版權頁未明確提供裝訂資訊，編目員應依國會圖書館原則，判斷裝訂資訊是否具重要性，若認為重要則可著錄「softcover」或「paperback」。,編目法
31621,2022-02-25,31621_A01,日文姓名片假名作為英文姓名翻譯時，主要款目檢索標目的處理方式為何？,日文姓名片假名若為英文姓名之日文翻譯，則主要款目仍以著者原文姓氏之中譯作為檢索標目。,權威控制
31621,2022-02-25,31621_A02,MARC 21格式中，書名頁著者姓名的著錄方式為何？,圖書資料之書名頁的著者姓名包括原文及日文，於著錄題名及著者敘述項時，一律照錄。,編目法
31621,2022-02-25,31621_A03,MARC 21欄位245的著者姓名著錄規則為何？,題名及著者敘述項（MARC 21欄位245）應視首選著錄來源（例如：書名頁）上出現資訊的順序，並依其順序照錄。,編目法
31621,2022-02-25,31621_A04,MARC 21欄位100及700的著者姓名著錄順序為何？,若是著錄為檢索款目（MARC 21欄位100及700），則以姓在前、名在後的順序著錄。,編目法
31621,2022-02-25,31621_A05,書上同時有片假名拼音及原名時，MARC 21格式的著錄範例為何？,"範例一：100 1# $a 艾里斯 $c（Ellis, Charles D.） 245 10 $a …… / $c チャールズ・D・エリス（Charles D. Ellis）著 500 ## $a エリス中譯為艾里斯 700 1# $a Ellis, Charles D.",機讀編目格式
31621,2022-02-25,31621_A06,書上僅有原名時，MARC 21格式的著錄範例為何？,"範例二：100 1# $a 艾里斯 $c（Ellis, Charles D.） 245 10 $a …… / $c Charles D. Ellis著 700 1# $a Ellis, Charles D.",機讀編目格式
31621,2022-02-25,31621_A07,書上僅有片假名拼音時，MARC 21格式的著錄範例為何？,"範例三：245 10 $a …… / $c チャールズ・D・エリス著 100 1# $a エリス, チャールズ D.",機讀編目格式
31621,2022-02-25,31621_A08,Robert F. Rhodes之日文片假名為ロバート F. ローズ時，著錄於題名及著者敘述項的處理方式為何？,仍需視首選著錄來源（例如：書名頁）上出現資訊的順序，並依其順序照錄。,編目法
31622,2022-02-25,31622_A01,中文圖書分類法簡表未列出詳表中的類號884是何原因？,因排版時有所闕漏，詳表類號885為『歐洲其他各國文學』，可參考pdf檔第646頁。,其他
31622,2022-02-25,31622_A02,《中文圖書分類法》（2007年版）類表編pdf檔的下載網址為何？,https://catweb.ncl.edu.tw/standard/page/30280,其他
31622,2022-02-25,31622_A03,國家圖書館是否提供《中文圖書分類法》（2007年版）的excel檔全文？,本館僅提供pdf檔及電子書，不提供excel檔全文。,其他
31625,2022-03-03,31625_A01,編目資源含多種語文時，欄位041的著錄順序規則為何？,當編目資源含多種語文，且欄位041有重複分欄但語文代碼不同時，以主要語文列在前面，若無主要語文，則依語文代碼之字母序著錄之。,編目法
31625,2022-03-03,31625_A02,編目資源含多種語文時，欄位041的分欄$a、$b、$d分別代表什麼語文？,分欄$a為正文語文、分欄$b為摘要語文、分欄$d為歌曲語文。,機讀編目格式
31625,2022-03-03,31625_A03,在MARC 21編目中，哪些情況需要著錄欄位041？,1. 內容含多種語文；2. 內容為或含譯文；3. 摘要語文與正文不同；4. 目次語文與正文不同。,機讀編目格式
31625,2022-03-03,31625_A04,欄位041的語文代碼與欄位008/35-37的語文代碼之間的關係為何？,當符合需著錄欄位041之情形時，欄位041第1個分欄（不一定是分欄$a）之語文代碼須與欄位008/35-37之語文代碼相同。,編目法
31625,2022-03-03,31625_A05,編目資源含多種語文且有主要語文時，欄位041的著錄順序為何？,主要語文列在前面，例如：008/35-37 rus 041 0# $a rus $a eng（內容含多種語文，主要語文為俄文）。,編目法
31625,2022-03-03,31625_A06,編目資源含多種語文且無主要語文時，欄位041的著錄順序為何？,依語文代碼之字母序著錄，例如：008/35-37 eng 041 0# $a eng $a fre $a ger $a hun $a por $a rus（內容含多種語文，且無主要語文）。,編目法
31626,2022-03-03,31626_A01,筆名的姓氏屬於漢人姓氏時，MARC 21編目中tag 100、700的指標1應選擇何值？,Zenith，您好： 有關「古龍」、「柏楊」、「魯迅」等人之筆名，由於《百家姓》中列有「古」、「柏」、「魯」等這些姓氏，係屬漢人姓氏，MARC 21編目時，著錄欄位100或700的指標1之值應為「1」，即以姓或姓名著錄。,編目法
31627,2022-03-08,31627_A01,國家圖書館書目格式採用MARC21之說明及Q&A的公告資訊網址為何？,https://catweb.ncl.edu.tw/report/page/8615,機讀編目格式
31627,2022-03-08,31627_A02,國家圖書館書目資料正式以MARC 21著錄的實施日期為何？,100年12月6日（2011年12月6日）,編目法
31627,2022-03-08,31627_A03,國圖西文資料編目採用RDA計畫（初稿）的公告資訊網址為何？,https://catweb.ncl.edu.tw/report/page/8542,編目法
31627,2022-03-08,31627_A04,國內西文資料採用RDA之建議及邀請各館試做的公告資訊網址為何？,https://catweb.ncl.edu.tw/report/page/8537,其他
31627,2022-03-08,31627_A05,國家圖書館中文編目採用RDA的實施日期為何？,107年7月1日（2018年7月1日）,編目法
31628,2022-03-08,31628_A01,數學式邏輯思考的圖書分類號為何？,《為什麼用數字說話的人很有魅力：任何人都可以學會的數學式邏輯思考》一書之內容談到邏輯思考，主要係應用數學公式計算出之統計數字，作為資料的呈現與說明，進而得出較好的建議或觀點，有別於推理式的邏輯思考，類號入「176.4」。,其他
31628,2022-03-08,31628_A02,批判思考的圖書分類號為何？,《看穿假象、理智發聲，從問對問題開始：【全球長銷40年】美國大學邏輯思辨聖經》一書之重點為「批判思考」（critical thinking），係以假設與推論方式所進行之邏輯思考為主，即針對問題進行分辦議題、拆解邏輯、檢驗證據，以避免推理誤謬、價值衝突，並考量對立成因，主要為應用推理方式之邏輯思考，故類號為「159.4」。,其他
31629,2022-03-09,31629_A01,類號「884」在《中文圖書分類法》（2007年版）詳表中對應的名稱為何？,『歐洲其他各國文學』,其他
31629,2022-03-09,31629_A02,《中文圖書分類法》（20摘7年版）簡表中類號「884」的內容位於PDF檔第幾頁？,第646頁,其他
31629,2022-03-09,31629_A03,《中文圖書分類法》（2007年版）類表編PDF檔及電子書的下載網址為何？,https://catweb.ncl.edu.tw/standard/page/30280,其他
31630,2022-03-09,31630_A01,《中國編目規則》2.0.2.1對於圖書主要著錄來源的規定為何？,《中國編目規則》2.0.2.1規定「圖書之主要著錄來源為書名頁，若無書名頁，則參考版權頁、封面、書背、卷端、簡略書名頁及逐頁書名等，以載有最完備之著錄資料者替代之，並將來源記於附註項，凡替代書名頁為主要著錄來者，視同書均頁」。,編目法
31630,2022-03-09,31630_A02,《Resource Description & Access》2.2.2.2對於資源主要著錄來源的規定為何？,《Resource Description & Access》2.2.2.2規定「若資源包括一或多頁、葉、單張或卡片…，以題名頁、題名單張、題名卡片為首選著錄來源」、「若資源無題名頁、題名單張、題名卡片時，依序以封面或封套、卷端、刊頭、版權頁為首選著錄來源」。,編目法
31630,2022-03-09,31630_A03,《影之島》（ISBN 9789860777307）於MARC 21欄位245分欄$c的著錄方式為何？,國家圖書館指出，若《影之島》（ISBN 9789860777307）具有書名頁及版權頁，且書名頁及版權頁出現之資訊如臺端所提供，則圖書館無論採用《中國編目規則》或《Resource Description & Access》進行編目，皆以書名頁所載著錄之，因此MARC 21欄位245分欄$c應著錄為「Davide Calì著 ; Claudia Palmarucci繪 ; 穆卓芸譯」。,編目法
31631,2022-03-09,31631_A01,美國國會圖書館分類法中，文學作者專號如何取號？,會先使用第1克特號為該位文學作者取一專號，通常會依作者的姓氏來取號，至於是從第1個英文字母取號，還是從第2個英文字母取號，必須完全依照LCC本表的指示而定。,作者號及輔助區分號
31631,2022-03-09,31631_A02,美國國會圖書館分類法中，文學作品全集的取號方式有哪些？,1. 不取第2克特號，直接加該全集出版之年代號，如：PS3511.I9 1990，即代表於1990年出版的F. Scott Fitzgerald作品全集。2. 第2克特號依作品全集編輯者的姓名取號，但取出之克特號必須落於A11-A13之間。這個取號方法已於2005年停用，國會圖書館自2005年起，凡文學作者之作品全集，都依年代排列。,作者號及輔助區分號
31631,2022-03-09,31631_A03,美國國會圖書館分類法中，文學作品翻譯本的取號規則為何？,第2克特號依翻譯語言取號，且取出的克特號必須落於A199-A59之間。例如：PS3511.I9 A3 1996 代表F. Scott Fitzgerald作品全集或選集的法文譯本，PS3511.I9 A4 1996 代表德文譯本。,作者號及輔助區分號
31631,2022-03-09,31631_A04,美國國會圖書館分類法中，文學作品選集的取號規則為何？,第2克特號固定採用A6，並依出版年排列（By date）。例如：PS3511.I9 A6 1957 代表F. Scott Fitzgerald作品選集，1957年出版；PS3511.I9 A6 1960 代表1960年出版的選集。,作者號及輔助區分號
31631,2022-03-09,31631_A05,美國國會圖書館分類法中，文學作品個別作品的取號規則為何？,"第2克特號依題名取號（By title）。例如：PS3511.I9 B4 2009 代表小說作品""Beautiful and damned""，PS3511.I9 G7 1993 代表""Great Gatsby""，PS3511.I9 T35 2001 代表""Tales of the Jazz Age""。",作者號及輔助區分號
31631,2022-03-09,31631_A06,美國國會圖書館分類法中，文學作者傳記與評論的取號範圍為何？,第2克特號取號落於Z4581~Z999之間。自傳、回憶錄的第2克特號固定使用Z46，書信合集固定使用Z48，他人撰寫的傳記評論則依撰寫者姓名取號，且克特號應落於Z5~Z999之間。,作者號及輔助區分號
31631,2022-03-09,31631_A07,美國國會圖書館分類法中，莎士比亞與珍‧奧斯丁等經典作家的取號方式有何不同？,LCC會使用不同的複分表來進行複分，特別是像莎士比亞或珍‧奧斯丁這種創作量大且研究眾多的經典文學作家，其取號方式與一般文學作者不同。,其他
31631,2022-03-09,31631_A08,美國國會圖書館分類法中，文學作品複分表的適用範圍為何？,大部分文學作者的相關作品會依表P-PZ40進行複分，這不只限於美國文學之用，其他語言文學亦適用。,其他
31632,2022-03-14,31632_A01,同一作者同一作品不同版本的索書號如何區分,同一著者之同一作品、但是版本不同時，不會涉及另取著者號或作品號，而是加上該版圖書之出版年作為索書號的一部分。例如「三毛」所著《奔走在日光大道》初版索書號為「755.09 875」、二版為「755.09 875 110」（「755.09」為分類號、「875」為著者號，「110」為2021年出版年）,作者號及輔助區分號
31632,2022-03-14,31632_A02,三毛的著者號為何為875,國家圖書館權威控制以「陳平」（三毛本名）取著者時代號及採首尾五筆檢字法後，其著者號為「875」,權威控制
31632,2022-03-14,31632_A03,索書號中出版年如何表示,在二版或再版以後之版本，加上該版本之出版年於著者號之後，以與先前版本之索書號加以區別。例如2021年出版的版本會在著者號後加上「110」,作者號及輔助區分號
31632,2022-03-14,31632_A04,同一作者同一作品不同版本索書號的組成結構,索書號由分類號（如755.09）、著者號（如875）及出版年（如110）組成，不同版本僅在著者號後追加出版年以區分,作者號及輔助區分號
31633,2022-03-15,31633_A01,大尺寸圖書的中英文專有名詞為何？,比一般圖書外型大小還要大的圖書，通常稱為「大尺寸圖書」（oversized book）或「長本圖書」（oblong book）。,其他
31633,2022-03-15,31633_A02,袖珍書的中英文專有名詞為何？,相對於「大尺寸圖書」者為「袖珍書」（miniature book）或「袖珍版」（miniature edition）。,作者號及輔助區分號
31633,2022-03-15,31633_A03,長本圖書的中英文專有名詞為何？,「長本圖書」（oblong book）指圖書的高度超過寬度的兩倍（或是寬度不及高度的二分之一）。,機讀編目格式
31633,2022-03-15,31633_A04,橫本圖書的中英文專有名詞為何？,「橫本圖書」（oblong book）指圖書的寬度超過高度。,其他
31634,2022-03-17,31634_A01,正題名含全形逗號的圖書應如何著錄？,編目實務上，對於全形標點符號會改為半形標點符號著錄，因中文編目需配合西方拉丁語系的半形標點符號標準，以利跨系統交換與顯示。,編目法
31634,2022-03-17,31634_A02,圖書館自動化系統如何處理檢索時的標點符號？,多數圖書館自動化系統會將標點符號設定為剔除字（stop word），於索引及查詢時自動略過，讀者輸入含標點符號的查詢字串時亦會被系統自動略過。,其他
31634,2022-03-17,31634_A03,是否需要為含全形逗號的正題名另建書名檢索款目？,無需特別於MARC 21編目時於欄位246建立含全形標點符號的題名，因系統參數設定已能處理標點符號的跨系統交換、共享及顯示需求。,機讀編目格式
31635,2022-03-21,31635_A01,國家圖書館108年8月15日公告〈兒童文學相關分類表〉的制定原因為何？,為考量國內圖書館有關兒童及青少年圖書資料分類需求，解決多數圖書館兒童讀物集中於特定類號、以致部分類號館藏量過於龐大問題，並考量國家圖書館南部分館將設立「兒童服務區」、「青少年服務區」、「臺灣兒童及青少年文學史料中心」,其他
31635,2022-03-21,31635_A02,圖書館是否可選擇繼續使用《中文圖書分類法》（2007年版）或改用〈兒童文學相關分類表〉？,國內各圖書館於108年8月15日以後入館典藏之兒童文學相關圖書資料，可以繼續使用《中文圖書分類法》（2007年版）所訂，也可改用本館108年8月15日公布之〈兒童文學相關分類表〉，各圖書館需自行決定沿用現法或改用新表,其他
31635,2022-03-21,31635_A03,何時建議改用〈兒童文學相關分類表〉？,若圖書館所服務之圖書館館藏兒童文學作品種類繁多，為免同一類號（例如美國兒童文學類號「874.59」）之圖書資料過於龐雜，建議改用〈兒童文學相關分類表〉予以細分（即細分為類號「874.591~874.599」）,其他
31635,2022-03-21,31635_A04,何時不建議改用〈兒童文學相關分類表〉？,若非以兒童為主要服務對象之圖書館，其館藏兒童文學作品不是主要或核心館藏、或者館藏量不是太多，則仍舊維持採用《中文圖書分類法》（2007年版）所訂（例如美國兒童文學類號「874.59」）,其他
31635,2022-03-21,31635_A05,〈兒童文學相關分類表〉自何時起實施？書目記錄類號有何變化？,自108年8月15日起，國家圖書館兒童文學作品之分類已改用〈兒童文學相關分類表〉，國內各圖書館從NBINet抄錄有關兒童文學作品之書目，其來源若為本館108年8月15日以後新建書目，則類號為〈兒童文學相關分類表〉所訂類號,其他
31641,2022-03-24,31641_A01,《中國編目規則》中「圖」的定義為何？,「書籍之附有插圖者，以『圖』著錄之」，插圖種類須按像、地圖、設計圖、圖表、影鈔、譜系表、表格、樂譜等順序詳記，其他一般圖概以『圖』著錄。,編目法
31641,2022-03-24,31641_A02,《AACR2》如何界定「圖」？,「印刷專著之插圖著錄為『ill.』，僅包含單詞和/或數字的表格不是插圖，並忽略帶插圖的書名頁和小的插圖。',編目法
31641,2022-03-24,31641_A03,《RDA》中「illustration」的定義為何？,「由靜態圖像組成之說明性的內容」（An illustrative content that consists of a still image）。,編目法
31641,2022-03-24,31641_A04,「圖表」在《RDA》中的定義為何？,「以圖形資料或表格形式呈現的二維資料組成之一種數量範疇之單位，適用於靜態圖像。」（A unit of extent that consists of a two-dimensional representation of data in graphic or tabular form. This term applies to still images.）,編目法
31641,2022-03-24,31641_A05,「表格」在《RDA》中的定義為何？,"「一種用於記錄由特定人員為特定目的輸入的結構化資料之標記區塊的說明性內容，通常伴隨著提示和指引。」（An illustrative content that consists of labeled areas for recording structured data to be input by specified persons for specific purposes, usually accompanied by prompts and guidance.）",編目法
31641,2022-03-24,31641_A06,國家圖書館如何區分「圖表」與「表格」？,編目實務上，以具有統計資料的圖形、圖案或資料表視為「圖表」；空白格式以供人填寫或填答之表格視為「表格」。,其他
31642,2022-03-24,31642_A03,英文作者四角號碼是否需譯成中文？,西洋著者或機關團體勿需譯成中文，逕依西文原名取碼即可。,作者號及輔助區分號
31642,2022-03-24,31642_A04,圖書館如何處理英文作者無中譯姓氏的情況？,有些圖書館會改以著者敘述中第一個有中文姓名者（例如：譯者）或正題名取著者號，端視圖書館有關著者號取碼之政策或規定。,作者號及輔助區分號
31642,2022-03-24,31642_A05,國家圖書館對英文作者四角號碼的處理方式？,國家圖書館認為中譯出版品應視為中文圖書納入中文編目，部分圖書館之著者號取碼政策仍然傾向採行與其他中文圖書一樣，以中文名稱（例如：著者英文姓名之中譯姓氏、其他著者之中文姓名、或中文之正題名）來取著者號碼，而不是以英文名稱取著者號。,作者號及輔助區分號
31643,2022-03-25,31643_A01,《文學家的父親 : 王爾德、葉慈、喬伊斯與他們的父親》的原始分類號為何？,《文學家的父親 : 王爾德、葉慈、喬伊斯與他們的父親》（ISBN 9789571397061）一書的原始分類號為「784.192」，但經國家圖書館書號中心確認為誤植。,其他
31643,2022-03-25,31643_A02,《文學家的父親 : 王爾德、葉慈、喬伊斯與他們的父親》的正確分類號為何？,《文學家的父親 : 王爾德、葉慈、喬伊斯與他們的父親》（ISBN 9789571397061）一書的正確分類號已修正為「784.12」。,其他
31643,2022-03-25,31643_A03,如何聯繫國家圖書館書號中心CIP服務？,國家圖書館書號中心CIP服務專線為(02)23619132轉分機701至706，可逕洽處理相關分類號修正事宜。,其他
31644,2022-03-29,31644_A01,目前CIP書目資料建檔採用的格式為何？,本館現行CIP書目資料建檔格式係採CMARC格式,機讀編目格式
31644,2022-03-29,31644_A02,CIP書目資料可轉換為哪些格式？,資料輸出可依使用者需求轉為MARC 21及採購清單等格式,機讀編目格式
31644,2022-03-29,31644_A03,CIP書目資料與館藏編目作業的介接轉換是否順利進行？,CIP書目資料與本館館藏編目作業之介接轉換亦能順利進行,編目政策與管理
31645,2022-03-29,31645_A01,DDC杜威分類法中文學類的基礎類號範圍為何？,文學類被安排在類號 800-899，其分類結構首先依文學作品「原始創作語言」區分。,作者號及輔助區分號
31645,2022-03-29,31645_A02,DDC杜威分類法中文學類號895.1的適用範圍為何？,類號「895.1」為「Chinese literature」，以中文創作之文學作品均入此類號（無論作者國籍）。,其他
31645,2022-03-29,31645_A03,DDC杜威分類法文學類號如何進行體裁複分？,"在依文學作品創作語言擇定基礎類號後，需依據體裁形式（戲劇、小說、散文、詩詞等）做複分，使用的複分表為「Table 3 Subdivisions for the Arts, for Individual Literatures, for Specific Literature Forms」。",分類法
31645,2022-03-29,31645_A04,DDC杜威分類法文學體裁複分的結構為何？,體裁複分大致依下列結構：-1 Poetry（詩）、-2 Drama（戲劇）、-3 Fiction（小說）、-4 Essays（散文）、-5 Speeches（演說）、-6 Letters（書信）、-8 Miscellaneous writings（雜寫）。,其他
31645,2022-03-29,31645_A05,DDC杜威分類法文學類號如何進行時代複分？,在完成體裁形式複分後，可再依時代進行複分，主要語言文學的類號下會列出時代複分表（Period table）以供使用。,編目法
31645,2022-03-29,31645_A06,DDC杜威分類法中文文學時代複分的編碼規則為何？,"以類號「895.1」（Chinese literature）而言，時代複分表包含：1 Origins, 15th century to 221 B.C.、2 221 B.C.-618 A.D.、22 Period of Qin (Ch'in) and Han dynasties, 221 B.C.-220 A.D.、24 Period of Six dynasties and Sui dynasty, 220-618 A.D.、3 Period of Tang dynasty, Five dynasties, Ten kingdoms, 618-960、4 960-1912、42 Period of Song dynasty, 960-1279、44 Period of Yuan (Mongol) dynasty, 1271-1368、46 Period of Ming dynasty, 1368-1644、48 Period of Qing (Manchu) dynasty, 1644-1912、5 1912-2009、51 1912-1949、52 1949-2009、6 2010-。",編目法
31645,2022-03-29,31645_A07,DDC杜威分類法文學作品的複分表有哪些？,"Table 3有3個複分表：Table 3A. Subdivisions for Works by or about Individual Authors（單一作者）、Table 3B. Subdivisions for Works by or about More than One Author（多作者）、Table 3C. Notation to Be Added Where Instructed in Table 3B, 700.4, 791.4, 808-809。",作者號及輔助區分號
31645,2022-03-29,31645_A08,DDC杜威分類法文學作品的複分表Table 3A適用條件為何？,適用於「單一創作者」創作的作品，選用複分號「3」。,作者號及輔助區分號
31645,2022-03-29,31645_A09,DDC杜威分類法文學作品的複分表Table 3B適用條件為何？,適用於作品內容探討主題為明代小說，且為綜論，而非針對「單一創作者」作品，選用複分號「3」。,編目法
31645,2022-03-29,31645_A10,DDC杜威分類法文學作品的歷史評論複分規則為何？,當圖書內容為歷史、評論時，依據「Table 3B」中「－1-8 Specific forms」的說明，先加一個「0」，再加複分號「9」。,分類法
31645,2022-03-29,31645_A11,DDC杜威分類法文學類號取號時是否需進行複分？,有的圖書館會選擇以粗分方式來分類圖書，例如直接使用895.1而不再進行複分。,其他
31645,2022-03-29,31645_A12,DDC杜威分類法童書索書號的簡化標記方式為何？,有的圖書館會簡化索書號標記，直接以英文字母特藏代碼，加上作者姓名克特號，為童書建構索書號。,作者號及輔助區分號
31645,2022-03-29,31645_A13,DDC杜威分類法的維護管理機構為何？,DDC目前由OCLC（美國國際圖書館電腦中心）負責維護與管理，沒有免費公開的完整類表可供使用，必須訂閱才可查閱。,其他
31646,2022-04-01,31646_A01,多人合編之出版品在MARC 21編目時如何處理？,多人合編之出版品，於編目實務上不被認定其對作品的職責為創作者，而係屬於貢獻者，因此MARC 21編目時，均以欄位7XX（個人為欄位700、團體欄位710、會議為欄711）附加款目建立檢索點，而非以欄位1XX（個人為欄位100、團體欄位110、會議為欄111）主要款目建立檢索點。,編目法
31646,2022-04-01,31646_A02,著作方式為「編著」時如何處理？,若所含著述的成份較多，雖非完全原創或著、作，但於中文編目上仍會將其視為主要著者，其關係標示為「文字作者」（author）；若所含編輯的成份較多，則視為輔助著者，其關係標示為「編著者」（compiler）。,編目法
31646,2022-04-01,31646_A03,MARC 21欄位100或700之分欄$e關係標示有何限制？,"關係標示「編輯」（editor）屬於貢獻者或輔助著者，不會於同一欄位100或700同時使用「$e文字作者, $e編輯」。若著作方式為「編著」，編目實務上多數會選用關係標示「文字作者」，且不會另加關係標示「編輯」。",機讀編目格式
31646,2022-04-01,31646_A04,RDA附錄I中「資源」與「個人、家族、團體」之間關係標示的中譯用語有何更新？,「writer of supplementary textual」之中譯用詞為「補充文本作者」，「writer of supplementary textual」之中譯用詞為「評論者」，此係因應RDA對於此二個關係標示之說明文字有所修改，本館據此調整相關中譯用詞。,編目法
31646,2022-04-01,31646_A05,如何區分創作者與貢獻者？,編目實務上，並不會以排序在前的個人或團體或會議名稱視為創作者或主要款目，而是以個人或團體或會議對於作品之貢獻程度來決定其職責為創作者（主要著者）或貢獻者（輔助著者）。此外，編目員可透過著作方式來協助區別，著作方式為著、作、撰者為創作者；編、主編、執行編輯、總編輯、譯者為貢獻者。,作者號及輔助區分號
31647,2022-04-12,31647_A01,日本是否實施預行編目作業（CIP）？,根據IFLA於2004年8月發布的報告，日本國立國會圖書館並未實施CIP。,其他
31647,2022-04-12,31647_A02,韓國的預行編目作業（CIP）由哪個機構負責？,韓國的預行編目作業（CIP）由韓國國家圖書館（National Library of Korea）負責。,編目政策與管理
31647,2022-04-12,31647_A03,韓國CIP相關文獻中，2009年發表的論文作者為誰？,2009年由김선애 (Sun-Ae Kim)發表了關於韓國CIP的論文。,其他
31647,2022-04-12,31647_A04,韓國CIP相關文獻中，2009年論文的標題為何？,2009年論文的標題為〈국립중앙도서관의 출판시도서목록(CIP) 서지레코드의 평가*=Examining of the National Library of Korea Cataloging in Publication(CIP) Records〉。,其他
31647,2022-04-12,31647_A05,韓國CIP相關文獻的PDF連結為何？,https://www.koreascience.or.kr/article/JAKO200921752340841.pdf,其他
31647,2022-04-12,31647_A06,IFLA發布的CIP調查報告年份為何？,IFLA於2004年8月發布了CIP調查報告。,編目法
31647,2022-04-12,31647_A07,IFLA發布的CIP調查報告PDF連結為何？,http://archive.ifla.org/VII/s12/pubs/s12-Survey-National-CIP-Programs.pdf,其他
31648,2022-04-12,31648_A01,童謠的中文圖書分類號為何？,《中文圖書分類法》（2007年版）中，童謠入類號539.38，並註明「得入各國兒童文學」，中國童謠、童詩入859.8。,其他
31648,2022-04-12,31648_A02,童詩的中文圖書分類號為何？,《中文圖書分類法》（2007年版）中，童詩入類號859.8，並註明「童詩；童謠；謎語」，兒童歌謠入913.8。,其他
31648,2022-04-12,31648_A03,兒童歌曲的中文圖書分類號為何？,《中文圖書分類法》（2007年版）中，兒童歌曲入類號913.8，並註明「兒歌，童謠入此」，兒童藝術歌曲入913.21；歌詞入各國文學。,其他
31648,2022-04-12,31648_A04,具旋律的兒歌或童謠如何分類？,若以人聲唱出具旋律之兒歌或童謠，入類號913.8；然若為兒童藝術歌曲，則入類號913.21。,其他
31648,2022-04-12,31648_A05,無旋律的兒歌或童謠如何分類？,若不具旋律呈現而僅為兒歌或童謠之文字，則依圖書資料之內容主題判斷：屬文學領域入859.8，屬民俗面向入539.38。,其他
31649,2022-04-13,31649_A01,《Linnea in Monet's garden》的國會圖書館分類號為何？,《Linnea in Monet's garden》的國會圖書館分類號為ND553.M7。,其他
31649,2022-04-13,31649_A02,《Linnea in Monet's garden》的杜威分類號為何？,《Linnea in Monet's garden》的杜威分類號為759.4。,作者號及輔助區分號
31649,2022-04-13,31649_A03,《Paul Klee》的國會圖書館分類號為何？,《Paul Klee》的國會圖書館分類號為ND588.K5。,作者號及輔助區分號
31649,2022-04-13,31649_A04,《Paul Klee》的杜威分類號為何？,《Paul Klee》的杜威分類號為759.943 或 N6888.K55 或 759.9494。,作者號及輔助區分號
31649,2022-04-13,31649_A05,如何查詢英文書籍的分類號？,若在「全國圖書書目資訊網」查不到主題及分類號的參考資料，建議至OCLC WorldCat（http://www.worldcat.org/oclc/813165223）或OCLC Classify（http://classify.oclc.org/classify2/ClassifyDemo?owi=4494963800）查找相關資訊。,其他
31650,2022-04-14,31650_A01,字段490的$v分欄是否使用縮寫？,欄位490分欄$v會依據RDA 2.12.9規範做著錄，著錄數字部分以外的其他文字時，依RDA附錄B.4照錄來源上所呈現的文字，若來源為全寫形式則以全寫形式著錄，若為縮寫形式則以縮寫形式著錄，因此不會使用縮寫。,機讀編目格式
31650,2022-04-14,31650_A02,字段830的$v分欄是否使用縮寫？,欄位830分欄$v因作為權威檢索點，依RDA附錄B.5.5著錄相應的縮寫形式，例如「tome」可著錄為「t.」，「volume」（英文）可著錄為「v.」，因此會使用縮寫。,機讀編目格式
31650,2022-04-14,31650_A03,「tome III」在字段490與830的著錄方式有何不同？,字段490的$v分欄會照錄來源文字，因此「tome III」會完整著錄為「tome III」；字段830的$v分欄會使用縮寫，因此「tome III」會著錄為「t. 3」。,機讀編目格式
31650,2022-04-14,31650_A04,"「volume VIII, number 2」在字段490與830的著錄方式有何不同？","字段490的$v分欄會照錄來源文字，因此「volume VIII, number 2」會完整著錄為「volume VIII, number 2」；字段830的$v分欄會使用縮寫，因此「volume VIII, number 2」會著錄為「v. 8, no. 2」。",機讀編目格式
31651,2022-04-14,31651_A01,《吹過星星的風》依書名頁著錄時的MARC 21格式應如何編製？,245 00 $a 吹過星星的風 / $c 崔末順主編 ; 游芯歆譯 490 0# $a 韓國小說大家經典代表作. 戰前篇 490 0# $a Greet! ; $v 52,機讀編目格式
31651,2022-04-14,31651_A02,《吹過星星的風》依版權頁著錄時的MARC 21格式應如何編製？,245 00 $a 吹過星星的風 : $b 韓國小說大家經典代表作. $n 戰前篇 / $c 崔末順主編 ; 游芯歆譯 490 0# $a Greet! ; $v 52,機讀編目格式
31651,2022-04-14,31651_A03,《誰能說自己看見天空》依書名頁著錄時的MARC 21格式應如何編製？,245 00 $a 誰能說自己看見天空 / $c 崔末順主編 ; 游芯歆譯 490 0# $a 韓國小說大家經典代表作. 戰後篇 490 0# $a Greet!,機讀編目格式
31651,2022-04-14,31651_A04,《中國編目規則》與RDA對書名頁與版權頁資訊的處理差異為何？,《中國編目規則》規定無書名頁時參考版權頁著錄，《RDA》則規定以封面資訊著錄。,編目法
31651,2022-04-14,31651_A05,《吹過星星的風》與《誰能說自己看見天空》是否適用《中國編目規則》1.1.1.9條款？,此二書情形與《中國編目規則》1.1.1.9所述若一作品為另一作品之一部份或續編、補編之狀況不同，因此不適用該項規定。,其他
31651,2022-04-14,31651_A06,兩書編目著錄應優先參考的資訊來源為何？,此二書均有書名頁，故仍應以書名頁所載資訊作為主要著錄來源或首選來源進行編目著錄。,編目法
31652,2022-04-14,31652_A01,RDA中文編目中插圖的著錄方式依據哪一規則？,《中國編目規則》2.5.2.1之規定為「書籍之附有插圖者，以『圖』著錄之」、「插圖之種類須按下列順序詳記之：像、地圖、設計圖、圖表、影鈔、譜系表、表格、樂譜等。其他一般圖概以『圖』著錄之」。,編目法
31652,2022-04-14,31652_A02,MARC 21欄位300中「影鈔」與「書影」的著錄區別為何？,「影鈔」係指摹寫宋元之舊版、舊鈔而成的書，以現代而言屬少數；「書影」則指採用影印方式製以圖像以保存原書內容及樣貌。二者於MARC 21欄位300著錄時，分別以「影鈔」及「書影」著錄之。,編目法
31652,2022-04-14,31652_A03,RDA中文手冊初稿第444頁中插圖相關英文詞彙的中譯為何？,《RDA》所規範與插圖內容有關的英文詞彙包括illustration或illustrations、charts、coats of arms、facsimiles、forms、genealogical tables、graphs、illuminations、maps、music、photographs、plans、portraits、samples等，中譯為圖、圖表、盾徽、摹真複製品、表格、譜系表、圖解、彩飾、地圖、樂譜、照片、設計圖、肖像、樣品。,主題法
31652,2022-04-14,31652_A04,國圖於MARC 21欄位300插圖著錄時的順序與用詞為何？,國圖作法係基於著錄字詞用語的簡潔明確，仍以《中國編目規則》2.5.2.1所訂之著錄方式將其著錄為『像、地圖、設計圖、圖表、…』，並非著錄『肖像、地圖、設計圖、圖表、…』。,編目法
31652,2022-04-14,31652_A05,「書影」在RDA中文手冊初稿中對應的英文詞彙為何？,「書影」在《RDA中文手冊初稿》中對應的英文詞彙為「facsimiles」，該詞中譯有譯為摹真複製品、書影、影鈔等類似意義。,編目法
31653,2022-04-15,31653_A01,索書號中「820 045D:2」代表什麼意思？,「820」表示系所分類號（中國文學研究所），「045」代表學校代碼（銘傳大學），「D」代表博士班，「:2」用以區分「應用中國文學研究所」博士班與「應用中國文學研究所碩士在職專班」（後者為「820 045M」）。,機讀編目格式
31653,2022-04-15,31653_A02,索書號中「109-9」代表什麼意思？,「109」表示學年度（109學年度），「9」表示該學年度該系所取得學位之畢業論文序號，即為109學年度第9個取得學位的論文。,作者號及輔助區分號
31653,2022-04-15,31653_A03,「820 045D:2」的學校代碼表連結為何？,https://catweb.ncl.edu.tw/announcement/page/25502,其他
31653,2022-04-15,31653_A04,為何「應用中國文學研究所」博士班使用「820 045D:2」？,因「私立銘傳大學」學校系所代碼表中，系所分類號同為「820」者包含「應用中國文學研究所」與「應用中國文學研究所碩士在職專班」，後者已先使用「820 045M」，故「應用中國文學研究所」博士班採「820 045D:2」以茲區別。,機讀編目格式
31653,2022-04-15,31653_A05,索書號中作者時代號的判定準則為何？,若圖書館使用《中文圖書分類法》且採用首尾五筆檢字法，則作者時代號依照《中文圖書分類法》〈附表二 中國時代表〉，「清；近代」為1644至1911年、「民國；現代」為1912年起。作者若生於清末、卒於民國，則以卒年（民國）為時代號，除非特例（如鄭成功以明朝為時代號）。,作者號及輔助區分號
31654,2022-04-22,31654_A01,台语文图书在MARC 21编目时如何标注内容语言？,當全書正文以臺語或臺語文作為主要語言，採用MARC 21編目，若需要特別註明時，可在欄位546分欄$a著錄「內容為臺語」（或者「部分內容為臺語」）或「內容為臺語拼音」，而不會著錄「內容為臺文」或「內容為臺語文」（或者「部分內容為臺文」或「部分內容為臺語文」）。,機讀編目格式
31654,2022-04-22,31654_A02,圖書標示「臺文版」或「臺語版」應如何著錄？,若圖書資料的書名頁或封面或版權頁已標示「臺文版」、「臺語版」，則此類資訊不同於「初版」、「再版」、「第三版」、「修訂版」，並不著錄於欄位250，而是以欄位500一般註著錄之。,編目法
31654,2022-04-22,31654_A03,內容為臺語但非研究主題的圖書如何處理主題分類？,若圖書內容為臺語但與研究或探討「臺語」此一主題無關，則應刪除MARC 21欄位「650 $a臺語 $2 lcstt」。,其他
31654,2022-04-22,31654_A04,何時需要在欄位500著錄「臺文版」資訊？,當圖書正題名後已出現「臺文版」字樣，且需與同書名的其他版本（如中文版）區分時，應於欄位500分欄$a著錄「臺文版」。,編目法
31655,2022-04-22,31655_A01,同款不同尺寸照片如何處理？,同一款但不同尺寸之照片，主要需確定照片內的人、事、時、地、物、背景、佈局、色彩、影像、拍攝角度等完全一樣，如果僅是大小尺寸不同時，則視為同一作品，編目實務上，僅編製一筆書目紀錄。,編目政策與管理
31655,2022-04-22,31655_A02,照片尺寸著錄於哪個MARC欄位？,MARC 21欄位300稽核項以正本照片之高廣公分著錄，複本之尺寸大小則另以欄位500一般註說明。,機讀編目格式
31655,2022-04-22,31655_A03,複本照片的索書號如何標示？,複本會比正本在索書號最末多了「c.2」，例如：PI 733.4025 8445 c.2。,作者號及輔助區分號
31655,2022-04-22,31655_A04,照片編目時如何處理不同尺寸的複本？,通常圖書館係將最早進館之照片作為正本，其後進館不同尺寸但為同一作品之照片，視為複本來處理。,編目政策與管理
31655,2022-04-22,31655_A05,照片尺寸著錄範例為何？,300 $a 1張照片 : $b 彩色 ; $c 13 x 10公分 500 $a c.2為18 x 13公分,編目法
31658,2022-04-26,31658_A01,圖書版本中「版」字的定義為何？,「版」字指的是印刷用的模版。第一次出版稱為「第一版」或「初版」，之後若因印刷之內容有所修改而需重新製模付印，方做「第二版」或「再版」。,作者號及輔助區分號
31658,2022-04-26,31658_A02,工程計畫修改後是否屬於「再版」？,不符合圖書之「第二版」或「再版」情形。因整份計畫未經正式製模、印刷與出版，且新增部分資料非全部內容。,其他
31658,2022-04-26,31658_A03,編目園地是否提供公文標示用語諮詢服務？,不屬於本園地諮詢服務範圍。有關工程計畫書格式標示用語，建議洽詢主辦機關以符合其格式要求。,其他
31668,2022-05-12,31668_A01,《獅子與兔子大對決》的分類號為何？,《獅子與兔子大對決》（ISBN 9789866215377）一書分類號為「886.81599」，係指88（其他各國文學）+681（南非共和國複分號）+599（兒童繪本複分號）。,作者號及輔助區分號
31668,2022-05-12,31668_A02,《獅子與兔子大對決》分類號「886.81599」的構成解析,「886」為非洲各國文學，「886.81」代表南非共和國之文學，附加「800文學類」專用之〈各國文學複分表〉的「59 兒童文學」，形成「886.8159」，再進一步細分為「886.81599」代表南非共和國之兒童繪本。,編目法
31668,2022-05-12,31668_A03,為何部分圖書館給予《獅子與兔子大對決》分類號「886.8159」？,因部分圖書館尚未採用2019年8月15日訂定公布之〈兒童文學相關分類表修訂說明〉，故仍使用原「886.8159」作為南非共和國之兒童文學分類號。,其他
31668,2022-05-12,31668_A04,〈兒童文學相關分類表修訂說明〉的發布日期與連結為何？,〈兒童文學相關分類表修訂說明〉於2019年8月15日訂定公布，連結為https://catweb.ncl.edu.tw/sites/default/files/upload/standard/兒童文學相關分類表修訂說明（公告版）。pdf。,其他
31668,2022-05-12,31668_A05,「兒童文學複分表」中兒童繪本的分類號為何？,「兒童文學複分表」中兒童繪本的分類號為「599」，屬於原「59 兒童文學」進一步細分的項目。,其他
31668,2022-05-12,31668_A06,〈兒童文學複分表〉中「599 兒童繪本」包含哪些類型？,「599 兒童繪本」包含兒童圖畫書、橋樑書、圖像故事、圖文小說、圖文故事等類型。,其他
31668,2022-05-12,31668_A07,《中文圖書分類法》（2007年版）中南非共和國文學的分類號為何？,《中文圖書分類法》（2007年版）中南非共和國文學的分類號為「886.81」，屬於「88 其他各國文學」加上〈附表十 世界區域及分國表〉「681 南非共和國」。,其他
31669,2022-05-12,31669_A01,西班牙文圖書資料的編目規範是否與英文圖書相同？,若貴館沒有特別為其制定不同的編目政策，原則上可和英文圖書資料採用相同的編目規範。,編目政策與管理
31669,2022-05-12,31669_A02,西班牙文圖書資料是否屬於西文編目的作業範圍？,西班牙文圖書資料同屬西文編目的作業範圍。,其他
31669,2022-05-12,31669_A03,是否可透過WorldCat抄錄西班牙文圖書的書目資料？,可在WorldCat抄錄您搜尋所得的相關書目資料。,其他
31671,2022-05-15,31671_A01,lib. bdg.在西編RDA中的完整用語形式為何？,library binding,編目法
31671,2022-05-15,31671_A02,intl. tr. pbk.在西編RDA中的完整用語形式為何？,international trade paperback,編目法
31671,2022-05-15,31671_A03,西編RDA中欄位020的分欄$q如何著錄裝訂方式？,實務上亦可直接在欄位020的分欄$q著錄「paperback」,編目法
31672,2022-05-16,31672_A01,漫畫衍生畫冊集若不可單獨使用時應如何處理？,由一漫畫作品衍生而成的畫冊集，若不可單獨使用，而係屬該漫畫作品之附件，則不另外建立1筆書目紀錄，以附件著錄方式，於該漫畫作品之書目紀錄的稽核項或附註項中載明。,其他
31672,2022-05-16,31672_A02,漫畫衍生畫冊集可單獨使用時應如何處理？,若可單獨使用，而非該漫畫作品之附件，方可另外建立1筆書目紀錄，另建1筆書目紀錄才有分類號給號的考量。,作者號及輔助區分號
31672,2022-05-16,31672_A03,漫畫衍生畫冊集內容仍為漫畫時的類號為何？,若衍生而成的畫冊集內容仍為漫畫，依據《中文圖書分類法》（2007年版），其類號為「947.41」。,作者號及輔助區分號
31672,2022-05-16,31672_A04,漫畫衍生畫冊集內容非漫畫時應如何歸類？,若衍生而成的畫冊集之內容已非漫畫，則依主題或繪畫種類畫派等歸類。,其他
31672,2022-05-16,31672_A05,採詳編方式時漫畫衍生畫冊集應如何處理？,圖書館編目如果採詳編，則可在該漫畫作品及衍生作品之兩筆書目上建立書目關係，方便目錄使用者查得其中1筆資料時，透過該筆書目紀錄中的關係欄位，循線得知相關書目與獲取相關資料。,編目政策與管理
31673,2022-05-16,31673_A01,中日韓文標目關係標示應使用哪些職責詞語？,中日韓文標目則採用RDA附錄Ｉ英文職責詞語之中譯詞彙「RDA附錄I關係標示：與資源相關之 Agents 與作品、表現形式、具體呈現、或單件之間的關係」（https://catweb.ncl.edu.tw/sites/default/files/upload/standard/RDA%20%E9%99%84%E9%8C%84I%20%EF%BC%9A%E3%80%8C%E8%B3%87%E6%BA%90%E3%80%8D%E8%88%87%E3%80%8C%E5%80%8B%E4%BA%BA%E3%80%81%E5%AE%B6%E6%97%8F%E3%80%81%E5%9C%98%E9%AB%94%E3%80%8D%E4%B9%8B%E9%96%93%E9%97%9C%E4%BF%82%E6%A8%99%E7%A4%BA%2820170912%E6%9B%B4%E6%96%B0%29.pdf）。,編目法
31673,2022-05-16,31673_A02,中文人名標目應如何標示著作職責？,中文人名標目於中文姓名後應跟隨中文的著作職責。,權威控制
31673,2022-05-16,31673_A03,《擬人化角色設計手冊》ISBN 9789863777168的100欄位著者資訊為何？,"100 0 $a .suke, $e artist.",作者號及輔助區分號
31673,2022-05-16,31673_A04,《擬人化角色設計手冊》ISBN 9789863777168的700欄位著者資訊為何？,"700 0 $a Lyon, $e artists.",作者號及輔助區分號
31674,2022-05-16,31674_A01,外文標目應使用何種語言的職責詞語？,外文標目採用RDA附錄I所列英文之職責詞語。,編目法
31674,2022-05-16,31674_A02,中日韓文標目應使用何種語言的職責詞語？,中日韓文標目則採用RDA附錄I英文職責詞語之中譯詞彙。,編目法
31674,2022-05-16,31674_A03,RDA附錄I關係標示的英文職責詞語中譯詞彙可參考何處？,RDA附錄I關係標示：與資源相關之 Agents 與作品、表現形式、具體呈現、或單件之間的關係（https://catweb.ncl.edu.tw/sites/default/files/upload/standard/RDA%20%E9%99%84%E9%8C%84I%20%EF%BC%9A%E3%80%8C%E8%B3%87%E6%BA%90%E3%80%8D%E8%88%87%E3%80%8C%E5%80%8B%E4%BA%BA%E3%80%81%E5%AE%B6%E6%97%8F%E3%80%81%E5%9C%98%E9%AB%94%E3%80%8D%E4%B9%8B%E9%96%93%E9%97%9C%E4%BF%82%E6%A8%99%E7%A4%BA%2820170912%E6%9B%B4%E6%96%B0%29.pdf）。,編目法
31674,2022-05-16,31674_A04,《像素藝術背景畫法完全解析》書目著者欄位100資訊已修正為何種格式？,"100 0 $a APO+, $e author。",編目法
31675,2022-05-16,31675_A01,外文標目中，作者與作品關係標示應使用何種語言？,外文標目採用RDA附錄I所列英文之職責詞語。,編目法
31675,2022-05-16,31675_A02,中日韓文標目中，作者與作品關係標示應使用何種語言？,中日韓文標目則採用RDA附錄I英文職責詞語之中譯詞彙。,編目法
31675,2022-05-16,31675_A03,RDA附錄I關係標示的英文職責詞語中譯詞彙可參考何種文件？,RDA附錄I關係標示：與資源相關之 Agents 與作品、表現形式、具體呈現、或單件之間的關係（https://catweb.ncl.edu.tw/sites/default/files/upload/standard/RDA%20%E9%99%84%E9%8C%84I%20%EF%BC%9A%E3%80%8C%E8%B3%87%E6%BA%90%E3%80%8D%E8%88%87%E3%80%8C%E5%80%8B%E4%BA%BA%E3%80%81%E5%AE%B6%E6%97%8F%E3%80%81%E5%9C%98%E9%AB%94%E3%80%8D%E4%B9%8B%E9%96%93%E9%97%9C%E4%BF%82%E6%A8%99%E7%A4%BA%2820170912%E6%9B%B4%E6%96%B0%29.pdf）。,編目法
31676,2022-05-18,31676_A01,圖書資料書標標準黏貼位置為何？,圖書館圖書資料之書標黏貼位置，係指將索書號列印或書寫於自黏性標籤，並黏貼於圖書資料書背距下緣2或2.5公分處（依各圖書館之書標黏貼政策而稍有不同），以作為圖書資料上架之依據。,作者號及輔助區分號
31676,2022-05-18,31676_A02,哪些圖書資料不適合將書標直接黏貼於書背上？,薄本圖書、古籍、非書資料等不適合將書標直接黏貼於書背上。薄本圖書因書背厚度不足；古籍因自黏性書標黏著劑可能破壞紙質；非書資料因無書背需另貼他處。,其他
31676,2022-05-18,31676_A03,薄本圖書的書標黏貼位置如何處理？,薄本圖書因書背厚度不足，書標黏貼於書背上不利於上架或取書，通常將書標以相同高度改貼至封面接近書背處，但需避免遮住封面上重要資訊（例如書名或著者）。,編目政策與管理
31676,2022-05-18,31676_A04,活頁裝圖書資料的書標黏貼位置如何處理？,活頁裝圖書資料若有固定書背（如硬質外殼或資料夾），書標仍黏貼於書背上；若無固定書背（如活頁紙形成的可變動書背），則書標黏貼位置比照薄本圖書資料處理。,編目法
31676,2022-05-18,31676_A05,線裝圖書資料的書標黏貼位置如何處理？,線裝圖書資料若為現代出版品，書標黏貼於書背上；若屬古籍、善本等特藏性質，國家圖書館做法是不貼書標，改以棉紙裁成籤條並書寫索書號及條碼號於籤條上，再夾於古籍或善本書內。,作者號及輔助區分號
31676,2022-05-18,31676_A06,經摺裝圖書資料的書標黏貼位置如何處理？,經摺裝若為現代出版品，書標黏貼位置比照薄本圖書資料處理；若屬古籍、善本等特藏性質，國家圖書館做法比照古籍、善本，改以籤條方式替代。,編目政策與管理
31676,2022-05-18,31676_A07,光碟等非書資料的書標黏貼位置如何處理？,光碟屬非書資料，若為塑膠套，書標黏貼於左下方固定位置；若為盛裝盒，則黏貼於背距下緣固定高度處。,其他
31676,2022-05-18,31676_A08,古籍、善本等特藏性質圖書資料的書標處理方式為何？,國家圖書館對古籍、善本等特藏性質圖書資料，不貼書標，改以棉紙裁成籤條並書寫索書號及條碼號於籤條上，再夾於書內。,編目政策與管理
31680,2022-05-25,31680_A01,根據RDA規範，內容語文的繁簡中文資訊應著錄於哪個欄位？,依據RDA規範與MARC21的對照表，資料語文相關元素皆對應於欄位546。,編目法
31680,2022-05-25,31680_A02,Auckland Libraries如何處理內容語文的繁簡中文資訊？,Auckland Libraries將資料內容語文的繁簡中文資訊對應至欄位546做著錄（2017年公布，詳可參考：https://lianza.org.nz/wp-content/uploads/2020/11/RDAmonographstandardOct...）。,編目法
31680,2022-05-25,31680_A03,RDA & CJK Workshop對繁簡中文的處理建議為何？,RDA & CJK Workshop認為繁體中文和簡體中文屬於相同語言及文字，建議以欄位500著錄繁簡中文相關資訊（詳可參考：http://rdaandcjkworkshop.pbworks.com/w/page/49263527/Q_A）。,編目法
31680,2022-05-25,31680_A04,在MARC21實務中，內容語文的繁簡中文資訊可著錄於哪些欄位？,在抄錄西文書目資料時，可能發現有的書目使用欄位546著錄內容語文的繁簡中文資訊，另也有的書目著錄在欄位500中，兩種著錄方法在實務上均有被使用。,機讀編目格式
31681,2022-05-25,31681_A01,日文書編目時，著者時代號採用何種時代表？,日文書編目時，著者時代號係採用〈日本時代表〉，而非〈中國時代表〉。,編目法
31681,2022-05-25,31681_A02,原文書編目時，採用何種分類編目規範？,"原文書通常被視為西文圖書進行編目，採用國際相關規範，例如《AACR2》（英美編目規則第二版）、《RDA : Resource Description & Access》（資源描述與檢索）、《杜威十進分類法》（Dewey Decimal Classification, DDC）、《美國國會圖書館分類法》（Library of Congress Classification, LCC）、《席爾氏標題表》（Sears List of Subject Headings）或《美國國會圖書館標題表》（Library of Congress Subject Headings, LCSH）。",編目法
31681,2022-05-25,31681_A03,記述編目規範包含哪些內容？,記述編目規範包含《中國編目規則》、《中文圖書標目表》、《中文圖書分類法》、《中文圖書主題標目表》、《中文圖書作者標目表》及《中文圖書名稱標目表》。,編目法
31681,2022-05-25,31681_A04,主題編目規範包含哪些內容？,主題編目規範包含《中文圖書主題標目表》、《中文圖書作者標目表》、《中文圖書名稱標目表》及《中文圖書主題標目表》。,主題法
31681,2022-05-25,31681_A05,書目數據格式採用何種標準？,書目數據格式採用《MARC 21》標準，用以記錄書目資料。,機讀編目格式
31681,2022-05-25,31681_A06,著者號生成工具包含哪些？,著者號生成工具包含首尾五筆、四角號碼法及克特氏表（Kottler Table）。,作者號及輔助區分號
31681,2022-05-25,31681_A07,編目規範的主要目的為何？,編目規範的主要目的是確保書目資料的統一性、準確性與國際共享性，以提升資訊組織的效率與可查詢性。,編目政策與管理
31681,2022-05-25,31681_A08,圖書編目專業訓練的學習管道有哪些？,圖書編目專業訓練的學習管道包括國家圖書館編目園地提供的資訊組織研習課程、國家圖書館遠距學園的圖書資訊課程，以及國家圖書館每年舉辦的專業訓練課程。,編目政策與管理
31681,2022-05-25,31681_A09,國家圖書館提供哪些編目範例供參考？,國家圖書館提供佛洛依德著作《Abriss der Psychoanalyse》的日文譯本與英文譯本的編目範例，以及日文書與西文書的編目範例。,編目政策與管理
31683,2022-05-27,31683_A01,套書單編方式下鬼吹燈系列圖書的書目筆數為何？,第1套以5個編次之每個編次編製1筆書目紀錄，第2套以4個編次之每個編次編製1筆書目紀錄，總計會有9筆書目。,編目法
31683,2022-05-27,31683_A02,套書套編方式第一種作法下鬼吹燈系列圖書的書目筆數為何？,第1套以5個編次共同編製1筆書目紀錄，第2套以4個編次共同編製1筆書目紀錄，總計會有2筆書目。,編目法
31683,2022-05-27,31683_A03,套書套編方式第二種作法下鬼吹燈系列圖書的書目筆數為何？,第1套及第2套共同編製1筆書目紀錄，即以「鬼吹燈」作為該筆書目之正題名。,編目法
31683,2022-05-27,31683_A04,鬼吹燈系列圖書索書號冊次號的編製方式為何？,以v.1及v.2代表第1套及第2套、以no.1及no.2等代表第1個編次及第2個編次等、以pt.1及pt.2代表上冊及下冊，依此類推。,作者號及輔助區分號
31683,2022-05-27,31683_A05,實際編目實務中是否會將同套書之上下冊分開建立兩筆書目？,較少見將同套書之上下冊分開建立兩筆書目。,編目政策與管理
31684,2022-06-02,31684_A01,LCC輔助表中「Table of regions or countries (100 numbers)」的複分號起迄範圍為何？,1-96.3 代表本輔助表複分號起迄跨度為100號,作者號及輔助區分號
31684,2022-06-02,31684_A02,LCC輔助表中「Table of regions or countries (200 numbers)」的複分號起迄範圍為何？,1-185 代表本輔助表複分號起迄跨度為200號,作者號及輔助區分號
31684,2022-06-02,31684_A03,LCC輔助表中「Table of regions or countries (300 numbers)」的複分號起迄範圍為何？,1-277 代表本輔助表複分號起迄跨度為300號,作者號及輔助區分號
31684,2022-06-02,31684_A05,LCC輔助表中「Table of regions or countries (1000 numbers)」的複分號起迄範圍為何？,1-914 代表本輔助表複分號起迄跨度為1000號,作者號及輔助區分號
31684,2022-06-02,31684_A06,如何使用LCC輔助表建構分類號？,須將輔助表中的複分號，加上本表中的基礎號（base number），以建構出正確的分類號,作者號及輔助區分號
31684,2022-06-02,31684_A07,LCC輔助表中「Subarrangement for special countries (Cutter number)」的圓括號資訊意義為何？,指該輔助表中所列複分號，是用在以克特號做地區或國別複分的分類號上,作者號及輔助區分號
31684,2022-06-02,31684_A08,"「The study of Chinese fine art education, 1912-1949」的分類號如何建構？",N100（基礎號） + N267（輔助表複分號） = N267 Visual arts — Study and teaching. Research — History — Special regions or countries (Table N2),作者號及輔助區分號
31684,2022-06-02,31684_A09,「China — General Roman architectural ornament in Britain」的分類號如何建構？,NA3500（基礎號） + N3543（輔助表複分號） = NA3543 Architecture — Architectural decoration — Special regions or countries (Table N1),其他
31684,2022-06-02,31684_A10,「重返花磚時光 : 再續台灣花磚之美」的分類號為何？,NK4670.7.T28（基礎號NK4670.7 + 台灣克特號T28）,作者號及輔助區分號
31684,2022-06-02,31684_A11,"「Ku̇tahya tiles and pottery from the Armenian Cathedral of St. James, Jerusalem」的分類號為何？",NK4670.7.T92 K832（基礎號NK4670.7 + 地區克特號T92 + 城市克特號K832）,作者號及輔助區分號
31684,2022-06-02,31684_A12,LCC輔助表中如何為與某一國家相關的所有作品做進一步細分？,使用「Subarrangement for special countries (Cutter number)」，例如Table N15,作者號及輔助區分號
31684,2022-06-02,31684_A13,LCC輔助表中如何為某一國家的General works取分類號？,不必再加複分號，例如.x 代表已完成地區或國別複分的分類號,其他
31684,2022-06-02,31684_A14,LCC輔助表中如何為某一國家的特定城市取分類號？,在已完成地區或國別複分的分類號後加數值 2，再依城市或地方名稱取第2克特號,作者號及輔助區分號
31684,2022-06-02,31684_A15,LCC輔助表中如何為地區或國別複分取克特號？,使用「Library of Congress Classification and Shelflisting Manual」中的「Regions and Countries Table G 300」，網址為https://www.loc.gov/aba/publications/FreeCSM/G300.pdf,其他
31686,2022-06-07,31686_A01,《現代與後現代之間：李仲生與臺灣現代藝術》一書的原始中文圖書分類號為何？,《現代與後現代之間：李仲生與臺灣現代藝術》一書的原始中文圖書分類號為「949.9」。,其他
31686,2022-06-07,31686_A02,《現代與後現代之間：李仲生與臺灣現代藝術》一書的修正後中文圖書分類號為何？,《現代與後現代之間：李仲生與臺灣現代藝術》一書的修正後中文圖書分類號為「949.7」。,其他
31686,2022-06-07,31686_A03,《現代與後現代之間：李仲、生與臺灣現代藝術》分類號修正原因為何？,《現代與後現代之間：李仲生與臺灣現代藝術》分類號修正原因為「誤植」。,其他
31687,2022-06-10,31687_A01,中文編目外文中譯圖書的作者姓名含Jr.時，MARC 21欄位100應如何處理Jr.?,"以本館做法，MARC 21欄位100會以著者中文姓氏加原文姓名建立著者標目，例如「艾爾格斯 (Elkus, Richard J., Jr.)」，由於「Jr.」放於原文名字後，故不影響中文著者標目中譯姓氏。",編目法
31687,2022-06-10,31687_A02,美國國會圖書館（LC）對外文中譯圖書作者姓名含Jr.的權威標目處理方式為何?,"經查「Library of Congress Authorities」，該人即使於著作書名頁出現「Theodore Schick, Jr.」，其在LC之權威標目係為「Schick, Theodore」，不包含「Jr.」。",其他
31687,2022-06-10,31687_A03,外文中譯圖書作者姓名含Jr.時，MARC 21欄位700應如何標註Jr.?,"MARC 21欄位700會將「Jr.」作為姓名的一部分標註，例如「Schick, Theodore, Jr.,」，並在子字段$c標註Jr.。",機讀編目格式
31687,2022-06-10,31687_A04,外文中譯圖書作者姓名含Jr.時，中文譯名是否需包含Jr.?,"中文譯名不需包含「Jr.」，僅需將原文姓氏譯為中文，例如「Elkus, Richard J., Jr.」的中文譯名為「艾爾格斯」。",其他
31688,2022-06-14,31688_A01,版本與版次的定義有何不同？,「版本」的定義為書籍因編輯、傳抄、刻版、排版或裝訂方式等不同，而有各類版本問世。如活字本、寫本、抄本、影本等，也作「板本」（資料來源：https://dict.revised.moe.edu.tw/dictView.jsp?ID=16641&q=1&word=%E7%89%88%E6%9C%AC）。 「版次」係指書籍發行的次數。指書籍內容有所修正、刪改或增加者，如初版、再版、三版等。若重印書籍，但內容未有變更者不能稱「版」（參考資料：https://dict.revised.moe.edu.tw/dict. jp?ID=16661&word=%E7%89%88%E6%AC%A1）。,作者號及輔助區分號
31688,2022-06-14,31688_A02,第二版書名是否需要與第一版相同？,若書名使用與第一版相同之書名，則於出版圖書時，需加上版次為「第二版」或「再版」，然而前提是「第二版」或「再版」與「第一版」或「初版」之出版者需相同，方能視為不同版次，若出版者前後不同，則為不同版本，版次可自「第一版」或「初版」開始。,編目法
31688,2022-06-14,31688_A03,內容大幅變動時書名是否需要更動？,因臺端特別提及本次圖書出版之內容，與民國89年出版第一版時之內容，幾乎是全新的內容，各章節除部分保留名稱外，內容幾乎全部更新，且著者也由1位改為2位，依臺端所述情形，由於內容變動幅度頗大，因此書名亦可不必與第一版之書名相同，如果另取書名，則自「第一版」或「初版」開始。,編目法
31688,2022-06-14,31688_A04,重印書籍是否屬於版次變更？,若重印書籍，但內容未有變更者不能稱「版」。,其他
31689,2022-06-16,31689_A01,圖書館改採RDA編目前需熟悉哪些規範內容？,需熟悉前後不同編目規範之用詞與著錄來源、必備或核心元素等相關規定與差異。,編目法
31689,2022-06-16,31689_A02,圖書館改採RDA編目前需進行哪些人員培訓？,需進行人員教育訓練。,編目政策與管理
31689,2022-06-16,31689_A03,圖書館改採RDA編目前需制定哪些編目政策？,需制定貴館的編目政策，包括對於RDA之替代選項、選擇性條款、例外等規定，貴館希望採行的原則。,編目政策與管理
31689,2022-06-16,31689_A04,圖書館改採RDA編目前需準備哪些參考工具？,需準備RDA Toolkit、《RDA中文手冊初稿》、《錄音及錄影資源RDA編目參考手冊》、《RDA書目關係編目參考手冊》。,編目法
31689,2022-06-16,31689_A05,圖書館改採RDA編目前需調整哪些環境與系統功能？,需準備RDA編目範本、調整系統索引參數等編目環境及線上目錄相關功能。,編目政策與管理
31689,2022-06-16,31689_A06,圖書館改採RDA編目前需參考哪些他館經驗？,需參考他館經驗、進行編目試做、收集相關問題及尋求解決之道。,其他
31689,2022-06-16,31689_A07,圖書館改採RDA編目時需特別注意哪些權威檢索點考量？,需留意權威檢索點的考量，以便委外編目時正確著錄。,編目法
31689,2022-06-16,31689_A08,委外編目時RDA編目之MARC 21著錄欄位如何處理？,RDA編目之MARC 21著錄欄位皆可由委外廠商之編目人員逕行著錄。,編目法
31689,2022-06-16,31689_A09,圖書館採用RDA編目後如何進行書目內容檢查？,廠商完成編目及資料到館後，再由編目館員進行書目內容檢查是否著錄正確及符合貴館要求。,編目法
31689,2022-06-16,31689_A10,圖書館採用RDA前的準備工作完善有何效益？,有助於委外編目使用RDA著錄工作的順暢度及加速館員後續審核書目內容之精確度。,編目法
31690,2022-06-17,31690_A01,EBK或ebk是什麼？,「EBK」或「ebk」是一種檔案格式，一般指電子圖書（或簡稱電子書）的檔案格式，例如「.ebk」，然而有時也會當成「ebook」的縮寫。,其他
31690,2022-06-17,31690_A02,電子書是否可以申請ISBN？,電子書可以申請ISBN（俗稱eISBN），且紙本書和電子書需分別申請，勿共用同一個ISBN，亦即紙本書和電子書之ISBN是不同的。,其他
31690,2022-06-17,31690_A03,電子書不同格式是否需要不同ISBN？,電子出版品若有不同版本、不同格式（例如：epub或pdf）、不同語言，皆須另行申請新的ISBN。,其他
31690,2022-06-17,31690_A04,紙本書與電子書的ISBN在MARC 21格式中如何著錄？,紙本書及電子書之ISBN皆著錄於欄位020，且由於電子書之不同格式（例如：epub或pdf）會有不同的ISBN，因此以欄位020著錄電子書之ISBN時，以重複欄位020之方式著錄不同格式的ISBN（分欄$a著錄ISBN、分欄$q著錄檔案格式）。,機讀編目格式
31690,2022-06-17,31690_A05,電子書的ISBN與紙本書的ISBN是否會共用？,紙本書和電子書需分別申請，勿共用同一個ISBN，亦即紙本書和電子書之ISBN是不同的。,其他
31690,2022-06-17,31690_A06,電子書的ISBN申請範圍包含哪些類型？,電子出版品：包括數位形式及以實際載體公開發行之電子書。,其他
31690,2022-06-17,31690_A07,申請ISBN的條件有哪些？,凡在中華民國境內依法出版之公司行號、政府機關、團體會社、個人等出版者，其出版品只要符合以下範圍（https://isbn.ncl.edu.tw/NEW_ISBNNet/main_ProcessMenuItems.php?Ptarget=356&Pact=ViewContent&Pval=356&Pfld=Ffile），皆可向國家圖書館國際標準書號中心申請ISBN：1. 20頁以上的圖書（童書、立體書不在此限）。 2. 地圖、盲人點字書。 3. 有聲書：包括錄音帶、光碟版或數位等型式。 4. 縮影型式出版品。 5. 電子出版品：包括數位形式及以實際載體公開發行之電子書。 6. 以文字為主體的多媒體混合出版品。,其他
31690,2022-06-17,31690_A08,同一本書的紙本書與電子書是否會有不同書目紀錄？,同一本書的紙本書及電子書，除了ISBN有所不同外，編目上通常會為紙本書及電子書分別編製1筆書目紀錄。,編目法
31697,2022-07-01,31697_A01,套書與叢書的定義有何不同？,「套書」通常指2本或2本以上的書組成一個整體，強調一個整體的概念。如上、下冊加起來是一個整體，第1冊至第5冊加起來亦是一個整體，少了其中1冊就稱不上完整的一套。「叢書」則是彙刊群書而成的書，此群書有一個總書名，在內容上涉及多種學科的稱為普通叢書，只匯集單種學科者稱為專科叢書。,其他
31697,2022-07-01,31697_A02,套書的處理原則為何？,「套書」的處理原則分為「單編」及「套編」，二擇其一。,編目政策與管理
31697,2022-07-01,31697_A03,叢書的處理原則為何？,「叢書」的處理原則須顧及叢書及其子目的編目處理，以利線上目錄的呈現及書目交換與共享，主要原因在於這類叢書內容繁多、篇幅浩大。且無論是《中國編目規則》或是《RDA》皆考量到這類出版品的處理規定。,編目法
31697,2022-07-01,31697_A04,《中國編目規則》如何處理含若干部分之作品？,《中國編目規則》（第三版）第十四章「分析」之規則條文14.1中說明『由若干部分組成之作品，其各部分書目記錄之編製謂之分析』。分析的方式包括：1. 述項或附註項時，可為各部分另立分析檢索款目，以供檢索，無需另外編製單獨之書目記錄。 2. 《中國編目規則》（第三版）14.3之規定。 3. 《中國編目規則》（第三版）14.4之規定。 4. 《中國編目規則》（第三版）14.5之規定。 5. 《中國編目規則》（第三版）14.6之規定。,編目法
31697,2022-07-01,31697_A05,《RDA》如何處理含若干部分之作品？,《RDA》則在規則條文「1.5 著錄形式」中將資源的著錄方式分為：1. 著錄方式請參見《RDA》1.5.2及各相關條文之規定。 2. 著錄方式請參見《RDA》1.5.3及各相關條文之規定。 3. 著錄方式請參見《RDA》1.5.4及各相關條文之規定。,編目法
31697,2022-07-01,31697_A06,《四庫全書》的結構為何？,"《四庫全書》是中國歷史上現存規模最大的叢書，由清乾隆皇帝下令編纂，歷時九年完成。臺端所提「景印《文淵閣四庫全書》」，包括總目（第1-5冊）、經（第7-242冊）、史（第243-694冊）、子（第695-1061冊）、集（第1062-1496冊）、考證（第1497-1500冊），計1,500冊，各冊有其題名（即該叢書之子目）。",編目法
31697,2022-07-01,31697_A07,處理大型叢書時，書目紀錄長度有何限制？,在目前圖書館編目多數採用MARC著錄及透過ISO 2709格式進行書目交換與共享的前提，可能無法順利達成，原因在於這樣的書目紀錄之長度會超過ISO 2709所規定每筆紀錄長度99999位元組（bits）及每個欄位9999位元組的限制。,機讀編目格式
31697,2022-07-01,31697_A08,如何建立叢書與子目之間的書目關連？,書目關連之建立方式，若採MARC 21，係以欄位773及774分別於各子目書目與叢書書目建立之；若採CMARC，則以欄位461及462分別於各子目書目與叢書書目建立之。,機讀編目格式
31697,2022-07-01,31697_A09,叢書與子目書目關連的實作方式為何？,本館未採行以叢書編製1筆書目、並於該書目為各子目建立分析檢索款目、或記載於附註項、或用多層次著錄的方式，而是以叢書編製1筆書目、並為每一子目另編製1筆書目，叢書書目與各子目書目之間以書目關連的方式建立書目與書目間之連結（請參考https://aleweb.ncl.edu.tw/F/SH7QG9RJL5VFU13DK2M85MB3KLS7CQ34GEMVS8RKE2I2...，並請點選「檢視相關書目」）。,編目法
31698,2022-07-07,31698_A01,同一書書內及書腰（或半書衣）上之ISBN不同時，如何處理？,編目員於編目時會查證兩個ISBN何者正確、何者不正確？經查證結果為正確之ISBN，於MARC 21著錄時，將之著錄於欄位020的分欄$a；經查證結果為不正確之ISBN，於MARC 21著錄時，將其著錄於同一欄位020之分欄$z，作為取消或錯誤或無效的ISBN。例如：020 ## $a 0877790019 $z 0877780116 : $c US$4.95,編目法
31698,2022-07-07,31698_A02,同一書書內及書腰（或半書衣）上之ISBN均正確時，如何處理？,"若經查證兩個ISBN，結果皆為正確，那麼有可能其一為套書整套之ISBN，另一為單冊之ISBN，於MARC 21著錄時，兩個ISBN分別以重複的欄位020著錄於分欄$a，並加上分欄$q（冊數與裝訂）及分欄$c（價格）等資訊。例如：020 ## $a 9789573281030 $q (全套 ; $q 平裝) : $c NT$3,040 020 ## $a 9789573280958 $q (第1冊 ; $q 平裝) : $c NT$380",編目法
31699,2022-07-07,31699_A01,採用RDA編目且以MARC 21為格式時，出版項應著錄於哪個欄位？,小藍，您好： 若採用RDA編目且以MARC 21作為書目資料之著錄格式，其出版項係著錄於欄位264。,編目法
31699,2022-07-07,31699_A02,書目回溯建檔時，出版項可否改用欄位264著錄？,書目回溯建檔，出版項可維持以欄位20著錄，也可改用欄位264著錄。,編目法
31699,2022-07-07,31699_A03,混合型紀錄的標示方式為何？,建議於書目紀錄中加註該筆書目屬於「混合型紀錄」（hybrid record），國家圖書館係以自訂欄位HYB＝Ｙ作為標示。,機讀編目格式
31699,2022-07-07,31699_A04,以欄位264著錄出版項時，需同時著錄哪些新增欄位？,建議一併著錄MARC 21因應RDA而新增之欄位及分欄和代碼，例如欄位33X、34X、38X及關係分欄$e、$i、$j等。,編目法
31700,2022-07-07,31700_A01,為何電子書編目時需避免為不同供應商的相同內容電子書分別建立書目？,過去編目員會為不同供應商相同內容的電子書建立不同書目，但這會導致圖書館目錄中出現大量重複書目，使讀者難以分辨細微差異，因此2009年PCC及LC推出供應者中立指引，強調著錄通用資訊而非特定供應商資訊。,其他
31700,2022-07-07,31700_A02,電子書編目時，如何著錄不同供應商提供的不同電子版ISBN？,不同供應商的電子書若具有不同ISBN，應分別著錄於欄位020中，實體版本ISBN則著錄於分欄$z。,編目法
31700,2022-07-07,31700_A03,電子書編目時，如何處理原版紙本書的版本資訊？,若原版為紙本轉製為電子書，應在欄位250著錄原版紙本的版本資訊，不著錄特定電子書供應商的版本相關訊息。,編目法
31700,2022-07-07,31700_A04,電子書編目時，如何著錄出版資訊？,原版為紙本轉製為電子書時，欄位260應著錄原版紙本的出版資訊；若為原生電子資源，則著錄所有電子版本共通的出版資訊，若無出版地、出版者或出版年，應依編目規範標註不詳。,編目法
31700,2022-07-07,31700_A05,電子書編目時，欄位300應如何著錄？,欄位300分欄$a須著錄「1 online resource」，可加錄面頁數及插圖資訊，但不著錄$c高廣尺寸資訊。,編目法
31700,2022-07-07,31700_A06,電子書編目時，如何處理集叢資訊？,原版為紙本轉製為電子書時，欄位490應著錄原版紙本的集叢資訊，不著錄特定供應商的套裝或系列資訊。,其他
31700,2022-07-07,31700_A07,電子書編目時，欄位533的著錄規則為何？,不著錄特定電子書供應商的電子複製資訊，專屬於某家供應商的資訊不應著錄於欄位533。,編目法
31700,2022-07-07,31700_A08,電子書編目時，欄位538的著錄規則為何？,不著錄特定電子書供應商的系統需求資訊，除非需特殊軟體才能閱覽，否則不標註系統需求。,其他
31700,2022-07-07,31700_A09,電子書編目時，欄位588的著錄規則為何？,若書目依據某供應商電子書著錄，應於588標註著錄依據及題名來源；若依據其他實體資源，則標註對應的實體版本或CD-ROM版本。,編目法
31700,2022-07-07,31700_A10,電子書編目時，欄位856的著錄規則為何？,為每個供應商的電子書取用連結分別以欄位856著錄，分欄$3需標示供應者資訊或其他相關訊息，例如SpringerLink、ebrary等平台的連結。,機讀編目格式
31701,2022-07-08,31701_A01,著者號是如何生成的？,著者號係取自原著者姓氏中譯之首字。例如，Norman Goodman之姓氏中譯為「戈德曼」，其著者號「031」取自「戈」字。,作者號及輔助區分號
31701,2022-07-08,31701_A02,Norman Goodman的著者號為何？,Norman Goodman之著者號為「031」，取自其姓氏中譯「戈德曼」之「戈」字。,作者號及輔助區分號
31701,2022-07-08,31701_A03,索書號「364.1 031」的來源為何？,索書號「364.1 031」係採用何日章之《中國圖書十進分類法》及書末所附著者號碼表。,作者號及輔助區分號
31701,2022-07-08,31701_A04,如何取得相同作者號？,取得相同作者號需參考該館所採用之著者號碼表，例如本館索書號「544.1 8458」即為本館所採用之著者號碼表。,作者號及輔助區分號
31702,2022-07-08,31702_A01,何謂RDA書目重新編目？,重新編目（re-describe或re-cataloged）指以在編資料所出現的資訊依RDA規範逐一著錄，並非僅修改MARC 21書目紀錄的欄位、分欄、指標、代碼、控制詞彙或加入URI，而是需根據RDA精神「照錄」在編資料的實際資訊。,編目法
31702,2022-07-08,31702_A02,舊有資料如何才能成為RDA書目？,舊有資料須重新編目，且著錄的所有元素必須透過RDA的標準檢視，方得稱為RDA書目。重點在於是否以在編資料的實際資訊依RDA規範的相關規定逐一著錄為含有RDA元素之書目內容。,編目法
31702,2022-07-08,31702_A03,欄位260與264在RDA書目中的使用方式有何不同？,欄位260與264的使用需根據書上實際資訊調整。例如出版者資訊應使用全稱而非簡稱，著者敘述需完整列出5人姓名或使用[和其他4位]標註，而非沿用《英美編目規則》或《中國編目規則》的「等著」簡寫方式。,編目法
31702,2022-07-08,31702_A04,RDA書目重新編目的核心要件為何？,RDA書目重新編目的核心要件在於是否以在編資料的實際資訊依RDA規範的相關規定逐一著錄，而非僅修改MARC 21的欄位、分欄、指標、代碼、控制詞彙或加入URI。,編目法
31706,2022-07-15,31706_A01,何謂RDA書目紀錄中的「混合型紀錄」？,將原本已採《中國編目規則》或《英美編目規則》完成編目之書目紀錄，無論是以人工或批次方式加上欄位336、337、338、264等，皆僅能算是「混合型紀錄」（hybrid record）。,編目法
31706,2022-07-15,31706_A02,國家圖書館如何標示「混合型紀錄」？,國家圖書館係以自訂欄位HYB（代表hybrid record）內容值為「Ｙ」作為標示，以便館員藉此得知該筆書目紀錄為「混合型紀錄」，而非真正的RDA書目紀錄。,機讀編目格式
31706,2022-07-15,31706_A03,「混合型紀錄」的自訂欄位HYB在書目交換時如何處理？,由於HYB為自訂欄位，僅為圖書館內部系統使用，供書目交換分享之ISO 2079格式輸出時，不會含括此一自訂欄位及其資訊。,機讀編目格式
31706,2022-07-15,31706_A04,如何成為RDA書目紀錄？,舊有資料須重新編目(re-describe)，且著錄的所有元素必須透過RDA的標準檢視，方得稱為RDA書目。,編目法
31706,2022-07-15,31706_A05,「重新編目」（re-describe）的定義為何？,「重新編目」（re-describe或 re-cataloged），指的是以在編資料所出現的資訊依RDA規範逐一著錄。,編目法
31706,2022-07-15,31706_A06,RDA書目紀錄的MARC 21格式包含哪些欄位？,Leader/18＝i ( i : ISBD punctuation included ) 欄位020及024之分欄q 欄位040之$e著錄rda 欄位046 欄位264取代260，欄位264指標2之值需區分為0、1、2、3、4等情況 欄位34X 欄位38X 欄位516不再著錄，而改為著錄欄位347 欄位100、110、700、710之$e及$4 欄位111、711之$j及$4 欄位7XX之$i,機讀編目格式
31706,2022-07-15,31706_A07,國家圖書館關於RDA採用的建議文件為何？,《國內圖書館西文資料編目採用RDA之建議》（https://catweb.ncl.edu.tw/sites/default/files/upload/standard/%E5%9C%8B%...）,編目法
31707,2022-07-20,31707_A01,外文作者如何使用首尾五筆檢字法取著者號,首尾五筆著者號取碼規則未為羅馬字母規劃取碼表，因此需將外文作者姓氏音譯為中文，再依據中文譯名取號,編目法
31707,2022-07-20,31707_A02,如何為外文作者姓氏進行中文音譯,應參考中央通訊社出版的《標準譯名錄》或「中央社譯名檔資料庫」（http://husscat.hss.ntu.edu.tw/xmlui/handle/123456789/7461）進行音譯,作者號及輔助區分號
31707,2022-07-20,31707_A03,首尾五筆著者號查詢系統的使用方式,透過本館開發的「首尾五筆著者號查詢系統」（http://catapp.ncl.edu.tw/five/），輸入中文音譯後的姓氏，可取得對應的首尾五筆號碼,作者號及輔助區分號
31707,2022-07-20,31707_A04,如何確定外文作者的時代號,若採用《中文圖書分類法》，需依該法「附表三　西洋時代表」查得時代號，例如二十世紀對應時代號『8』,作者號及輔助區分號
31707,2022-07-20,31707_A05,外文作者著者號的組合方式,將時代號與首尾五筆號碼組合，例如時代號『8』與五筆號碼『353』組合成『8353』,作者號及輔助區分號
31709,2022-07-29,31709_A01,欄位046的主要用途為何？,欄位046年代特殊相關資訊，主要著錄內容為與編目資料相關但無法著錄在欄位008/06-14的日期年代資訊，例如：西元前日期、錯誤日期、資源創作或生效日期。,機讀編目格式
31709,2022-07-29,31709_A02,欄位046的著錄原則與哪個欄位相同？,欄位046的著錄原則與欄位008/06-14相同。,編目法
31709,2022-07-29,31709_A03,若資源相關日期為西元前，欄位008應如何處理？,若在編資源的相關日期是西元前，以欄位046著錄這類資訊，且欄位008/06之值應為「b」、欄位008/07-10及008/11-14之值則是空白。,編目法
31709,2022-07-29,31709_A04,欄位046的參考資料為何？,有關MARC 21書目欄位046之相關資訊與範例請參考https://www.loc.gov/marc/bibliographic/bd046.html；中文資料與範例則請參考《MARC 21書目紀錄中文手冊：圖書、連續性出版品》（修訂版）第89-90頁。,機讀編目格式
31709,2022-07-29,31709_A05,欄位100、110、700、710的$e及$4的用途為何？,欄位100、110、700、710的$e係指個人或團體與圖書資料間之職責關係的關係用語，該用語為控制詞彙；而$4則是關係代碼，用以便於電腦處理。,機讀編目格式
31709,2022-07-29,31709_A06,欄位100、110、700、710的$e及$4是否需同時著錄？,編目時，欄位100、110、700、710的$e及$4不需兩者均著錄，僅擇其一即可，然而若兩者同時著錄也是可以的。,編目法
31709,2022-07-29,31709_A07,欄位130與240的主要差異為何？,欄位130以劃一題名作為主要款目，而欄位240以劃一題名作為附加款目。若已存在以欄位100、110、111為主要款目，則劃一題名應著錄於欄位240。,編目法
31709,2022-07-29,31709_A08,欄位130及240是否需包含副題名？,欄位130及240僅放劃一題名之正題名，不需再加副題名或並列題名等。,權威控制
31709,2022-07-29,31709_A09,欄位380的主要用途為何？,欄位380係用來描述或著錄作品的形式、藝術創作者的表現形式、或者文學作品的類型，其目的是用以區分相同題名的不同作品，或用來區別無獨特題名的音樂作品。,機讀編目格式
31709,2022-07-29,31709_A10,欄位380如何處理來自不同詞彙表的用語？,若形式用語來自不同的詞彙表，於著錄欄位380時，應以另一欄位380分別著錄。,其他
31709,2022-07-29,31709_A11,欄位381的主要用途為何？,欄位381用來著錄作品或表現形式的其他識別特性，例如：發行者、樂曲改編、版本、或地理詞彙等，其目的是用以區分相同題名之不同作品。,作者號及輔助區分號
31709,2022-07-29,31709_A12,欄位381如何處理來自不同詞彙表的用語？,若作品特性之用語來自不同的詞彙表，於著錄欄位381時，應以另一欄位381分別著錄。,其他
31709,2022-07-29,31709_A13,欄位380及381的用語詞彙有何建議？,欄位380及381之著錄用語詞彙可來自控制詞彙表、也可來自不經控制的詞彙，建議以來自控制詞彙的詞彙表或標題表或主題詞表為優先採用。,權威控制
31709,2022-07-29,31709_A14,欄位380及381是否需加註$2分欄及詞彙表代碼？,當著錄之用語來自控制詞彙表時，欄位380及381需加註分欄$2及詞彙表之代碼，反之則不需加註分欄$2及詞彙表之代碼。,編目法
31710,2022-07-31,31710_A01,如何確認圖書的分類號？,書內版權頁上方會有「國家圖書館CIP預行編目資料」方框，方框內左下角即該書之分類號，第1個數字為大類。,作者號及輔助區分號
31710,2022-07-31,31710_A02,社區購入圖書是否需要建立流水號或財產號？,建議先將170冊圖書給予流水號或財產號，一冊書給一個號碼，若有套書，則應聚集一起，依序給號。,作者號及輔助區分號
31710,2022-07-31,31710_A03,有ISBN號碼的圖書需要記錄哪些資訊？,僅需建立流水號或財產號、ISBN號碼、書名。,編目法
31710,2022-07-31,31710_A04,無ISBN號碼的圖書需要記錄哪些資訊？,建議建立流水號或財產號、書名、著者、版次、出版者、出版年、裝訂、價格等資料。,編目法
31710,2022-07-31,31710_A05,社區圖書分類的大類劃分方式為何？,分為0總類、1哲學、2宗教、3自然科學、4應用科學、5社會科學、6中國史地、7世界史地、8語言文學、9藝術。,其他
31710,2022-07-31,31710_A06,如何查詢有ISBN號碼圖書的詳細資訊？,可於本館「全國新書資訊網」（https://isbn.ncl.edu.tw/NEW_ISBNNet/）查得書名、著者、版次、出版者、出版年、裝訂、價格等資訊。,其他
31711,2022-08-01,31711_A01,RDA出版項的編目規則為何？,RDA有關出版項之規定為RDA 2.8。,編目法
31711,2022-08-01,31711_A02,RDA出版地的編目規則為何？,RDA出版地之規定可參考RDA 2.8.2.6。,編目法
31711,2022-08-01,31711_A03,RDA出版者的編目規則為何？,RDA出版者之規定可參考RDA 2.8.4.7。,編目法
31712,2022-08-08,31712_A01,電子書在MARC 21編目時Leader/06的值如何確定？,電子書雖然以電子形式或電子檔呈現，然而如果其內容主要以文字為主，Leader/06之值應選「a」代表「文字資料」；若其內容主要為樂譜，Leader/06之值應填「ｃ」代表「樂譜」，依此類推。,機讀編目格式
31712,2022-08-08,31712_A02,國內電子書在MARC 21編目時Leader/06的預設值為何？,目前國內之電子書多數以紙本文字圖書轉製為電子書，因此MARC 21編目時，Leader/06之值，多數選用「a」代表「文字資料」。,機讀編目格式
31712,2022-08-08,31712_A03,MARC 21欄位008/23的值如何確定？,在編電子書，即使於MARC 21書目紀錄內欄位856載有全文連結網址，並不能因此決定於欄位008/23之值，而是需考量的是臺端對於此在編資料手邊是否有實體物件（可能是光碟、隨身碟、或有形之電子檔等）。,機讀編目格式
31712,2022-08-08,31712_A04,MARC 21欄位008/23的代碼「o」代表什麼？,「o」為線上資源（online），屬於無形之遠端存取的線上電子資源，資料讀取需藉由電腦等電子設備，並需透過網路。,機讀編目格式
31712,2022-08-08,31712_A05,MARC 21欄位008/23的代碼「q」代表什麼？,「q」為直接存取電子資源（direct electronic），資料讀取僅需藉由電腦等電子設備，且不需要透過網路，只要電腦具有光碟機或隨身碟等之讀寫槽即可。,機讀編目格式
31712,2022-08-08,31712_A06,MARC 21欄位008/23的代碼「s」代表什麼？,「s」為電子資源（electronic），含括直接存取及遠端存取的電子資源，相當於「o」＋「q」，不區分有形或無形之電子資源。,機讀編目格式
31712,2022-08-08,31712_A07,電子書在MARC 21編目時Leader/23的值如何選擇？,若電子書含有光碟、隨身碟、磁片等載體，則Leader/23之值應選「q」；若無則選「o」；若不想進一步細分，可選「s」。,機讀編目格式
31713,2022-08-09,31713_A01,索書號中的作品號用於什麼目的?,用以區分相同類號同一作者之不同作品。,作者號及輔助區分號
31713,2022-08-09,31713_A02,索書號中的種次號是否等同於作品號?,種次號即所謂作品號。,作者號及輔助區分號
31713,2022-08-09,31713_A03,當多個索書號分類號與作者號相同且為同一作者時，如何區分不同作品?,在作者號或作者區分號後，加上種次號（依序標示-2、-3、-4、-5…）。,作者號及輔助區分號
31713,2022-08-09,31713_A04,索書號的組成部分包含哪些?,特藏號、分類號、作者號（有時會加上種次號、作者區分號或續編號）、版次號、冊次號、複本號等。,作者號及輔助區分號
31713,2022-08-09,31713_A05,索書號中如何區分同類書不同作者之作品?,在作者號後加上作者區分號（依序標示:2、:3、:4、:5…）。,作者號及輔助區分號
31714,2022-08-17,31714_A01,美版與英版書籍是否需要另立書目紀錄,當版本資訊中含有不同地理範圍的敘述，例如「American edition」與「British edition」，會被視為顯著差異，應另立書目紀錄。,其他
31714,2022-08-17,31714_A02,國際版書籍是否需要另立書目紀錄,當版本資訊中含有不同地理範圍的敘述，例如「International edition」與其他地理範圍版本，會被視為顯著差異，應另立書目紀錄。,其他
31714,2022-08-17,31714_A03,頁數差異是否視為複本,無論有無面頁數的差異，當版本資訊中未包含其他顯著差異（如地理範圍、語言等）時，頁數差異不視為顯著差異，可視為複本處理。,其他
31714,2022-08-17,31714_A04,出版者不同是否視為顯著差異,出版者不同，無論是換了不同出版者或同一出版者名稱有更動，均被視為顯著差異，應另立書目紀錄。,其他
31717,2022-08-23,31717_A01,《中文圖書分類法》（2007年版）中222類號的定義為何？,《中文圖書分類法》（2007年版）將佛教經典中之論藏歸入類號「222 論及其釋」，並明確敘明論藏應歸入「222」或其下子類。,編目法
31717,2022-08-23,31717_A02,《中國圖書分類法》（增訂七版）中222類號的處理方式為何？,《中國圖書分類法》（增訂七版）將佛教經典入「221 經典」，並將其經論及經疏與論疏入「222 論疏」。,其他
31717,2022-08-23,31717_A03,《現觀莊嚴論》在2007年以前的分類號為何？,《現觀莊嚴論》若於2007年以前出版，依《中國圖書分類法》（增訂七版）歸入類號「222.5 大乘論疏」。,編目法
31717,2022-08-23,31717_A04,《現觀莊嚴論》在2007年以後的分類號為何？,2007年以後出版之《現觀莊嚴論》依《中文圖書分類法》（2007年版）歸入類號「222.22」。,編目法
31717,2022-08-23,31717_A05,《中文圖書分類法》（2007年版）的修訂與採用時間為何？,《中文圖書分類法》（2007年版）於2006年3月30日完成修訂並付梓出版，2007年由國家圖書館率先採用，後國內各圖書館陸續改用。,分類法
31719,2022-08-29,31719_A01,臺灣文學的廣義定義為何？,臺灣文學就廣義而言應為「出生或客居臺灣所發表的所有文字作品」。,其他
31719,2022-08-29,31719_A02,臺灣文學的狹義定義為何？,臺灣文學狹義上則應指「描寫臺灣鄉土人物、再現臺灣典型環境、運用臺灣語言的作品、表現臺灣人的生活與思想」的文學作品。,編目政策與管理
31719,2022-08-29,31719_A03,《中文圖書分類法》（2007年版）如何處理臺灣文學分類？,《中文圖書分類法》（2007年版）於修訂時，將「臺灣文學」自中國文學下析出，並將其編列於亞洲之東方文學類下。,其他
31719,2022-08-29,31719_A04,國家圖書館如何定義臺灣文學的分類範疇？,本館對於「臺灣文學」的分類處理上，採用的是廣義的臺灣文學，包括：1. 作家為臺灣出生或非出生於臺灣但主要活動或貢獻為臺灣。2. 作品內容以臺語、客語、原住民語等母語書寫之文學作品。3. 臺灣各地之鄉土文學（包括報導文學、遊記文學、風土紀事詩）作品。4. 臺灣各地之文學獎作品集。5. 臺灣文學評論集、臺灣文學論文集。,其他
31719,2022-08-29,31719_A05,臺灣文學分類處理的補充說明為何？,"經查看 ""https://catweb.ncl.edu.tw/QandA/page/24389""，由於所提問題主要為『臺灣文學獨立出來，那麼是臺灣文學的作者即入此嗎？』，回覆者僅就前述問題進行答覆，並未特別敘明本館對於「臺灣文學」在分類處理上採用的是廣義的臺灣文學，致臺端產生疑惑，現特此補充說明。",其他
31720,2022-08-29,31720_A01,文學評論分類應如何處理針對某一小說家或作品之批評？,針對某一小說家或某一小說作品之批評，應隨該作家之小說作品歸類。例如：《金庸作品批評》入《中文圖書分類法》（2007年版）類號「857.9」。,其他
31720,2022-08-29,31720_A02,概括性文學評論應歸入何種類號？,不適用於概括性之文學批評，應歸入該國文學之評論類別。例如：《中國小說評論》則入類號「827」。,其他
31720,2022-08-29,31720_A03,《金庸作品批評》的中文圖書分類號為何？,《金庸作品批評》入《中文圖書分類法》（2007年版）類號「857.9」。,分類法
31720,2022-08-29,31720_A04,《中國小說評論》的中文圖書分類號為何？,《中國小說評論》入類號「827」。,其他
31720,2022-08-29,31720_A05,「827 中國小說論」下注釋『仿821分』的產生原因為何？,《中國圖書分類法》（增訂七版）類目「827 小說論」下無子類，以往小說評論仿「821 詩論」下「821.8 詩話」及「821.85 宋詩話」細分為「827.8」及「827.85」，後因類表修訂新增子類，導致注釋『仿821分』產生。,其他
31720,2022-08-29,31720_A06,《中文圖書分類法》（2007年版）中「827 中國小說論」新增了哪些子類？,新增「827.2 古體小說論」、「827.26 紅樓夢研究與評論」及「827.3 新體小說論」。,其他
31720,2022-08-29,31720_A07,《中國武俠小說評論》的中文圖書分類號為何？,《中國武俠小說評論》入類號「827」。,主題法
31720,2022-08-29,31720_A08,「827 中國小說論」下注釋『仿821分』的處理建議為何？,建議圖書館遇有中國小說之評論，仍依類表「827 中國小說論」下「827.2 古體小說論」及「827.3 新體小說論」來分類，暫不依注釋『仿821分』。,其他
31721,2022-09-12,31721_A01,當041$k據以翻譯語文為簡體中文時，041字段應如何著錄?,《晶片陷阱》（繁體中文）一書於MARC 21編目時，需於欄位041著錄如下：041 1# $a chi $h fre $k chi,機讀編目格式
31721,2022-09-12,31721_A02,當041$k據以翻譯語文為簡體中文時，500字段附註應包含哪些資訊?,需在欄位500附註項中說明譯自簡體中文版本，例如：「譯自<<芯片陷阱>>(簡體字本)」,機讀編目格式
31721,2022-09-12,31721_A03,當翻譯後的書籍為根據中國市場需求改寫時，應如何處理500字段附註?,"應在欄位500附註項中說明改寫情況，例如：「據馬克·拉敘斯(Marc Lassus), 古文俊原著...改寫」",編目法
31722,2022-09-16,31722_A01,MARC21書目紀錄中，若作品與任何作品或表現形式無關，應如何著錄作者？,"「楊書銘」所著《錢進加密貨幣》，若與任何作品或表現形式無關的話，編目時於MARC 21書目紀錄著錄如下 100 1# $a 楊書銘, $e 文字作者 245 10 $a 錢進加密貨幣 : $b 掌握金融變局,彎道超車搶先機! = Old money to new money / $c 楊書銘著",編目法
31722,2022-09-16,31722_A02,MARC21書目紀錄中，如何以結構化描述建立兩個資源間的關聯？,「理論上」可於該筆MARC 21書目內以結構化描述（透過欄位7XX名稱-題名形式）來建立兩個資源間的關聯，例如：700 1# $i 關係用語 $a 著者名稱 $t 作品題名 700 1# $a 改編目(作品) $a 楊書銘 $t 比爾的財經廚房,機讀編目格式
31722,2022-09-16,31722_A03,MARC21書目紀錄中，如何以非結構化描述建立兩個資源間的關聯？,「理論上」可於該筆MARC 21書目內以非結構化描述（透過欄位5XX附註方式）來建立兩個資源間的關聯，例如：500 ## $a 據楊書銘<<比爾的財經廚房>>改編,機讀編目格式
31722,2022-09-16,31722_A04,MARC21書目紀錄中，對於網路廣播節目如何處理？,「比爾的財經廚房」是該著者的網路廣播PODCAST節目名稱，以目前絕大多數圖書館的編目政策，「實務上」尚未對於網路廣播節目進行編目，主要原因是這類資源如同遠端存取之電子資源一樣，其變動性太大且數量品質龐雜，暫不建議於MARC 21書目紀錄之欄位7XX或5XX進行描述或著錄,機讀編目格式
31723,2022-09-20,31723_A01,RDA編目時245段分欄$c著者敘述需使用方括弧的條件為何？,若可自資源本身的其他來源或RDA 2.2.4所列的其他資料來源查得該書著者或著者敘述，則著錄欄位245分欄$c著者敘述時，應加上方括弧。若經查證確定集叢名內所含個人姓名確為該書著者，且與正題名相同來源（例如來自書名頁），則不需加方括弧。,編目法
31723,2022-09-20,31723_A02,RDA編目時490段分欄$a集叢名使用方括弧的條件為何？,集叢名「Shatter me series」得自網路書店，屬於RDA 2.2.4所列的其他資料來源，著錄MARC 21之欄位490分欄$a時，需於集叢名前後加上方括弧。,編目法
31723,2022-09-20,31723_A03,RDA編目時490段分欄$v集叢號是否需要使用方括弧？,著錄MARC 21之欄位490分欄$v集叢號時，無論集叢號係取自任何來源，皆不需加上方括弧。,機讀編目格式
31724,2022-09-22,31724_A01,《莊厝演義》的ISBN為何？,《莊厝演義》的ISBN為9789865468477。,其他
31724,2022-09-22,31724_A02,《莊厝演義》的原類號為何？,《莊厝演、義》的原類號為「673.19/205.9/105.2」。,作者號及輔助區分號
31724,2022-09-22,31724_A03,《中文圖書分類法》2007年版中金門縣的地區複分位置為何？,《中文圖書分類法》（2007年版）中，金門縣的地區複分位置為類表第728頁〈附表七 中國縣市表〉的「205 金門縣」。,編目法
31724,2022-09-22,31724_A04,臺灣鄉鎮表中金門縣包含哪些鄉鎮？,臺灣鄉鎮表中金門縣包含「101 金城鎮」、「103 金沙鎮」、「105 金湖鎮」、「107 金寧鄉」、「109 烈嶼鄉」、「111 烏坵鄉」。,權威控制
31724,2022-09-22,31724_A05,是否需要將《莊厝演義》類號由6XX改為7XX？,因《中文圖書分類法》2007年版的臺灣分區表（僅適用於類號733）未細分「金門縣」，故無需將《莊厝演義》類號由6XX改為7XX。,其他
31728,2022-09-26,31728_A01,連續性出版品之新刊名與舊刊名應如何著錄？,連續性出版品之新刊名與舊刊名，以MARC 21編目，可有兩種著錄方法供選擇：(1)以欄位247著錄舊刊名；(2)分別以欄位780及785著錄舊刊名及新刊名。當以1筆書目紀錄代表與某個實體相關的多個題名時，先前的題名以欄位247著錄；當新、舊刊名需分立2筆書目紀錄時，舊刊名與新刊名分別以欄位780及785著錄。,機讀編目格式
31728,2022-09-26,31728_A02,連續性出版品題名前5個字變更應如何處理？,依RDA 2.3.2.13.1所訂，題名前5個字有變更，即屬主要改變，應將新、舊刊分立2筆書目紀錄。例如《經學文獻研究集刊》以前的題名為《傳統中國研究集刊》，即屬主要改變，新、舊刊需分立2筆書目紀錄，故適用分別以欄位780及785著錄的方法。,編目法
31728,2022-09-26,31728_A03,連續性出版品刊期變更應如何著錄？,"連續性出版品若原為年刊、後改為半年刊，以MARC 21著錄時，需以欄位321記載先前的刊期、以欄位310記載現行之刊期。例如：310 ## $a 半年刊 321 ## $a 年刊 或 310 ## $a 半年刊, $b 2016- 321 ## $a 年刊, $b 2006-2015。",機讀編目格式
31728,2022-09-26,31728_A04,出版者名稱變更應如何處理？,出版者名稱變更若屬同一出版者而僅名稱改變，則於該筆書目紀錄內以附註項（MARC 21欄位5XX，可以是欄位500，也可以是欄位550）註明出版者名稱之異動；若確為不同出版者，則可能需視為另一出版品，採另行編目的方式來處理。,機讀編目格式
31728,2022-09-26,31728_A05,出版者名稱變更但屬同一團體應如何處理？,依RDA 2.3.2.13.2所訂，題名中同一團體之名稱改變（例如：同一團體其名稱之增刪重排或不同形式），屬次要改變，不需另立書目紀錄。若出版者名稱變更但屬同一團體，則不需分立書目紀錄，仍於同一筆書目紀錄內處理。,編目法
31733,2022-09-30,31733_A01,MARC 21欄位650的$2「lcstt」代碼代表什麼主題詞表？,欄位650及651之分欄$2「lcstt」代碼係指《中文主題詞表》，該表於2005年出版，所收錄之主題詞皆為單義詞（指單一概念的詞），且不再進行複分。,主題法
31733,2022-09-30,31733_A02,MARC 21欄位650的$2「csht」代碼代表什麼主題詞表？,欄位650及651之分欄$2「csht」代碼係指《中文圖書標題表》，該表於1995年出版，所收錄之標題詞不限單義詞（也可包括複合詞），其後可再進行複分（複分的種類包括地理複分、時代複分、形式複分）。,主題法
31733,2022-09-30,31733_A03,當圖書資源包含多個主題時，MARC 21欄位650的標引方式如何處理？,在編的圖書資源之內容所含括的主題不止一個時，須以重複的6XX欄位分別標引。若加上複分即可充分代表該圖書資源之主題時，就不必以重複的6XX欄位分別標引。,編目法
31733,2022-09-30,31733_A04,《中文主題詞表》與《中文圖書標題表》的使用現況如何？,兩者皆為主題標引之正式規範與工具。然而自2005年《中文主題詞表》正式出版後，由於其簡單、不複雜的特性，使得國內圖書館紛紛改用《中文主題詞表》，目前僅少數圖書館及各館2005年之前編製的書目紀錄內，仍留有《中文圖書標題表》之標題於MARC 21或CMARC之6XX欄位內。,主題法
31734,2022-10-03,31734_A01,側重原則的分類原則為何？,側重原則：以主要或篇幅較多的主題歸類。,編目法
31734,2022-10-03,31734_A02,在前原則的分類原則為何？,在前原則：以第一個主題歸類。,編目法
31734,2022-10-03,31734_A03,從屬原則（或稱涵蓋原則）的分類原則為何？,從屬原則（或稱涵蓋原則）：以較大主題歸類。,編目法
31734,2022-10-03,31734_A04,影響原則的分、類原則為何？,影響原則：以受影響的主題歸類。,權威控制
31734,2022-10-03,31734_A05,應用原則的分類原則為何？,應用原則：以應用的主題歸類。,編目法
31734,2022-10-03,31734_A06,比較原則的分類原則為何？,比較原則：以著者贊同的主題歸類。,編目法
31734,2022-10-03,31734_A07,雙主題作品分類時，若不適用其他原則且B主題篇幅較多應如何處理？,依所述該書情形，其分類上較適用側重原則，因此以B主題歸類，即入類號330。,其他
31734,2022-10-03,31734_A08,雙主題作品分類時，不適用在前原則的條件為何？,不考慮應用原則、也非某一主題影響另一主題、且不是兩個主題之比較的話，由於書中B的篇幅稍微多於A，並不適用在前原則。,其他
31734,2022-10-03,31734_A09,雙主題作品分類時，不適用從屬原則的條件為何？,不考慮應用原則、也非某一主題影響另一主題、且不是兩個主題之比較的話，由於書中B的篇幅稍微多於A，並不適用從屬原則（或稱涵蓋原則）。,其他
31735,2022-10-04,31735_A01,RDA著錄時出版年出現在書名頁是否需加方括號?,RDA著錄時，書名頁為首選著錄來源，其上的出版年於編目著錄時不需要加方括號。,編目法
31735,2022-10-04,31735_A02,RDA著錄時出版年出現在封面或封套是否需加方括號?,RDA著錄時，封面或封套屬於來自資源中的其他著錄來源，其上的出版年於編目著錄時不需要加方括號。,編目法
31735,2022-10-04,31735_A03,RDA著錄時出版年出現在封底是否需加方括號?,RDA未明確提及封底，但基於現代圖書封面與封底連為一體的裝訂特性，封底出現的出版年可比照封面，於著錄時不另加方括號。,編目法
31735,2022-10-04,31735_A04,RDA著錄時哪些情況需要加方括號?,當資料著錄來源係取自RDA 2.2.4所列的其他資料來源（如附隨資料、非隨資源正式發行的包裝盒等）時，於編目著錄時需要加方括號。,編目法
31735,2022-10-04,31735_A05,RDA著錄出版年時的首選來源為何?,RDA著錄出版年時的首選來源為書名頁，若無書名頁則依序以封面或封套、卷端、刊頭、版權頁等作為著錄來源。,編目法
31737,2022-10-09,31737_A01,期刊及視聽資料之分類原則是否與圖書不同？,期刊及視聽資料之分類原則仍依循貴館所採用之圖書分類法，頂多係將中西文圖書資料分採不同之分類法。,其他
31737,2022-10-09,31737_A02,期刊分類時如何處理類號？,期刊分類時，會依該分類法對於期刊（或連續性出版品）有無進一步細分或複分的指示來進行分類處理。,其他
31737,2022-10-09,31737_A03,《美國資訊科學學會臺北學生分會會訊》的類號為何？,若採用《中文圖書分類法》（2007年版），類號為「028.05」，其中「05」來自〈附表一 總論複分表〉之「05 連續性出版品；期刊」。,其他
31737,2022-10-09,31737_A04,《Library journal》的期刊類號為何？,若採用《Library of Congress Classification》，圖書館學與資訊科學期刊之類號為「Z671」，係類表上類號「Z671 Periodicals」。,其他
31737,2022-10-09,31737_A05,期刊與圖書在編目原則上有哪些差異？,期刊相較於圖書，多了卷期項之著錄（即卷期編次與起迄），出版年改為起迄方式、而非單一的出版年，附註項中需加刊期的著錄，標準號碼則著錄ISSN、而非著錄ISBN。,編目法
31737,2022-10-09,31737_A06,視聽資料與圖書在編目原則上有哪些差異？,視聽資料相較於圖書，其著錄來源不同，稽核項之著錄細節不同於圖書，附註項也增加有關系統需求和檔案格式等相關特性之著錄，標準號碼也非ISBN、而是ISRC或商品條碼號等。,編目法
31737,2022-10-09,31737_A07,期刊及視聽資料的特藏符號有哪些？,特藏符號如「P」代表期刊、「AP」代表錄音資料之雷射唱片、「VD」代表錄影資料之影音光碟。,編目法
31737,2022-10-09,31737_A08,有關分類及編目原則的參考資料有哪些？,可參考《中國編目規則》、《AACR2》或《RDA》。亦可參考國家圖書館遠距學園課程（https://cu.ncl.edu.tw/mooc/explorer.php）及編目園地課程（https://catweb.ncl.edu.tw/training/course）。,編目法
31738,2022-10-13,31738_A01,兩人以上之傳記應歸入何類？,凡兩人以上之傳記應歸入總傳，個別人物之傳、記、行述、行狀、碑銘、墓誌、日記、回憶錄等均入分傳。,權威控制
31738,2022-10-13,31738_A02,以敘述或批評個別人物生平事蹟為主旨者歸入何類？,凡以敘述或批評個別人物之生平事蹟為主旨者，亦歸入分傳。,權威控制
31738,2022-10-13,31738_A03,關於個別事件的個人日記或評論如何歸類？,關於個別事件的個人日記或評論，依其學門性質分別歸入各有關部門。,其他
31738,2022-10-13,31738_A04,宗教開祖及宗教界主要人物傳記歸入何類？,宗教開祖及宗教界主要人物傳記收入於各該宗教。,權威控制
31738,2022-10-13,31738_A05,哲學家評傳如何歸類？,哲學家評傳，得隨其著作入各國各時代哲學家之目。,編目法
31738,2022-10-13,31738_A06,學術貢獻偏重的總傳或分傳如何歸類？,其他各科總傳或分傳，如果內容偏重於學術貢獻上，得依實際需要歸入有關學科的歷史目。,編目法
31738,2022-10-13,31738_A07,被傳者具特定學科專長的傳記如何歸類？,被傳者具有特定學科或共同領域之專長：以其專長之學科領域入類，再以〈附表一 總論複分表〉之「099 傳記」複分。例如：《偉大作曲家群像 : 巴哈》一書之類號為「910.9943」，係「910 音樂總論」＋「099 傳記」+「43 德國」（來自〈附摘十 世界區域及分國表〉），並依類表規定，組合後之類號有重複的兩個「0」，可刪除其一而僅保留一個「0」。,編目法
31738,2022-10-13,31738_A08,被傳者不具特定學科專長的傳記如何歸類？,被傳者不具特定學科或共同領域之專長：入類號780至789。例如：《中國當代婦女傳記》一書之類號為「982.228」，係「982.22 中國婦女傳記」＋「8 現代」（來自〈附表二 中國時代表〉）。,其他
31738,2022-10-13,31738_A09,小讀者無法使用電腦檢索時如何處理傳記圖書？,可考量將各類傳記之索書號最前加上特藏代碼「B」代表傳記（Biography）或在書標上貼上特定顏色以示辨識，並設定專區排列此類圖書，以讓小讀者很快可以知道有此標記之這類書皆為傳記，方便瀏覽及取閱。,作者號及輔助區分號
31739,2022-10-24,31739_A01,RDA編目時是否需要於欄位245分欄$h著錄資料類型標示,採用RDA編目時，不需著錄資料類型標示。無論是視聽資料、或電子書、或任何非書資料，只要是採用RDA編目，皆不必於MARC21欄位245分欄$h著錄資料類型標示，取而代之為欄位336、337、338的著錄。,編目法
31739,2022-10-24,31739_A02,RDA編目中欄位336的著錄內容為何,欄位336用以著錄內容類型，例如：$a 平面動態影像 $b tdi $2 rdacontent,編目法
31739,2022-10-24,31739_A03,RDA編目中欄位337的著錄內容為何,欄位3、37用以著錄媒體類型，例如：$a 錄影 $b v $2 rdamedia,編目法
31739,2022-10-24,31739_A04,RDA編目中欄位338的著錄內容為何,欄位338用以著錄載體形式，例如：$a 影碟 $b vd $2 rdacarrier,編目法
31740,2022-10-24,31740_A01,《中文圖書分類法》（2007年版）中臺灣文學的分類位置為何？,《中文圖書分類法》（2007年版）於修訂時，特別把「臺灣文學」自中國文學下析出，並將其編列於亞洲之東方文學類下。,其他
31740,2022-10-24,31740_A02,臺灣兒童文學的中文圖書分類號為何？,「臺灣兒童文學」作品歸入《中文圖書分類法》（2007年版）之類號「863.59」，而不再入「859 中國兒童文學」。,其他
31740,2022-10-24,31740_A03,新進館藏的臺灣兒童文學如何分類？,新進館藏且需進行編目的臺灣兒童文學作品歸入類號「863.59」，不再使用「859」。,其他
31740,2022-10-24,31740_A04,已編目之臺灣兒童文學複本如何處理？,若為先前已完成編目之複本（含成套圖書之續本），則仍維持原有類號「859」，不會特別將類號更改為「863.59」。,其他
31740,2022-10-24,31740_A05,國家圖書館對臺灣兒童文學分類的處理方式為何？,國家圖書館的作法係針對新進館藏且需進行編目的臺灣兒童文學作品歸入類號「863.59」，舊有類號「859」之作品不進行更改。,其他
31740,2022-10-24,31740_A06,未更改類號的臺灣兒童文學作品如何提供查詢？,透過線上目錄的查詢服務，提供及協助資料使用者查找所需及相關資料。,其他
31740,2022-10-24,31740_A07,是否需為臺灣文學預留分類排架空間？,應提高「863 臺灣文學」之分類排架的空間，以因應新近出版之臺灣文學作品的入藏。,其他
31741,2022-10-25,31741_A01,國家圖書館輔助區分號一覽的網址為何？,https://catweb.ncl.edu.tw/announcement/page/30345,作者號及輔助區分號
31741,2022-10-25,31741_A02,索書號由哪些部分組成？,索書號係由特藏號、分類號、作者號（有時會加上種次號、作者區分號或續編號）、版次號、冊次號、複本號等共同組成。,作者號及輔助區分號
31741,2022-10-25,31741_A03,不同作者但作者號相同時，如何區分？,當多個索書號之分類號、作者號相同時，若為不同作者，則會在作者號後加上作者區分號（依序標示:2、:3、:4、:5…），以茲區別同類書不同作者之作品。,作者號及輔助區分號
31741,2022-10-25,31741_A04,同一作者不同作品時，如何區分？,當多個索書號之分類號、作者號相同時，且為同一作者，但是不同作品，此時會在作者號或作者區分號後，加上種次號（依序標示-2、-3、-4、-5…），以茲區別同類書同一作者之不同作品。,作者號及輔助區分號
31741,2022-10-25,31741_A05,各館若已自行訂定輔助區分號，是否仍需變更？,各館若已自行訂定相關之輔助區分號、並應用於其館藏資料上，由於改號耗費人力時間，實無再行變更的必要，故多沿用既定方式。,其他
31743,2022-10-26,31743_A01,MARC 264指標2值為0代表什麼？,"生產（production）指與未出版資源有關之銘文、製作、建構等的敘述（Field contains a statement relating to the inscription, fabrication, construction, etc., of a resource in an unpublished form.）。",編目法
31743,2022-10-26,31743_A02,MARC 264指標2值為1代表什麼？,"出版（publication）指與資源之出版、發布或發行有關的敘述（Field contains a statement relating to the publication, release, or issuing of a resource.）。",編目法
31743,2022-10-26,31743_A03,MARC 264指標2值為2代表什麼？,經銷（distribution）指與資源之經銷有關的敘述（Field contains a statement relating to the distribution of a resource.）。,編目法
31743,2022-10-26,31743_A04,MARC 264指標2值為3代表什麼？,"製造（manufacture）指與已出版形式資源之印製、複製、鑄造等有關的敘述（Field contains a statement relating to the printing, duplicating, casting, etc., of a resource in a published form.）。",編目法
31743,2022-10-26,31743_A05,MARC 264指標2值為4代表什麼？,"版權日期（copyright notice date）指與版權或類似制度下的保護通知相關的日期。版權日期包括錄製日期（即與聲音記錄保護聲明相關的日期）。（Field contains a date associated with a notice of protection under copyright or a similar regime. Copyright dates include phonogram dates (i.e., dates associated with claims of protection for sound recordings).）。",權威控制
31743,2022-10-26,31743_A06,MARC 264指標2值為0的用詞有哪些？,生產（production）：未出版、銘文、製作、建構,編目法
31743,2022-10-26,31743_A07,MARC 264指標2值為1的用詞有哪些？,出版（publication）：出版、發布、發行,編目法
31743,2022-10-26,31743_A08,MARC 264指標2值為2的用詞有哪些？,經銷（distribution）：經銷、代理,機讀編目格式
31743,2022-10-26,31743_A09,MARC 264指標2值為3的用詞有哪些？,製造（manufacture）：製造、印製、複製、鑄造,編目法
31743,2022-10-26,31743_A10,MARC 264指標2值為4的用詞有哪些？,版權日期（copyright notice date）：版權日期（©或copyright）、錄音日期（℗或phonogram）,權威控制
31744,2022-10-27,31744_A01,印刷時遺漏版權頁是否影響ISBN號碼及入藏本館？,紙本印刷時遺漏了版權頁，不會影響已核配之ISBN號碼，也不影響該出版品入藏本館。,其他
31744,2022-10-27,31744_A02,遺漏版權頁時應如何送存國家圖書館？,貴單位於圖書完成出版發行後，仍需依照〈圖書館法〉第15條第2款所訂（https://law.moj.gov.tw/LawClass/LawAll.aspx?PCode=H0010008），將出版品送存國家圖書館。,編目法
31744,2022-10-27,31744_A03,印刷時遺漏版權頁應如何補救？,可如臺端所言，另以小卡或另紙印出版權頁，並粘貼於書後封底前內頁或是書名頁的背面，以便採購此書之圖書館，據以完成編目時有關版本、版次及出版、發行等資訊之著錄。,編目法
31745,2022-10-27,31745_A01,叢書採用單編方式的條件為何？,叢書採用單編方式係因整套圖書各部分作品有明確的個別書名及作者，且整套圖書不同時間出版或入館時，為完整呈現每一個別部分的形式特徵，會為每一個別部分建立1筆書目紀錄。,編目政策與管理
31745,2022-10-27,31745_A02,叢書採用套編方式的條件為何？,叢書採用套編方式係因整套圖書有共同且明確的題名及作者、各部分作品無明確之題均及作者時，且整套圖書同時出版或入館，此時會將整套圖書共同編製1筆書目紀錄。,作者號及輔助區分號
31745,2022-10-27,31745_A03,叢書與套書的主要差異為何？,套書通常指2本或2本以上的書組成一個整體，強調一個整體的概念，少了其中1冊就稱不上完整的1套；叢書則可以是整套購買或分散購買，可能因此在不同時間入藏。,其他
31745,2022-10-27,31745_A04,索書號包含哪些組成元素？,索書號係由特藏號、分類號、作者號（有時會加上種次號、作者區分號或續編號）、版次號、冊次號、複本號等共同組成。,作者號及輔助區分號
31745,2022-10-27,31745_A05,叢書採用單編時如何標示分類號與著者號？,叢書採用單編時，可能使用共同的分類號及著者號，其中分類號以叢書整體主題歸類，著者號取自叢書之編著者或叢書之正題名，各部分則以v.1及v.2或pt.1及pt.2標示。,作者號及輔助區分號
31745,2022-10-27,31745_A06,哪些類型的套書通常採用套編方式？,百科全書、字辭典、年鑑、名錄等套書的處理原則多採套編方式。,編目政策與管理
31745,2022-10-27,31745_A07,種次號在索書號中的作用為何？,種次號即所謂作品號，為索書號的組成元素之一，用以標示叢書各部分的序列。,作者號及輔助區分號
31745,2022-10-27,31745_A08,冊次號與著者號的關係為何？,冊次號與著者號均為索書號的組成元素，二者應分別標示於索書號內，且有其標示順序，著者號不屬於冊次號，冊次號也不是著者號。,作者號及輔助區分號
31747,2022-10-29,31747_A01,中文圖書與西文圖書的版權頁位置有何不同?,中文圖書多半印於封底內頁，西文圖書則多印於書名頁的背面（或反面）。,編目法
31747,2022-10-29,31747_A02,封面或封底標示的版次是否會出現在ISBN/CIP書目資料中?,若貴單之出版品將版次標示於封面或封底，其版次資訊即無法出現於ISBN/CIP書目資料上。,其他
31747,2022-10-29,31747_A03,政府出版品基本形制是否要求版次必須記載於版權頁?,〈政府出版品基本形制注意事項〉第三條第（四）款明訂版權頁應包含版（刷）次，封面及封底上的資訊並未包括版次。,其他
31747,2022-10-29,31747_A04,教育部政府出版品基本形制是否要求版次必須記載於版權頁?,〈教育部政府出版品基本形制（圖書）〉亦同，版權頁應記載的書目資料即包括版次。,編目法
31760,2022-11-11,31760_A01,點讀版圖書的版本項應如何著錄？,點讀版圖書於編目時，版本項（欄位250）仍著錄該書之版本或版次（例如：「初版」、「再版」、「修訂版」）。,編目法
31760,2022-11-11,31760_A02,點讀版圖書是否需於附註項註明「點讀版」？,書名或集叢名中已出現「點讀」字樣時，編目員無需另外增加欄位500有關點讀版之附註資訊。,其他
31760,2022-11-11,31760_A03,點讀版圖書是否需加入特藏代碼？,本館並未對於點讀版圖書在索書號中加上特藏代碼，僅於附註項中註明其為「點讀版」。,作者號及輔助區分號
31760,2022-11-11,31760_A04,點讀版圖書特藏代碼命名建議？,可取點讀筆英文簡稱如「RP」代表reading pen，或「AP」代表audio pen，或「RS」代表reading system，但需避免與現有特藏代碼重複且易記憶。,作者號及輔助區分號
31767,2022-11-15,31767_A01,依據《中國編目規則》（第三版）高廣尺寸的零數如何處理？,依據《中國編目規則》（第三版）2.5.3.1規定「一書之高廣應以其封面之長寬為準，按公分量度而記載之，其零數作一公分計」。,編目法
31767,2022-11-15,31767_A02,依據RDA規則高廣尺寸的處理方式為何？,依據《資源描述與檢索》（RDA）3.5.1.3規定「除非另有說明，否則尺寸均以公分向上取整數，並以公制符號『公分』（cm）來著錄（例如：若高為17.2公分，則著錄『18公分』）」。,編目法
31767,2022-11-15,31767_A03,RDA規則中高廣尺寸低於10公分時如何處理？,依據RDA 3.5.1.4.14規定「著錄單冊的高度，若其高度少於10公分，則改以公制符號『公釐』（mm）著錄之」（例如：『75公釐』，西文RDA編目則為『75 mm』）。,編目法
31767,2022-11-15,31767_A04,圖書高廣尺寸不足一公分時如何處理？,基於《中國編目規則》與RDA規則之規定，編目時圖書之高廣尺寸不足一公分者，皆無條件進位，即零數以一公分計。,編目法
31769,2022-11-15,31769_A01,套書編目中「單編」與「套編」的定義為何？,「單編」係針對整套圖書資料之個別部分（各單冊）建置單筆書目紀錄，因各部分題名、作者等資料不同而各自建立1筆書目紀錄。「套編」則指整套圖書有明顯的共同題名、無各部分（或單冊）的題名、且有共同著者（編者），將整套圖書共同編製1筆書目紀錄，並將各部分（或單冊）圖書單件的條碼號輸入在該筆書目紀錄下的特定欄位或館藏資料內。,編目法
31769,2022-11-15,31769_A02,套書編目中「單編」與「套編」的適用時機為何？,「單編」適用時機為整套圖書各部分作品有明確的個別書名及作者，整套圖書不同時間出版或入館。「套編」適用時機為整套圖書有共同且明確的題名及作者、各部分作品無明確之題名及作者時，且整套圖書同時出版或入館。,編目法
31769,2022-11-15,31769_A03,套書編目中「套編」的處理方式為何？,當「套書」有明顯的共同題名、無各部分（或單冊）的題名、且有共同著者（編者），則採用「套編」方式處理，僅建立1筆書目，並以套書之主題給予分類號，以創作者（或第一位創作者，當創作者不止一位時）、或以套書之正題名或貢獻者（當該套書無創作者、僅有貢獻者時）取著者號，各冊則以v.1及v.2標示。,作者號及輔助區分號
31769,2022-11-15,31769_A04,套書編目中「單編」的處理方式為何？,當「套書」除了有共同題名外，各部分（或單冊）另有題名、且有個別之著者（編者），宜採「單編」方式處理，共建立4筆書目。其排架方式可分為分別排架及整套排架。,其他
31769,2022-11-15,31769_A05,套書採「單編」且個別排架時，索書號標示方式為何？,套書採「單編」且個別排架時，各冊之索書號標示舉例如下：859.9 8589 863.2 8965 941.4 8274 857.7 8455。,作者號及輔助區分號
31769,2022-11-15,31769_A06,套書採「套編」時，索書號標示方式為何？,當「套書」有明顯的共同題名、無各部分（或單冊）的題名、且有共同著者（編者），則採用「套編」方式處理，套書各冊之索書號標示如下：857.7 8455 v.1 857.7 8455 v.2 857.7 8455 v.3 857.7 8455 v.4。,作者號及輔助區分號
31769,2022-11-15,31769_A07,套書與叢書的差異為何？,「套書」通常指2本或2本以上的書組成一個整體，強調一個整體的概念。如上、下冊加起來是一個整體，第1冊至第10冊加起來亦是一個整體，少了其中1冊就稱不上完整的1套。,其他
31769,2022-11-15,31769_A08,百科全書、字辭典、年鑑、名錄等套書的處理原則為何？,百科全書、字辭典、年鑑、名錄等套書的處理原則多採「套編」方式。,編目法
31769,2022-11-15,31769_A09,套書採「單編」後，排架方式分為幾種？,套書採「單編」後，其排架方式可分為分別排架及整套排架。,編目政策與管理
31769,2022-11-15,31769_A10,套書採「單編」且個別排架時，分類號與著者號的處理方式為何？,套書採「單編」且個別排架時，各筆書目以該部分（或單冊）之主題給予分類號，以該部分之創作者（或第一位創作者，當創作者不止一位時）、或以該部分之正題名或貢獻者（當該部分無創作者、僅有貢獻者時）取著者號，各冊不再以v.1及v.2標示。,作者號及輔助區分號
31769,2022-11-15,31769_A11,套書採「單編」且整套排架時，分類號與著者號的處理方式為何？,套書採「單編」且整套排架時，各筆書目之分類號、著者號、各冊標示的處理，同「套編」之分類號、著者號、各冊標示的處理。,編目政策與管理
31770,2022-11-15,31770_A01,「單編」與「套編」在圖書編目中的定義為何？,「單編」係針對整套圖書資料之個別部分（各單冊）建置單筆書目紀錄。可能由於整套圖書資料每一個別部分的題名、作者、稽核項、附件等資料不同，為完整而詳細呈現每一個別部分的形式特徵，因而採行為每一個別部分各自建立1筆書目紀錄。「套編」則指整套圖書有明顯的共同題名、無各部分（或單冊）的題名、且有共同著者（編者），才會將整套圖書共同編製1筆書目紀錄，並將各部分（或單冊）圖書單件的條碼號輸入在該筆書目紀錄下的特定欄位或館藏資料內。,作者號及輔助區分號
31770,2022-11-15,31770_A02,「套書」與「叢書」的差異為何？,「套書」通常指2本或2本以上的書組成一個整體，強調一個整體的概念。如上、下冊加起來是一個整體，第1冊至第10冊加起來亦是一個整體，少了其中1冊就稱不上完整的1套。而「叢書」則可能指多冊書以主題或系列形式組合，但未必強調整體性。,其他
31770,2022-11-15,31770_A05,「套書」採用「套編」時，分類號與著者號如何處理？,以套書之主題給予分類號，以創作者（或第一位創作者，當創作者不止一位時）、或以套書之正題名或貢獻者（當該套書無創作者、僅有貢獻者時）取著者號（有些圖書館以套書之正題名取著者號，有些圖書館會以貢獻者取著者號）。,作者號及輔助區分號
31770,2022-11-15,31770_A06,「單編」後，採用分別排架方式時，分類號與著者號如何處理？,各筆書目以該部分（或單冊）之主題給予分類號，以該部分之創作者（或第一位創作者，當創作者不止一位時）、或以該部分之正題名或貢獻者（當該部分無創作者、僅有貢獻者時）取著者號（有些圖書館以該部分之正題名取著者號，有些圖書館會以該部分之貢獻者取著者號），各冊不再以v.1及v.2標示。,作者號及輔助區分號
31770,2022-11-15,31770_A08,《一張通往改變的車票》套書的索書號標示方式為何？,以《中文圖書分類法》（2007年版）及「首尾五筆著者號」，其含分類號、著者號等之索書號標示如下：第1冊索書號為「557.2 8246」，第2冊為「992.2 8446」，第3冊為「557.2633 8427」，第4冊為「557.26339 8856」。以上索書號僅提供參考，實際編目需視圖書館館藏索書號是否重號、是否需進一步區分著者號及作品號，或是否需加入版次年代號等。,作者號及輔助區分號
31772,2022-11-16,31772_A01,圖書再版未重新申請ISBN時，MARC 21欄位020應如何著錄？,圖書已再版但未重新申請ISBN，新書編目時若確認書上ISBN為舊版，於欄位020仍需著錄，採用分欄$z（指取消或無效的ISBN）、不採用分欄$a，著錄範例如：020 ## $z 9789862162996 $q (平裝) : $c NT$600,編目法
31772,2022-11-16,31772_A02,圖書再版未申請ISBN時，是否需要著錄欄位020？,若書上無ISBN，或經查詢確認未申請ISBN，則不需著錄欄位020。例如2022年全新增訂版第4版若未申請ISBN，則不需著錄欄位020。,編目法
31772,2022-11-16,31772_A03,圖書再版有舊版ISBN時，欄位020應如何著錄？,若書上有ISBN但經查詢確認為舊版ISBN（如978-986-479-530-7），則2022年全新增訂版第4版之書目紀錄欄位020著錄為：020 ## $z 9789864795307 $q (平裝) : $c NT$600,編目法
31772,2022-11-16,31772_A04,索書號年代號的用途為何？,年代號於索書號中的功用是作為同一出版品之不同版本或版次的區別，以避免同一出版品各個版本或版次共用同一索書號。,作者號及輔助區分號
31772,2022-11-16,31772_A05,書標未列印年代號可能的原因有哪些？,可能原因包括：系統上無該項資料可輸入的欄位、書標有高度及寬度的限制、書標列印程式無法擷取該項資料、或自早期即未考慮或漏了該項資料的建立。,其他
31773,2022-11-19,31773_A01,如何查詢圖書的分類號？,可透過「全國圖書書目資訊網」（NBINet）以書名、著者、國際標準號碼（ISBN）等查詢是否有其他圖書館完成編目的書目紀錄。若有，即可參考該館的「索書號」（內含分類號），並核對貴館採用的分類法（例如《中文圖書分類法》（2007年版））以確定分類號是否符合該書內容主題。,其他
31773,2022-11-19,31773_A02,NBINet內的書目紀錄是否均採用《中文圖書分類法》（2007年版）？,NBINet內的書目紀錄少部分並非採用《中文圖書分類法》（2007年版），建議務必將所查得的參考類號與貴館採用的分類法核對並確定無誤後再行使用。,其他
31773,2022-11-19,31773_A03,無法查看原書內容時是否能直接給予分類號？,在未能查看到原書內容的情況下，目前無法單以題名給予分類號，以免有所誤失，建議視其圖書內容主題及依據圖書分類原則，擇定適宜之分類號。,其他
31773,2022-11-19,31773_A04,《你的大學升不升：大學四年，你想成為什麼樣的人呢？》的分類號為何？,參考分類號：525,其他
31773,2022-11-19,31773_A05,《知心安學：澳門培正中學的科學教育》的分類號為何？,參考分類號：524.46,編目法
31773,2022-11-19,31773_A06,《逆權教師》的分類號為何？,參考分類號：524.07,作者號及輔助區分號
31773,2022-11-19,31773_A07,《西遊記：中國人的文學夢想》的分類號為何？,參考分類號：857.47,其他
31773,2022-11-19,31773_A08,《Office 2019 Excel╳Word職場升呢實戰技》的分類號為何？,參考分類號：312.49O4,權威控制
31773,2022-11-19,31773_A09,《PowerPoint職場實用美感精彩簡報設計天書》的分類號為何？,參考分類號：312.49P65,其他
31773,2022-11-19,31773_A10,《走走臺灣：露營趣》的分類號為何？,參考分類號：992.78或733.6（說明：仍請視實際內容，若以露營為主，則分類號為992.78；若以臺灣名勝古蹟旅遊為主，則分類號為733.6）,其他
31773,2022-11-19,31773_A11,《重塑IT：應用互聯網如何改變CIO的角色》的分類號為何？,參考分類號：484.6,其他
31773,2022-11-19,31773_A12,哪些圖書因未入藏或編目而無法提供分類號？,第1、3、4、5、8、9筆圖書為澳門出版，目前國內可能尚未有圖書館入藏或編目，因此無法提供分類號。,其他
31773,2022-11-19,31773_A13,需查看原書內容才能確定分類號的圖書有哪些？,第2筆圖書需查看原書內容，方能確定其分類號。若內容為散文，依《中文圖書分類法》（2007年版），類號為855。,其他
31776,2022-11-23,31776_A01,套書的外在型式包含哪些特徵？,套書的外在型式指具有相同之尺寸裝訂、封面設計、相同題名（例如：集叢名或套書之共同題名），有些並有盛裝盒盛裝或以封套包裹，以便整套銷售和陳列。,分類法
31776,2022-11-23,31776_A02,套書的內涵性質包含哪些特徵？,套書的內涵性質指通常由內容連貫、或主題相關、或體裁特定、或相同著者之作品等特性，所組成之具有整體內涵而成。,主題法
31776,2022-11-23,31776_A03,相同書名但出版社與編輯群不同是否符合套書定義？,由於這類圖書其出版社與編輯群並不相同，即不符合套書之廣泛定義，加上無叢書名，猜想亦無套書之共同題名，推測各書之尺寸裝訂與封面也不盡一致，這種情況即使書名相同，實則並不適合採用套書套編的處理方式。,其他
31776,2022-11-23,31776_A04,相同書名但出版社與編輯群不同時應如何處理？,仍須以一般圖書分類編目原則分別建立書目紀錄及給予主題詞、分類號和著者號（著者號以著者而非書名來取號）。,作者號及輔助區分號
31776,2022-11-23,31776_A05,同一作品之不同版本應如何處理？,若為同一作品之不同版本（指相同著者、相同題名且相同出版者，但是版次不同，版本更新即屬此一情況），仍需另立書目，為節省編目時間，建議可利用抄錄編目方式（例如：使用貴館圖書館自動化系統複製紀錄的功能）快速另外新增1筆書目紀錄。,編目政策與管理
31782,2022-11-28,31782_A01,莎士比亞著作改寫本若保持原作文體且篇幅改動較小，應如何分類？,隨原作品分類。範例如下：《莎士比亞故事集精選》查理.蘭姆改寫，分入類號：873.57。,編目法
31782,2022-11-28,31782_A02,莎士比亞著作改寫本若為特定對象（如兒童）編寫，應如何分類？,依原作者分入該國兒童文學類下。範例如下：《羅密歐與茱麗葉》林黛玉改寫，分入類號：873.59。,編目政策與管理
31782,2022-11-28,31782_A03,莎士比亞著作改寫本若從一種文體改為另一種文體，應如何分類？,屬再創作之作品，依新作品進行分類編目。範例如下：《莎士比亞故事集》 successfully改寫，分入類號：873.57。,其他
31783,2022-11-29,31783_A01,文學作品的第2克特號如何取？,以國會圖書館分類法（LCC）為文學作家的文學作品進行分類時，無論是原文或翻譯作品，原則上會以原文書名取第2克特號。,作者號及輔助區分號
31783,2022-11-29,31783_A02,翻譯作品如何進行語言複分？,翻譯作品需依「Library of Congress Classification and Shelflisting Manual」（LC CSM）的文件G150進行語言複分，可參考網址：https://www.loc.gov/aba/publications/FreeCSM/G150.pdf。,編目法
31783,2022-11-29,31783_A03,西班牙文翻譯作品的分類號為何？,西班牙文翻譯作品的分類號為PQ8180 0.17 .A73 C6812。,作者號及輔助區分號
31783,2022-11-29,31783_A04,阿拉伯文翻譯作品的分類號為何？,阿拉伯文翻譯作品的分類號為PQ8180 0.17 .A73 C6813。,作者號及輔助區分號
31783,2022-11-29,31783_A05,英文翻譯作品的分類號為何？,英文翻譯作品的分類號為PQ8180 0.17 .A73 C6813。,作者號及輔助區分號
31783,2022-11-29,31783_A06,法文翻譯作品的分類號為何？,法文翻譯作品的分類號為PQ8180 0.17 .A73 C6814。,作者號及輔助區分號
31783,2022-11-29,31783_A07,德文翻譯作品的分類號為何？,德文翻譯作品的分類號為PQ8180 0.17 .A73 C6815。,作者號及輔助區分號
31783,2022-11-29,31783_A08,希臘文翻譯作品的分類號為何？,希臘文翻譯作品的分類號為PQ8180 0.17 .A73 C68153。,作者號及輔助區分號
31783,2022-11-29,31783_A09,義大利文翻譯作品的分類號為何？,義大利文翻譯作品的分類號為PQ8180 0.17 .A73 C6816。,作者號及輔助區分號
31783,2022-11-29,31783_A10,分類號取號是否需考量館藏排序政策？,第2克特號取號可能需依各館實際的Shelflisting做調整，建議參考上述原則並衡量貴館館藏實際排序情形或政策。,其他
31786,2022-11-30,31786_A01,MARC 21欄位066的用途為何？,MARC 21書目及權威格式中所定義之欄位066，係著錄字集之欄位。當紀錄內容出現中、日、韓文之文字時，為利國外的辨識，會於該紀錄內著錄欄位066。,機讀編目格式
31786,2022-11-30,31786_A02,MARC 21欄位066的指標1及指標2有何特點？,欄位066指標1及指標2之值，皆為空白，表「未定義」。,機讀編目格式
31786,2022-11-30,31786_A03,MARC 21欄位066包含哪些分欄？,欄位066含3個分欄，即分欄$a、分欄$b、分欄$c。分欄$a為主要的G0字集（Primary G0 character set）；分欄$b，為主要的G1字集（Primary G1 character set）；分欄$c為G0或G1其他字集（Alternate G0 or G1 character set）。,機讀編目格式
31786,2022-11-30,31786_A04,MARC 21欄位066的分欄$a、$b、$c分別代表什麼？,分欄$a為主要的G0字集（Primary G0 character set）；分欄$b，為主要的G1字集（Primary G1 character set）；分欄$c為G0或G1其他字集（Alternate G0 or G1 character set）。,機讀編目格式
31786,2022-11-30,31786_A05,RDA編目時，MARC 21欄位264分欄$b的出版者應如何著錄？,RDA著錄的精神為「照錄」，依RDA 2.8.1.4規定「記錄出版資源等的出版敘述時，應照錄著錄來源上的出版地及出版者」。當資源上出現的出版者名稱為全稱時，則欄位264分欄$b著錄全稱；當資源上出現的出版者名稱為簡稱時，則欄位264分欄$b著錄簡稱。,編目法
31786,2022-11-30,31786_A06,書目紀錄中欄位066出現「贈書」資訊應如何處理？,書目紀錄內有時欄位066會出現「贈書」資訊，有可能是該單位自行定義及著錄的資訊，建議或可將此類資訊著錄於欄位541採訪直接來源註（Immediate Source of Acquisition Note）。,編目法
31788,2022-12-02,31788_A01,同一作品不同版本或版次是否需另行編目？,書目編製主要係以不同版本或不同版次作為是否另行編目之判斷，即對於同一作品之不同版本（例如：由不同出版社出版）或不同版次（例如：由同一家出版社出版，但製版不同而形成版本或版次之差異）需要分開編目。,編目法
31788,2022-12-02,31788_A02,精裝與平裝同作品不同裝訂是否需另立書目？,依ISBN給號原則為同一書之不同裝訂（精裝與平裝），會是給予不同的ISBN。,編目法
31788,2022-12-02,31788_A03,字體排版差異是否需另立書目？,因字體排版造成頁面有所差異，故正確做法實應另行編目。,其他
31788,2022-12-02,31788_A04,新增頁數是否需另立書目？,新增1頁英文摘要，故正確做法實應另行編目。,其他
31788,2022-12-02,31788_A05,主編者不同是否需另立書目？,主編者少一人，故正確做法實應另行編目。,其他
31788,2022-12-02,31788_A06,發行及經銷單位不同是否需另立書目？,發行及經銷單位有所不同，故正確做法實應另行編目。,其他
31788,2022-12-02,31788_A07,同一ISBN用於不同裝訂版本是否需註明錯誤？,若確定該ISBN為初版精裝之ISBN，則於初版二刷另行編目時，應將ISBN 9578622228著錄於MARC 21欄位020分欄$z，代表取消或錯誤之ISBN。,編目法
31788,2022-12-02,31788_A08,實際操作中如何處理不同版次編目？,"目前各圖書館編目人力普遍不足的情況下，加以出版社已自行標示為初版二刷，故多以正文內容沒有改變而將之與初版共同編製1筆書目，僅於MARC 21欄位500附註項註明「c.2為民91年初版二刷, 主編者改為OＯＯ」。",機讀編目格式
31789,2022-12-02,31789_A01,版權頁漏印CST主題詞應如何處理？,Cherry，您好： 有關圖書印製時，版權頁之CIP漏了中文主題詞（CST），若可行的話，或可考慮以勘誤表方式附在已經印刷完成之圖書中。以上建議提供參考。 國家圖書館 館藏發展及書目管理組 敬覆,主題法
31791,2022-12-07,31791_A01,會計審計法規應歸入《中文圖書分類法》（2007年版）的哪個類號？,會計審計法規應視主題內容歸類於「495.2」、「564.2」或「566.8」。,主題法
31791,2022-12-07,31791_A02,《中文圖書分類法》（2007年版）中「495.2」類號適用於哪些法規？,「495.2」為商業經營之會計準則，其會計法規入此。,其他
31791,2022-12-07,31791_A03,《中文圖書分類法》（2007年版）中「564.2」類號適用於哪些法規？,「5.64.2」為公共財務行政之法規，包括公共財政之法規及與公共財政之預算法、決算法與收支等相關之法規入此。,其他
31791,2022-12-07,31791_A04,《政府采购法》在《中文圖書分類法》（2007年版）中歸入哪個類號？,〈政府採購法〉則入類號「564.72023」。,主題法
31791,2022-12-07,31791_A05,《中文圖書分類法》（2007年版）中「566.8」類號適用於哪些法規？,「566.8」屬地方財政之會計與審計，若為地方財政之會計審計法規入類號「566.8023」。,主題法
31791,2022-12-07,31791_A06,《中文圖書分類法》（2007年版）類號末尾的「023」代表什麼意義？,最末之「023」係取自《中文圖書分類法》（2007年版）〈附表一 總論複分表〉之「023」，代表複分「法規」。,分類法
31792,2022-12-07,31792_A01,沒有申請ISBN的私人著作圖書是否需要進行分類與編目？,沒有申請ISBN的私人著作等圖書，若為圖書館所入藏，仍需進行分類、編目、與上架。,其他
31792,2022-12-07,31792_A02,沒有申請ISBN的私人著作圖書進行分類與編目的目的為何？,為提供圖書資料在線上目錄之查詢服務，並方便館員整理與上架，以及讀者的瀏覽及借閱。,其他
31793,2022-12-08,31793_A01,RDA 2.4.1.5條文對於多人合著的處理方式為何？,著者不只一個個人、家族或團體的著者名稱敘述作為單一敘述，不論其是否執行相同或不同之職責。該條文下同時立有一選擇性省略之方案，供圖書館及資料單位參考。,其他
31793,2022-12-08,31793_A02,RDA選擇性省略方案的條件為何？,若相同職責之單一著者名稱敘述超過3個個人、家族或團體，除第一個外，可省略其他著者名稱敘述，另以編目機構建立資料之首選語文，概述省略的資訊，並指明此一資訊係取自資源本身以外的來源。,編目法
31793,2022-12-08,31793_A03,RDA編目時多人合著的著錄方式有幾種？,採RDA編目時，若遇圖書資料為多人合著之情形，MARC 21欄位245分欄$c之著錄，依前述RDA條文之規定及其選擇性省略方案，可以有兩種著錄方式。第一種方式是把所有著者（含合著者）依其在資源上出現之順序，依序皆予著錄；第二種方式則著錄為「XXX[及其他XX位]著」（即僅著錄第一個、並加上及其他幾位著）。,編目法
31793,2022-12-08,31793_A04,RDA多人合著採第一種著錄方式時，檢索款目應如何建立？,實務上最理想的處理作法是將出現於MARC 21欄位245分欄$c之個人、家族或團體名稱，逐一建立檢索款目（第一個以欄位1XX建立，其餘以欄位7XX建立）。,編目法
31793,2022-12-08,31793_A05,RDA多人合著採第二種著錄方式時，檢索款目應如何建立？,由於MARC 21欄位245分欄$c僅保留首位著者、省略其餘著者之著錄，因此該首位著者需以欄位1XX建立檢索款目，其餘則無需再建立檢索款目。,編目法
31793,2022-12-08,31793_A06,《新編護理學導論》(ISBN 9789863627531)的書目處理方式為何？,該書目於編目時漏了欄位100及700，現已就首位著者以欄位1XX建立檢索款目，其餘著者以欄位7XX建立檢索款目，書目內容補正資訊詳本館該筆書目（https://aleweb.ncl.edu.tw/F/4T8CUT747N3X9NM2R8QIK3BRHM6LKDN9RSHYH4TSG4SU...）。,其他
31794,2022-12-08,31794_A01,MARC 21欄位100及700之分欄$c用於何種狀況？,MARC 21欄位100及700之分欄$c為頭銜及其他修飾語，適用於包括：代表階級、官階、皇室、貴族等（例如：爵士（Sir））；頭銜稱呼（例如：夫人（Mrs.））；學術學位（例如：博士（Ph.D.））或組織會員；完整姓名中用以表現關係的文字（例如：Jr.、Sr.、II.、III.，以及其他與名字相關的詞語，例如：clockmaker、Saint）等。,機讀編目格式
31794,2022-12-08,31794_A02,MARC 21欄位100及700之分欄$q用於何種狀況？,"MARC 21欄位100及700之分欄$q全稱，用來指明欄位100及700之分欄$a為外文人名中名字有縮寫時之全稱。例如：100 1# $a Gresham, G. A. $q (Geoffrey Austin)",機讀編目格式
31794,2022-12-08,31794_A03,中譯作品之原作者的原文名應著錄於MARC 21哪個欄位？,中譯作品之原作者的原文名應著錄於MARC 21欄位100及700之分欄$c，用以區別不同作者的原文名但當姓氏譯為中文時中文姓氏相同者（指欄位100及700之分欄$a）。,機讀編目格式
31794,2022-12-08,31794_A04,中譯作品是否需在欄位700著錄原作者的原文名？,對於中譯作品，於編目時採用原作者之中譯名著錄於MARC 21欄位100及700之分欄$a時，仍應將其原文名再次著錄於欄位700，以方便讀者以著者原文名查詢相關資料。,機讀編目格式
31794,2022-12-08,31794_A05,MARC 21欄位336、337、338的$a應使用中譯嗎？,「NBINet中文RDA編目MARC21著錄原則」已敘明採用中文RDA編目時，有關欄位336、337、338採中譯詞彙；若國圖RDA未提供中譯者，暫以英文著錄，日後批次替換為中文；若RDA未定義者則暫不著錄。,編目法
31794,2022-12-08,31794_A06,RDA未定義的詞彙應如何處理？,「NBINet中文RDA編目MARC21著錄原則」已載明「若RDA未定義則暫不著錄」。國圖「RDA重要中文詞彙用語」係根據RDA的詞彙進行中譯，RDA未定義的詞彙，目前於國圖「RDA重要中文詞彙用語」中不會出現。,編目法
31794,2022-12-08,31794_A07,「多人合著」作品之「多人」定義為何？,「多人合著」作品之「多人」，係指兩人或兩人以上，而非各館自行制訂。,編目政策與管理
31794,2022-12-08,31794_A08,「NBINet中文RDA編目MARC21著錄原則」會持續更新嗎？,會。本館書目資訊中心將持續制定相關RDA編目規則，減少合作館編目分歧，以利合作館抄錄編目。,編目法
31798,2022-12-19,31798_A01,本館圖書資料是否提供外借服務？,本館圖書資料僅限館內閱覽、不提供外借服務。,其他
31798,2022-12-19,31798_A02,書籍外借時顯示查無登錄號應如何處理？,請逕洽本館總服務台（電話:02-23619132轉213）以獲取進一步協助。,其他
31798,2022-12-19,31798_A03,若查詢為他館館藏目錄應如何處理？,請洽該館圖書借閱服務台（洽詢電話請自行上網查詢）以獲取進一步協助。,其他
31807,2022-12-27,31807_A01,如何查詢2冊套書的館藏目錄與網路書目資訊？,可查詢本館館藏目錄（https://aleweb.ncl.edu.tw/F）及全國圖書書目資訊網（http://nbinet3.ncl.edu.tw/screens/opacmenu_cht.html），以確認書目是否存在。,其他
31807,2022-12-27,31807_A02,2冊套書若屬同一系列但為單獨出版品，應如何處理？,應分別建立2筆書目紀錄，於MARC 21書目紀錄內著錄245、490、830欄位，並分別記載各冊書目資訊。,機讀編目格式
31807,2022-12-27,31807_A03,2020年版套書若館藏已存在2019年版，應如何編目？,2020年版套書所含2種仍應分別編目，因原2019年版已分別建立書目紀錄。,編目政策與管理
31807,2022-12-27,31807_A04,無先前版本時，2020年版套書應如何處理？,若圖書或盛裝盒無共同題名《臺灣踏查記》，應編製為2筆書目紀錄；若有共同題名，則以整套共同題名編製1筆書目。,其他
31807,2022-12-27,31807_A05,如何利用MARC 21欄位記載套書冊數及各冊題名？,使用欄位300稽核項記載冊數與媒體類型，欄位505內容註說明各冊題名，並於欄位740附加款目記載各冊書目。,機讀編目格式
31807,2022-12-27,31807_A06,套書編目時應著錄哪些MARC 21欄位？,應著錄245（書名）、490（系列名）、830（系列號）、300（稽核項）、505（內容註）、740（附加款目）等欄位。,機讀編目格式
31807,2022-12-27,31807_A07,套書編目時如何處理無共同題名的情況？,應將套書編製為2筆書目紀錄，並於MARC 21書目紀錄中分別著錄各冊書目資訊。,編目法
31807,2022-12-27,31807_A08,套書編目時如何利用共同題名整合為1筆書目？,以共同題名《臺灣踏查記》建立1筆書目，並利用欄位300、505、740記載套書冊數及各冊書目資訊。,機讀編目格式
31807,2022-12-27,31807_A09,套書編目時如何區分單獨出版品與套書？,若圖書館館藏已存在2019年版，則2020年版套書所含2種仍應分別編目；若無先前版本，則依是否有共同題名決定編目方式。,編目政策與管理
31812,2023-01-04,31812_A01,期刊是否會為每個卷期單獨編製書目紀錄？,通常不會以一刊之各個卷期單獨編製1筆書目紀錄，這樣相當耗費人力與時間。,編目政策與管理
31812,2023-01-04,31812_A02,期刊卷期數眾多導致載入速度變慢的原因有哪些？,屬系統效能或記憶體容量問題，可能與Server端主機及Client端電腦之CPU或記憶體空間有關。,其他
31812,2023-01-04,31812_A03,系統老旧是否會影響期刊主檔載入速度？,若圖書館自動化系統已甚老舊，可能因書目筆數過多或1筆書目紀錄下之館藏資料眾多，導致載入速度變慢。,其他
31812,2023-01-04,31812_A04,期刊卷期數眾多導致載入速度變慢的解決方式為何？,需透過系統單位或系統廠商的協助，方可獲得問題之解決或改善。,其他
31813,2023-01-07,31813_A01,MARC 21中分欄$w的用途為何？,MARC 21中的連結款目分欄$w並非必備分欄，可選擇性著錄（Optional），用以著錄與該欄位所描述之書目資源有關的書目紀錄系統控制號。,機讀編目格式
31813,2023-01-07,31813_A02,哪些欄位會使用分欄$w進行著錄？,分欄$w會出現在連結款目欄位760至787，以及集叢款目欄位800、810、811、830等。,機讀編目格式
31813,2023-01-07,31813_A03,分欄$w的著錄格式為何？,分欄$w著錄時，圓括號中著錄編目機構的MARC代碼，其後接著相關書目紀錄的系統控制號。,機讀編目格式
31813,2023-01-07,31813_A04,OCLC WorldCat中分欄$w的著錄內容包含哪些機構？,在OCLC WorldCat中，分欄$w會著錄美國國會圖書館（LC）、OCLC、其他國家圖書館的書目紀錄系統號。,其他
31813,2023-01-07,31813_A05,同時有多個書目資料庫來源時，分欄$w的著錄方式為何？,如果同時有多個書目資料庫來源都有相關書目紀錄，可使用重複的分欄$摘做著錄。,編目法
31813,2023-01-07,31813_A06,西文編目實務中對書目來源的欄位資料處理原則為何？,原則上會保留來源書目的欄位資料，但各館可依自身書目服務需求制定政策。,編目政策與管理
31820,2023-01-19,31820_A01,翻譯作品於欄位100分欄$a著錄原作者中譯姓氏或中譯姓名時，欄位700分欄$a應如何著錄？,翻譯作品若採用將原作者優先以中譯姓氏或中譯姓名著錄於欄位100分欄$a，則於欄位700分欄$a著錄作者原名。,編目法
31820,2023-01-19,31820_A02,欄位700分欄$e著錄職責時應使用何種詞彙？,欄位700分欄$a係著錄作者原名，該欄位700視為西文檢索款目，其分欄$e應配合分欄$a，於分欄$e著錄職責時，採用RDA原文詞彙，而非RDA中譯詞彙。,編目法
31820,2023-01-19,31820_A03,欄位100分欄$e著錄職責時應使用何種詞彙？,欄位100分欄$a著錄原作者中譯姓氏或中譯姓名，該欄位100視為中文檢索款目，其分欄$e應配合分欄$a，於分欄$e著錄職責時，採用RDA中譯詞彙，而非RDA原文詞彙。,編目法
31820,2023-01-19,31820_A04,翻譯作品欄位100與700的著錄範例為何？,"著錄範例如下：100 1# $a 向達倫 $c (Shan, Darren), $e文字作者 700 1# $a Shan, Darren, $e author.",編目法
31822,2023-01-30,31822_A01,資訊組織諮詢服務的主要用途為何？,資訊組織諮詢服務係為服務圖書館同道有關資訊組織業務之經驗交流。,其他
31822,2023-01-30,31822_A02,《資訊組織》一書的自我評量問題應如何處理？,學習者若無法立即知道正確答案，建議自書中該章節或前後章節尋找相關線索，而非透過本園地來答覆，以免有失該書著者於書中訂立自我評量的用意。,其他
31823,2023-01-31,31823_A01,翻譯作品若有2位以上的原著作者，於著錄MARC 21欄位700時應如何處理？,第2位起的原著作者，於著錄MARC 21欄位700時，除了著錄中譯姓氏之附加檢索款目外，仍需另外著錄原著作者原名之附加檢索款目。,編目法
31823,2023-01-31,31823_A02,MARC 21欄位700分欄$a為中文姓氏或姓名時，分欄$e最末是否需要加圖點？,分欄$e最末不需再加圖點做結尾。,機讀編目格式
31823,2023-01-31,31823_A03,翻譯作品中原著作者霍金的MARC 21欄位700應如何著錄？,"700 1# $a Hawking, Stephen, $e author.",編目法
31823,2023-01-31,31823_A04,翻譯作品中原著作者曼羅迪諾的MARC 21欄位700應如何著錄？,"700 1# $a Mlodinow, Leonard, $e author.",機讀編目格式
31823,2023-01-31,31823_A05,翻譯作品中譯者的MARC 21欄位700應如何著錄？,"700 1# $a 郭兆林, $e 譯者 700 1# $a 周念縈, $e 譯者",編目法
31824,2023-02-04,31824_A01,欄位245的$c是否可以省略職稱與任職單位資訊？,依據Original RDA 2.4.1.4 Optional Omission，在著錄職責敘述時，可省略「非重要資訊」，如機構及職稱等，但需注意「Jr.」或貴族頭銜等構成個人名稱的文字，或權威檢索點識別資訊，必須保留。,編目法
31824,2023-02-04,31824_A02,哪些資訊必須保留於欄位245的$c中？,依據LC-PCC，構成個人名稱的文字（如「Jr.」）或貴族頭銜（如「Duke of Norfolk」）等，若出現在著錄來源上，必須照錄於欄位245分欄$c，不可省略。,權威控制
31824,2023-02-04,31824_A03,當版權頁同時標示出版年與版權年時，欄位264應如何著錄？,若出版年與版權年不同，欄位264須同時著錄出版年及版權年；若相同，則僅著錄出版年。若選擇同時著錄，需確保008日期資訊與264相應。,編目法
31824,2023-02-04,31824_A04,欄位264在出版年與版權年相同時的著錄方式為何？,當出版年與版權年相同時，欄位264僅需著錄出版年即可，但若選擇同時著錄出版年與版權年，需注意008日期資訊的著錄應與264相應。,編目法
31827,2023-02-14,31827_A01,分類號733.9/115的複分方式為何？,分類號733.9/115為使用「臺灣縣市表」、「臺灣鄉鎮表」做複分，主號為733.9，複分號115代表臺中市。,作者號及輔助區分號
31827,2023-02-14,31827_A02,臺中市旅遊的分類號如何確定？,主題為臺中市旅遊的分類號為733.9/115.69，其中115代表臺中市，69代表遊記。,作者號及輔助區分號
31827,2023-02-14,31827_A03,臺中市南屯區發展史的分類號為何？,主題為臺中市南屯區發展史的分類號為733.9/115.9/111.2，其中115代表臺中市，9代表各地方，111.2代表南屯區歷史；沿革。,其他
31827,2023-02-14,31827_A04,分類號733.9的複分方式有哪些？,分類號733.9可依「臺灣分區表」或「臺灣縣市表」、「臺灣鄉鎮表」進行複分，兩種方式皆為可行。,其他
31827,2023-02-14,31827_A05,分類號733.9/115的複分表為何？,分類號733.9/115的複分使用位於類號733.9後方的通用複分表附表八（臺灣縣市表）及附表九（臺灣鄉鎮表）。,其他
31827,2023-02-14,31827_A06,分類號733.9的複分是否可再细分？,無論使用「臺灣分區表」或「臺灣縣市表」、「臺灣鄉鎮表」複分，各地區類號於必要時都可再依「臺灣各區複分表」進行複分。,其他
31830,2023-02-15,31830_A01,中文圖書的作者號取號規則是否屬於編目規範的範疇？,中國編目規則或是AACR、RDA等編目規範，是用以規範記述編目所應遵循的著錄內容與方式，而索書號的取號則與主題分析工作有關，所以不會在編目規範中有相關規定。,編目法
31830,2023-02-15,31830_A02,國家圖書館編目作業公告「98年第07號」的URL為何？,https://catweb.ncl.edu.tw/announcement/publish,其他
31830,2023-02-15,31830_A03,「國家圖書館編目作業公布事項98年第07號」所使用的機讀格式欄位類型為何？,該文件年代較早，內容所提的機讀格式欄位均為CMARC欄位,機讀編目格式
31830,2023-02-15,31830_A04,採用MARC21格式的機構如何處理「國家圖書館編目作業公布事項98年第07號」的欄位對應？,請將相關的著錄資訊，對應至正確的MARC21欄位,機讀編目格式
31831,2023-02-16,31831_A01,CMARC格式中西洋作者人名標目如何著錄原文姓名？,"CMARC格式中，西洋作者人名標目會將圓括號內的原文姓名及生卒年著錄於欄位700、701、702分欄$c（年代以外之修飾語），例如：700  1  $a 王爾德  $c (Wilde, Oscar, 1856-1900)",機讀編目格式
31831,2023-02-16,31831_A02,MARC 21欄位100、700分欄$c用於著錄什麼內容？,MARC 21欄位100、700分欄$c用於著錄頭銜等修飾語（Titles and words associated with a name），包含西洋作者的原文姓名及生卒年，此做法自民國100年採用MARC 21後沿用至今,機讀編目格式
31831,2023-02-16,31831_A03,分欄$q用於著錄什麼類型的資訊？,"分欄$q用於著錄分欄$a中部分名稱的更加完整形式（More complete form of part of the name），通常用於西文編目實務中，例如：100  1  $a Johnson, A. W.  $q (Albert Wesley),  $d 1923-2010",編目法
31831,2023-02-16,31831_A04,中日作者姓名拼音是否可作為欄位100、700的修飾語著錄？,中日作者姓名拼音於編目規則中無相關依據可作為人名標目之修飾語著錄，故不建議將其視為修飾語著錄於欄位100或700的分欄$c,其他
31831,2023-02-16,31831_A05,如何處理中日作者姓名拼音的檢索需求？,"可採用兩種方式：1. 建立權威紀錄（如：100  1  $a 林語堂,  $d 1895-1976 400  1  $a Lin, Yutang,  $d 1895-1976）；2. 使用欄位880著錄拼音形式（如：880  1#  $6 100-01/(B  $a Lin, Yutang）",編目法
31831,2023-02-16,31831_A06,欄位880如何用於著錄中日作者姓名拼音？,"依MARC 21附錄D Model A，使用欄位880著錄其他文字形式的名稱（含音譯名稱），例如：040  ##  $a ** $b chi $c ** 100  1#  $6 880-01  $a 錢鎖橋 880  1#  $6 100-01/(B  $a Ｑian, Suoqiao",機讀編目格式
31832,2023-02-20,31832_A01,再版圖書若出版者不同是否可以申請ISBN書號？,長樂君您好，有關再出版（發行）之圖書，如果出版者不同，則即使書名相同，仍可申請國際標準書號（ISBN）；如果再次發行之圖書，其出版者、作者、書名、版次等，全部都與前一版相同，這樣就不能再申請ISBN書號。,其他
31832,2023-02-20,31832_A02,再版圖書若出版者、作者、書名、版次等全部相同是否可以申請ISBN書號？,如果再次發行之圖書，其出版者、作者、書名、版次等，全部都與前一版相同，這樣就不能再申請ISBN書號。,其他
31832,2023-02-20,31832_A03,申請ISBN書號時應如何聯繫國家圖書館書號中心？,如有需要進一步瞭解ISBN書號申請相關事宜，建議可諮詢國家圖書館書號中心，電話：(02) 2361-9132 轉 701-706。,其他
31833,2023-02-23,31833_A01,改編書的分類標準為何？,"kathy您好，由香港作家厲河編寫的《大偵探福爾摩斯》，雖然改編自柯南.道爾、奧斯汀.弗里曼等推理小說原著，不過改寫後的角色及故事均融入創新元素，改寫幅度較大，可視為再創作，因此在分類編目時，會將《大偵探福爾摩,摩斯》這系列圖書視為改寫者厲河的作品來進行分類，入中國兒童文學859.6。",編目法
31833,2023-02-23,31833_A02,系列改編書籍應使用何種分類號？,由於《大偵探福爾摩斯》為一系列作品，目前已出版61集，若貴館未來有意繼續收藏此系列書籍，或是未來有規劃入藏其他中國兒童文學作品，仍建議優先選用最適切的分類號859.6較為合宜。,編目法
31833,2023-02-23,31833_A03,不再收藏兒童文學時改編書應如何分類？,若貴館不再收藏其他兒童文學作品，且確認未來都不使用859相關類號，則提問中的《大偵探福爾摩斯：金璽的詛咒》應可入857中國文學相關類號，如前所述，該書的改寫程度已屬於一種再創作，所以應視為厲河的作品入中國文學，而非西洋文學。,其他
31833,2023-02-23,31833_A04,改編書分類需考量哪些因素？,國家圖書館館藏發展及書目管理組敬復，以上說明提供您參考，建議於衡酌貴館館藏政策後擇定合適的分類方法。,編目政策與管理
31834,2023-03-07,31834_A01,刊名變更或停刊後創立新刊的判斷依據為何？,應以《中國學術期刊文摘》及《前瞻科技》刊物（紙本、電子或線上型式）上所載資訊為主。若刊物未載明資訊，國內出版者建議直接電詢，非國內出版者則查詢出版者網站或透過email詢問。,其他
31834,2023-03-07,31834_A02,如何確認期刊是否停刊或更名？,需於書目紀錄相應欄位著錄停刊年代、繼續及更名等資訊。若刊名前5個字有變更，即屬重大變更，編目時應分立兩筆書目。,編目法
31834,2023-03-07,31834_A03,二手資料是否可作為判斷刊名變更或停刊的依據？,「萬維書刊網」等來源的資訊屬二手資料，僅可作為參考，遇有疑慮時仍需查證。,其他
31834,2023-03-07,31834_A04,無法取得刊物資訊時應如何處理？,若無法透過刊物本身取得資訊，應依出版單位所在地：國內出版者直接電詢，非國內出版者則查詢其網站或透過email詢問。,其他
31835,2023-03-08,31835_A01,《中文圖書分類法》（2007年版）中臺灣文學作品的分類標準為何？,臺灣文學作品的分類標準為：作者為臺灣出生，或非出生於臺灣然主要活動或貢獻為臺灣，且作品內容以臺語、客語、原住民語等母語書寫。,其他
31835,2023-03-08,31835_A02,《中文圖書分類法》（2007年版）中臺灣文學作品的分類是否考量永久居留權？,不考量永久居留權，僅以作者國籍為準，且「作者國別」係指作者國籍，而非居留權或永久居留權。,其他
31835,2023-03-08,31835_A03,作家張草的作品為何歸入「857」（中國文學）而非「863」（臺灣文學）？,因張草絕大多數作品出版日期早於本館2019年5月起實施之分類原則，且其出生地為馬來西亞，主要活動地為臺灣，但根據2007年版分類法，僅出生於臺灣或主要活動於臺灣者歸入臺灣文學。,其他
31835,2023-03-08,31835_A04,《中文圖書分類法》（2007年版）中如何處理非臺灣出生但主要活動於臺灣的作家作品？,非出生於臺灣然主要活動或貢獻為臺灣的作家作品，僅適用於臺灣文學分類，不適用於各國文學。,其他
31835,2023-03-08,31835_A05,《中文圖書分類法》（2007年版）中加拿大作家作品的分類標準為何？,以作者國籍歸類，不論其居住地或取得何國之永久居留權，例如「雍·卡拉森」歸入「885.3」（加拿大文學）。,其他
31835,2023-03-08,31835_A06,插畫者為其他作家作品提供插畫時，圖書分類應以誰為準？,應以作品之作者為準，而非插畫者。例如：圓形 / 麥克.巴奈特文 ; 雍.卡拉森圖，類號依麥克·巴奈特歸入「874」（美國文學）。,作者號及輔助區分號
31835,2023-03-08,31835_A07,《中文圖書分類法》（2007年版）中米蘭·昆德拉作品的分類方式有幾種？,兩種：依國籍原則歸入「882.4」（捷克文學），或尊重作者意願歸入「876」（法國文學），圖書館可擇一採用。,編目法
31835,2023-03-08,31835_A08,米蘭·昆德拉的國籍變更如何影響其作品分類？,1981年入法國籍後，作品依國籍原則歸入「882.4」（捷克文學）；2019年重新獲得捷克公民身份後，仍以國籍為分類依據。,其他
31836,2023-03-08,31836_A01,國圖的中文書籍使用哪一個著者號取碼規則？,「首尾五筆著者號取碼規則」（https://catweb.ncl.edu.tw/class2007/b13_app02.pdf）,作者號及輔助區分號
31836,2023-03-08,31836_A02,國圖提供哪個線上查詢工具用於首尾五筆著者號取碼？,「首尾五筆檢字法查詢系統」（https://catapp.ncl.edu.tw/five/），提供全國圖書館人員方便使用之線上查詢工具，用以簡化著者號取碼流程並提升一致性與正確性,其他
31837,2023-03-09,31837_A01,「427.16」分類號的適用範圍為何？,「427.16 點心食譜；糕餅食譜」屬於「420 家政」、「427 飲食；烹飪」、「427.1 食譜」，一般簡單之點心、蛋糕與麵包製作方法及食譜，皆可用類號「427.16」。,其他
31837,2023-03-09,31837_A02,「439.21」分類號的適用範圍為何？,「439.21 麵粉加工」屬於「430 農業」、「439 農產加工」、「439.1 糧食作物加工」，有關麵粉及其相關產品之製造方式、加工處理與作業原理，則使用類號「439.21」。,其他
31837,2023-03-09,31837_A03,麵包製作相關書籍應採用何種分類號？,採用《中文圖書分類法》（2007年版），有關麵包製作的分類號，常用的類號不外乎「427.16」及「439.21」。,作者號及輔助區分號
31839,2023-03-14,31839_A01,單姓雙名的四角號碼如何取？,單姓雙名的四角號碼取法為：姓取2碼／左上角、右上角；名各取1碼／左上角。,作者號及輔助區分號
31839,2023-03-14,31839_A02,單姓單名的四角號碼如何取？,單姓單名的四角號碼取法為：姓取2碼／左上角、右上角；名取2碼／左上角、右上角。,作者號及輔助區分號
31839,2023-03-14,31839_A03,複姓單名的四角號碼如何取？,複姓單名的四角號碼取法為：姓各取1碼／左上角；名取2碼／左上角、右上角。,作者號及輔助區分號
31839,2023-03-14,31839_A04,複姓雙名的四角號碼如何取？,複姓雙名的四角號碼取法為：姓名各取1碼／左上角。,作者號及輔助區分號
31839,2023-03-14,31839_A05,單姓三名的四角號碼常見取法有哪些？,單姓三名的四角號碼常見取法有兩種：1.姓取兩碼、名各取一碼；2.姓名4字各取一碼。,作者號及輔助區分號
31839,2023-03-14,31839_A06,乾久美子的四角號碼為何？,乾久美子的四角號碼為『4828』，係比照單姓雙名取碼規則，姓取兩碼（48）、名各取一碼（28）。,作者號及輔助區分號
31839,2023-03-14,31839_A07,日本作者四角號碼取碼規則的參考資料為何？,日本作者四角號碼取碼規則的參考資料為https://catweb.ncl.edu.tw/class2007/b13_app01.pdf。,作者號及輔助區分號
31844,2023-03-20,31844_A01,中文圖書版權頁上的分類號代表什麼？,中文圖書版權頁上半部方框內最末一行左邊的數字，如「575.33/103.3」，為依據《中文圖書分類法》（2007年版）指定之分類號，代表該圖書的分類號。,作者號及輔助區分號
31844,2023-03-20,31844_A02,中文圖書版權頁上的預行編目資料編號用於什麼？,該方框內最末一行右邊的數字，如「108006409」或「104003912」，為該圖書出版品預行編目資料在本館系統內之編號，用於方便內部館員依據該編號快速查得該圖書之出版品預行編目資料。,機讀編目格式
31845,2023-03-23,31845_A01,《貓戰士》系列圖書的英文原著名稱為何？,《Warriors》系列。,作者號及輔助區分號
31845,2023-03-23,31845_A02,《貓戰士》系列圖書的共用筆名為何？,「艾琳.杭特」（Erin Hunter）。,作者號及輔助區分號
31845,2023-03-23,31845_A03,《Warriors》系列共用筆名的寫作方式與合著有何不同？,共用筆名寫作的各作家負責不同部分作品，與合著不同。,作者號及輔助區分號
31845,2023-03-23,31845_A04,《Warriors》系列共用筆名的寫作目的為何？,讓系列不同部分作品在圖書館書架上集中排列，方便讀者瀏覽。,作者號及輔助區分號
31845,2023-03-23,31845_A05,參與《Warriors》系列共用筆名的作家有哪些？,Victoria Holmes、Kate Cary、Cherith Baldry、Clarissa Hutton、Inbali Iserles、Tui T. Sutherland及Rosie Best。,作者號及輔助區分號
31845,2023-03-23,31845_A06,《Warriors》系列共用筆名的非英國籍作家為誰？,Tui T. Sutherland（美國籍）。,作者號及輔助區分號
31845,2023-03-23,31845_A07,《貓戰士》系列圖書的中文圖書分類號為何？,多數給予類號「873.59」（英國兒童文學），偶有出現類號「874.59」（美國兒童文學）。,作者號及輔助區分號
31845,2023-03-23,31845_A08,《貓戰士》系列圖書的推薦分類號為何？,建議歸入類號「873.59」（英國兒童文學），因其適讀對象為兒童及青少年。,作者號及輔助區分號
31845,2023-03-23,31845_A09,《Warriors》系列圖書被歸入「873.57」或「874.57」類號的原因為何？,因圖書館將其視為一般大眾閱讀小說，而非專屬兒童文學。,其他
31847,2023-03-26,31847_A01,《中文圖書分類法》中「手語」類號801.94何時被調整至529.675?,《中文圖書分類法》（2007年版）修訂時，將原8版中「[801.94] 手語」調整為宜入529.675，並不再使用801.94類號。,其他
31847,2023-03-26,31847_A02,為何《中文圖書分類法》中「手語」類號由801.94調整至529.675?,為避免分類時同一主題入兩類，可能造成相同主題圖書資料分散兩處，故將801.94手語調整至529.675，以與增訂七版529.55相近，減少類號差異。,其他
31847,2023-03-26,31847_A03,《中文圖書分類法》中「手語」類號801.94是否已被廢止?,是的，自《中文圖書分類法》（2007年版）修訂後，801.94手語類號已不再使用，並加註宜入529.675。,其他
31847,2023-03-26,31847_A04,《中文圖書分類法》中「手語」類號529.675的設定依據為何?,為與《中國圖書分類法》（增訂七版）原有529.55類號相近，並保持新舊館藏類號連續性，故設定529.675為手語類號。,其他
31848,2023-03-27,31848_A01,如何查詢圖書分類與編目相關書籍？,可至本館或任何圖書館的線上目錄，以標題或主題詞為『圖書分類』、『圖書編目』、或『資訊組織』等詞查詢，即可查得所需並調閱相關圖書資料。,編目政策與管理
31848,2023-03-27,31848_A02,編目園地網站提供哪些學習資源？,提供歷年本館主辦與合辦之分類編目或資訊組織的課程教材與影音講解，位於『研習與課程』（https://catweb.ncl.edu.tw/training/course）頁面。,編目政策與管理
31848,2023-03-27,31848_A03,遠距學園的資訊組織課程位於何處？,位於「遠距學園」網站（https://cu.ncl.edu.tw/mooc/index.php）的『課程目錄』→『圖書資訊課程』→『資訊組織課程』（https://cu.ncl.edu.tw/mooc/explorer.php）。,其他
31849,2023-03-28,31849_A01,使用LDT@Library臺灣鏈結資源系統進行資料查詢是否需要註冊或申請帳號密碼？,不需註冊或申請帳號密碼。,其他
31849,2023-03-28,31849_A02,如何訪問LDT@Library臺灣鏈結資源系統？,需連上該系統網站（https://ld.ncl.edu.tw/）,其他
31849,2023-03-28,31849_A03,查詢時可選擇哪些類型？,可依所要查詢資料之類型進行選擇，例如：人名權威、團體權威、主題詞表、分類法、或所有（不分類型）。,權威控制
31849,2023-03-28,31849_A04,如何查詢文學作家「余光中」的URI？,於查詢輸入欄位內輸入『余光中』，查詢類型選『人名權威』，點按查詢按鈕，於結果列表中點選第１筆，系統即會顯示該筆人名權威之詳細資料，其中URI(s)欄所提供之「https://ld.ncl.edu.tw/authority/76686」即為該URI。,權威控制
31849,2023-03-28,31849_A05,LDT@Library臺灣鏈結資源系統的URI欄位提供哪些資訊？,該欄所提供之「https://ld.ncl.edu.tw/authority/76686」即文學作家「余光中」在該系統之URI，該URI具備全球唯一性。,其他
31849,2023-03-28,31849_A06,LDT@Library臺灣鏈結資源系統目前收錄哪些人名權威資料來源？,主要為國家圖書館、臺大圖書館、淡大圖書館、NBINet人名權威，並持續增加中。,權威控制
31849,2023-03-28,31849_A07,若在LDT@Library臺灣鏈結資源系統中查不到某位教師之人名權威，可能的原因為何？,可能為該系統目前尚未收錄，因該系統現階段所收錄之人名權威資料來源主要為國家圖書館、臺大圖書館、淡大圖書館、NBINet人名權威，並持續增加中。,其他
31850,2023-03-28,31850_A01,如何使用MarcEdit将字段095中的$b馆藏室改为$a并移动到最前方？,打開所要處理的.mrk檔，於上方功能表點選「Tools > Edit Subfield data」，在「Edit Subfield data」功能中設定：於Search Options點選「Match case」和「Move subfield data」，設定完成後點選「Replace Text」，跳出資料處理對話框後按「是」確認，處理完成後可看到$b館藏室資料已複製到095最前方並改為$a。,機讀編目格式
31850,2023-03-28,31850_A02,如何使用MarcEdit刪除字段095中原本的$b館藏室資料？,在完成$b館藏室資料移動後，可再次使用「Edit Subfield data」功能，於Search Options中點選「Match case」，並選擇刪除原有$b資料。,機讀編目格式
31850,2023-03-28,31850_A03,使用MarcEdit處理字段095時需要哪些搜尋選項設定？,需在「Edit Subfield data」功能的Search Options中點選「Match case」和「Move subfield Nicola」，以確保子欄位資料正確移動與替換。,編目法
31851,2023-03-29,31851_A01,是否有《中文圖書分類法》的完整Excel版本可供下載？,《中文圖書分類法》（2007年版）未提供類表全文之Excel檔下載，僅針對新增修訂之內容提供Excel檔（https://catweb.ncl.edu.tw/standard/page/25548）。,其他
31851,2023-03-29,31851_A02,《中文圖書分類法》未提供完整Excel版本的原因為何？,《中文圖書分類法》為利紙本編排印製，早期即以Word檔製作排版，因此未提供類表全文之Excel檔下載。,編目法
31851,2023-03-29,31851_A03,是否可利用現有Excel檔自建專有名詞與類名的參照關係？,若需建立「見」、「參見」等參照關係，仍可利用Excel檔簡單自建專有名詞、類名、類號之參照，便於留存記錄與進行查檢。,權威控制
31853,2023-03-31,31853_A01,Reprint一詞的英文定義為何？,"「Reprint」一字，就《劍橋詞典》（線上版）的定義為『to print a book again, or to be printed again』（Reprint為動詞時）、『the act of printing a book again, or a book that has been reprinted』（Reprint為名詞時）（資料來源：https://dictionary.cambridge.org/zht/%E8%A9%9E%E5%85%B8/%E8%8B%B1%E8%AA%...）。",其他
31853,2023-03-31,31853_A02,Reprint的中文翻譯有哪些含義？,「Reprint」的中文意譯有兩個含意，即重印、再版。「重印」指重新印刷（資料來源：https://dict.revised.moe.edu.tw/dictView.jsp?ID=126896&word=%E9%87%8D%E5...）；「再版」指第二次出版或重新修訂出版（資料來源：https://dict.revised.moe.edu.tw/dictView.jsp?ID=138340&word=%E5%86%8D%E7...）。,其他
31853,2023-03-31,31853_A03,西文編目實務中如何區分重印與再版？,西文編目實務上，遇有「Reprint」，除非依據相關資料足以確定其內容、文字或版面有重大修訂時，方稱為「再版」，倘無修訂而僅是加印，則指「重印」。,編目法
31853,2023-03-31,31853_A04,Reprint的MARC欄位格式為何？,"「Reprint」之實例如下： 008/06=r　(Reprint/reissue date and original date) 008/07-10=2019　(Date 1) 008/11-14=2018　(Date 2) 264 #1 $a London : $b Routledge, an imprint of the Taylor & Francis Group, $c 2019. 500 ## $a Reprint. Original published 2018.",機讀編目格式
31853,2023-03-31,31853_A05,未標註重印資訊時的MARC欄位格式為何？,"若重印的資訊並未在圖書資料上被呈現出來（意即在書上並未強調該書為重印或再出版），那麼實務上也可著錄為： 008/06= t　(Publication date and copyright date) 008/07-10= 2013　(Date 1) 008/11-14= 2010　(Date 2) 264 #1 $a [New York, NY] : $b Scholastic Inc., $c [2013] 264 #4 $c ©2010",機讀編目格式
31853,2023-03-31,31853_A06,內容有重大修訂時的MARC欄位格式為何？,"若依據相關資料足以確定其內容、文字或版面有重大修訂時，則是「再版」、「三版」或「修訂版」。此種情形，在圖書資料上或許會有不同於先前版本的版本資訊，編目時需另建1筆書目、並著錄版本項（MARC 21欄位250）。例如： 008/06= r　(Reprint/reissue date and original date) 008/07-10= 2019　(Date 1) 008/11-14= 1999　(Date 2) 245 10 $a Ordinary words / Ruth Stone. 250 ## $a First Wesleyan University Press edition. 264 #1 $a Middletown, CT : $b Wesleyan University Press, $c 2019. 500 ## $a Reprint. Original published: Ashfield, Massachusetts : Paris, 1999.",機讀編目格式
31853,2023-03-31,31853_A07,書上版權頁註記出版年與Reprinted年份不同時的處理方式為何？,"若書上版權頁註記出版年為2000年、Reprinted 2003，在RDA編目實務中，MARC 21欄位264分欄$c的出版年應著錄為「2000」。 008/06= s　(Single known date/probable date) 008/07-10= 2000　(Date 1) 008/11-14= ####　(Date 2) 264 #1 $a … : $b …, $c 2000.",編目法
31853,2023-03-31,31853_A08,時隔多年再重印或再版的處理方式為何？,"若為時隔多年的再重印或再版書籍，例如1968年的出版品於2022年reprint，則MARC 21欄位264分欄$c的出版年應著錄為「2022」。 008/06=r　(Reprint/reissue date and original date) 008/07-10= 2002　(Date 1) 008/11-14= 1968　(Date 2) 264 #1 $a … : $b …, $c 2002. 500 ## $a Reprint. Original published 1968.",編目法
31853,2023-03-31,31853_A09,判斷是否取Reprint年份為出版年的標準為何？,目前並無判斷要不要取reprint年份為出版年的標準，而是視實務上在編圖書資料的實際情形來考量，當然，編目員也需憑其編目實務經驗進行判斷。,其他
31856,2023-04-07,31856_A01,持續出刊之連續性出版品的008字段如何著錄？,"008/06著錄「c」（代表繼續刊行之連續性出版品）、008/07-10（出版年1）著錄最早卷期之出版年、008/11-14（出版年2）著錄「9999」。著錄實例如下：008/06=c　(Continuing resource currently published) 008/07-10=1992　(Date 1) 008/11-14=9999　(Date 2) 264 #1 $a … : $b …, $c 1992-",編目法
31856,2023-04-07,31856_A02,已停刊之連續性出版品的008字段如何著錄？,"008/06著錄「d」（代表已停刊之連續性出版品）、008/07-10（出版年1）著錄最早卷期之出版年、008/11-14（出版年2）著錄最末卷期之出版年。著錄實例如下：008/06=d　(Continuing resource ceased publication) 008/07-10= 1992　(Date 1) 008/11-14= 2021　(Date 2) 264 #1 $a … : $b …, $c 1992-2021. 362 0# $a 第1卷第1期（民81年1月）-第30卷第12期（民110年12月）",機讀編目格式
31856,2023-04-07,31856_A03,多冊圖書且尚未出版完畢的008字段如何著錄？,"008/06著錄「m」（代表多出版年）、008/07-10（出版年1）著錄最早之出版年、008/11-14（出版年2）著錄「9999」。著錄實例如下：008/06=ｍ　(Multiple dates) 008/07-10= 1990　(Date 1) 008/11-14= 9999　(Date 2) 264 #1 $a … : $b …, $c 1990- 300 ## $a   冊 : $b 圖 ; $c 26公分",機讀編目格式
31856,2023-04-07,31856_A04,多冊圖書且已出版完畢的008字段如何著錄？,"008/06著錄「m」（代表多出版年）、008/07-10（出版年1）著錄最早之出版年、008/11-14（出版年2）著錄最末之出版年。著錄實例如下：008/06=ｍ　(Multiple dates) 008/07-10= 1991　(Date 1) 008/11-14= 2000　(Date 2) 264 #1 $a … : $b …, $c 1991-2000. 300 ## $a10冊 : $b 圖, 地圖 ; $c 30公分",機讀編目格式
31857,2023-04-12,31857_A01,使用《中文圖書標題表》作為主題編目規範時，欄位650的著錄格式為何？,650 #7 $a 企業管理 $v 期刊 $2 csht,編目法
31857,2023-04-12,31857_A02,使用《中文主題詞表》作為主題編目規範時，欄位650的著錄格式為何？,650 #7 $a 企業管理 $2 lcstt 650 #7 $a 期刊 $2 lcstt,編目法
31857,2023-04-12,31857_A03,欄位650是否包含複分形式取決於什麼因素？,依據所採用之主題編目規範的不同而有不同的規定。《中文圖書標題表》允許含複分之標題形式，而《中文主題詞表》則不含任何複分形式。,主題法
31857,2023-04-12,31857_A04,欄位650中$2欄位的內容「csht」與「lcstt」分別代表什麼？,「csht」代表《中文圖書標題表》，「lcstt」代表《中文主題詞表》。,主題法
31857,2023-04-12,31857_A05,《中文圖書標題表》與《中文主題詞表》的出版年份分別為何？,《中文圖書標題表》為民國84年出版，《中文主題詞表》為民國94年編印。,主題法
31857,2023-04-12,31857_A06,民國94年以前與以後，國內圖書館主要採用哪種主題編目規範？,民國94年以前採用《中文圖書標題表》（或其前身《中文圖書標題總目初稿》），民國94年以後多採用《中文主題詞表》。,主題法
31857,2023-04-12,31857_A07,若採用《中文主題詞表》作為規範，欄位650的複分形式應如何著錄？,應將主題標目與形式複分分立於不同的欄位650進行著錄，且$2內容為「lcstt」。,編目法
31857,2023-04-12,31857_A08,欄位650包含形式複分時，應如何處理多個主題標目？,若期刊主題超過2個，每一個欄位650需於$a主標目後加上形式複分「$v 期刊」，並指定$2為「csht」。,編目法
31858,2023-04-26,31858_A01,欄位650與欄位655的主要區別為何？,欄位650用於著錄與在編資源內容主題相關的主題詞（Topical Term），而欄位655用於著錄描述在編資源類型、形式（Genre/Form）相關的主題詞。,編目法
31858,2023-04-26,31858_A02,如何正確著錄「護理」與「期刊」主題詞至MARC 21欄位？,「護理」作為內容主題應著錄於欄位650，而「Periodical」作為資源類型、形式應著錄於欄位635。若將兩者均著錄於欄位650的分欄$a，將會被解讀為「護理期刊」為主題。,編目法
31858,2023-04-26,31858_A03,MARC 21欄位650與655的主題段指標2的使用規則為何？,主題段指標2均為2時，表示欄位650和655的主題詞均取自美國醫學主題詞表（MeSH）。若在編資源內容即為「期刊」主題，應使用「Periodicals as Topic」著錄於欄位650，而「Periodical」作為 Publication Type 類型主題詞應著錄於欄位655。,編目法
31859,2023-04-26,31859_A01,西文圖書克特號的取號原則為何？,西文編目實務中，克特號的給訂原則上是依據Main Entry取號，在MARC 21的編目環境中，通常會依據欄位100、110、111、130或245取號。,機讀編目格式
31859,2023-04-26,31859_A02,音樂作品的克特號如何取號？,音樂作品通常被視為主要創作者（creator）而著錄於欄位100的是作曲者（composer），演奏或演唱者（performer）則被視為貢獻者（contributor）著錄於欄位700。,作者號及輔助區分號
31859,2023-04-26,31859_A03,古典音樂與流行音樂作品的克特號取號方式有何不同？,古典音樂作品的編目中，克特號會依據作曲者（著錄於欄位100）取號；流行音樂作品編目時，部分圖書館會調整為依據演唱者（著錄於欄位700）取克特號。,作者號及輔助區分號
31859,2023-04-26,31859_A04,同一書之不同版本第一著者資訊變動時，克特號如何處理？,若貴館希望聚集各版圖書，將新版的克特號調整為依前版的第一著者取號，實務上並無不可。,作者號及輔助區分號
31859,2023-04-26,31859_A05,克特號取號方式是否需要於附註段說明？,若認為對讀者服務或書目管理工作具有協助識別的重要性，可於附註段加做取號說明。,作者號及輔助區分號
31868,2023-05-17,31868_A01,疫情時期財政與貨幣政策對經濟體之影響的圖書應歸入何種類號？,當圖書資料探討的主題為多論題或多個主題時，且其中之一對另一主題有所影響時，會以受影響的層面來歸類，故歸入經濟現況或企業，而非歸入疾病、財政或貨幣。若採用《中文圖書分類法》（2007年版），即歸入類號「552 經濟史地」或「553 生產；企業；經濟政策」，再視實際圖書資料的內容考量是否進一步細分給予更詳細的類號。,其他
31868,2023-05-17,31868_A02,《打造財富方舟 : 疫情衝擊後的世界經濟脈動全面解析》的類號為何？,類號：552.1 說明：所探討的內容為「疫情」對「經濟」的影響,編目法
31868,2023-05-17,31868_A03,《後COVID-19疫情時代臺灣經濟課題與因應》的類號為何？,類號：552.33 說明：所探討的內容為「疫情」對「經濟」的影響,其他
31868,2023-05-17,31868_A04,《後疫情時代的新經濟 : 全面解讀新冠病毒衝擊下的全球經濟脈動與因應策略》的類號為何？,類號：552.15 說明：所探討的內容為「疫情」對「經濟」的影響,其他
31868,2023-05-17,31868_A05,《後疫情時代的新經濟風險 : 通膨與供應鏈瓶頸下的會計審計議題》的類號為何？,類、號：495.106 說明：所探討的內容偏重在會計、審計方面之議題,其他
31868,2023-05-17,31868_A06,疫情時期財政與貨幣政策對經濟體之影響圖書應採用何種分類法？,若採用《中文圖書分類法》（2007年版），即歸入類號「552 經濟史地」或「553 生產；企業；經濟政策」,其他
31869,2023-05-19,31869_A01,Functional Requirements for Authority Data〈FRAD中文版〉的正確網址為何？,https://catweb.ncl.edu.tw/standard/page/25613,其他
31870,2023-05-22,31870_A01,編目語言別註錄於MARC21格式的哪個欄位？,SUN您好， 在MARC21機讀格式中，與圖書內容語文有關的欄位有欄位008位址35-37、欄位041，以及欄位546。,機讀編目格式
31870,2023-05-22,31870_A02,單一語言的圖書內容應於MARC21格式的哪個欄位著錄語文代碼？,若在編圖書內容只有一種語文，可直接在欄位008位址35-37著錄語文代碼即可，如： 008/35-37 = tha 【書況說明】全書語文為泰文。,機讀編目格式
31870,2023-05-22,31870_A03,多語言圖書內容應於MARC21格式的哪些欄位著錄？,若在編圖書內容有兩種以上的語文，則除了須在欄位008位址35-37著錄主要內容語文代碼之外，另須使用欄位041、546，將圖書內容語文做更完整的描述說明。,機讀編目格式
31870,2023-05-22,31870_A04,MARC21格式中欄位041的用途為何？,041用於標示圖書內容語文，例如：008/35-37 = tha 041 0 $a tha $a eng 546 \ $a Text in Thai and English. 【書況說明】全書內容語文為泰文與英文對照。,機讀編目格式
31870,2023-05-22,31870_A05,MARC21格式中欄位546的用途為何？,546用於補充說明圖書內容語文，例如：008/35-37 = tha 041 0 $a tha $a eng 546 \ $a Text in Thai and English. 【書況說明】全書內容語文為泰文與英文對照。,機讀編目格式
31870,2023-05-22,31870_A06,MARC21格式中如何著錄多種語言的圖書內容語文？,"008/35-37 = tha 041 0 $a tha $a eng 546 \ $a Text in Thai and English. 【書況說明】全書內容語文為泰文與英文對照。 008/35-37 = tha 041 0 $a tha $a eng $a chi 546 \ $a Text in Thai, some in English and Chinese. 【書況說明】圖書內容語文主要為泰文，部分為英文及中文。 008/35-37 = tha 041 0 $a tha $b eng 546 \ $a In Thai, with summary in English. 【書況說明】圖書內容語文主要為泰文，摘要為英文。 008/35-37 = vie 041 0 $a vie $a chi $a tha $b eng 546 \ $a Vietnamese, Chinese, and Thai, with summary also in English. 【書況說明】圖書內容語文為越南文、中文、泰文對照，摘要為英文。",機讀編目格式
31870,2023-05-22,31870_A07,MARC21格式中哪些資源可作為編目語言別註錄的參考？,"國家圖書館館藏發展及書目管理組敬復，建議參考：1、美國國會圖書館MARC21 Standards網站（https://www.loc.gov/marc/bibliographic/）。 2、《MARC21書目紀錄中文手冊 : 圖書、連續性出版品. 修訂版》（再版三刷）。 3、OCLC ""Bibliographic Formats and Standards"" （https://www.oclc.org/bibformats/en.html）。",機讀編目格式
31871,2023-05-23,31871_A01,主題詞中含『韓』字的詞是指南韓還是北韓？,「韓」或「韓國」，早年指高麗、朝鮮。於Google查詢「韓國」或「南韓」時，均自動導向「大韓民國」，為1919年4月13日成立大韓民國臨時政府，「大韓民國」於焉誕生，簡稱「韓國」，港臺民間多稱其為「南韓」，以別於1948年9月9日建國之「朝鮮民主主義人民共和國」（港臺民間多稱其為「北韓」）。因此「韓國」一詞，多指北韓建國前的韓國及現在的南韓。當代的北韓，依據《中文主題詞表》之〈附表三 世界分國表〉所列，則會使用「北韓」一詞作為主題詞，而非「韓國」。,權威控制
31871,2023-05-23,31871_A02,《中文主題詞表》中『韓國』主題詞是否包含北韓？,《中文主題詞表》中『韓國』一詞，係包括北韓建國前的韓國及現在的南韓。當代的北韓，依據《中文主題詞表》之〈附表三 世界分國表〉所列，則會使用「北韓」一詞作為主題詞，而非「韓國」。,其他
31871,2023-05-23,31871_A03,『韓國』主題詞在《中文圖書分類法》的參考類號為何？,『韓國』主題詞在《中文圖書分類法》的參考類號為「732」。查《中文圖書分類法》類號「732」指「韓國」，其中「32」與《中文圖書分類法》〈附表十 世界區域及分國表〉的「32 韓國」有關，此處的「韓國」，係包括北韓建國前的韓國及現在的南韓。,主題法
31871,2023-05-23,31871_A04,『韓國文學』主題詞在《中文圖書分類法》的參考類號為何？,『韓國文學』主題詞在《中文圖書分類法》的參考類號為「862」。查《中文圖書分類法》類號「862」指「韓國文學」，其「韓國」一詞，仍指北韓建國前的韓國及現在的南韓。,主題法
31871,2023-05-23,31871_A05,『韓國史』主題詞在《中文圖書分類法》的參考類號為何？,『韓國史』主題詞在《中文圖書分類法》的參考類號為「732.1」。查《中文圖書分類法》類號「732.1」指「韓國通史」。然而由於類號中含有「32」，應指「南韓」。,其他
31871,2023-05-23,31871_A06,『北韓』主題詞在《中文圖書分類法》的參考類號為何？,『北韓』主題詞在《中文圖書分類法》的參考類號為「328」。《中文主題詞表》〈附表三 世界分國表〉所列當代北韓，會使用「北韓」一詞作為主題詞，而非「韓國」。,其他
31871,2023-05-23,31871_A07,《中文主題詞表》中是否有『北韓文學』主題詞？,《中文主題詞表》內並無『北韓文學』，編目實務上，通常以主題詞『北韓』及『文學』作為圖書資料之內容主題的標引。,其他
31871,2023-05-23,31871_A08,『台韓關係』主題詞在《中文圖書分類法》的參考類號為何？,『台韓關係』主題詞在《中文圖書分類法》的參考類號為「578.232」。查《中文圖書分類法》類號「578.2」為中華民國外交，複分號「32」則來自《中文圖書分類法》〈附表十 世界區域及分國表〉代表「韓國」，「北韓」之複分號則為「328」。主題詞「臺韓關係」之「韓」，應指「南韓」。,主題法
31871,2023-05-23,31871_A09,『中韓關係』主題詞在《中文圖書分類法》的參考類號為何？,『中韓關係』主題詞在《中文圖書分類法》的參考類號為「578.232」。說明同『台韓關係』，其中「韓」應指「南韓」。,主題法
31877,2023-06-06,31877_A01,CST在出版品預行編目資料中代表什麼？,Livia，您好： 出版品預行編目資料（CIP）中所出現之「CST」，代表其後之詞來自《中文主題詞表》的主題詞，以有別於《嬰幼兒圖書分齡主題表》（以「SHTB」代表）之主題詞。,主題法
31877,2023-06-06,31877_A02,SHTB在出版品預行編目資料中代表什麼？,《嬰幼兒圖書分齡主題表》（以「SHTB」代表）之主題詞。,主題法
31877,2023-06-06,31877_A03,CIP中的主題檢索款目若無CST或SHTB前綴代表什麼？,CIP中的主題檢索款目，若僅有主題詞且其前未加「CST」或「SHTB」（例如『說服』），代表該主題詞取自《中文主題詞表》，乃因本館主題標引原係採用《中文主題詞表》，為配合童書預行編目，於111年起啓用《嬰幼兒圖書分齡主題表》，並以「CST」或「SHTB」區別主題詞之來源為《中文主題詞表》或《嬰幼兒圖書分齡主題表》。,主題法
31879,2023-06-07,31879_A01,馬華文學作品以中文撰寫應歸入何類號？,馬華文學作品若以中文撰寫，不入類號「868.7 馬來文學」，通常入類號「850」（中國文學）等相關類號。,其他
31879,2023-06-07,31879_A02,馬來文學作品以馬來語撰寫應歸入何類號？,以馬來語寫之文學作品入類號「868.7 馬來文學」。,編目政策與管理
31879,2023-06-07,31879_A03,其他國家華文文學作品應如何歸類？,其他國家的華文文學作品可套用「馬華文學」之原則，通常入類號「850」（中國文學）等相關類號。,其他
31879,2023-06-07,31879_A04,臺灣文學判斷原則包含哪些條件？,1.作家為臺灣出生或非出生於臺灣但主要活動或貢獻為臺灣。2.作品內容以臺語、客語、原住民語等母語書寫之文學作品。3.臺灣各地之鄉土文學（包括報導文學、遊記文學、風土紀事詩）作品。4.臺灣各地之文學獎作品集。5.臺灣文學評論集、臺灣文學論文集。,其他
31879,2023-06-07,31879_A05,馬尼尼為的詩作因含馬來文應歸入何類號？,若詩作內容以馬來文創作並譯為中文，則歸入類號「868.751」；若僅有中文，則歸入類號「851.486」。,作者號及輔助區分號
31879,2023-06-07,31879_A06,作品內容含馬來文且有中文譯文應歸入何類號？,應歸入類號「868.751」，例如《以前巴冷刀.現在廢鐵爛 : 馬來班頓 = Dahulu parang sekarang besi : pantun Melayu》。,其他
31879,2023-06-07,31879_A07,兒童適讀之馬來文與中文混合民間故事應歸入何類號？,應歸入類號「868.751」，例如《馬惹尼 : 馬來民間故事 = Mat Jenin : cerita rakyat Melayu》。,其他
31879,2023-06-07,31879_A08,各國文學複分表是否適用於中、台、日、韓等語文？,《中文圖書分類法》（2007年版）類表中，對於中、台、日、韓等語文之各體文學已有詳細類號，故不使用「各國文學複分表」。,其他
31879,2023-06-07,31879_A09,西洋文學作品應使用何種複分表？,西洋文學作品使用「各國文學複分表」做各體文學之複分，其複分的文體及複分號與「各國文學複分表」不相衝突。,其他
31879,2023-06-07,31879_A10,馬尼尼為的散文著作應歸入何類號？,馬尼尼為的散文著作歸入類號「855」，其詩作則根據內容歸入「851.486」或「868.751」。,作者號及輔助區分號
31879,2023-06-07,31879_A11,馬尼尼為的詩作是否可歸入臺灣文學類號？,基於第1項「非出生於臺灣但主要活動或貢獻為臺灣」，可考慮歸入類號「863」（臺灣文學），但若有疑慮仍以歸入「850」（中國文學）為宜。,其他
31880,2023-06-16,31880_A01,多人创作时如何确定作者号？,當創作者不止一人或一團體時，通常會以第一個個人或團體取著者號，然而有些圖書館的政策則為當創作者超過三者以上時，改以正題名取著者號。,作者號及輔助區分號
31880,2023-06-16,31880_A02,無創作者但有貢獻者時如何確定作者號？,有些圖書館會以第一位貢獻者取著者號，有些圖書館的政策則以正題名取著者號。,作者號及輔助區分號
31880,2023-06-16,31880_A03,無創作者且無貢獻者時如何確定作者號？,以正題名取著者號。,作者號及輔助區分號
31880,2023-06-16,31880_A04,何謂創作者與貢獻者？,創作者指其職責為著、撰、寫、作、編著等；而編、譯、圖、校、編輯等，則為貢獻者。非書資料的創作者，例如：作曲、演講、設計、編舞；而編曲、製作、主辦、表演等，則為貢獻者。,作者號及輔助區分號
31880,2023-06-16,31880_A05,藝術作品集的創作者如何判定？,例如一書內容為某一藝術家之繪畫作品集，則創作者應為畫者、而非文字作者。,作者號及輔助區分號
31880,2023-06-16,31880_A06,合著者多於三人時如何確定作者號？,有些圖書館的政策則以正題名取著者號。,作者號及輔助區分號
31881,2023-06-16,31881_A01,「831」中文圖書分類號的分類依據為何？,《中文圖書分類法》（2007年版）中，類號「831」為中國詩總集，屬於「830 中國文學總集」下依各體文學分類，係先以中國文學總集分、次以文體分。,分類法
31881,2023-06-16,31881_A02,「851.3」中文圖書分類號的分類依據為何？,《中文圖書分類法》（2007年版）中，類號「851.3」為詩總集，屬於「850 各地方文學；各民族文學；各體文學」下依各體文學分類，係先以文體分、再以總集分。,分類法
31881,2023-06-16,31881_A03,「831」與「851.3」的分類順序有何不同？,類號「831」係先以中國文學總集分、次以文體分；類號「851.3」則先以文體分、再以總集分。,編目法
31881,2023-06-16,31881_A04,「851.3」包含哪些子類別？,「851.3 詩總集」包含多個人之作品，例如「851.3 詩總集」，並與「851.1 詩律；詩法；詩格」、「851.2 詩韻」、「851.4 詩別集」、「851.5 詩話；詩評」等子類別共同隸屬於「851 各體文學」。,編目法
31887,2023-06-28,31887_A01,英文作者無中譯姓氏時如何取四角號碼？,會依〈四角號碼著者號取碼規則〉的「5.羅馬字母號碼」規定，並參考「6.西洋個人著者」及「7.西洋團體著者」的規定進行取碼。西洋著者或機關團體勿需譯成中文，逕依西文原名取碼。,作者號及輔助區分號
31887,2023-06-28,31887_A02,雙名著者如何取四角號碼？,"雙名著者姓氏部分依前兩個字母查表取2碼，名字部分依雙名之各自前1個字母取1碼，例如Henry, O. B.的著者號碼為『0401』。",作者號及輔助區分號
31887,2023-06-28,31887_A03,單名著者如何取四、角號碼？,"單名著者姓氏及名字兩部分，均依前兩個字母查表各取2碼，例如Monroe, Paul的著者號碼為『8010』。",作者號及輔助區分號
31887,2023-06-28,31887_A04,西洋機關團體著者如何取四角號碼？,凡4字以上之機關團體名稱，以前4個字之首字母查表取碼；凡3個字以內之機關團體名稱，準用雙名及單名著者取碼法有關之規定。,作者號及輔助區分號
31887,2023-06-28,31887_A06,中譯出版品的著者號碼如何取碼？,中譯出版品視為中文圖書納入中文編目，部分圖書館之著者號取碼政策傾向採行與其他中文圖書一樣，以中文名稱（如中譯姓氏、中文姓名或中文正題名）取碼，而非以英文名稱取碼。,作者號及輔助區分號
31888,2023-06-29,31888_A01,"《中文圖書分類法》（2007年版）如何為《大腦,你在忙什麼?》生成正確類號？",正確類號為「394.9111022」，由主表類號「394.9111 大腦」與〈附表一 總論複分表〉複分號「022問題集」組合而成。,其他
31888,2023-06-29,31888_A02,《中文圖書分類法》（2007年版）類表是否包含最終分類號對照表？,不包含，因複分表的存在目的在節省類表篇幅，若提供最終分類號對照表將失去複分表的意義。,其他
31888,2023-06-29,31888_A03,ISBN 9789868830172書籍的CIP分類號有無修正？,原CIP分類號「394.911022」已修正為「394.9111022」。,其他
31888,2023-06-29,31888_A04,《中文圖書分類法》（2007年版）分類表的組成結構為何？,包含主表及附表（即複分表），用以節省類表篇幅並處理各類共有的情況。,分類法
31889,2023-06-29,31889_A01,MARC 21欄位100、600、700、800的分欄$0用於著錄什麼類型的URI？,權威紀錄控制號或標準號碼（Authority record control number or standard number (R)），用以著錄識別一個實體（entity）之名稱標目（name）或標籤（label）之URI，著錄來源通常取自與該檢索款目（欄位100、600、700、800）相同之其他權威資料庫的權威紀錄（例如：LC Authorities、LDT＠L等）。,機讀編目格式
31889,2023-06-29,31889_A02,MARC 21欄位100、600、700、800的分欄$1用於著錄什麼類型的URI？,真實世界物件之URI（Real World Object URI (R)），係著錄識別實體本身（指一個事件、真實世界物件，無論是實際或概念）之URI，即透過URI來指向該實體，著錄來源通常取自實體識別管理相關資料庫（例如：ISNI、ORCID、VIAF、Wikidata等）。,編目法
31889,2023-06-29,31889_A03,翻譯作品的西洋作者應如何著錄中譯姓氏與原文原名？,翻譯作品的創作者，若為西洋作者，除了會將其中譯姓氏著錄在欄位100之外，原文原名也會同時著錄在欄位700，並依URI所代表之名稱，將之著錄於相應語文名稱之欄位。,編目法
31889,2023-06-29,31889_A04,中文或主要為中文作品的集叢名中英並列應如何著錄？,應將英文並列集叢名著錄於中文集叢名之後，其間以一等號及等號前後各空一格的方式著錄之。例如：490 1# $a視光叢書 = Optometry series,編目法
31889,2023-06-29,31889_A05,西文或主要為西文作品的集叢名中英並列應如何著錄？,應將中文並列集叢名著錄於英文集叢名之後，其間以一等號及等號前後各空一格的方式著錄之。例如：490 1# $a Optometry series = 視光叢書,編目法
31890,2023-07-04,31890_A01,圖書類號中出現「/」符號代表什麼意義？,「/」係用以區隔其後之複分號，用以表示來自國家以下各地區層級之複分號，並非代表該書有兩個分類號。,作者號及輔助區分號
31890,2023-07-04,31890_A02,使用臺灣分區表進行複分時，是否還需使用臺灣縣市表？,若採用臺灣分區表進行複分，則不再使用臺灣縣市表、臺灣鄉鎮表。,其他
31890,2023-07-04,31890_A03,使用臺灣縣市表進行複分時，是否還需使用臺灣分區表？,若採用臺灣縣市表進行複分（必要時可再加上臺灣鄉鎮表的複分號），則不再使用臺灣分區表。,其他
31890,2023-07-04,31890_A04,《慢行高雄》類號中的「131」來自哪個附表？,「131」取自〈附表八 臺灣鄉鎮表〉之「131 高雄市」，且不再使用〈附表九 臺灣鄉鎮表〉。,其他
31890,2023-07-04,31890_A05,《慢行高雄》類號中的「.6」來自哪個附表？,「.6」則來自〈臺灣各區複分表〉之「6 名勝；古蹟」。,其他
31890,2023-07-04,31890_A06,《慢行高雄》一書的完整類號為何？,《慢行高雄》一書之類號為「733.9/131.6」，其中「733.9」為臺灣分區志主類號，「/131.6」為複分號。,作者號及輔助區分號
31891,2023-07-05,31891_A01,如何辨識類表主表中無法查得之類號係出自哪一附表？,通常係根據類表主表中某個類號之下的注釋說明來告知類表使用者應依哪個複分表做進一步細分。因複分表之號碼無法單獨使用，必須加在某一類號之後，且因類表主表之類號有長有短，有些類號在類表中已指示使用一種複分表、有些則指示可以使用兩種複分表（譬如先將第一個複分表之號碼加在主類號後，再加上第二個複分表之號碼），故基本上分類號並無號碼長度的限制，且無法一律將某個小數點後的第幾位號碼視為複分號。,作者號及輔助區分號
31891,2023-07-05,31891_A02,《中文圖書分類法》（2007年版）的附表與專類複分表數量為何？,《中文圖書分類法》（2007年版）共有12種附表（附於類表末，為通用各類的複分表）及45種專類複分表（附於類表主表內，為特定類號使用的複分表）。,分類法
31891,2023-07-05,31891_A03,附表一的複分號碼在加至主表所得類號前有何特殊規則？,〈附表一 總論複分表〉有要求於該表所得之複分號，在加至主表所得之類號前，必須先加上一個『0』或兩個『0』，因此類表使用者可以很容易自圖書資料之分類號（例如：435.03、435.064）上辨識出有『0』或『00』以後的號碼係來自附表一。,作者號及輔助區分號
31891,2023-07-05,31891_A04,類號「545.09232」的「32」係來自哪一附表？,「32」係來自《中文圖書分類法》較早版本之複分表〈附表六中國省區表〉。,分類法
31891,2023-07-05,31891_A05,類號「545.0933/135」的「135」係來自哪一附表？,「135」係來自〈附表八 臺灣縣市表〉之「135 屏東縣」。,其他
31891,2023-07-05,31891_A06,類號「546.192」的「2」係來自哪一附表？,「2」係來自《中文圖書分類法》（2007年版）複分表〈附表十 世界區域及分國表〉之「2 中國」。,分類法
31891,2023-07-05,31891_A07,如何透過類表主表辨識分類號中哪些部分為複分號？,最直接的方式係將類表主表中已有的所有類號與貴館館藏圖書資料之每個分類號進行比對，比對結果多餘的部分，應是來自附表或專類複分表之複分號。,作者號及輔助區分號
31897,2023-07-18,31897_A01,不同聲部樂譜的索書號如何區分與排序？,當三套書的基本索書號相同且需區分時，可依題名字母排序，在第2克特號後加擴充數字。例如：M1621.S912 / L54 Lieder-Album : für hohe Stimme mit Klavierbegleitung / M1621.S912 / L544 Lieder-Album : für mittlere Stimme mit Klavierbegleitung。或於索書號中加入編次號碼，如M1621.S912 / L54 / v.1及M1621.S912 / L54 / v.2。,作者號及輔助區分號
31897,2023-07-18,31897_A02,音樂選集樂譜的索書號結構如何？,音樂選集樂譜的索書號需包含雙克特號，第1克特號依作曲家取號（如.S912），第2克特號依劃一題名或編輯者取號。例如：050 $a M317.L19 $b P57。若無劃一題名，則直接依編輯者、編曲者或題名取第2克特號。,作者號及輔助區分號
31897,2023-07-18,31897_A03,如何根據劃一題名確定第2克特號？,當書目有劃一題名（240字段）時，依劃一題名取第2克特號，並加擴充數字代表編輯者、編曲者或出版者。例如：240字段為Pièces en trio. $k Selections時，第2克特號為P5，並為編輯者Rampe加擴充號7，最終為P57。,作者號及輔助區分號
31897,2023-07-18,31897_A04,未著錄劃一題名時如何處理第2克特號？,若書目無劃一題名，則直接依245字段的題名取第2克特號。例如：三套「Lieder-Album」樂譜若無240字段，建議依題名取第2克特號。,作者號及輔助區分號
31897,2023-07-18,31897_A05,OCLC WorldCat中「Des Knaben Wunderhorn」樂譜的索書號結構如何？,"OCLC WorldCat中「Des Knaben Wunderhorn」樂譜的索書號為M1613.M34，其中第1克特號M1621依音樂形式「One solo voice, with orchestral accompaniment」取號，第2克特號M34依作曲家Mahler取號。",作者號及輔助區分號
31897,2023-07-18,31897_A06,如何處理同一套書不同分冊的單冊管理？,同一套書的不同分冊應在自動化系統中建立單冊紀錄，著錄各自的條碼號、索書號、冊次號、複本號等資訊。建議詢問貴館系統維護人員是否有相關欄位或功能。,作者號及輔助區分號
31897,2023-07-18,31897_A07,音樂資料索書號的參考資料有哪些？,建議參考『Library of Congress Classification and Shelflisting Manual』G800（https://www.loc.gov/aba/publications/FreeCSM/G800.pdf）及美國耶魯大學的『Music Cataloging at Yale -- Call numbers for scores』（https://web.library.yale.edu/cataloging/music/call-numbers-for-scores）。,作者號及輔助區分號
31898,2023-07-19,31898_A01,薄本圖書的書標應黏貼於何處？,薄本圖書因書背厚度不足，書標應以相同高度改貼至封面接近書背處，但需避免遮住封面上重要資訊（例如書名或著者）。,編目法
31898,2023-07-19,31898_A02,盒裝薄本圖書上架前是否需要移除書盒？,若薄本圖書裝有書盒，上架前會先移除書盒，僅圖書逕行上摘。,其他
31898,2023-07-19,31898_A03,薄本圖書書標黏貼需注意哪些事項？,書標應黏貼於封面接近書背處且避免遮住封面上重要資訊（例如書名或著者），並需考量各圖書館書標黏貼政策的差異。,編目政策與管理
31899,2023-07-20,31899_A01,MARC 21欄位020分欄$z的使用時機為何？,MARC 21欄位020分欄$z供著錄取消或無效的ISBN（Canceled/invalid ISBN），錯誤的ISBN亦著錄於分欄$z。編目時，於資源上出現錯誤的ISBN，仍需將該ISBN照錄於欄位020分欄$z，並將正確或有效的ISBN著錄於分欄$a。,機讀編目格式
31899,2023-07-20,31899_A02,電子書的ISBN若為有效應著錄於MARC 21哪個欄位？,若是這些電子版本的ISBN是有效（沒有錯誤）的話，建議使用分欄$a。著錄範例如下：020 ## $a 9781409442066 $q (hardback) 020 ## $a 9781409442073 $q (ebook),機讀編目格式
31899,2023-07-20,31899_A03,電子書的ISBN若為無效應著錄於MARC 21哪個欄位？,若是這些電子版本的ISBN是無效（或有錯誤）的話，建議使用分欄$z。著錄範例如下：020 ## $a 9781409442066 $q (hardback) 020 ## $z 9781409442073 $q (ebook),機讀編目格式
31901,2023-07-28,31901_A01,MARC 21欄位758的主要用途為何？,MARC 21書目欄位758為資源識別符（Resource Identifier），用以著錄書目紀錄中描述的資源，或與其相關的資源。,機讀編目格式
31901,2023-07-28,31901_A02,MARC 21欄位758包含哪些控制分欄與關係標示分欄？,欄位758內容具備多個控制分欄（分欄$0、$1）及關係標示分欄（分欄$i、$4）。,機讀編目格式
31901,2023-07-28,31901_A03,當實體具有多個關係時，MARC 21欄位758應如何著錄？,當實體具有一個以上之關係，則可以使用多個關係代碼或URI的著錄，來建立起本筆書目紀錄與其他相關資源之關連。,編目法
31901,2023-07-28,31901_A04,MARC 21欄位758的「Parody of (work)」關係如何著錄？,第1個欄位758將關係標示詞「Parody of (work)」著錄於分欄$i，分欄$4著錄該關係標示詞在「RDA Registry」網站上註冊的URI，分欄$a著錄J.R.R. Tolkien的作品《The lord of the rings》，並以分欄$0之URI指向LC有關J.R.R. Tolkien之作品《The lord of the rings》的「名稱—題名」權威紀錄。,編目法
31901,2023-07-28,31901_A05,MARC 21欄位758的「Has work manifested」關係如何著錄？,第2個欄位758將關係標示詞「Has work manifested」著錄於分欄$i，分欄$4著錄該關係標示詞在「RDA Registry」網站上註冊的URI，分欄$a著錄Wikidata上有關《The lord of the rings》，並以分欄$0之URI指向Wikidata有關《The lord of the rings》在網路上的位置。,編目法
31901,2023-07-28,31901_A06,「Parody of (work)」關係標示詞的URI為何？,「Parody of (work)」此一關係標示詞在「RDA Registry」網站上註冊的URI為http://rdaregistry.info/Elements/w/P10197。,其他
31901,2023-07-28,31901_A07,「Has work manifested」關係標示詞的URI為何？,「Has work manifested」此一關係標示詞在「RDA Registry」網站上註冊的URI為http://rdaregistry.info/Elements/m/P30135。,編目法
31901,2023-07-28,31901_A08,J.R.R. Tolkien的全名與生卒年為何？,J.R.R. Tolkien的全名為John Ronald Reuel Tolkien，生卒年為1892-1973。,作者號及輔助區分號
31901,2023-07-28,31901_A09,《The lord of the rings》的國內譯名為何？,《The lord of the rings》的國內譯名為《魔戒》。,其他
31901,2023-07-28,31901_A10,Wikidata有關《The lord of the rings》的網址為何？,Wikidata有關《The lord of the rings》的網址為http://www.wikidata.org/entity/Q1613936。,其他
31903,2023-08-08,31903_A01,傳記形式的「訪問紀錄」於MARC 21欄位008/34應著錄何種碼？,若傳記內容為被傳者主述且以「我」作為主要紀錄視角，屬自傳，應著錄「a」；若非自傳，則著錄「b」。,編目法
31903,2023-08-08,31903_A02,「訪問紀錄」於MARC 21欄位100分欄$e應著錄「受訪者」或「文字作者」？,若圖書內容非問答紀錄而是完整敘述，應著錄「文字作者」或不著錄被傳者，而非「受訪者」。,編目法
31903,2023-08-08,31903_A03,「受訪者」在RDA附錄I中的定義為何？,「受訪者」指個人、家族或團體經由接受訪問所產出的作品，該作品為訪談的回應，訪問者通常是記者、調查員或其他資料收集者。,編目法
31903,2023-08-08,31903_A04,「文字作者」在RDA附錄I中的定義為何？,「文字作者」指個人、家族或團體負責作品的創建，內容主要以文字形式表現，包括改編後大幅改變原作性質或媒介的新作品創作者。,編目法
31903,2023-08-08,31903_A05,《袁健生先生訪問紀錄》於欄位100分欄$e應著錄何種關係標示用語？,被傳者「袁健生」應作為「受訪者」，並於欄位600建立「袁健生」主題檢索款目。,編目法
31903,2023-08-08,31903_A06,《龔家政先生訪問紀錄》於欄位008/34的原著錄與修正後的碼為何？,原著錄為「b」，現已修正為「a」。,編目法
31907,2023-08-21,31907_A01,小校圖書館繪本排架時如何標示主題詞？,若屬嬰幼兒（0至3歲）及學前兒童（3至6歲）適用之圖書，則標示主題詞時，可改用〈嬰幼兒圖書分齡主題表〉（https://isp.ncl.edu.tw/files/file_pool/1/0K337426363325998330/%E5%AC%B6%E5%B9%BC%E5%85%92%E5%9C%96%E6%9B%B8%E5%88%86%E9%BD%A1%E4%B8%BB%E9%A1%8C%E8%A1%A8.pdf）進行主題詞之標示。,其他
31907,2023-08-21,31907_A02,新書如何查詢分類號與主題詞？,若是近年出版之圖書，只要出版社有申請CIP，即可在該圖書的版權頁上方看到CIP資料，CIP資料的左下方即有分類號及主題詞可供參考。,作者號及輔助區分號
31907,2023-08-21,31907_A03,舊書如何查詢分類號？,舊的書籍或早期出版之圖書若無CIP資料，則可上網至「全國圖書書目資訊網」（NBINet）（http://nbinet3.ncl.edu.tw/screens/opacmenu_cht.html）查詢，有可能可以查到圖書之分類號。,其他
31907,2023-08-21,31907_A04,套書分類的「套分」與「單分」有何區別？,"「套分」係指整套圖書有明顯的共同題名、無各分冊題名、且有一共同的著者（編者），才會將整套圖書給予一個較大的分類號。適用時機為整套圖書多屬同主題或同類號圖書，或者欲將整套圖書集中放在一起。

「單分」係指針對整套圖書中之單本（件）圖書資料之特徵及內容給予個別分類號、作者號、作品號、年代號等，而不去考慮整套圖書在圖書館內之架位上是否要完整呈現。適用時機為整套圖書各部份作品有明確之單冊書名及作者且整套圖書橫跨多個類號時，或者整套書不同時間出版或入館。",作者號及輔助區分號
31907,2023-08-21,31907_A05,架號標示應採用何種分類法？,架號（或櫃號）的標示，建議以圖書館所採用之分類法（例如：《中文圖書分類法》（2007年版））之10大類標示，即000、100、200、300、400、500、600、700、800、900標示。,機讀編目格式
31907,2023-08-21,31907_A06,繪本排架時是否可採用粗分方式？,對於童書及繪本等之分類，圖書館也可以採用粗分方式（即僅給予大類的類號）。,其他
31909,2023-08-28,31909_A01,期刊發行單位名稱變更是否需要申請ISSN資料變更？,若期刊發行單位名稱改變（例如：由於機關組織改制、組織全銜有變更）而欲申請資料變更，需向ISSN總部提出申請。,其他
31909,2023-08-28,31909_A02,期刊發行單位名稱變更應向何機構申請？,需向ISSN總部（https://www.issn.org/）提出申請。,其他
31909,2023-08-28,31909_A03,ISSN總部的官方網站網址為何？,https://www.issn.org/,其他
31910,2023-08-29,31910_A01,題名中年代有零的寫法應如何著錄？,依據「全國圖書書目資訊網」（NBINet）所訂合作編目之〈一般著錄原則〉第四項，中文数字「零」應改為半形阿拉伯數字「0」，即採用鍵盤上的半形數字「0」著錄。例如書名頁出現《圖像裡的臺灣史十八-二○世紀》，應著錄為「圖像裡的臺灣史十八-二0世紀」。,編目法
31910,2023-08-29,31910_A02,題名中年代有十的寫法應如何著錄？,依據NBINet合作編目〈一般著錄原則〉第四項，中文数字「十」應保持原樣，不需轉換為阿拉伯數字。例如書名頁出現《圖像裡的臺灣史十八-二十世紀》，應照錄為「圖像裡的臺灣史十八-二十世紀」。,編目法
31910,2023-08-29,31910_A03,書名頁出現「十八-二○世紀」應如何著錄？,書名頁出現《圖像裡的臺灣史十八-二○世紀》時，應著錄為「圖像裡的臺灣史十八-二0世紀」，並於著者敘述項或主題標目中另立檢索款目「圖像裡的臺灣史18-20世紀」以符合讀者查詢需求。,編目法
31910,2023-08-29,31910_A04,書名頁出現「十八-二十世紀」應如何著錄？,書名頁出現《圖像裡的臺灣史十八-二十世紀》時，應照錄為「圖像裡的臺灣史十八-二十世紀」，且不需轉換為阿拉伯數字，同時於著者敘述項或主題標目中另立檢索款目「圖像裡的臺灣史18-20世紀」。,編目法
31910,2023-08-29,31910_A05,書名頁出現「18-20世紀」應如何著錄？,書名頁出現《圖像裡的臺灣史18-20世紀》時，應直接照錄為「圖像裡的臺灣史18-20世紀」，不需轉換為中文數字或半形數字。,編目法
31910,2023-08-29,31910_A06,題名中年代不同寫法應如何處理檢索款目？,為符合讀者以不同數字拼寫方式查詢需求，編目員應於著錄時為不同拼寫方式另立檢索款目。例如書名頁出現《圖像裡的臺灣史十八-二○世紀》，應於MARC 21格式中設置245 00 $a「圖像裡的臺灣史十八-二0世紀」及246 3# $a「圖像裡的臺灣史18-20世紀」。,編目法
31912,2023-08-30,31912_A01,如何透過MARC 21欄位336區分小說文字版與漫畫版？,文字版：336 ## $a文字 $b txt $2 rdacontent；漫畫版：336 ## $a靜態影像 $b sti $2 rdacontent,機讀編目格式
31912,2023-08-30,31912_A02,小說文字版與漫畫版的作者類型有何不同？,文字版以文字作者為主要創作者（例如：白石定規）；漫畫版以靜態圖像藝術創作者為主要創作者（例如：七緒一綺）,作者號及輔助區分號
31912,2023-08-30,31912_A03,如何透過作者號區分小說文字版與漫畫版？,文字版取文字作者「白石定規」的作者號；漫畫版取藝術創作者「七緒一綺」的作者號,作者號及輔助區分號
31912,2023-08-30,31912_A04,當小說文字作者與漫畫藝術創作者為同一人時，應如何處理？,在漫畫版加註版本項（例如：250 ## $a[漫畫版]）或附註項（例如：500 ## $a漫畫）,作者號及輔助區分號
31912,2023-08-30,31912_A05,如何透過MARC 21欄位245分欄$k著錄區分小說形式？,使用分欄$k著錄資料的「形式」，例如：文字版著錄「文字」，漫畫版著錄「靜態影像」，並參考https://www.loc.gov/marc/bibliographic/bd245.html,機讀編目格式
31912,2023-08-30,31912_A06,小說文字版與漫畫版在資料內容類型上有何差異？,文字版為文字資料，漫畫版為靜態圖像資料，兩者在資料內容類型上截然不同,編目法
31914,2023-09-04,31914_A01,中文圖書版權頁的CIP分類號是什麼來源？,中文圖書版權頁上半部方框內的CIP資料由國家圖書館國際標準書號中心於圖書正式出版前，依出版社提供的書名頁、封面、目次等資訊給予，未能實際閱覽圖書內容。,其他
31914,2023-09-04,31914_A02,書目網查得的分類號是什麼來源？,「全國新書資訊網」所查得的各圖書館分類號係經各館編目員實際依據圖書內容主題所給予的《中文圖書分類法》（2007年版）分類號，通常更適合該書。,其他
31914,2023-09-04,31914_A03,《陶妖》一書的CIP分類號與實際分類號分別為何？,《陶妖》書上版權頁之CIP給予的分類號為「859.6」（兒童故事；兒童小說），各圖書館經編目員實際翻閱該書內容後，最終給予之分類號為「857.7」（小說：長篇（現代新體））。,作者號及輔助區分號
31914,2023-09-04,31914_A04,應優先採用哪種分類號進行圖書館抄錄編目？,若同樣使用《中文圖書分類法》（2007年版），建議採用「全國新書資訊網」所查得的各圖書館分類號「857.7」。,其他
31915,2023-09-07,31915_A01,《犯罪學研究(Journal of Criminology Research)》創刊號目前是否已送存國家圖書館,《犯罪學研究(Journal of Criminology Research)》創刊號將於近期完成送存，並於點收後移送期刊文獻中心進行文獻索引編製作業。,編目法
31915,2023-09-07,31915_A02,如何聯繫國家圖書館期刊文獻資訊網相關服務,有關本館期刊文獻資訊網查詢，請逕洽聯絡電話(02)23619132分機305。,其他
31916,2023-09-07,31916_A01,LDT@Library的主要功能與性質為何？,LDT@Library是由國家圖書館與國立臺灣大學圖書館合作發展及建置的「臺灣鏈結資源系統」，於111年3月18日正式發布，目的是促進中文權威鏈結資料共建共享與加值應用，因此所收錄的資料內容以中文名稱、主題詞、分類號等權威資料為主，本質上為權威鏈結資料的資料庫，每筆權威資料均被賦予LDT的URI，並轉製為可於開放網路串連應用的RDF格式。,機讀編目格式
31916,2023-09-07,31916_A02,鏈結型MARC中分欄$0與分欄$1的用途有何不同？,分欄$0用以著錄識別一個實體（entity）名稱標目（name）或標籤（label）的URI，著錄來源通常取自與主標目（如，1XX、6XX、7XX等）相同之其他權威資料庫的權威紀錄；分欄$1則用以著錄識別實體本身（指一個事件、真實世界物件，無論是實際或概念）之URI，即透過URI來指向該實體，著錄來源通常取自實體識別管理相關資料庫（例如：ISNI、ORCID、VIAF、Wikidata 等）。,機讀編目格式
31916,2023-09-07,31916_A03,如何在書目紀錄中著錄LDT@Library的URI？,"在書目紀錄中著錄LDT@Library URI的範例：100 1 $a 林語堂 $c (文學), $e 文字作者 $0 https://ld.ncl.edu.tw/authority/106216（於欄位100分欄$0著錄人名權威「林語堂 (文學)」在LDT@Library資料庫中的URI）；650 7 $a 散文 $2 lcstt $0 https://ld.ncl.edu.tw/subject/98852（於欄位650分欄$0，著錄主題詞「散文」在LDT@Library資料庫中的URI）。",編目法
31916,2023-09-07,31916_A04,如何在權威紀錄中著錄LDT@Library的URI？,在權威紀錄中著錄LDT@Library URI的範例：024 7 $a 106216 $2 twnaf $0 https://ld.ncl.edu.tw/authority/106216（以欄位024著錄人名權威「林語堂 (文學)」在LDT@Library資料庫中的識別號及URI，$2則著錄「twnaf」，表示URI的來源為「Taiwan name authority file」）。,編目法
31916,2023-09-07,31916_A05,LDT@Library與LC Name Authorities等鏈結資源的性質有何相似之處？,LDT@Library和美國國會圖書館名稱權威資料（LC Name Authorities）、美國國會標題表（LCSH）、美國國家醫學圖書館標題表（MeSH）等鏈結資源的性質類似，所收錄的是屬於識別某個書目實體名稱標目或標籤的權威資料。,編目法
31917,2023-09-11,31917_A01,《中文圖書分類法》（2007年版）簡表與綱目表的「620 中國斷代史」包含哪些子類？,「620 中國斷代史」下含括「621 先秦」、「622 漢及三國」、「623 晉及南北朝」、「624 唐及五代」、「625 宋及遼金元」、「626 明」、「627 清」、「628 民國」及「629 中國方隅史」。,編目法
31917,2023-09-11,31917_A02,《中文圖書分類法》（2007年版）主表為何未列出「620 中國斷代史」類號？,主表未特別列出「620 中國斷代史」類號，因斷代史（「621-628 中國斷代史」）應將各朝代歷史分入專屬類號，而非歸入「620」，以避免分類實務上的誤導。,其他
31917,2023-09-11,31917_A03,跨多個朝代的中國歷史應歸入哪個類號？,跨多個朝代的中國歷史應歸入類號「610 中國通史」。,其他
31917,2023-09-11,31917_A04,《中文圖書分類法》（2007年版）主表中「621-628 中國斷代史」對應哪些朝代？,「621-628 中國斷代史」對應「621 先秦」、「622 漢及三國」、「623 晉及南北朝」、「624 唐及五代」、「625 宋及遼金元」、「626 明」、「627 清」、「628 民國」。,編目法
31925,2023-10-12,31925_A01,RDA編目採用MARC 21格式時，欄位336、337、338的分欄$3應如何著錄？,實施RDA編目，若採用MARC 21格式著錄，對於附件之內容類型、媒體類型、載體類型，於著錄欄位336、337、338時，需以分欄$3註明所描述的物件。,編目法
31925,2023-10-12,31925_A02,欄位336、337、338分欄$3的著錄原則為何？,欄位336、337、338分欄$3，並無特定名詞可供查檢，著錄時通常依欄位300分欄$e之描述，也就是兩者之描述用詞一致即可。,編目法
31925,2023-10-12,31925_A03,含平面摺頁文字資料的圖書，其欄位336、337、338分欄$3應如何著錄？,300 ## $a … : $b … ; $c … + $e 1張報紙（80 x 60公分摺為20 x 15公分） 336 ## $a 文字 $2 rdacontent 336 ## $a 文字 $2 rdacontent $3 報紙 337 ## $a 無媒介 $2 rdamedia 337 ## $a 無媒介 $2 rdamedia $3 報紙 338 ## $a 成冊 $2 rdacarrier 338 ## $a 單張 $2 rdacarrier $3 報紙,編目法
31925,2023-10-12,31925_A04,含歌詞本的圖書，其欄位336、337、338分欄$3應如何著錄？,"300 ## $a 1張唱片 (約44分) : $b 數位, 光學, 1.4 公尺 / 秒, 立體聲 ; $c 4 3/4吋 + $e 1冊歌詞本 336 ## $a 演奏音樂 $2 rdacontent 336 ## $a 文字 $2 rdacontent $3 歌詞本 337 ## $a 錄音 $2 rdamedia 337 ## $a 無媒介 $2 rdamedia $3 歌詞本 338 ## $a 唱片 $2 rdacarrier 338 ## $a 成冊 $2 rdacarrier $3 歌詞本",編目法
31925,2023-10-12,31925_A05,RDA編目欄位336、337、338的著錄原則與範例可參考何種手冊？,著錄原則與範例可參考《錄音及錄影源RDA編目參考手冊》有關欄位336、337、338。,編目法
31926,2023-10-19,31926_A01,如何判断期刊是否为西文期刊？,若期刊内文皆为英文、版权页资讯全部为英文，且封面刊名使用英文（通常期刊无书名页），则视为西文期刊。若内文及版权页为英文，但刊名采用英中并列形式，仍视为西文期刊。,編目法
31926,2023-10-19,31926_A02,如何查询中文期刊与西文期刊的编目语文认定原则？,可参考国家图书馆发布的「國家圖書館書目記錄編目語文認定原則」（https://catweb.ncl.edu.tw/sites/default/files/upload/announcement/%E5%9C...）。,編目法
31927,2023-10-19,31927_A01,圖書資料書標黏貼於書背的標準高度為何？,圖書館圖書資料之書標黏貼位置，係指將索書號列印或書寫於自黏性標籤，並黏貼於圖書資料書背距下緣2或2.5公分處（依各圖書館之書標黏貼政策而稍有不同），以作為圖書資料上架之依據。,作者號及輔助區分號
31927,2023-10-19,31927_A02,薄本圖書書標黏貼位置有何特殊處理？,薄本圖書，由於其書背厚度不足，書標黏貼於書背上，並不利於圖書上架或取書。通常圖書館的做法係將書標以相同高度改貼至封面接近書背處（如下圖），但是需避免遮住封面上重要資訊（例如書名或著者）。,編目政策與管理
31927,2023-10-19,31927_A03,古籍與善本書標黏貼方式有何不同？,線裝之圖書資料，若為現代出版品，其書標仍黏貼於書背上；若屬古籍、善本等特藏性質之線裝資料，國家圖書館的做法是不貼書標，另以棉紙裁成固定大小之籤條、並以铅筆書寫索書號及條碼號於該籤條上（避免原子筆等油墨腐蝕紙質）、再將該籤、條夾於古籍或善本書內。,編目法
31927,2023-10-19,31927_A04,光碟等非書資料書標黏貼位置如何處理？,光碟屬非書資料，並無書背，或有盛裝光碟片之塑膠套或盛裝盒，為避免書標黏著劑影響光碟，大部分的圖書館僅將書標黏貼於塑膠套或盛裝盒固定位置。若為塑膠套，黏貼於塑膠套左下方固定位置；若為盛裝盒，則黏貼於盛裝盒背距下緣固定高度處。,其他
31927,2023-10-19,31927_A05,活頁裝圖書書標黏貼位置如何判定？,活頁裝之圖書資料，則需視是否有固定書背。若有固定書背（例如硬質的外殼或資料夾，僅其內容以活頁方式方便資料抽換與更新），則書標仍黏貼於書背上；若無固定書背（例如無硬質的外殼或資料夾，而是活頁紙形成的可變動書背），則書標黏貼位置比照薄本圖書資料處理。,編目法
31927,2023-10-19,31927_A06,經摺裝圖書書標黏貼位置如何處理？,經摺裝本身並無書背，為免影響翻閱及閱讀，如為現代出版品，則書標黏貼位置比照薄本圖書資料處理；如屬古籍、善本等特藏性質之資料，國家圖書館的做法比照前述古籍、善本，另以籤條方式替代。,其他
31928,2023-10-20,31928_A01,出版品包含多種資料類型時，如何區分主件與附件？,主件為出版品中主要部分，其餘非主件部分視為附件。若各部分等同重要則全部為主件。,編目法
31928,2023-10-20,31928_A02,附件分為幾種情況？,附件分為兩種情況：一種須隨主件無法單獨使用，另一種可單獨使用。,其他
31928,2023-10-20,31928_A03,附件處理方式有幾種？,附件處理方式有三種：(1)視為另一作品分別著錄；(2)著錄於附註項；(3)著錄於稽核項末。,編目法
31928,2023-10-20,31928_A04,附件可單獨使用時如何處理？,附件可單獨使用時，可採(1)法另行編製1筆書目，或採(2)法、(3)法於書目紀錄中載明。,編目政策與管理
31928,2023-10-20,31928_A05,附件不可單獨使用時如何處理？,附件不可單獨使用時，只能採(2)法或(3)法於書目紀錄中透過附註項或稽核項載明。,編目法
31928,2023-10-20,31928_A06,《瘂弦紅玉米之歌》的副題名為何？,該出版品的副題名為「朗誦、詩劇場、鼎談記錄」。,作者號及輔助區分號
31928,2023-10-20,31928_A07,《瘂弦紅玉米之歌》的編目處理方式為何？,以朗誦之雷射唱片（CD）為主件，詩劇場（DVD）及鼎談記錄（附冊）視為附件，載明於書目紀錄之附註項或稽核項末。,編目政策與管理
31930,2023-10-22,31930_A01,DDC類號398.2的類目意義為何？,"DDC類號398.2的類目為Social sciences ─ Customs, etiquette, folklore─Folklore─Folk literature，以民俗文學與傳說為切入角度。",其他
31930,2023-10-22,31930_A02,DDC類號813.6的類目意義為何？,DDC類號813.6的類目為Literature (Belles-lettres) and rhetoric ─ American literature in English ─ American fiction in English ─ 2000-，以美國英語文學為切入角度，並加上年代複分（2000-）。,機讀編目格式
31930,2023-10-22,31930_A03,DDC類號398.2是否適用於《The Three Billy Goats Gruff》？,DDC類號398.2以民俗文學與傳說為切入角度，與《The Three Billy Goats Gruff》源自挪威口傳童話的書況較為符合。,其他
31930,2023-10-22,31930_A04,DDC類號813.6是否適用於《The Three Billy Goats Gruff》？,DDC類號813.6以美國英語文學為切入角度，因《The Three Billy Goats Gruff》於2022年出版，其年代複分應為「2000-」，與書況較為符合。,其他
31930,2023-10-22,31930_A05,《The Three Billy Goats Gruff》是否屬於社會科學類（398大類）？,《The Three Billy Goats Gruff》內容源自挪威口傳童話，屬民俗文學與傳說，因此DDC類號398.2以民俗文學與傳說為切入角度，符合其書況。,其他
31930,2023-10-22,31930_A06,哪裡可以查詢杜威分類法（DDC）的詳表內容？,若想完整查詢DDC詳表內容，包括分類號、類目、複分表、入類與複分說明等，須訂閱WebDewey（https://www.oclc.org/en/dewey/webdewey.html），或訂購DDC詳表紙本（採Print-on-Demand形式）。,分類法
31930,2023-10-22,31930_A07,哪裡可以查詢書目的杜威分類法（DDC）類號？,可使用OCLC Classify（http://classify.oclc.org/classify2/）查詢一本書相關的DDC分類號，或至國內外公共圖書館館藏目錄、透過MARC Edit、BibData等免費編目工具程式中的Z39.50功能查詢，亦可付費使用OCLC書目服務一站取得分類號與主題詞。,其他
31930,2023-10-22,31930_A08,中文圖書分類法中《The Three Billy Goats Gruff》可能的分類號為何？,《The Three Billy Goats Gruff》可能屬於中文圖書分類法的859.6（中國兒童故事；兒童小說）或874.59（美國兒童文學）。,其他
31939,2023-10-30,31939_A01,醫師傳記的主類號為何？,醫師傳記應入類號「410.99 醫療界人物傳記」，並依該類號之注釋『依世界區域及分國表複分』，以〈附表十 世界區域及分國表〉所得複分號加在類號「410.99」之後，以便建構最完整的分類號。,編目法
31939,2023-10-30,31939_A02,醫師傳記如何依附表十複分？,依世界區域及分國表所得複分號加在類號「410.99」之後，例如：《歷代藏醫名醫略傳》分類號「410.992」，係「410.99」加上附表十「2 中國」；《臺灣中醫口述歷史》分類號「410.9933」，係「410.99」加上附表十「33 臺灣」；《英籍臺灣人 : 蘭大弼醫生和彰基》分類號「410.9941」，係「410.99」加上附表十「41 英國」。,編目法
31939,2023-10-30,31939_A03,《歷代藏醫名醫略傳》的分類號為何？,《歷代藏醫名醫略傳》分類號「410.992」，係「410.99」加上附表十「2 中國」。,編目法
31939,2023-10-30,31939_A04,《臺灣中醫口述歷史》的分類號為何？,《臺灣中醫口述歷史》分類號「410.9933」，係「410.99」加上附表十「33 臺灣」。,編目法
31939,2023-10-30,31939_A05,《英籍臺灣人 : 蘭大弼醫生和彰基》的分類號為何？,《英籍臺灣人 : 蘭大弼醫生和彰基》分類號「410.9941」，係「410.99」加上附表十「41 英國」。,其他
31943,2023-11-06,31943_A01,中文圖書分類法中斜撇符号（/）的作用是什麼？,斜撇（/）用以指明同一類文獻下進一步細分或排列的標識符號，主要用於地方志、各國民刑法（以及商法、行政法等）、專類複分表的複分。,分類法
31943,2023-11-06,31943_A02,「歐洲婚姻法法制化」的正確分類號標引方式為何？,正確分類號為584.94/41，基礎類號584.9（各國民法），先依「世界區域及分國表」（附表十）做各國複分（4為歐洲），再仿584.1-.8細分婚姻法，以斜線區分不同複分依據。,其他
31943,2023-11-06,31943_A03,「奧地利民法研究」的正確分類號標引方式為何？,正確分類號為584.9441，基礎類號584.9（各國民法），僅依「世界區域及分國表」（附表十）做各國複分（441為奧地利），不需再仿584.1-.8細分。,其他
31943,2023-11-06,31943_A04,630.1分類號下的典籍细分排列方式為何？,直接於該類號下列舉通志、通典、通考等典籍的細分排列，以斜線與基礎類號區隔，用以方便識別同類文獻的細分排序，並避免與新類號混淆。,作者號及輔助區分號
31944,2023-11-08,31944_A01,中文圖書分類法中斜撇（/）的用途為何？,中文圖書分類法中的斜撇（/）是用以指明同一類文獻下進一步細分或排列的標識符號，主要用於地方志、各國民刑法（以及商法、行政法等）、專類複分表的複分。標引時通常在分類號之後加上斜撇（/）符號，其後再加上排列或細分的複分號（數字）。,分類法
31944,2023-11-08,31944_A02,如何區分各國複分與訴訟法主題細分的複分號？,依類表說明，先依「世界區域及分國表」（附表十）做各國複分，於各國複分之後，如有需要做訴訟法各主題之細分，再仿586.1-.8細分，且與各國複分號之間以斜線區分。例如「586.94/41」中，4為各國複分，/41為訴訟法各主題細分。,作者號及輔助區分號
31944,2023-11-08,31944_A03,中國省區與縣市複分號如何以斜線區隔？,依類表說明，先依「中國省區表」（附表六）做省區複分，於省區複分之後，再依「中國縣市表」（附表七）做縣市複分。省區複分號與縣市複分號之間以斜線區隔，例如「582.411/105」中，11為省區複分，/105為縣市複分。,作者號及輔助區分號
31944,2023-11-08,31944_A04,中文圖書分類法類表如何處理未詳盡列出的國家與地區？,為避免分類表過於龐大，類表本表未於所有各國或各地區相關類目中一一詳盡列舉所有國家、地區的號碼，而是以注釋方式指引類表使用者找到正確的複分表（如世界區域及分國表、中國省區表等），並依照注釋說明組合正確類號結構。,其他
31944,2023-11-08,31944_A05,「中華人民共和國民事訴訟法」的正確分類號為何？,「中華人民共和國民事訴訟法」的正確分類號為586.92/1，其標引方法為基礎類號586.9（各國訴訟法），加上各國複分號2（中國），再加訴訟法各主題細分的複分號1（民事訴訟法），並以斜線標示方便識別。,編目法
31944,2023-11-08,31944_A06,「中國河北省宛平縣法規彙編」的正確分類號為何？,「中國河北省宛平縣法規彙編」的正確分類號為582.411/105，其標引方法為基礎類號582.4（中國各縣市法規彙編），加上中國省區複分號11（河北省），再加中國縣市複分號/105（河北省宛平縣），並以斜線區隔省區與縣市複分號。,編目法
31945,2023-11-09,31945_A01,MARC 21拼音轉換應用系統無法連線的原因可能為何？,近期有些瀏覽器由於安全性考量而有更新、或是瀏覽器或網路設備為加速效能而使用快取技術以優化重複訪問網頁的載入速度，皆有可能讓使用者在以瀏覽器連線至某一網站時，產生錯誤訊息或無法連線。,其他
31945,2023-11-09,31945_A02,如何解決MARC 21拼音轉換應用系統連線問題？,通常採行的解決方案為：清除臺端電腦之網頁連線紀錄（即Cookies）、或使用瀏覽器之InPrivate無痕視窗、或選擇另一個較少使用的瀏覽器。,其他
31945,2023-11-09,31945_A03,MARC 21拼音轉換應用系統是否為正常狀態？,本館經多次館內測試，結果皆為正常。,其他
31945,2023-11-09,31945_A04,若清除Cookies後仍無法連線MARC 21拼音轉換應用系統應如何處理？,建議請教貴單位系統或資訊相關人員，以尋求更佳的解決方案。,其他
31946,2023-11-13,31946_A01,MARC 21欄位852的分欄$k用於記錄什麼內容？,分欄$k用於記錄索書號前綴部分，即資料特藏代碼或資料類型代碼。,機讀編目格式
31946,2023-11-13,31946_A02,MARC 21欄位852的分欄$h用於記錄什麼內容？,分欄$h用於記錄索書號的分類部分，即分類號。,機讀編目格式
31946,2023-11-13,31946_A03,MARC 21欄位852的分欄$i用於記錄什麼內容？,分欄$i用於記錄索書號的單件部分，即書號或著者號。,機讀編目格式
31946,2023-11-13,31946_A04,MARC 21欄位852的分欄$m用於記錄什麼內容？,分欄$m用於記錄索書號的後綴部分，即年代部冊次號。,機讀編目格式
31946,2023-11-13,31946_A05,MARC 21欄位852的分欄$2用於記錄什麼內容？,分欄$2用於記錄分類表或排架表之來源代碼。,機讀編目格式
31946,2023-11-13,31946_A06,MARC 21欄位852的索書號排序優先順序為何？,索書號排序先以分欄$h（分類號）為主，相同類號下再以分欄$i（書號或著者號）為主，相同類號且書號或著者號相同者，再以分欄$m（年代部冊次號）為主。,機讀編目格式
31946,2023-11-13,31946_A07,為何MARC 21欄位852需要將索書號不同部分分開著錄？,為讓索書號排序時能收以類相聚之效，並方便資料統計（例如資料類型、分類統計）。,機讀編目格式
31946,2023-11-13,31946_A08,若將MARC 21欄位852的索書號全部著錄於分欄$h會有何問題？,會不利於資料統計，或造成統計結果不精確。,機讀編目格式
31947,2023-11-16,31947_A01,MARC 21欄位500中雙引號內的句號應如何處理？,蟬師，您好： MARC 21欄位500一般附註之著錄內容，若包括雙引號（“ ”），代表雙引號內所述文字，為取自資源本身或引述特定來源之資訊，而非由編目員依據在編資源之情況自擬的文字敘述。 編目時附註項的著錄，通常會在引述文字前後加上雙引號，並於雙引號後以兩個短橫線（--）接著著錄引述文字之資料出處。 例如：「500 ## ,機讀編目格式
31947,2023-11-16,31947_A02,MARC 21編目時西文資料的著錄項末尾是否需要加句號？,MARC 21編目時，若為西文資料編目，通常會在每個著錄項的最末加上圓點（.），用以表示該項著錄內容的結束，除非該項著錄內容的最末為圓括號（( )）或方括號（[ ]）或短橫線（-），則在該項著錄內容的最末，不再加上圓點。,編目法
31947,2023-11-16,31947_A03,MARC 21編目時中文資料的著錄項末尾是否需要加句號？,MARC 21編目時，若為中文資料編目，依照以往慣例，通常不會在每個著錄項的最末加上圓點（.）來表示該項著錄內容的結束。,編目法
31948,2023-11-21,31948_A01,《30秒搞懂化學元素 : 週期表沒你想的那麼難》的中文圖書分類號為何？,依《中文圖書分類法》（2007年版），類號為「348.21」（指化學元素），而非「426.7」（指布料手工藝品）。,其他
31948,2023-11-21,31948_A02,書籍索書號如何組合分類號與著者號？,若僅為分類號錯誤，則以分類號、著者號及年代部冊次號重新建構索書號。該書若為初版且僅有1冊，則不需加年代部冊次號，僅需以分類號加著者號所組成之索書號再檢視貴館館藏是否有相同索書號。,作者號及輔助區分號
31948,2023-11-21,31948_A03,同類號不同著者如何區分索書號？,需以著者區分號（:2、:3、:4，用於同類號、不同著者、但是著者號相同）加以區分。,作者號及輔助區分號
31948,2023-11-21,31948_A04,同類號相同著者不同作品如何區分索書號？,需以作品區分號（-2、-3、-4，用於同類號、相同著者、但是作品不同）加以區分。,作者號及輔助區分號
31948,2023-11-21,31948_A05,索書號中如何表示作品區分號？,作品區分號以「-2」「-3」「-4」表示，用於同類號、相同著者、但是作品不同的情況。,作者號及輔助區分號
31948,2023-11-21,31948_A06,索書號中如何表示著者區分號？,著者區分號以「:2」「:3」「:4」表示，用於同類號、不同著者、但是著者號相同的情況。,作者號及輔助區分號
31948,2023-11-21,31948_A07,《30秒搞懂化學元素 : 週期表沒你想的那麼難》的索書號格式為何？,若分類號為「348.21」，著者號取號為「875」，則索書號應是「348.21 875」。,作者號及輔助區分號
31948,2023-11-21,31948_A08,書籍分類號修改後需更動哪些系統欄位？,需修改書內碼及書標，線上目錄也需一併修改與分類號相關的欄位（若採用MARC 21則修改欄位084分欄$a）及館藏之索書號（若採用MARC 21則修改欄位852分欄$h）。,機讀編目格式
31953,2023-12-08,31953_A01,CMARC格式中PDF文件如何标注,題名《不動產估價程序正義研討會特刊》之pdf檔，除了在CMARC欄位010分欄$b裝訂及其他區別字樣中著錄「PDF」外，有關取得該檔案之電子資源位址，係著錄於欄位856分欄$u，取得方式則以指標1之值為「4」代表「超本文傳輸協定（HTTP）」,機讀編目格式
31953,2023-12-08,31953_A02,MARC 21格式中PDF文件如何标注,若採MARC 21編目，則於欄位020分欄$q限定資訊（Qualifying information）中著錄「PDF」，有關取得該檔案之電子資源位址，仍係著錄於欄856分欄$u，取得方式則以指標1之值為「4」代表「超本文傳輸協定（HTTP）」,機讀編目格式
31953,2023-12-08,31953_A03,PDF文件的電子資源位址如何标注,有關取得該檔案之電子資源位址，係著錄於欄位856分欄$u,編目法
31953,2023-12-08,31953_A04,PDF文件的取得方式如何表示,取得方式則以指標1之值為「4」代表「超本文傳輸協定（HTTP）」,其他
31954,2023-12-12,31954_A01,RDA中「founder of work」關係詞主要適用於哪些書目類型？,RDA關係用語「founder of work」依定義主要使用於期刊、整合性資源，以及多冊圖書的書目中。,編目法
31954,2023-12-12,31954_A02,RDA新版中「founder agent of work」的定義為何？,新版關係用語「founder agent of work」定義為「An agent who is responsible for initiating a diachronic work」，即主要用以描述歷時性作品的創立者。,編目法
31954,2023-12-12,31954_A03,美國國會圖書館是否會將「founder of work」用於非歷時性作品圖書書目？,美國國會圖書館也會將「founder of work」用於非屬歷時性作品範疇的圖書書目中，但這樣的情況不多。,其他
31954,2023-12-12,31954_A04,在新版圖書書目中如何著錄原始版本著作者資訊？,可使用欄位500以附註說明在編圖書與原始版本的差異以及原始版本著作者資訊；若需為原始版本提供檢索點，可為原始版本作者著錄欄位700（若無精確可用的關係標示語，可不必著錄分欄$e）。,編目法
31954,2023-12-12,31954_A05,如何透過欄位700著錄原始版本的作品檢索點？,可使用欄位700著錄原始版本的作品檢索點，即使用名稱/題名款目（Name-Tilte）的方式，除了著錄原版作者名稱，也在欄位700分欄$t加錄原版著作題名，搭配欄位500的附註資訊。,編目法
31954,2023-12-12,31954_A06,如何透過欄位775建立在編圖書與原始版本圖書的書目關係？,若能掌握更詳細的原始版本資訊，包括出版資訊、ISBN等，可使用欄位775，將原始版本的主要著作者、題名、版本、出版項、ISBN等資訊都著錄於相關分欄中。,編目法
31981,2024-03-26,31981_A01,細磨砂質紙質書背黏貼書標困難的原因為何？,因細磨砂質表面易造成書標脫落，透明膠帶黏貼不易。,編目法
31981,2024-03-26,31981_A02,如何處理細磨砂質紙質書背的書標黏貼問題？,於黏貼書標後，再以燙版（需先預熱）將已貼好之書標以燙版燙平，使黏膠較易附著於細磨砂質表面。,編目法
31981,2024-03-26,31981_A03,經燙版處理後的書標黏貼效果如何？,經燙版燙過的書標會更為牢固而不易脫落，相對於未經燙版以熱度燙過之書標。,編目法
31987,2024-03-29,31987_A01,東方口袋系列採用側重原則時的分類號為何？,若採側重原則，則歸入科學類；前者指入《中文圖書分類法》（2007年版）類號「308.9」（兒童用科學叢書）。,編目法
31987,2024-03-29,31987_A02,東方口袋系列採用概括原則時的分類號為何？,若採概括原則，則歸入總類；後者指入《中文圖書分類法》（2007年版）類號「047」（青少年百科全書；兒童百科全書）。,分類法
31987,2024-03-29,31987_A03,東方口袋系列單編時的分類方式為何？,若採單編，則60筆書目各以各冊主題分類。,編目法
31987,2024-03-29,31987_A04,東方口袋系列套編時的分類方式為何？,若採套編，則給予適合整套圖書之類號。,作者號及輔助區分號
31996,2024-04-12,31996_A01,套書採用套編方式時，索書號中哪些部分相同？,各冊索書號中之分類號及著者號與作品號和年代號（指版本年代）均相同，僅以冊次號做為區別。,作者號及輔助區分號
31996,2024-04-12,31996_A02,套書採用套編方式時，各冊索書號的冊次號如何區分？,各冊索書號中之冊次號分別為「v.1:1」、「v.1:2」、「v.1:3」、「v.1:4」、「v.1:5」、「v.1:6」、「v.1:7」、「v.1:8」、「v.2」、「v.3」、「v.4」。,作者號及輔助區分號
31997,2024-04-17,31997_A01,出版者與發行者在同一欄位264時，如何著錄？,"出版者與發行者分別以不同的分欄$b著錄，且應標示其職責為「出版」或「發行」。例如：264 #1 $a 台北市 : $b 尖端出版 : $b 英屬蓋曼群島商家庭傳媒股份有限公司城邦分公司尖端出版發行, $c 2024",編目法
31997,2024-04-17,31997_A02,圖書同時有出版者及經銷者時，應如何著錄？,"應著錄於不同的欄位264，且以指標2之值為「1」表示其職責為「出版」，指標2之值為「2」表示其職責為「經銷」。例如：264 #1 $a 臺北市 : $b 書泉出版社, $c 2024 264 #2 $a [新北市] : $b 貿騰發賣股份有限公司",編目法
31997,2024-04-17,31997_A03,同一欄位264僅有一個分欄$b時，職責如何表示？,職責不需要著錄，而是以指標2之值代表著錄於分欄$b之機構名稱的職責為「出版」或「經銷」。,編目法
31997,2024-04-17,31997_A04,MARC 21欄位264中，指標1與指標2的職責區別為何？,指標1之值為「1」時，表示該分欄$b為出版者；指標2之值為「1」表示職責為「出版」，指標2之值為「2」表示職責為「經銷」。,機讀編目格式
32001,2024-04-22,32001_A01,期刊合订本的出版年如何界定？,期刊合订本之出版年，仍以該期刊實際出版年著錄，若已停刊，則著錄起迄年。例如刊名為《建築》的期刊，已停刊，其卷期起迄為「第1卷第1號-第3卷第1號」，且期刊合訂保存。,編目法
32001,2024-04-22,32001_A02,期刊合订本的MARC 21编目格式示例如何？,"MARC 21編目著錄範例如下： 245 00 $a 建築 264 ## $a [上海市] : $b [中華革命黨], $c 1919.08-1920.12 362 0# $a 第1卷第1號-第3卷第1號 588 ## $a 據第1卷第1號-第1卷第6號(1919年8月-1920年1月)合訂本書目資料著錄",機讀編目格式
32003,2024-04-23,32003_A01,國家圖書館書目記錄編目語文認定原則的連結為何？,https://catweb.ncl.edu.tw/sites/default/files/upload/announcement/國家圖書館書目記錄編目語文認定原則.pdf,其他
32003,2024-04-23,32003_A02,出版社以中文標示的圖書如何處理？,該書出版社若以中文標示，則視為中文圖書進行編目。,編目法
32003,2024-04-23,32003_A03,外語教學研究出版社出版的圖書如何判定？,該書出版社若為外語教學研究出版社，且該書的用途即使為教導當地人學英語，仍然會依「國家圖書館書目記錄編目語文認定原則」來判斷該書應歸入中文圖書或西文圖書進行編目。,編目法
32003,2024-04-23,32003_A04,書籍內容為英文但封面及書名頁為中文時如何處理？,依據「國家圖書館書目記錄編目語文認定原則」，還會再視出版項的語文為中文或英文，方能決定該書究應視為中文圖書或西文圖書來進行相關編目作業。,編目政策與管理
32009,2024-05-02,32009_A01,如何翻译外文书籍以确定其主题内容？,使用語言翻譯工具，如Google翻譯，進行題名、前言、摘要、或目次等資訊的翻譯，將與瞭解一本圖書主題內容有關的資訊，翻譯為英文或中文，以便瞭解該書的主題。,主題法
32009,2024-05-02,32009_A02,如何选择外文书籍的分类法？,依據所取得的主題內容相關資訊，使用您所擇定的分類規範（通常會是杜威十進分類法，或是美國國會圖書館分類法，但也有的圖書館會採用其他分類法，如國際十進分類法等），給定合適的分類號。,其他
32009,2024-05-02,32009_A03,如何构建外文书籍的索书号？,選用合適的輔助號（即克特號）取號表，如LC Basic Cutter Table、Cutter-Sanborn Three Figure Table、或是OCLC所提供的OCLC Dewey Cutter Program等，用以建構完整的索書號。,作者號及輔助區分號
32009,2024-05-02,32009_A04,哪些在线资源可用于学习外文编目？,建議透過網路訪問國內或國外各大圖書館的線上館藏目錄或書目資料庫，檢索看看是否有相關書目，如美國國會圖書館（https://catalog.loc.gov/）、OCLC WorldCat書目資料庫（https://search.worldcat.org）等。,其他
32009,2024-05-02,32009_A05,如何处理外文书籍中的插图内容？,若編目員判斷該插圖內容對於圖書的識別與利用是重要的，則可在書目紀錄（MARC 21）的欄位300分欄$b中著錄「music」，以做說明。,機讀編目格式
32010,2024-05-02,32010_A01,同書多本時，正本的索書號是否需要標註c.1？,正本的索書號不需於末標註c.1。,作者號及輔助區分號
32010,2024-05-02,32010_A02,同書多本時，複本的索書號如何標註？,複本之標註自『c.2』起（不是『c.1』），即以『c.2』、『c.3』…，分別代表第二本、第三本…，依此類推。,作者號及輔助區分號
32010,2024-05-02,32010_A03,《相約五股：六房媽過爐》一書第一本的索書號格式為何？,第一本之索書號為「BK 272.79 2814 2015」。,作者號及輔助區分號
32010,2024-05-02,32010_A04,《相約五股：六房媽過爐》一書第二本的索書號格式為何？,第二本的索書號應為「BK 272.79 2814 2015 c.2」。,作者號及輔助區分號
32010,2024-05-02,32010_A05,《相約五股：六房媽過爐》一書第三本的索書號格式為何？,第三本的索書號為「BK 272.79 2814 2015 c.3」。,作者號及輔助區分號
32011,2024-05-02,32011_A01,相同內容但開本不同的書籍應如何編目,若兩種開本經核對其內容、文字（包括字體及大小）、插圖、頁數、版面編排皆完全相同，應編為同一筆書目紀錄，並透過附註項註明「c.2高21公分」（指18K）或「c.2高15公分」（指菊32K）,編目法
32011,2024-05-02,32011_A02,相同內容但規格不同的書籍是否需要分別建立書目紀錄,若兩種開本經核對其內容、文字（包括字體及大小）、插圖、頁數、版面編排稍有不同，則應視為不同版本而分別建立兩筆書目紀錄,編目法
32011,2024-05-02,32011_A03,相同內容書籍的ISBN與GPN號碼是否會不同,兩種規格之定價不同、且GPN號碼也有所不同，ISBN亦存在不同編碼（9786267368770與9786267368787）,其他
32011,2024-05-02,32011_A04,相同內容書籍的館藏附註應如何標註,應透過附註項註明「c.2高21公分」（指18K）或「c.2高15公分」（指菊32K），以便註明館藏另一複本之高廣情形,機讀編目格式
32012,2024-05-03,32012_A01,國圖實體館藏編目流程包含哪些步驟？,實體館藏之編目，依一般編目作業流程，即登錄驗收、複本查核、主題編目、記述編目、權威控制、書號標引、審核總校、圖書加工、圖書移送。,編目政策與管理
32012,2024-05-03,32012_A02,國圖線上資源編目流程與實體館藏有何不同？,線上資源之編目，仍依一般編目作業流程，但是少了圖書加工及移送作業。,編目政策與管理
32012,2024-05-03,32012_A03,國圖中編與西編的處理方式有何不同？,中文編目以有無CIP資料及是否為複本而分為抄編、原編、複本處理。西文編目也會先經複本控制及確定為抄編或原編，其作業流程有所不同。,編目政策與管理
32012,2024-05-03,32012_A04,國圖編目作業中複本處理的步驟為何？,複本查核：查核複本、夾複本條、複本處理（給複本號、寫書內碼、圖書加工）。,編目政策與管理
32012,2024-05-03,32012_A05,國圖編目作業中主題編目的內容包含哪些？,主題分析、類號標引（含類號組成與建構）、主題標引。,主題法
32012,2024-05-03,32012_A06,國圖編目作業中記述編目的內容包含哪些？,八大著錄項及追尋項（檢索款目）等之著錄。,編目法
32012,2024-05-03,32012_A07,國圖編目作業中權威控制的步驟為何？,查核權威紀錄、確立標目形式、建立參照關係、建立著者生平相關資料。,權威控制
32012,2024-05-03,32012_A08,國圖編目作業中書號標引包含哪些內容？,特藏符號、分類號、著者號、作品號、年代版次號、冊次號、複本號。,作者號及輔助區分號
32012,2024-05-03,32012_A09,國圖編目作業中審核總校的內容包含哪些？,書目、權威、館藏、分類、主題詞、索書號、機讀格式等內容文字之審核，以及線上修改、總校作業、書目品質檢測。,編目政策與管理
32012,2024-05-03,32012_A10,國圖編目作業中圖書加工的步驟為何？,列印書標卡片、排卡片及粘貼書標。,編目政策與管理
32012,2024-05-03,32012_A11,國圖編目作業中圖書移送的步驟為何？,修改圖書狀態、列印移送清單、圖書清點及移送。,編目政策與管理
32012,2024-05-03,32012_A12,國圖編目作業中速編處理的條件為何？,若為讀者急需圖書資料，則需特別抽出，另以速編處理。,其他
32012,2024-05-03,32012_A13,國圖編目作業中已附書目處理的流程為何？,已附書目之作業流程，主要係將所附書目批次轉入圖書館自動化系統，轉入前是否進行複本比對及轉入後是否對書目內容進行修改，則依各館政策而定。,編目政策與管理
32016,2024-05-11,32016_A01,RDA的全稱及主要特點為何？,RDA是最新的國際編目規範《資源描述與檢索》，類似以往的《英美編目規則》（AACR2）或《中國編目規則》，但RDA不分資料類型，而改為以實體、屬性（或稱元素）、關係等面向來規範著錄內容及建立款目的相關規定，且適合所有資料類型之著錄，不限採用特定的著錄格式（即可以是MARC 21、Dublin Core、BIBFRAME等）。,編目法
32016,2024-05-11,32016_A02,ISBD的全稱及主要功能為何？,ISBD為國際書目著錄標準，主要在規範書目著錄時的八大著錄項（包括：題名及著者敘述項、版本項、資料特殊細節項、出版項、稽核項、集叢項、附註項、標準號碼及其他必要記載項）的著錄單元及所需之標點符號。為因應RDA不再採用資料類型標示，ISBD在八大著錄項之外，增加了第0項以含括內容類型及媒體類型。,編目法
32016,2024-05-11,32016_A03,RDA與ISBD在性質與用途上的差異為何？,RDA為編目規則（用以規定著錄內容，為內容標準），ISBD為著錄項目（用以規定著錄各項單元，為結構標準）。RDA規範著錄內容及款目建立，ISBD規範著錄項的格式與標點符號使用。,編目法
32016,2024-05-11,32016_A04,RDA與ISBD的關係為何？,RDA及ISBD兩者在性質與用途上各有不同，然而又共同遵循ICP（Statement of International Cataloguing Principles）。採用RDA編目後，ISBD仍為結構標準，用以規範機讀格式書目建檔及標點符號使用，因此二者相輔相成，目前不會改變二者之關係或取一而不用另一的情況。,編目法
32018,2024-05-13,32018_A01,套書各冊題名著錄於505段時是否需要另建7XX段,當套書套編且以欄位505著錄各冊題名時，並沒有一定必須著錄欄位700、710、711、730或740，而是視各圖書館對於讀者目錄查詢服務及書目內容完整性的要求而定，各館可自行考量以決定自己的編目政策及實務可行性。,其他
32018,2024-05-13,32018_A02,505段採用增強方式著錄時的分欄格式,採增強方式（指標2之值為0）著錄時，各冊或各部分題名係著錄於分欄$t，單純化的內容（指分欄$t僅著錄各冊題名），方便納入題名索引。,編目法
32018,2024-05-13,32018_A03,7XX段的用途與區別,欄位700、710、711、730用於建立權威檢索點，而欄位740僅建立一般檢索點。其目的是為具體呈現（即在編資料）和相關作品間建立關聯關係。,機讀編目格式
32019,2024-05-14,32019_A01,團體作者無中文名稱時，如何取著者號？,當中文圖書之創作者無中文名稱時，採用「首尾五筆檢字法」取著者號的圖書館，通常會以含有中文名稱之貢獻者（例如譯者、編者、繪圖者…）取著者號，若貢獻者亦無中文名稱，則以正題名取著者號。,作者號及輔助區分號
32019,2024-05-14,32019_A02,首尾五筆檢字法是否提供英文字母對照阿拉伯數字的對照表？,首尾五筆檢字法不像「四角號碼法」一樣列有英文字母對照阿拉伯數字之對照表供依英文字母取著者號。,編目法
32019,2024-05-14,32019_A03,團體作者名稱可作為主要款目及著者號的條件為何？,國家圖書館說明，若書名頁、封面或版權頁已明確標示作者為特定團體（如「墨刻編輯部」），且該團體對於該書之職責為「作」，則仍以該團體名稱作為主要款目及取著者號。,編目法
32019,2024-05-14,32019_A04,《印度‧不丹》一書的著者號取碼方式為何？,《印度‧不丹》一書若書名頁、封面或版權頁已明確標示作者為「墨刻編輯部」，則以「墨刻編輯部」取著者號，因該團體對於該書之職責為「作」。,作者號及輔助區分號
32020,2024-05-17,32020_A01,主要款目由兩個詞語元素組成時，如何取克特號？,當主要款目由兩個詞語元素組成時，需先比對取號表中第一個詞語元素，若相同則再比對第二個詞語元素。例如主要款目「Fields virology」，因第一個詞語元素「Fields」與F461~F463相同，需再比對第二個詞語元素「virology」，最終克特號為F463。,作者號及輔助區分號
32020,2024-05-17,32020_A02,可使用哪些線上工具確認克特號？,可使用「OCLC Dewey Cutter Program」（https://help.oclc.org/Metadata_Services/WebDewey/Dewey_Cutter_Program/De...）或「Numerocutter.com.ar」（http://www.numerocutter.com.ar/）等自動取號工具，輸入主要款目即可確認結果。,作者號及輔助區分號
32020,2024-05-17,32020_A03,哪些參考文獻可查詢克特號的詳細規則？,可參閱美國國會圖書館「Library of Congress Classification and Shelflisting Manual」、「Library of Congress Filing Rules」，以及美國醫學圖書館「Shelflisting Procedures for Monographs and Classed Serials」等國外圖書館的政策說明。,其他
32039,2024-05-24,32039_A01,中日對照的日文語言學習書籍，若無譯者資訊，編目時是否需標註MARC 21欄位041分欄$h的語文代碼？,通常不會在書目紀錄MARC 21欄位041分欄$h（代表翻譯作品原文）加上語文代碼，除非在書上或其他參考資料可得以確知該書為翻譯作品時，方於欄位04.1分欄$h標註作品原文之語文代碼。,機讀編目格式
32039,2024-05-24,32039_A02,若中日對照的日文語言學習書籍可確認為翻譯作品，編目時應如何標註MARC 21欄位041分欄$h的語文代碼？,於欄位041分欄$h標註作品原文之語文代碼。,機讀編目格式
32055,2024-05-31,32055_A01,《古本山海經圖說》索書號中的『347』是如何組成的？,『347』係取自《山海經》注者『（晉）郭璞』，即依《中文圖書分類法》（2007年版）之〈附表二 中國時代表〉中『晉』朝之時代號為『3』、以及依「首尾五筆檢字法」取『郭璞』之著者號為『47』，組合而成『347』。,作者號及輔助區分號
32062,2024-06-06,32062_A01,何謂版次與刷次的區別？,版次與刷次之基本原則為：凡某一版次圖書印刷數次，若頁數變動不大且無重新排版、或內容沒有重大修改，不視為版本變更，而只是印刷次數不同，即可透過不同刷次區別標示。,編目法
32062,2024-06-06,32062_A02,在頁數變動不大且無重新排版時，ISBN是否可沿用原版次？,若符合頁數變動不大且無重新排版、或內容沒有重大修改的條件，即可透過不同刷次區別標示，並沿用原版次之ISBN國際標準書號。,其他
32063,2024-06-07,32063_A01,網頁排版無法適應行動裝置的問題是否已解決？,本館已進行版面修正，經測試為符合iOS及Android手機顯示。,其他
32063,2024-06-07,32063_A02,編目園地網頁版面調整後的顯示狀況如何？,現已進行版面修正，經測試為符合iOS及Android手機顯示。,其他
32063,2024-06-07,32063_A03,編目園地網頁支援哪些行動裝置系統？,經測試為符合iOS及Android手機顯示。,其他
32065,2024-06-11,32065_A01,如何為非英文外文書籍確定分類號與索書號？,需遵循以下步驟：1. 使用語言翻譯工具（如Google翻譯）翻譯題名、前言、摘要或目次等資訊，以瞭解主題內容。2. 依據翻譯後的主題內容，選擇分類規範（如杜威十進分類法、美國國會圖書館分類法或國際十進分類法）給定分類號。3. 選用合適的輔助號取號表（如LC Basic Cutter Table、Cutter-Sanborn Three Figure Table或OCLNC Dewey Cutter Program）建構完整索書號。,作者號及輔助區分號
32065,2024-06-11,32065_A02,外文書籍編目時需學習哪些分類法的知識？,需學習杜威十進分類法、美國國會圖書館分類法或國際十進分類法的結構、分類表使用方式、入類原則及各大類分類號的建構方法（包含複分運用），並熟悉分類法的複雜內容。,分類法
32065,2024-06-11,32065_A03,哪些線上資源可用於學習外文書籍編目？,可透過網路訪問國內或國外圖書館的線上館藏目錄或書目資料庫，例如美國國會圖書館（https://catalog.loc.gov/）及OCLC WorldCat書目資料庫（https://search.worldcat.org），參考其他圖書館編目完成的書目紀錄，以獲取完整的分類號、索書號及主題詞資訊。,其他
32065,2024-06-11,32065_A04,如何查詢特定外文書籍的書目紀錄？,"可於美國國會圖書館館藏目錄查詢，例如問題中提及的「Estrecho de Magallanes : industrialización, hábitat colectivo y borde costero durante el siglo xx」一書，其完整書目紀錄可供學習與參考。",其他
32069,2024-06-19,32069_A01,795.7古繪畫與945.7壁畫的差異在於何處？,若以歷史發展、文物考古的角度出發，應入類號「795.7」；若以藝術欣賞的角度探討，則應入類號「945.7」（中國壁畫）或「948.91」（西洋壁畫）。,其他
32069,2024-06-19,32069_A02,945.7壁畫的分類特徵為何？,類目「945.7 壁畫」隸屬「945 中國畫冊」，多指以中國壁畫畫冊為主、探討內容或其他為輔。,編目法
32069,2024-06-19,32069_A03,948.91西洋壁畫的分類特徵為何？,類目「948.91 壁畫；濕壁畫」屬於「948 各種西洋畫法」，係指以西洋壁畫技法為主、畫冊性質或其他為輔。,編目法
32069,2024-06-19,32069_A04,圖書內容兼論其他繪畫時應如何分類？,若內容不僅包括壁畫，而是兼論其他繪畫，且以歷史發展、文物考古角度出發，則入類號「795.7」；若以藝術欣賞角度探討，應入「940 繪畫；書法」下適當或相關類號。,其他
32070,2024-06-20,32070_A01,中文書目編目語言為中文時，欄位336、337、338分欄$a的著錄政策為何？,使用RDA所規範的英文詞彙。,編目法
32070,2024-06-20,32070_A02,中文書目編目語言為中文時，欄位336、337、338分欄$a的用語是否會變更？,後續待RDA相關詞彙用語中譯皆確定後，將於圖書館自動化系統汰換時，將中文書目之欄位336、337、338分欄$a批次修改為中文用語。,機讀編目格式
32070,2024-06-20,32070_A03,中文書目實施RDA編目起始時間為何？,自107年7月起實施RDA編目。,編目法
32076,2024-06-26,32076_A01,使用MarcEdit軟體將UTF8字集轉換為Big5字集的步驟為何？,1. 開啟MarcEdit軟體 2. 點選MARC Tool圖示 3. 點選視窗左上方之Tool頁籤所出現之下拉清單找到Characterset Conversion並點選之 4. 在Source File欄選取來源檔之路徑和檔名 5. 在Destination File欄給予貯存檔之路徑和檔名 6. 於Original encoding欄選擇UTF8 7. 於Final encoding欄選擇950 (Traditional Chinese Big5) 8. 再點選Process,機讀編目格式
32076,2024-06-26,32076_A02,MarcEdit軟體不同版本將UTF8轉換為Big5的步驟是否相同？,不同版本之操作步驟大致相同,機讀編目格式
32076,2024-06-26,32076_A03,MarcEdit軟體轉換UTF8至Big5時，Final encoding應選擇何種編碼？,950 (Traditional Chinese Big5),機讀編目格式
32076,2024-06-26,32076_A04,MarcEdit軟體轉換UTF8至Big5時，Original encoding應選擇何種編碼？,UTF8,機讀編目格式
32080,2024-07-01,32080_A01,整合查詢（integrated querying）的定義為何？,整合查詢（integrated querying）係指透過語言整合查詢技術，使程式設計師能使用類似自然語言的語法進行資料查詢。相關資訊請參考 https://en.wikipedia.org/wiki/Language_Integrated_Query。,其他
32081,2024-07-02,32081_A01,羅德瑞戈.馬蒂奥利作品的CIP分類號為何？,犬，您好： 臺端所提著者羅德瑞戈.馬蒂奧利（Rodrigo Mattioli）之作品於分類上著者國別問題，因先前出版社提供之資料其圖書原書出版國別為西班牙及原書語言為西班牙文，加上著者居住在西班牙巴塞隆納，當時未進一步明確查得著者國別非西班牙籍，故圖書類號給予878.59；其後出版社再申請《如果你種下一棵樹》一書時，經確認作者為巴西插畫家，遂將類號修正為885.79，現統一將此著者出版品之CIP分類號一併修改，謝謝臺端來信提醒。 國家圖書館 館藏發展及書目管理組 敬覆,其他
32081,2024-07-02,32081_A02,確認作者為巴西籍時的CIP分類號為何？,犬，您好： 臺端所提著者羅德瑞戈.馬蒂奧利（Rodrigo Mattioli）之作品於分類上著者國別問題，因先前出版社提供之資料其圖書原書出版國別為西班牙及原書語言為西班牙文，加上著者居住在西班牙巴塞隆納，當時未進一步明確查得著者國別非西班牙籍，故圖書類號給予878.59；其後出版社再申請《如果你種下一棵樹》一書時，經確認作者為巴西插畫家，遂將類號修正為885.79，現統一將此著者出版品之CIP分類號一併修改，謝謝臺端來信提醒。 國家圖書館 館藏發展及書目管理組 敬覆,其他
32083,2024-07-04,32083_A01,國會分類法使用的克特號取號表為何？,國會圖書館分類法（LCC）所搭配使用的克特號給號方式，是依據LC Basic Cutter Table做取號的（https://www.itsmarc.com/crs/mergedProjects/cutter/cutter/Contents.htm）。,作者號及輔助區分號
32083,2024-07-04,32083_A02,杜威分類法使用的克特號取號表為何？,杜威分類法（DDC）所搭配使用的克特號給號方式，是直接使用「Cutter-Sanborn Three-Figure Author Table」（http://www.cutternumber.com.ar/tablascutter/cutterABC.html）進行取號。,作者號及輔助區分號
32083,2024-07-04,32083_A03,LCC分類號可能提供幾個克特號？,部分分類號依據LCC本表的複分說明，最多會給到兩個克特號（Ｄouble Cuttering）。,作者號及輔助區分號
32083,2024-07-04,32083_A05,杜威分類法克特號取號工具為何？,杜威分類法取號可使用OCLC Dewey Cutter Program（https://help.oclc.org/Metadata_Services/WebDewey/Dewey_Cutter_Program/De...），或其他線上取號工具（http://www.cutternumber.com.ar/index.html）。,作者號及輔助區分號
32083,2024-07-04,32083_A06,美國醫學圖書館分類號使用的克特號取號表為何？,美國醫學圖書館分類號所採用的克特號，依據該館的「Shelflisting Procedures for Monographs and Classed Serials」第4.1.1項說明，是採用「Cutter-Sanborn Three-Figure Author Table」進行取號的。,作者號及輔助區分號
32083,2024-07-04,32083_A07,克特號取號表的參考資料為何？,建議參考編目園地中的此則編目諮詢：https://catweb.ncl.edu.tw/QandA/page/24567，有較詳細的說明。,作者號及輔助區分號
32083,2024-07-04,32083_A08,美國醫學圖書館克特號取號細節是否統一？,美國醫學圖書館的克特號給號原則，各館可能會因不同資源類型或對Shelflisting的要求制定內部政策。,其他
32083,2024-07-04,32083_A09,LCC克特號取號是否需省略首冠詞？,取號方式是依據主要款目（同樣需省略首冠詞）的第一個詞彙，依序將該詞彙每個字母去比對克特表，取得相應的號碼。,作者號及輔助區分號
32083,2024-07-04,32083_A10,DDC克特號取號是否需省略首冠詞？,取號方式是依據在編書目的主要款目（同樣需省略首冠詞），查找克特表中相應的條目後，使用該條目所列的克特號。,編目法
32086,2024-07-09,32086_A01,西文圖書為單張資源時，如何著錄其尺寸？,依據RDA規範，若編資源的載體型態為單張資源，則在著錄尺寸時須記錄該單張展開時的長寬尺寸，也需著錄折疊後的長寬尺寸。除非該單張資源是以折疊後的型態做閱覽使用，此時僅需著錄折疊後的單張尺寸。,編目法
32086,2024-07-09,32086_A02,RDA規範中欄位336-338的著錄選項有哪些？,"RDA規範提供三種著錄選項：1. 著錄在編資源所有的內容形式、媒體形式、載體形式；2. 僅著錄主要的內容形式、媒體形式、載體形式（the predominant content type, media type and carrier type）；3. 僅著錄在編資源主要內容的內容形式、媒體形式、載體形式（the content type, media type and carrier type that apply to the most substantial content）。",編目法
32086,2024-07-09,32086_A03,RDA規範中如何處理具有多種載體形式的資源？,RDA規範未明確指定唯一著錄方式，各圖書館可依自身需求或附件資訊對圖書資料識別與檢索的重要性，決定是否為附件資料著錄欄位336、337、338。例如，LC-PCC Metadata Guidance Document建議於欄位338著錄所有載體形式用語（record all the multiple carrier type terms ... in MARC field 338）。,編目法
32086,2024-07-09,32086_A04,附件實體資訊應著錄於MARC哪個欄位？,"如有需要在欄位300著錄附件的實體資訊時，建議著錄於分欄$e，較為合適：300 $a 331 pages, 4 unnumbered pages : $b illustrations (some color), facsimiles, plans (some color), portraits ; $c 24 cm + $e 1 sheet (2 unnumbered pages : 1 illustration ; 120 x 52 cm, folded to 20 x 17 cm)",機讀編目格式
32088,2024-07-15,32088_A01,中央存款保險公司永續報告書若探討其他保險內容應使用何類號？,《中文圖書分類法》（2007年版）類號「563.79」（指其他保險，包括信用保險、責任保險）,其他
32088,2024-07-15,32088_A02,中央存款保險公司永續報告書若介紹公司歷史發展應使用何類號？,《中文圖書分類法》（2007年版）類號「563.72933」（指臺灣保險公司志）,編目法
32088,2024-07-15,32088_A03,中央存款保險公司永續報告書若涉及國際金融市場應使用何類號？,《中文圖書分類法》（2007年版）類號「561.7」（指金融市場）,其他
32088,2024-07-15,32088_A04,中央存款保險公司永續報告書若研究各國金融問題應使用何類號？,《中文圖書分類法》（2007年版）類號「561.9」（指各國金融問題）,其他
32089,2024-07-16,32089_A01,相同內容、不同規格的書籍如何處理？,若相同內容、規格不同的書籍經核對其內容、文字（包括字體及大小）、插圖、頁數、版面編排皆完全相同，表示為同一製版，僅因印刷在不同開數紙張形成不同規格（如18K平裝與菊32K平裝），應編為同一筆書目紀錄，並透過附註項註明「c.2高21公分」或「c.2高15公分」以區分開本。,編目政策與管理
32089,2024-07-16,32089_A02,如何區分相同內容但不同開本的書籍？,相同內容但不同開本的書籍，應於附註項註明「c.2高21公分」（指18K）或「c.2高15公分」（指菊32K），以標明館藏另一複本之高廣情形，並讓館員及讀者得知該出版品館藏具有兩種開本。,機讀編目格式
32089,2024-07-16,32089_A03,相同內容但存在差異的書籍如何處理？,若相同內容的書籍經核對其內容、文字（包括字體及大小）、插圖、頁數、版面編排存在稍有不同，則應視為不同版本，需分別建立兩筆書目紀錄。,編目法
32089,2024-07-16,32089_A04,不同規格書籍的ISBN與GPN號碼是否相同？,不同規格的書籍（如ISBN 9786267368770與9786267368787）其定價及GPN號碼均不同。,其他
32096,2024-07-30,32096_A01,RDA 264欄位中同時存在原著版權年與繁體中譯本版權年時應如何著錄？,以繁體中譯本出版年著錄於欄位264指標2為『1』之分欄$c，若中譯圖書無出版年，則以繁體中譯本版權年推測出版年，並於出版年前後加方括號著錄於欄位264指標2為『1』之分欄$c，同時將繁體中譯本版權年著錄於欄位264指標2為『4』之分欄$c。,編目法
32096,2024-07-30,32096_A02,RDA 264欄位中譯圖書無出版年時版權年應如何著錄？,以繁體中譯本版權年推測出版年，並於出版年前後加方括號著錄於欄位264指標2為『1』之分欄$c，同時將繁體中譯本版權年著錄於欄位264指標2為『4』之分欄$c。,編目法
32096,2024-07-30,32096_A03,RDA 264欄位中譯圖書版權年著錄格式範例為何？,"例如：原著版權年©2011，繁體中譯本版權年©2022，其著錄方式為：264 #1 $a 出版地 : $b 出版者, $c [2022] 264 #4 $c ©2022",編目法
32102,2024-08-15,32102_A01,OCLC對MARC記錄Leader/17字段的合法值有何調整？,"OCLC對Leader/17之合法值有所調整，已無『L』之值，並於2024年5月起改為不接受『L』之值。合法值包含blank - Full-level、1 - Full-level, material not examined、2 - Less-than-full-level, material not examined、3 - Abbreviated level、4 - Core-level、5 - Partial (preliminary) level、7 - Minimal-level、8 - Minimal-level、I - Full-level input by OCLC participants、J - Deleted record、K - Minimal-level input by OCLC participants、M - Added from a batch process。",其他
32102,2024-08-15,32102_A02,『L』值是否仍為OCLC接受的Leader/17字段值？,『L』值已過時，OCLC自2024年5月起已不接受『L』之值。,其他
32102,2024-08-15,32102_A03,國家圖書館如何處理Leader/17字段的值變更？,國家圖書館由『L』改用blank，代表完整層次，以符合OCLC書目檢核要求。,其他
32102,2024-08-15,32102_A04,Leader/13字段值『L』的含義為何？,『L』代表『Added from a batch process』（批次處理新增），但此值已過時且不被OCLC接受。,其他
32103,2024-08-16,32103_A01,單編的處理原則為何？,「單編」係針對整套圖書資料之個別部分（各單冊）建置單筆書目紀錄。可能由於整套圖書資料每一個別部分的題名、作者、稽核項、附件等資料不同，為完整而詳細呈現每一個別部分的形式特徵，因而採行為每一個別部分各自建立1筆書目紀錄。,編目法
32103,2024-08-16,32103_A02,單編的適用時機為何？,適用時機為整套圖書各部分作品有明確的個別書名及作者，且整套圖書不同時間出版或入館。,其他
32103,2024-08-16,32103_A03,套編的處理原則為何？,「套編」則指整套圖書有明顯的共同題名、無各部分（或單冊）的題名、且有共同著者（編者），才會將整套圖書共同編製1筆書目紀錄，並將各部分（或單冊）圖書單件的條碼號輸入在該筆書目紀錄下的特定欄位內。,編目法
32103,2024-08-16,32103_A04,套編的適用時機為何？,適用時機為整套圖書有共同且明確的題名及作者、各部分作品無明確之題名及作者時，且整套圖書同時出版或入館。,其他
32103,2024-08-16,32103_A05,套編時分類的原則為何？,分類時通常採整套主題進行歸類；若採「套編」時，書目紀錄的正題名為整套書的共同題名，且各冊或各部分的題名須著錄於內容註。,編目法
32103,2024-08-16,32103_A06,單編時分類的原則為何？,分類時可針對單冊主題進行分類（各冊圖書於排架時可能會分散多處），也可採整套主題進行歸類（各冊圖書於排架時集中一處）。,編目政策與管理
32103,2024-08-16,32103_A07,套分套編的處理方式為何？,「套分套編」指整套分類、整套編目，即整套給予一個可以含括各冊主題較大的分類號且只編1筆書目紀錄。,編目政策與管理
32103,2024-08-16,32103_A08,套分單編的處理方式為何？,「套分單編」指整套分類、各冊分別編目，即整套給予一個可以含括各冊主題較大的分類號且需編10筆書目紀錄（若1套圖書有10冊的話），各冊個別主題也可給予個別類號。,編目政策與管理
32103,2024-08-16,32103_A09,百科全書、字辭典、年鑑、名錄等套書的處理原則為何？,百科全書、字辭典、年鑑、名錄等套書的處理原則多採「套編」方式。,編目法
32114,2024-08-30,32114_A01,MARC21 856段的$g子字段用於何種用途？,分欄$g - Persistent identifier，用於分配給資源的永久性識別符 (PID)，用於由 PID 解析器進行自動存取和其他解析服務。PID 應以可操作的超連結（例如：HTTP URI 格式）提供。若 PID 解析為多個 URI，則這些 URIs 可以在同一個欄位856中提供，並以重複的分欄$u著錄。,機讀編目格式
32114,2024-08-30,32114_A02,MARC21 856段的$u子字段用於何種用途？,分欄$u - Uniform Resource Identifier，用於提供使用現有網際網路協議或透過解析永久性識別符 (PID) 來定位物件的標準語法。分欄$u可以用來代替那些單獨的分欄或作為它們的補充。若記錄多個 URI，分欄$u可能會重複。,機讀編目格式
32114,2024-08-30,32114_A03,DOI在MARC21 856段應著錄於哪個子欄位？,根據OCLC BibFormats說明，DOI的著錄範例皆採用分欄$u進行著錄。,機讀編目格式
32114,2024-08-30,32114_A04,MARC21標準是否明確規定DOI應著錄於856段的哪個子欄位？,MARC 21並未特別指明 DOI 應著錄於欄位856的分欄$g或分欄$u，所提供的著錄範例亦無 DOI 例子。,機讀編目格式
32115,2024-09-04,32115_A01,《中文圖書分類法》（2007年版）中「428.82 遊戲」的分類範圍為何？,「428.82 遊戲」屬於「420 家政」、「428 育兒」、「428.8 教養」，指家庭育兒教養的遊戲，例如：《嬰兒的遊戲和玩具》、《0-1歲100個開發智力的遊戲》、《一下子就穿好了》等書。,其他
32115,2024-09-04,32115_A02,《中文圖書分類法》（2007年版）中「523.13 兒童遊戲」的分類範圍為何？,「523.13 兒童遊戲」屬於「520 教育」、「523 初等教育」、「523.1 兒童研究」，與學前教育及小學教育有關之兒童遊戲的研究，例如：《幼兒團體遊戲 : 皮亞傑理論在幼兒園中的應用》、《怎樣教學唱遊》、《國民小學低年級的遊戲》等書。,主題法
32115,2024-09-04,32115_A03,《中文圖書分類法》（2007年版）中「523.24 課本；玩具；教具」的分類範圍為何？,「523.24 課本；玩具；教具」屬於「520 教育」、「523 初等教育」、「523.2 學前教育」，指有關幼兒學前教育之課本、玩具、教具，例如：《寶島小玩家》、《妙妙蟲兒ㄅㄆㄇ》、《寶寶厚頁翻翻書》等書。,其他
32116,2024-09-04,32116_A01,《中文圖書分類法》（2007年版）中「學前教育」的分類號為何？,《中文圖書分類法》（2007年版）第361頁有 523.2 學前教育 同：幼兒教育、幼稚教育,其他
32116,2024-09-04,32116_A02,《中文主題詞表》（2005年修訂版）中「學前教育」的分類號為何？,《中文主題詞表》（2005年修訂版）第402頁已有 學前教育 523.2(523.2) 參見 幼兒教育,其他
32116,2024-09-04,32116_A03,《中文主題詞表》（2005年修訂版）中「幼兒教育」與「幼稚教育」的關係為何？,《中文主題詞表》（2005年修訂版）第77頁有 幼兒教育 523.2(523.2) 不用 幼稚教育 參見 幼兒教育,其他
32116,2024-09-04,32116_A04,《中文圖書分類法》與《中文主題詞表》在處理「學前教育」相關概念時的差異為何？,《中文圖書分類法》（2007年版）採用「523.2 學前教育 同：幼兒教育、幼稚教育」，而《中文主題詞表》（2005年修訂版）採用「學前教育」及「幼兒教育」、但不採用「幼稚教育」，在於此兩種主題規範之編製與體例不同，應用上也區分為分類號及主題詞,主題法
32118,2024-09-13,32118_A01,外國翻譯為中文的小說及漫畫應使用何種分類法？,外國翻譯為中文的小說及漫畫，國內圖書館多視為中文圖書處理，會採用《中文圖書分類法》（簡稱CCL）進行分類。,分類法
32118,2024-09-13,32118_A02,外國翻譯為非中文語文的小說及漫畫應使用何種分類法？,外國翻譯為非中文語文的小說及漫畫，國內圖書館多視為外文圖書處理，會採用《杜威十進分類法》（簡稱DDC）或《美國國會圖書館分類法》（簡稱LCC）進行分類。,分類法
32118,2024-09-13,32118_A03,圖書館是否可能不區分中英文圖書採用統一分類法？,有些圖書館的圖書分類無中、外文之分，即圖書館僅採用一種分類法來處理館藏之中、外文圖書資料，則無選用哪一種分類法的問題。,其他
32119,2024-09-16,32119_A01,MARC 21欄位776的分欄$r用於著錄什麼類型的識別符？,MARC 21欄位77、分欄$r用於著錄報告號（Report number）,機讀編目格式
32119,2024-09-16,32119_A02,MARC 21欄位776的分欄$u用於著錄什麼類型的識別符？,MARC 21欄位776的分欄$u用於著錄標準技術報告號（Standard Technical Report Number）,機讀編目格式
32119,2024-09-16,32119_A03,MARC 21欄位776的分欄$w用於著錄什麼類型的識別符？,MARC 21欄位776的分欄$w用於著錄記錄控制號（Record control number）,機讀編目格式
32119,2024-09-16,32119_A04,MARC 21欄位776的分欄$x用於著錄什麼類型的識別符？,MARC 21欄位776的分欄$x用於著錄國際標準連續出版物號（International Standard Serial Number）,機讀編目格式
32119,2024-09-16,32119_A05,MARC 21欄位776的分欄$y用於著錄什麼類型的識別符？,MARC 21欄位776的分欄$y用於著錄CODEN designation,機讀編目格式
32119,2024-09-16,32119_A06,MARC 21欄位776的分欄$z用於著錄什麼類型的識別符？,MARC 21欄位776的分欄$z用於著錄國際標準書號（International Standard Book Number）,機讀編目格式
32119,2024-09-16,32119_A07,如何在MARC 21欄位776中著錄登錄號？,在MARC 21欄位776中著錄登錄號時，應使用分欄$o其他單件識別符，格式為：776 08 $i 線上電子書: or紙本: $o (登錄號) $tXXXXXXXXX. $z (ISBN) $w (書目系統號),機讀編目格式
32119,2024-09-16,32119_A08,MARC 21欄位776分欄$o的定義為何？,MARC 21欄位776分欄$o的定義為：當這些識別符不適合用於更特定的分欄時（例如：分欄$z (ISBN)），用於標識單件的數字、代碼等。例如包括單件或登錄號。,機讀編目格式
32124,2024-10-07,32124_A01,如何更正硕士论文作者姓名错误？,請聯繫catadm@ncl.edu.tw電子信箱，並提供碩士論文於編目園地呈現之頁面網址，以供查核修正。,其他
32134,2024-10-15,32134_A01,傳記繪本的分類原則為何？,若待編圖書以傳記為主題、繪本為表現形式，即傳記繪本，基本上分類時仍以傳記作品視之，而在主題詞加上「繪本」一詞。,主題法
32134,2024-10-15,32134_A02,個人傳記的分類號範圍為何？,個人傳記除哲學、宗教、美術、音樂、戲劇類，以及古代帝王之別傳外，採集中方式集中於傳記類號「780-787」（指《中文圖書分類法》（2007年版）類號）。,作者號及輔助區分號
32134,2024-10-15,32134_A03,世界傳記與各國傳記的分類號如何區分？,類號「781」（世界傳記）為多國多人之中外人物或跨洲之傳記入此；各國傳記入類號「782-787」。,作者號及輔助區分號
32134,2024-10-15,32134_A04,如何判定傳記人物的國籍以確定分類？,依傳記分類原則採新國籍為標準，即圖書編目時該傳記主人之最新國籍係屬何國，即分入何國傳記。,編目法
32134,2024-10-15,32134_A05,何塞．安德烈斯的傳記應歸入何類號？,應入類號「785.28」，因該人物1990年移居美國，2013年取得美國國籍，依〈附表十 世界區域及分國表〉複分（美國複分號為「52」），再依〈各國傳記複分表〉複分（個別人物屬分傳，複分號為「8」）。,作者號及輔助區分號
32134,2024-10-15,32134_A06,文學作品分類時如何判定作者國籍？,《中文圖書分類法》（2007年版）中有關文學作品分類原則係按作者之國籍，故出版單位於申請文學作品CIP時，應提供作者國別，以方便本館國際標準書號中心做判別。,編目法
32135,2024-10-16,32135_A01,單名西洋著者四角號碼如何取碼？,"單名著者姓氏及名字兩部分，均依前兩個字母查表各取2碼，例如Monroe, Paul的著者號碼為『8010』。",作者號及輔助區分號
32135,2024-10-16,32135_A02,雙名西洋著者四角號碼如何取碼？,"雙名著者姓氏部分依前兩個字母查表取2碼，名字部分依雙名之各自前1個字母取1碼，例如Henry, O. B.的著者號碼為『0401』。",作者號及輔助區分號
32135,2024-10-16,32135_A04,Jo Witek的四角號碼為何？,著者「Jo Witek」，其姓為「Witek」、名為「Jo」，屬單名著者姓氏及名字兩部分，均依前兩個字母查表各取2碼，故其四角號碼的著者號取號結果為『5440』。,作者號及輔助區分號
32135,2024-10-16,32135_A05,哪些圖書館可能改以其他方式取著者號？,有些圖書館對於在編圖書資料著者姓名為英文且無中譯姓氏者，會改以著者敘述中第一個有中文姓名者（例如：譯者）或正題名取著，端視圖書館有關著者號取碼之政策或規定。,其他
32136,2024-10-22,32136_A01,如何查知西文圖書所屬的杜威分類號？,目前最方便的方法是付費使用OCLC所提供的書目服務（Connexion或WorldShare Record Manager），可一站取得所需書目資訊，包括分類號與主題詞。,其他
32136,2024-10-22,32136_A02,OCLC Classify服務目前是否可用？,OCLC原本提供的「OCLC Classify」屬於創新試驗性的服務，該項服務在今年關閉，整合於OCLC須付費使用的書目服務中。,其他
32136,2024-10-22,32136_A03,如何透過WorldCat查詢西文圖書的杜威分類號？,可使用OCLC WorldCat查詢目標圖書，雖無直接提供分類號資訊，但可依據書目資料中的主題詞查詢杜威分類法本表及複分表，選擇合適的分類號。,其他
32136,2024-10-22,32136_A04,哪些免費工具可用於查詢杜威分類號？,可透過MarcEdit、BibData等免費編目工具程式中的Z39.50功能做查詢，選擇或設定一次查詢多個圖書館目錄，並以機讀格式回傳結果。,機讀編目格式
32136,2024-10-22,32136_A05,如何透過ISBN查詢特定圖書的杜威分類號？,以「Mary had a Little Lamb」為例，使用BibData以ISBN做查詢，可查得該書的杜威分類號為398.8（DDC 23版）。,其他
32137,2024-10-24,32137_A01,MARC 21書目欄位020分欄$c著錄人民幣時應使用何種標示？,編目時，人民幣在MARC 21書目欄位020分欄$c著錄時，以「人民幣」著錄，不以「RMB」或是「CNY」著錄。,編目法
32137,2024-10-24,32137_A02,020欄位$c欄位著錄人民幣價格的範例格式為何？,著錄範例如下：020 ## $a 9787501366637 $q (平裝) : $c 人民幣62元,編目法
32138,2024-10-24,32138_A01,電腦碟片（CD-ROM）包含PDF檔時，MARC 21書目應如何修改008欄位？,008之內容為230101s2023^^^^ch^^^^^eg^^d^^^^^^^^chi^d （註：以^代表空白。008/00-05為年月日（年為西元年後2位數字），原資料為230000，然而月日不可能有0000情況，暫以0101替代）,機讀編目格式
32138,2024-10-24,32138_A02,電腦碟片（DVD-ROM）包含MP4影片檔時，MARC 21書目應如何修改007欄位？,007之內容為vd^cvaizq,機讀編目格式
32138,2024-10-24,32138_A03,電腦碟片（DVD-R）包含期刊PDF檔時，MARC 21書目應如何修改008欄位？,008之內容為230802c20239999ch^^^^^eg^^d^^^^^^^^chi^d,機讀編目格式
32138,2024-10-24,32138_A04,電腦碟片（DVD-RW）執行EXE檔時，MARC 21書目應如何修改008欄位？,008之內容為210324s2017^^^^ch^^^^^eg^^m^^^^^^^^chi^d,機讀編目格式
32138,2024-10-24,32138_A05,RDA編目時，西元年份應如何著錄於MARC 21書目？,採RDA編目時，若資源上之出版年為西元年，則著錄西元年，不需另加民國年,編目法
32138,2024-10-24,32138_A06,電腦碟片包含電子書時，MARC 21書目應如何著錄516欄位？,516 ## $a 電子書,機讀編目格式
32138,2024-10-24,32138_A07,電腦碟片包含電子期刊時，MARC 21書目應如何著錄516欄位？,516 ## $a 電子期刊,機讀編目格式
32138,2024-10-24,32138_A08,電腦碟片包含錄影資料時，MARC 21書目應如何著錄337與338欄位？,337 ## $a錄影 $b v $2 rdamedia 338 ## $a影碟 $b vd $2 rdacarrier,編目法
32138,2024-10-24,32138_A09,MARC 21書目中變長欄300$a的數量單位應如何著錄？,變長欄300$a之數量單位，通常依編目規則所載之特殊資料類型標示（例如：１張磁碟片、3張光碟片、2張影碟…）進行著錄。,機讀編目格式
32138,2024-10-24,32138_A10,MARC 21書目中欄位347應如何著錄數位檔案特性？,347 ## $a text file $2 rdaft 347 ## $b PDF 347 ## $e region 4 $2 rdare,編目法
32138,2024-10-24,32138_A11,MARC 21書目中欄位538應如何著錄系統需求？,"538 ## $a 系統需求: 系統平臺: Windows XP以上或MAC OS 10.6以上; 檔案格式: EPUB繁體中文版; 使用載體: 可閱讀EPUB格式之PC, eReader, Smart Phone等閱讀載體; 軟體需求: EPUB軟體閱讀器 538 ## $a System requirements: IBM-compatible PC with a Pentium processor or higher; 128MB of RAM; Windows 98, 2000, or XP; 11MB of available hard disk space; Windows-based word processing program.",機讀編目格式
32141,2024-10-29,32141_A01,《哲學.思考.遊戲》套書各分冊的分類號為何？,《哲學.思考.遊戲》各冊各有其主題，且各冊主題之分類號依序含括173.75、176.5、176.3、199.1、191、180.3、177.2、143.61、176.51。,主題法
32141,2024-10-29,32141_A02,圖書分類原則中，若書籍論及三個主題或多個主題應如何處理？,若一書論及三個主題或多個主題時，這些主題如果可以包括在一個較廣泛的大類裡，就歸入此大類；如果是論述其中一個主題對於其餘各主題的關係的，按發生關係的主題之學科性質歸類；如果是論述其中一個主題受其餘各主題之影響的，按受影響的主題歸類。,主題法
32141,2024-10-29,32141_A03,《哲學.思考.遊戲》套書應給予何種分類號？,依據圖書分類原則，《哲學.思考.遊戲》應給予含括各冊主題的大類類號，即《中文圖書分類法》（2007年版）類號「100」（哲學類）。,主題法
32144,2024-11-01,32144_A01,書目紀錄欄位245分欄$c應如何處理作者筆名？,館員，您好：一書之個人著者名稱，若於書名頁、封面、版權頁、書背皆是出現著者筆名，然而在圖書之折口或摺頁上有註明著者的本名，於編目時，會優先以書名頁出現之著者筆名以MARC 21格式照錄於書目紀錄欄位245分欄$c。,編目法
32144,2024-11-01,32144_A02,書目紀錄欄位100及700如何處理作者筆名與本名？,書目紀錄欄位100及700有關著者人名檢索款目之建立，圖書館通常基於本身權威檔採用的權威首選名稱或權威控制原則，可以採用著者筆名或本名建立MARC 21欄位100及700之著者人名檢索款目。,機讀編目格式
32144,2024-11-01,32144_A03,當書目紀錄欄位245分欄$c使用筆名且欄位100及700也使用筆名時如何處理？,當書目紀錄欄位245分欄$c著者敘述照錄為筆名、且欄位100及700亦採用著者筆名做為首選名稱時，不需於書目紀錄內額外加註著者本名，而是將著者本名建於權威紀錄MARC 21 欄位400做為不用名稱（若圖書館有自建之權威檔的話）。,機讀編目格式
32144,2024-11-01,32144_A04,當書目紀錄欄位245分欄$c使用筆名但欄位100及700使用本名時如何處理？,當書目紀錄欄位245分欄$c著者敘述照錄為筆名、但欄位100及700以著者本名做為首選名稱時，則需於書目紀錄內以欄位500分欄$a加註「著者本名OOO」，且將著者筆名建於權威紀錄MARC 21 欄位400做為不用名稱（若圖書館有自建之權威檔的話）。,機讀編目格式
32145,2024-11-01,32145_A01,西編書同時出現國外與台灣出版社時，008欄位的第06碼應填何值？,008/06 = r 代碼應選填r，表示出版年含有翻印、再發行年代與原始出版年代,編目法
32145,2024-11-01,32145_A02,西編書同時出現國外與台灣出版社時，008欄位的年份欄位如何著錄？,008/07-10 = 1981 出版年1著錄的是翻印、再發行年代；008/11-14 = 1969 出版年2著錄的是原始出版年代,編目法
32145,2024-11-01,32145_A03,西編書同時出現國外與台灣出版社時，如何著錄翻印、再發行的出版資訊？,"出版項著錄翻印、再發行的出版地、出版者、出版年，例如：264 1 $a Taipei, Taiwan : $b Student Book Co., Ltd., $c 1981.",編目法
32145,2024-11-01,32145_A04,西編書同時出現國外與台灣出版社時，原版圖書資訊應著錄於哪些欄位？,原版圖書的相關出版資訊，可於欄位500、775進行描述，編目員可以擇一著錄，也可兩個欄位都使用。,編目法
32145,2024-11-01,32145_A05,西編書同時出現國外與台灣出版社時，500欄位的內容應如何描述？,"500 $a Reprinted. Originally published: Chicago : University of Chicago Press, ©1969.",編目法
32145,2024-11-01,32145_A06,西編書同時出現國外與台灣出版社時，775欄位的內容應如何描述？,"775 08 $i Reproduction of (manifestation): $t History of Western civilization. $d Chicago : University of Chicago Press, ©1969.",其他
32149,2024-11-12,32149_A01,《中文圖書分類法》2007年版中，香港文學的主類號為何？,應入「850.38 香港文學」,其他
32149,2024-11-12,32149_A02,《中文圖書分類法》2007年版中，兒童文學的複分號為何？,〈各國文學複分表〉之複分號「59 兒童文學」,其他
32149,2024-11-12,32149_A03,《煩惱獅與螃蟹先生》一書的分類號為何？,「850.3859」,作者號及輔助區分號
32149,2024-11-12,32149_A04,《中文圖書分類法》2007年版中，香港文學與兒童文學的複分號組合方式為何？,主類號「850.38 香港文學」加上〈各國文學複分表〉之複分號「59 兒童文學」，形成「850.3859」,其他
32150,2024-11-15,32150_A01,更換出版社並重新編修內容時，ISBN如何申請？,更換出版社且內容重新編修，需重新申請ISBN號碼，其版次為「初版」。,其他
32150,2024-11-15,32150_A02,同一版次不同刷次的ISBN是否相同？,同一版次不同刷次的ISBN相同，即ISBN之申請依版本版次而定。,其他
32150,2024-11-15,32150_A03,版次與刷次的區分原則為何？,凡某一版次圖書印刷數次，若頁數變動不大且無重新排版、或內容沒有重大修改，不視為版本變更，而只是印刷次數不同，即可透過不同刷次區別標示。,其他
32156,2024-11-26,32156_A01,金门县的中文图书分类号为何？,143,其他
32156,2024-11-26,32156_A02,连江县的中文图书分类号为何？,145,其他
32156,2024-11-26,32156_A03,金门县及马祖县的图书资料分类调整为何？,有关金门和马祖之图书资料改入「733 台湾史地」，不再入「673.1 福建省（闽）」,其他
32156,2024-11-26,32156_A04,《中文图书分类法》（2007年版）新增金门县及连江县的公告日期为何？,112年9月6日,編目法
32156,2024-11-26,32156_A05,《中文图书分类法》（2007年版）新增金门县及连江县的公告链接为何？,https://catweb.ncl.edu.tw/sites/default/files/upload/announcement/%E5%9C...,其他
32159,2024-11-28,32159_A01,作者號的結構如何組成？,以「首尾五筆檢字法」取作者號，需與作者時代號配合使用，其中作者時代號佔1位（為作者號第1位）；作者之首尾五筆號碼佔2-3位（為作者號第2至4位）。,作者號及輔助區分號
32159,2024-11-28,32159_A02,外文姓名如何取得作者號？,作者如遇外文姓名，以外文姓氏之中譯姓氏取其作者號，若無法於圖書館權威檔、在編資料、或其他來源找到作者外文姓氏之中譯姓命，一般會查找「中央通訊社」所編《標準譯名錄》及《標準譯名錄. 第1輯至第3輯：新見譯名補充資料》之中譯姓氏。,作者號及輔助區分號
32159,2024-11-28,32159_A03,無法查詢到作者本名時如何處理？,圖書館的作法係以在編資料之正題名前三個中文字取作者號。例如：Middle著《在你變成回憶之前》，其首尾五筆作者號取自「在你變」，加上作者時代號，故得作者號「8456」。,作者號及輔助區分號
32160,2024-11-28,32160_A01,非書資料中哪些類型會進行編目？,圖書館非書資料類型包括地圖資料、樂譜、錄音資料、電影片及錄影資料、靜畫資料、立體資料、縮影資料、電子資源、多媒體組件等，皆會進行編目。,編目政策與管理
32160,2024-11-28,32160_A02,海報的處理方式為何？,海報入藏後，另以其他自行開發之系統軟體進行資料建檔及提供查詢，採欄位式簡單著錄相關資料。,其他
32160,2024-11-28,32160_A03,郵票的處理方式為何？,郵票入藏以成冊為主，並視為圖書進行分類編目。,編目政策與管理
32160,2024-11-28,32160_A04,小冊子的處理方式為何？,小冊子則視內容主題及其重要性來決定是否入藏及分編政策。,編目政策與管理
32160,2024-11-28,32160_A05,非書資料分類編目時使用的分類法與主題詞表為何？,若這類資料確定比照一般館藏資料進行分類編目，無論是採詳編或簡編，本館皆仍採用《中文圖書分類法》（2007年版）及《中文主題詞表》（2005年修訂版）作為主題標引依循規範。,主題法
32160,2024-11-28,32160_A06,海報的典藏與陳列政策為何？,由於海報、郵票、小冊子等這類資料大小不一、容易夾雜或散佚，本館不採開架陳列。,編目政策與管理
32165,2024-12-02,32165_A01,《中國編目規則》（第三版）包含哪些資料類型？,《中國編目規則》（第三版）所含括之12種資料類型為：圖書、連續性資源、善本圖書、地圖資料、樂譜、錄音資料、電影片及錄影資料、靜畫資料、立體資料、拓片、微縮資料、電子資源。,編目法
32165,2024-12-02,32165_A02,為何《中國編目規則》（第三版）需將12種資料類型分列說明？,《中國編目規則》（第三版）將12種資料類型分列說明的主要原因在於著錄來源及著錄內容的規定與需求不同。不同資料類型的著錄來源分為主要著錄來源及指定著錄來源，且各類型的著錄內容規則存在差異，因此分章詳述以方便學習者或編目人員理解不同資料類型的著錄細節。,編目法
32165,2024-12-02,32165_A03,圖書的著錄來源有哪些？,圖書之主要著錄來源為書名頁，若無書名頁，則參考版權頁、封面、書背、卷端、簡略書名頁及逐頁書名頁等，以載有最完備之著錄資料者替代之（參見規則2.0.2.1）。各著錄項之指定著錄來源，題名及著者敘述項為主要著錄來源，版本項則為書名頁、版權頁、封面（參見規則2.0.2.2）。,編目法
32165,2024-12-02,32165_A04,錄音資料的著錄來源有哪些？,錄音資料以唱片為例，其主要著錄來源為唱片及標籤。若主要著錄來源中均無著錄所需資料，則依序以附隨文字資料、盛裝物、其他來源取得之（參見規則7.0.2.1）。各著錄項之指定著錄來源，題名及著者敘述項為主要著錄來源，版本項則為主要著錄來源、附隨文字資料、盛裝物（參見規則7.0.2.2）。,編目法
32165,2024-12-02,32165_A05,圖書的稽核項包含哪些內容？,圖書各著錄項之著錄內容，以稽核項為例，包括：(1) 面（葉）數、冊數或其他單位（參見規則2.5.1）；(2) 插圖及其他稽核細節（參見規則2.5.2）；(3) 高廣（參見規則2.5.3）。,編目法
32165,2024-12-02,32165_A06,錄音資料的稽核項包含哪些內容？,錄音資料各著錄項之著錄內容，以稽核項為例，包括：(1) 捲數、張數或其他單位（包括資料特殊類型標示）（參見規則7.5.1）；(2) 其他稽核細節（參見規則7.5.2）；(3) 高廣深（參見規則7.5.3）。,權威控制
32165,2024-12-02,32165_A07,《中國編目規則》（第三版）的總則有何作用？,《中國編目規則》（第三版）的總則（第1章）整合了各資料類型間著錄的互通內容，形成不分資料類型的通用準則，方便編目學習者或規則使用者在尚未熟知各資料類型著錄細則前，對八大著錄項的著錄規定有一整體且通盤的認知與了解。,編目法
32167,2024-12-04,32167_A01,《中國編目規則》（第三版）對於作者不同名稱的處理方式為何？,《中國編目規則》（第三版）對於作者有不同名稱時，規定「擇其著稱者為標目」（參見CCR 22.1.1）。,編目法
32167,2024-12-04,32167_A02,《資源描述與檢索》（RDA）對於作者不同名稱的處理方式為何？,《資源描述與檢索》（RDA）對於作者有不同名稱時，規定「擇其著稱者為標目」（參見RDA 9.2.2.3、9.2.2.6）。,編目法
32167,2024-12-04,32167_A03,《中國編目規則》（第三版）如何區分相同人名標目之不同個人？,《中國編目規則》（第三版）規定「中國人名，朝代相同者，加註其西元生卒年、籍貫、專長、職稱等於姓名之後，置於圓括弧內」（參見CCR 22.3.1）。,編目法
32167,2024-12-04,32167_A04,《資源描述與檢索》（RDA）如何區分相同人名標目之不同個人？,《資源描述與檢索》（RDA）對於相同人名標目之不同個人的其他識別屬性規定包括：個人相關日期（例如：西元生卒年或日期）（參見RDA 9.3）、個人頭銜（參見RDA 9.4）、全名（參見RDA 9.5）、與個人相關的其他標示語（參見RDA 9.6）、個人活躍領域（參見RDA 9.15）、專業或職業（參見RDA 9.16）。,權威控制
32167,2024-12-04,32167_A05,《中國編目規則》（第三版）與《資源描述與檢索》（RDA）在區分相同人名標目之不同個人時，何者為首要區分依據？,無論《中國編目規則》（第三版）或是《資源描述與檢索》（RDA），對於不同個人但人名標目相同的區分及識別，首為生卒年。,編目法
32167,2024-12-04,32167_A06,《中國編目規則》（第三版）與《資源描述與檢索》（RDA）在區分相同人名標目之不同個人時，其次區分依據有何不同？,以《中國編目規則》（第三版）而言，僅中國人名之朝代相同時，依序以西元生卒年、籍貫、專長、職稱作為區別；以RDA而言，其次為個人頭銜，而非籍貫。,編目法
32168,2024-12-05,32168_A01,中國編目規則第三版包含哪些資料類型？,《中國編目規則》（第三版）所含括之12種資料類型為：圖書、連續性資源、善本圖書、地圖資料、樂譜、錄音資料、電影片及錄影資料、靜畫資料、立體資料、拓片、微縮資料、電子資源。,編目法
32168,2024-12-05,32168_A04,圖書的著錄內容包含哪些稽核項？,"稽核項包括：(1) 面（葉）數、冊數或其他單位（參見規則2.5.1）；(2) 插圖及其他稽核細節（參見規則2.5.2）；(3) 高廣（參見規則2.5.3）。著錄範例： [3], 401, [38]面 ; 圖, 像, 地圖 ; 26公分",編目法
32168,2024-12-05,32168_A05,錄音資料的著錄內容包含哪些稽核項？,"稽核項包括：(1) 捲數、張數或其他單位（包括資料特殊類型標示）（參見規則7.5.1）；(2) 其他稽核細節（參見規則7.5.2）；(3) 高廣深（參見規則7.5.3）。著錄範例： 1張唱片(50分) ; 數位, 立體聲 ; 4 3/4吋",編目法
32168,2024-12-05,32168_A06,《中國編目規則》第三版如何分章說明12種資料類型？,《中國編目規則》（第三版）將12種資料類型之編目細則分列於各章，並於規則1.1.2列出資料類型標示之名稱，計約30種，包含工程圖、大字本、文字印刷本、手稿、幻燈捲片、幻燈單片、生態立體圖、地圖、多媒體組件、玩具、拓片、閃示卡、球儀、透明片、遊戲用品、電子資源、電影片、複製藝術品、圖片、圖表、實物、模型、樂譜、錄音資料、錄影資料、點字本、微縮資料、藝術品原件、顯微鏡單片等。,編目法
32168,2024-12-05,32168_A07,圖書館處理不同資料類型的建議作法？,建議將不同資料類型分開處理，例如紙本圖書一車、錄音資料一車，或紙本圖書置於書車第二層及第三層、錄音資料放在同一書車的第一層，以節省時間、提高效率、避免錯誤，並確保加工作業一貫性與標準化。,其他
32168,2024-12-05,32168_A08,《中國編目規則》第三版的修訂年份及適用性？,《中國編目規則》（第三版）係民國94年增修編印，距今已近20年，當時所列的12種資料類型已含括圖書館蒐藏之各種資料類型，因此編目著錄時皆有相應規則得以遵行。,編目法
32168,2024-12-05,32168_A09,未來新興資料類型的編目規則建議？,未來若有新興資料類型，圖書館或可改用國際最新編目規則《資源描述與檢索》（RDA）進行編目著錄，該規則以內容類型、媒體類型、載體類型三大類型區分，各類型下再分細項，含括「其他」及「未定」，足以因應未來新興資料類型。,編目法
32168,2024-12-05,32168_A10,RDA規則的內容類型、媒體類型、載體類型說明文件連結？,有關RDA之內容類型、媒體類型、載體類型，請參考https://catweb.ncl.edu.tw/sites/default/files/upload/standard/RDA%20%E5%AA%92%E9%AB%94%E9%A1%9E%E5%9E%8B%28Media%20type%29%E3%80%81%E8%BC%89%E9%AB%94%E9%A1%9E%E5%9E%8B%28Carrier%20type%29%E3%80%81%E5%85%A7%E5%AE%B9%E9%A1%9E%E5%9E%8B%28Content%20type%29%E8%A9%9E%E5%BD%99%E4%B8%AD%E8%AD%AF%2820160707%E6%9B%B4%E6%96%B0%29.pdf,編目法
32170,2024-12-11,32170_A01,MARC 21欄位022可著錄的ISSN格式為何？,MARC 21欄位022僅著錄8碼之ISSN（其中需另含括「-」符號，即「-」前有4碼、「-」後有4碼，例如：022 ## $a 0376-4583）,編目法
32170,2024-12-11,32170_A02,商品條碼號是否可著錄於MARC 21欄位022？,編目時不會將商品條碼號著錄於MARC 21欄位023，且商品條碼號為13碼，非8碼ISSN,機讀編目格式
32171,2024-12-12,32171_A01,中文著者姓名含英文字母時，僅取中文的四角號碼取碼方式如何處理？,第1種方式為英文字母不取碼、只取中文。取碼的中文字仍依四角號碼取碼規則進行取碼。國內有些圖書館著者號採用「首尾五筆檢字法」取碼者，遇中文著者姓名含英文字或英文字母，通常也是以略去英文字或英文字母、僅取中文字的方式來取碼。,編目法
32171,2024-12-12,32171_A02,中文著者姓名含英文字母時，中英文字皆取碼的四角號碼取碼方式如何處理？,第2種及第3種方式為中英文字皆取碼。此2種方式仍為依循四角號碼取碼規則來取著者號，並且由於著者之姓或名僅有一個英文字母，為免造成取碼後之著者號不足4位，而採其間補「0」或其後補「0」的方式進行變通，以符合著者號4碼之原則。,編目法
32171,2024-12-12,32171_A03,四角號碼取碼時，如何處理未規範之情形？,遇「四角號碼著者號取碼規則」（https://catweb.ncl.edu.tw/class2007/b13_app01.pdf）未有規範之情形，則收集與參酌國內圖書館相關作法，並進行圖書館內部討論後，以決定處理原則或變通方式。,其他
32171,2024-12-12,32171_A04,中文著者姓名含英文字母的四角號碼取碼方式有哪些？,目前國內圖書館採用「四角號碼」常見之3種著者號取碼方式：1. 英文字母不取碼、只取中文；2. 中英文字皆取碼（其間補「0」）；3. 中英文字皆取碼（其後補「0」）。,作者號及輔助區分號
32171,2024-12-12,32171_A05,四角號碼取碼規則的依據為何？,應遵行「四角號碼著者號取碼規則」（https://catweb.ncl.edu.tw/class2007/b13_app01.pdf）之規定。,作者號及輔助區分號
32176,2024-12-20,32176_A01,《臺灣漫遊錄》的作者托名情況為何？,該書出版時將作者列為「青山千鶴子、楊双子」，然據網路資料得知，「青山千鶴子」似為「楊双子」託名。,作者號及輔助區分號
32176,2024-12-20,32176_A02,採用《中國編目規則》（第三版）編目時，《臺灣漫遊錄》的著錄方式為何？,書目欄位100為「青山千鶴子」、欄位700為「楊双子」（若貴館權威檔採用「楊双子」做為權威紀錄主標目、不用作者本名「楊若慈」的話）。,編目法
32176,2024-12-20,32176_A03,採用Original RDA編目時，《臺灣漫遊錄》的著錄方式為何？,書目欄位100為「青山千鶴子」、欄位700為「楊双子」（若貴館權威檔採用「楊双子」做為權威紀錄主標目、不用作者本名「楊若慈」的話）。,編目法
32176,2024-12-20,32176_A04,Original RDA如何處理虛構人物與真實非人類實體的著錄？,對於虛構人物（如Fictitious character）與傳奇人物（如Legendary character）應標示類型；對於真實非人類實體（如動物、物種）應標示其類型、物種或品種。,作者號及輔助區分號
32176,2024-12-20,32176_A05,採用Official RDA編目時，《臺灣漫遊錄》的著錄方式為何？,書目欄位100為「楊双子」、欄位700為「青山千鶴子」（若貴館權威檔採用「楊双子」做為權威紀錄主標目、「楊若慈」係於權威欄位400著錄）。,編目法
32177,2024-12-20,32177_A01,一穂ミチ的四角號碼為何？,取碼時，每字以左上角字形各取1碼，取碼結果為作者號「1232」。,作者號及輔助區分號
32177,2024-12-20,32177_A02,四角號碼的取碼規則參考哪份文件？,取碼規則請參見https://catweb.ncl.edu.tw/class2007/b13_app01.pdf,作者號及輔助區分號
32177,2024-12-20,32177_A03,如何處理日文複姓雙名的四角號碼？,比照中文複姓雙名，取碼時，每字以左上角字形各取1碼。,作者號及輔助區分號
32178,2024-12-22,32178_A01,依RDA規則，英文題名出現在封面時246欄位應如何著錄？,依RDA的規定，並列題名的著錄來源可取自任何來源，因此MACR 21欄位245分欄 $b可依封面出現之英文題名著錄為並列題名，且另以欄位2、46建立並列題名檢索款目。例如：245 10 $a 神明便利商店 = $b God's cvs / $c謝東霖作 246 31 $a God's cvs,編目法
32178,2024-12-22,32178_A02,依中國編目規則（第三版），英文題名出現在封面時246欄位應如何著錄？,依《中國編目規則》（第三版）的規定，並列題名的著錄來源取自主要著錄來源（即書名頁），非得自主要著來源之並列題名，則著錄於附註項。因此MACR 21欄位245分欄 $b不依封面出現之英文題名著錄並列題名，並透過欄位246建立相關附註及題名檢索款目。例如：245 10 $a 神明便利商店 / $c謝東霖作 246 1# $i 封面英文題名: $a God's cvs,編目法
32179,2024-12-22,32179_A01,美國文學的中文圖書分類號為何？,美國文學入874,其他
32179,2024-12-22,32179_A02,智利文學的中文圖書分類號為何？,「885」及「581」，略去其中之「5」，得智利文學類號「885.81」,其他
32179,2024-12-22,32179_A03,秘魯文學的中文圖書分類號為何？,「885」及「582」，略去其中之「5」，得秘魯文學類號「885.82」,其他
32179,2024-12-22,32179_A04,宏都拉斯文學的中文圖書分類號為何？,「885」及「551」，略去其中之「5」，得宏都拉斯文學類號「885.51」,其他
32181,2024-12-27,32181_A01,依據Original RDA規範，出版者名稱的著錄來源優先順序為何？,依據RDA 2.8.4.2，出版者名稱的著錄來源優先順序為：1、優先選用與正題名相同來源的出版者名稱。2、在編資源上的其他來源。3、在RDA 2.2.4所規範的其他來源。,編目法
32181,2024-12-27,32181_A02,依據Official RDA規範，圖書編目時資料來源的優先順序為何？,在編資源為圖書時，資料來源優先順序為：1、書名頁、印有書名的紙頁、或題名卡片。2、封面或書衣皮。3、卷端題名（caption）。4、報頭或刊頭題名（masthead）。5、書末出版資訊處或版權頁（colophon）。,編目法
32181,2024-12-27,32181_A03,在Original RDA規範下，正題名取自書名頁時，出版者名稱的著錄方式為何？,若正題名取自書名頁，則出版者名稱亦優先著錄出現在書名頁上的名稱形式。,編目法
32181,2024-12-27,32181_A04,在Official RDA規範下，圖書編目時各項著錄元素的資料來源如何選取？,當各項著錄元素的編目資料得自資源本身時，著錄來源優先取自書名頁。,編目法
32184,2024-12-30,32184_A01,MARC 21欄位347的用途為何？,MARC 21書目欄位347為著錄數位檔案特性；欄位516則是著錄電腦檔或資料之型態的附註。,機讀編目格式
32184,2024-12-30,32184_A02,MARC 21欄位516的用途為何？,MARC 21書目欄位516為著錄電腦檔或資料之型態的附註。,機讀編目格式
32184,2024-12-30,32184_A03,使用RDA進行電子書或視聽資料編目時，欄位347與516的著錄規則為何？,以RDA進行電子書或視聽資料編目，通常著錄欄位347則不再著錄欄位516，尤其是指若欄位347著錄內容與欄位516著錄內容一樣時，則圖書館可以選擇不特別著錄欄位516。,編目法
32184,2024-12-30,32184_A04,採用RDA編目時，版權年與出版年的著錄規則為何？,採用RDA編目，無論版權年與出版年是否相同，若資源上可得出版年與版權年，則兩者皆需著錄。,編目法
32184,2024-12-30,32184_A05,版權頁上標示多個版權年時，應如何著錄？,"版權頁上標示多個版權年時，以最新的版權年著錄之。例如：版權頁上標示「Copyright©1969, 1987」，則版權年著錄為「©1987」；版權頁上標示「©1976, renewed 2004, complex Chinese translation Copyright©2018」，若在編資源確有中文翻譯，則版權年著錄為「©2018」。",編目法
32190,2025-01-08,32190_A01,字段041的指針1值應填何值？,"指針1之值為 ""1""（指譯文或含譯文）",編目法
32190,2025-01-08,32190_A02,字段043的$a欄位應填何值？,"分欄$a（正文語文）著錄 ""chi""",編目法
32190,2025-01-08,32190_A03,字段041的$h欄位應填何值？,"分欄$h（據以翻譯之作品原文）著錄 ""fre""",編目法
32190,2025-01-08,32190_A04,字段008的35-37位應填何值？,"008位址35-37之值填 ""chi""",其他
32190,2025-01-08,32190_A05,字段041是否需要另著錄？,"需另著錄欄位041、指針1之值為 ""1""（指譯文或含譯文）",編目法
32191,2025-01-09,32191_A01,編目時編者應著錄於哪個MARC 21欄位？,編者應著錄於欄位710（代表輔助作者或貢獻者或非首位的創作者），而非欄位110（代表主要作者或首位創作者）。,編目法
32191,2025-01-09,32191_A02,譯者在編目時應著錄於哪個MARC 21欄位？,譯者應著錄於欄位700（代表非首位的創作者），而非欄位100（代表主要作者）。,機讀編目格式
32191,2025-01-09,32191_A03,審訂者是否需要著錄於MARC 21欄位245分欄$c？,審訂者通常不著錄於欄位245分欄$c（著錄敘述），且多數情況不為其建立名稱檢索款目。,編目法
32192,2025-01-16,32192_A01,出版日期不詳時應如何著錄印製資訊？,"CC，您好： 所提信徒自印佛教經典或經書，通常無出版資訊，僅有印製資訊。在編目時，印製資訊（含印製地、印製者或印刷廠、印製年）不能視為出版資訊來著錄，而是以印製資訊著錄。一般會著錄印製資訊的前提是資源上無出版資訊、亦無經銷資訊。 MARC 21書目格式欄位260及264皆用來著錄出版項。欄位260是未採用RDA編目（例如：採用AACR2 或《中國編目規則》）的出版項著錄欄位；欄位264則是採用RDA編目的出版項著錄欄位。 以欄位260著錄印製資訊的格式如下： 260 ## $a [出版地不詳 : $b 出版者不詳, $c 出版年不詳] $e (印製地 : $f 印製者, $g 印製年) 以欄位264著錄印製資訊的格式如下： 264 #1 $a [出版地不詳 : $b 出版者不詳, $c 出版年不詳] 264 #3 $a 印製地 : $b 印製者, $c 印製年 以上著錄格式仍需視在編資料的實際情況進行調整，特此說明。",編目法
32192,2025-01-16,32192_A02,如何以欄位260著錄印製資訊？,"以欄位260著錄印製資訊的格式如下： 260 ## $a [出版地不詳 : $b 出版者不詳, $c 出版年不詳] $e (印製地 : $f 印製者, $g 印製年)",編目法
32192,2025-01-16,32192_A03,如何以欄位264著錄印製資訊？,"以欄位264著錄印製資訊的格式如下： 264 #1 $a [出版地不詳 : $b 出版者不詳, $c 出版年不詳] 264 #3 $a 印製地 : $b 印製者, $c 印製年",編目法
32192,2025-01-16,32192_A04,已知出版年時應如何著錄？,"已知出版年，則應將出版年進行著錄，而不是著錄 ""出版年不詳""。著錄範例如下： 以欄位260著錄印製資訊的範例如下： 260 ## $a [出版地不詳 : $b 出版者不詳], $c 民113 $e (臺北市 : $f XX總堂XXX宮, $g 民113) 以欄位264著錄印製資訊的範例如下： 264 #1 $a [出版地不詳 : $b 出版者不詳], $c 民113[2024] 264 #3 $a 臺北市 : $b XX總堂XXX宮, $c 民113[2024]",編目法
32193,2025-01-16,32193_A01,《交響樂團在台灣》一書依《中文圖書分類法》（2007年版）的類號為何？,《交響樂團在台灣》一書，若以《中文圖書分類法》（2007年版）分類的話，類號為「912.933」，係以分類法主表類號「912.9」（樂團）加上〈附表十 世界區域及分國表〉複分號「33」（臺灣）而組成。,其他
32193,2025-01-16,32193_A02,類號「912.927」的組成依據為何？,類號「912.927」係使用賴永祥教授編訂之《中國圖書分類法》（增訂七版），以分類法主表類號「912.9」（樂團組織）加上〈附表七 分國表〉複分號「2」（中國）再加〈附表五 中國省區表〉複分號「7」（臺灣）而組成。,其他
32193,2025-01-16,32193_A03,類號「912.9232」的組成依據為何？,類號「912.9232」也是使用分類法不同版本所組成的類號，係以分類法主表類號「912.9」（樂團組織）加上〈附表七 分國表〉複分號「2」（中國）再加〈附表五 中國省區表〉複分號「32」（臺灣）而組成。,其他
32193,2025-01-16,32193_A04,不同圖書館對《交響樂團在台灣》分類號產生差異的原因為何？,不同圖書館對《交響樂團在台灣》分類號產生差異的原因為該圖書館所採用的分類法版本不同而形成不同類號。,其他
32197,2025-01-23,32197_A01,「古書版本鑑定」的作者為何？,李致忠,分類法
32197,2025-01-23,32197_A02,「國家圖書館古籍與特藏文獻資源網」的URL為何？,https://rbook.ncl.edu.tw/NCLSearch/Search/Index/1,其他
32197,2025-01-23,32197_A03,「中央研究院古漢籍善本數位化資料庫檢索系統」的URL為何？,https://rarebookdl.ihp.sin.mt/rarebook/Search/index.jsp,其他
32197,2025-01-23,32197_A04,「中央研究院臺灣研究古籍資料庫」的URL為何？,https://rarebooks.ith.sinica.edu.tw/sinicafrsFront99/index.htm,其他
32197,2025-01-23,32197_A05,「故宮博物院古籍輿圖檢索系統」的URL為何？,https://rarebooks-maps.npm.edu.tw/,其他
32197,2025-01-23,32197_A06,「走入紙質文獻修護小日常－圖書醫生研習班」的URL為何？,https://www.lac.org.tw/civicrm/event/info?reset=1&id=305,其他
32197,2025-01-23,32197_A07,國內目前是否設有以古籍版本為主的學校或研究所？,國內目前尚無以古籍版本為主的學校或研究所,其他
32197,2025-01-23,32197_A08,哪些系所開設「古籍版本學」課程？,文史哲相關系所,編目政策與管理
32212,2025-02-07,32212_A01,團體作者在著錄時如何處理標點符號？,會將例如《》、「」、“ ”等類似符號刪除,作者號及輔助區分號
32212,2025-02-07,32212_A02,為何需刪除團體作者的標點符號？,為避免不同標點符號（如「“好書指南”編輯部著」）造成MARC 21欄位1XX及7XX的權威控制及讀者查詢之困擾,機讀編目格式
32212,2025-02-07,32212_A03,團體著者檢索款目涉及哪些MARC欄位？,涉及欄位110及710等團體著者檢索款目,機讀編目格式
32212,2025-02-07,32212_A04,MARC 21欄位1XX及7XX處理團體著者時有何規定？,會刪除《》、「」、“ ”等標點符號以進行權威控制及建立著者檢索款目,編目法
32213,2025-02-12,32213_A01,MarcEdit的書目批次處理功能如何？,MarcEdit是書目與權威紀錄編輯與批次處理的軟體，提供免費下載安裝，下載網址https://marcedit.reeset.net/downloads。,機讀編目格式
32213,2025-02-12,32213_A02,RIMMF的書目批次處理功能如何？,RIMMF是採RDA元素編目的書目與權威編輯軟體，提供免費下載安裝，下載網址https://rimmf.com/w/doku.php?id=start。,編目法
32213,2025-02-12,32213_A03,Sinopia的書目批次處理功能如何？,Sinopia是採BIBFRAME框架的書目與權威編輯軟體，為雲端免費註冊使用之軟體，上線網址https://sinopia.io/。,其他
32213,2025-02-12,32213_A04,書目紀錄建置RDA編目元素轉換程式的功能與下載方式？,書目紀錄建置RDA編目元素轉換程式是書目紀錄由非RDA轉為含RDA元素書目之轉換工具，提供免費下載安裝，下載網址https://catweb.ncl.edu.tw/node/30359。,編目法
32213,2025-02-12,32213_A05,MARC 21拼音轉換應用系統的功能與使用方式？,MARC 21拼音轉換應用系統是書目紀錄由中文轉為含拼音書目之轉換工具，為免費申請後使用，上線網址https://catweb.ncl.edu.tw/node/30362。,機讀編目格式
32213,2025-02-12,32213_A06,CMARC3轉MARC 21轉換系統的功能與使用方式？,CMARC3轉MARC 21轉換系統是書目紀錄由CMARC格式轉為MARC 21格式之轉換工具，為免費申請後使用，上線網址https://catweb.ncl.edu.tw/node/30363。,機讀編目格式
32213,2025-02-12,32213_A07,CMARC3-XML轉換程式的功能與下載方式？,CMARC3-XML轉換程式是書目紀錄由CMARC格式轉為XML語法之轉換工具，提供免費下載安裝，下載網址https://catweb.ncl.edu.tw/node/30364。,機讀編目格式
32214,2025-02-17,32214_A01,MLC在索書號中的含義為何？,MLC代表「Minimal Level Cataloging」，即該筆書目並使用非完整著錄層次進行編目，而是採用最低限度層次之著錄，通常用於需保留入藏但使用率可能較低的館藏資源，為節省作業時間，僅著錄有限的欄位資料，作為典藏管理、調閱之用，且無需進行權威控制，也不會給予主題詞和分類號。,機讀編目格式
32214,2025-02-17,32214_A02,索書號中的「S」代表什麼？,索書號中的「S」代表該書尺寸為「Small」，即書高在22公分以下的圖書。,作者號及輔助區分號
32214,2025-02-17,32214_A03,索書號中「92」與「19926」的含義為何？,索書號中「92」代表該書在1992年進行編目，後方的「19926」則代表該書在所屬尺寸中的序號。,作者號及輔助區分號
32214,2025-02-17,32214_A04,索書號末尾的「（Ｎ）」代表什麼？,索書號末尾的「（Ｎ）」代表該書如果以LCC進行分類，應屬於Ｎ大類（藝術類）。,作者號及輔助區分號
32214,2025-02-17,32214_A05,MLC索書號是否需要使用於圖書管理？,通常不需要使用MLC索書號，而是另依據圖書的主題內容，使用LCC擇定合適的分類號後，進行索書號的建構。,其他
32216,2025-02-19,32216_A01,圖書再版發行時是否需要重新申請ISBN書號？,圖書若確定要再版發行，需重新申請一個新的ISBN書號。,其他
32216,2025-02-19,32216_A02,申請ISBN書號的官方網站為何？,https://isbn.ncl.edu.tw/NEW_ISBNNet/main_ProcessMenuItems.php?&Ptarget=356&Pact=ViewContent&Pval=359&Pfld=Ffile,其他
32216,2025-02-19,32216_A03,申請ISBN書號時可撥打的諮詢電話為何？,(02) 2361-9132轉701~706,其他
32217,2025-02-20,32217_A01,MARC 21書目欄位100與700分欄$0應著錄什麼類型的識別符？,MARC 21書目欄位100與欄位700之分欄$0，指權威紀錄控制號或標準號碼，包含相關權威之系統控制號或標準識別符（Identifier），這些識別符可以是文字或 URI 的形式。,機讀編目格式
32217,2025-02-20,32217_A02,若館自建權威檔且已發布為鏈結資料，分欄$0應如何著錄？,若貴館有自建權威檔（或已採用特定的某一外部權威檔）、且該權威檔已發布為鏈結資料，則分欄$0應著錄貴館所使用之權威紀錄鏈結資料的URI。,編目法
32217,2025-02-20,32217_A03,若館自建權威檔但未建置為鏈結資料，分欄$0是否需要著錄？,若貴館有自建權威檔（或已採用特定的某一外部權威檔）、但該權威檔未建置為鏈結資料，則分欄$0不需著錄。,編目法
32217,2025-02-20,32217_A04,已採用日本國立國會圖書館權威檔時，分欄$0應著錄什麼URI？,若貴館已採用「日本國立國會圖書館」權威檔，則分欄$0方可著錄「https://id.ndl.go.jp/auth/ndlna/00096690」。,編目法
32217,2025-02-20,32217_A05,使用MARC 21格式時，欄位600分欄$2能否著錄日本國立國會圖書館權威檔代碼？,MARC 21著錄分欄$2之「Name and Title Authority Source Codes」所提供之代碼，目前未能找到「日本國立國會圖書館」權威檔之代碼，故無法於欄位600分欄$2著錄。,機讀編目格式
32217,2025-02-20,32217_A06,採用日本國立國會圖書館權威檔且需著錄欄位600時，分欄$0是否可著錄URI？,當編目採用MARC 21格式及「日本國立國會圖書館」權威檔、且有著錄欄位600的需求時，雖無相關代碼可供著錄欄位600之分欄$2，但仍可於欄位600分欄$0著錄「https://id.ndl.go.jp/auth/ndlna/00096690」。,機讀編目格式
32218,2025-02-21,32218_A01,電子資源的「訂購」方式分為哪些類型？,電子資源之「訂購」分為「租賃」和「買斷」。,編目政策與管理
32218,2025-02-21,32218_A02,何種訂購方式能取得永久使用權？,「買斷」方式能取得「永久使用權」。,編目政策與管理
32218,2025-02-21,32218_A03,「租賃」方式需要哪些文件？,「租賃」方式需請電子資源出版商或供應商提供「啟用通知書」（載明使用起迄日期）。,編目法
32218,2025-02-21,32218_A04,「買斷」方式需要哪些文件？,「買斷」方式則需請電子資源出版商或供應商提供「啟用通知書」（載明何日開始）及「使用授權書」（載明使用人數、使用範圍），並附資料庫簡介、操作說明、備份光碟等。,編目法
32218,2025-02-21,32218_A05,採編館員如何依據訂購方式著錄書目？,採編館員可依據「啟用通知書」及「使用授權書」著錄採購方式及設定使用期限與書目是否開放查詢或隱藏不提供查詢。,編目政策與管理
32218,2025-02-21,32218_A06,MARC 21編目是否需要著錄電子資源採購方式？,以MARC 21編目時，並未要求必須於書目紀錄內著錄訂購方式，係因訂購方式屬於採購檔內標註之資訊。,編目法
32218,2025-02-21,32218_A07,如何在MARC 21書目紀錄內著錄電子書之採購方式？,"可透過MARC 21欄位541分欄$c著錄採購模式，例如：541 ## $3 Photoprints $c Purchased; $d 1974 $h $4,000. 541 0# $c Gift; $a Leavitt Hunt's daughter, Mrs. William E. Patterson; $d 1947.",機讀編目格式
32218,2025-02-21,32218_A08,國家圖書館對電子書採購方式的處理方式為何？,國家圖書館編目時，並不會於書目紀錄內特別著錄電子書的採購方式。,其他
32219,2025-02-24,32219_A01,編目時若同時出現出版年與重印年，欄位008第6位應填何值？,欄位008位址6之值填「r」（指重印及原版日期）,編目法
32219,2025-02-24,32219_A02,編目時欄位008的7-10位應著錄什麼日期？,位址7-10（出版日期1）填重印日期,編目法
32219,2025-02-24,32219_A03,編目時欄位008的11-14位應著錄什麼日期？,位址11-14（出版日期2）填原版日期,編目法
32219,2025-02-24,32219_A04,重印年應著錄於哪個欄位？,欄位260分欄$c著錄重印年,編目法
32219,2025-02-24,32219_A05,原出版年應如何著錄？,原出版年則以附註方式著錄於欄位500分欄$a,編目法
32221,2025-02-24,32221_A01,RDA規範對ISBN限定語的著录是否有特別規定？,RDA規範中並未特別規範ISBN限定語資訊的著錄來源與原則。,編目法
32221,2025-02-24,32221_A02,何時需在ISBN後著錄限定語資訊？,當一個具體呈現（圖書）具有2個以上相同類型的識別碼（ISBN）時，則可在識別碼後方著錄簡要的限定語資訊。,編目法
32221,2025-02-24,32221_A03,如何確認ISBN限定語資訊的正確性？,建議至出版社官方網站確認正確資訊，以正確之資訊進行著錄較為合適。,其他
32221,2025-02-24,32221_A04,ISBN限定語資訊有疑慮時應如何處理？,可另於附註項（欄位500）著錄相關說明，以協助未來透過書目資訊清楚了解相關書況。,其他
32226,2025-02-26,32226_A01,軍事人物傳記的分類號如何確定？,採用《中文圖書分類法》（2007年版）進行分類時，軍事人物傳記會使用類號「590」（軍事總論），附加〈附表一 總論複分表〉之「099」（傳記），再加上〈附表十 世界區域及分國表〉之「2」（中國），去除其間重複的「0」，形成分類號「590.992」。,編目法
32226,2025-02-26,32226_A02,如何將傳記附加至軍事類？,軍事人物傳記需附加〈附表一 總論複分表〉之「099」（傳記），與主類號「590」（軍事總論）組合。,權威控制
32226,2025-02-26,32226_A03,如何使用〈附表十 世界區域及分國表〉進行複分？,軍事人物傳記需在主類號「590」（軍事總論）與〈附表一 總論複分表〉「099」（傳記）基礎上，附加〈附表十 世界區域及分國表〉之「2」（中國）進行複分。,編目法
32226,2025-02-26,32226_A04,《英烈昭華：中國抗日戰爭點將錄》的分類號為何？,《英烈昭華：中國抗日戰爭點將錄》的分類號為「590.992」，即《中文圖書分類法》（2007年版）類號「590」（軍事總論）、附加〈附表一 總論複分表〉之「099」（傳記）、再加上〈附表十 世界區域及分國表〉之「2」（中國），去除其間重複的「0」。,分類法
32227,2025-03-03,32227_A01,圖書館編目作業中出版日期的著錄規則為何？,依據編目規則的規定，出版日期著錄為「著錄出版年（不包括重印），必要時得加註月份於年代之後」，即通常僅著錄年或年月。,編目法
32227,2025-03-03,32227_A02,出版社載明圖書出版日期的格式有何規定？,出版社可依需求載明出版日期為年、年月、或年月日，並無特別規定或要求。,編目法
32228,2025-03-05,32228_A01,期刊ISSN異動時，ISSN誤植應如何處理？,若期刊之題名及出版者等都不變、但是ISSN改變，且為某卷期之ISSN誤植，編目時不需重複編目，而是在原有書目紀錄內，除了著錄正確的ISSN外，並將誤植之ISSN視為錯誤的ISSN來著錄，MARC 21格式著錄方式如下。 022 0# $a 0145-0808 $z 0361-7106,編目法
32228,2025-03-05,32228_A02,期刊刊名變動導致ISSN異動應如何處理？,若刊名有重大或顯著變更，則需將前後刊分別編製2筆書目紀錄，並將前後刊名或ISSN的錯置資訊於附註項說明，且為方便目錄使用者查檢，可將前後兩個ISSN同時著錄於書目紀錄內，MARC 21格式著錄範例如下。 022 ## $a 0257-5523 022 ## $a 2220-0363,編目法
32228,2025-03-05,32228_A03,期刊ISSN異動時，附註欄位應如何著錄？,"362 0# $a 第61號(民96年6月)- 500 ## $a 本刊部分期數之版權頁題名仍為舊刊名: 桃園區農業改良場研究彙報, 自第68期(民99年12月)起, 版權頁才更改為現刊名 500 ## $a 自第67期(民99年6月)起ISSN更改為2220-0363",編目法
32231,2025-03-12,32231_A01,中文簡體字在編目時是否需要特別著錄？,簡體字非國內採用的中文文字，在編文獻若為中文簡體字時，通常需於書目紀錄內透過MARC 21欄位500或546著錄「簡體字本」或「簡體字」，以因應讀者需求於目錄檢索時，可立即得知該圖書文獻採用文字是否為簡體字。,編目法
32231,2025-03-12,32231_A02,中文繁體字在編目時是否需要特別著錄？,因國內採用的文字為中文繁體字，因此在編文獻的語文若為中文繁體字時，不需特別於書目紀錄中著錄「繁體字本」或「繁體字」。,其他
32231,2025-03-12,32231_A03,MARC 21欄位500與546的使用差異為何？,當著錄「簡體字本」時，一般使用欄位500進行著錄；當著錄「簡體字」時，通常使用欄位546。二者的區別在於「簡體字」指使用的文字，而「簡體字本」強調的是文字版本，因此著錄的欄位有所不同。,機讀編目格式
32231,2025-03-12,32231_A04,書目紀錄中是否允許同時著錄「簡體字本」與「簡體字」？,為避免同一筆書目紀錄內有重複著錄同性質資訊的疑慮，「簡體字本」或「簡體字」擇一著錄，不需同時著錄「簡體字本」及「簡體字」。,編目法
32233,2025-03-19,32233_A01,1993年5月《自立晚報》如何調閱數位影像？,蘇子，您好：有關1993年5月的《自立晚報》及2007年11月4日的《自由時報》，可在本館「全國報紙影像系統」瀏覽全版影像檔（限本館網域內使用），且因版權限制，系統所提供之報紙影像僅供瀏覽和列印。,其他
32233,2025-03-19,32233_A02,紙本報紙如何調閱？,或可利用本館館藏目錄查詢系統進行紙本報紙的調閱（報紙和期刊限使用館內電腦調閱，且民國80年（含）以前之報紙不提供調閱）。,編目政策與管理
32233,2025-03-19,32233_A03,紙本報紙調閱地點為何？,臺端到達本館後，請逕至3樓期刊櫃枱向服務人員詢問有關「全國報紙影像系統」之使用或進行紙本報紙之調閱。,其他
32233,2025-03-19,32233_A04,調閱報紙的聯繫電話分機為何？,以上說明，若仍有相關問題，歡迎電洽(02)23619132轉分機305。,其他
32234,2025-03-27,32234_A01,個人著者四角號碼取碼方式為何？,個人著者四角號碼取碼方式：1.單姓雙名：姓取2碼／左上角、右上角；名各取1碼／左上角。2.單姓單名：姓取2碼／左上角、右上角；名取2碼／左上角、右上角。,作者號及輔助區分號
32234,2025-03-27,32234_A02,機關團體著者四角號碼取碼方式為何？,機關團體著者四角號碼取碼方式：不論個人著者抑或機關團體著者，著者號碼以取足4碼為原則。,作者號及輔助區分號
32234,2025-03-27,32234_A03,複姓單名四角號碼取碼方式為何？,複姓單名四角號碼取碼方式：姓各取1碼／左上角；名取2碼／左上角、右上角。,作者號及輔助區分號
32234,2025-03-27,32234_A04,複姓雙名四角號碼取碼方式為何？,複姓雙名四角號碼取碼方式：姓名各取1碼／左上角。,作者號及輔助區分號
32234,2025-03-27,32234_A05,日本作者三姓單名四角號碼取碼方式為何？,日本作者三姓單名四角號碼取碼方式：姓名依序前4字各取一碼，即「佐久間大輔」視為複姓單名取碼，四角號碼為『2274』（「佐久間」三字取為『227』、「大」字取為『4』、「輔」字不取）。,作者號及輔助區分號
32234,2025-03-27,32234_A06,日本作者三姓雙名四角號碼取碼方式為何？,日本作者三姓雙名四角號碼取碼方式：姓取兩碼、名取兩碼，即「佐久間大輔」比照複姓雙名取碼，四角號碼為『2245』（「佐久」二字取為『22』、「間」字不取、「大輔」二字取為『45』）。,作者號及輔助區分號
32234,2025-03-27,32234_A07,日本作者三姓單名/雙名四角號碼常用取碼方式為何？,日本作者三姓單名/雙名四角號碼常用取碼方式為：姓取兩碼、名取兩碼，即「佐久間大輔」比照複姓雙名取碼，四角號碼為『2245』。,作者號及輔助區分號
